"SETTLEMENTDATE","REGIONID","TOTALDEMAND","SS_SOLAR_UIGF","SS_WIND_UIGF","SS_SOLAR_CLEAREDMW","SS_WIND_CLEAREDMW"
2026-08-31 00:00:00,NSW1,7521.08000,0.00000,359.92690,0.00000,359.92690
2026-08-31 00:00:00,QLD1,5890.95000,0.17000,1541.40764,0.17000,1541.40764
2026-08-31 00:00:00,SA1,1357.86000,0.00000,720.08063,0.00000,720.08063
2026-08-31 00:00:00,TAS1,948.89000,0.00000,254.92361,0.00000,254.92361
2026-08-31 00:00:00,VIC1,5449.24000,0.00000,223.65674,0.00000,223.65674
2026-08-31 00:05:00,NSW1,7582.55000,0.00000,354.88320,0.00000,354.88320
2026-08-31 00:05:00,QLD1,5803.14000,0.17000,1562.43755,0.17000,1562.43755
2026-08-31 00:05:00,SA1,1366.98000,0.00000,707.58759,0.00000,707.58759
2026-08-31 00:05:00,TAS1,945.51000,0.00000,251.90708,0.00000,251.90708
2026-08-31 00:05:00,VIC1,5459.95000,0.00000,224.14041,0.00000,224.14041
2026-08-31 00:10:00,NSW1,7633.19000,0.00000,355.28180,0.00000,355.28180
2026-08-31 00:10:00,QLD1,5809.68000,0.00000,1563.61528,0.00000,1563.61528
2026-08-31 00:10:00,SA1,1395.78000,0.00000,703.43817,0.00000,703.43817
2026-08-31 00:10:00,TAS1,953.54000,0.00000,257.35858,0.00000,257.35858
2026-08-31 00:10:00,VIC1,5383.76000,0.00000,222.96224,0.00000,222.96224
2026-08-31 00:15:00,NSW1,7624.64000,0.00000,354.60420,0.00000,354.60420
2026-08-31 00:15:00,QLD1,5789.17000,0.17000,1593.74419,0.17000,1593.74419
2026-08-31 00:15:00,SA1,1399.00000,0.00000,689.88404,0.00000,689.88404
2026-08-31 00:15:00,TAS1,954.45000,0.00000,262.94179,0.00000,262.94179
2026-08-31 00:15:00,VIC1,5435.02000,0.00000,222.14879,0.00000,222.14879
2026-08-31 00:20:00,NSW1,7587.79000,0.00000,348.84620,0.00000,348.84620
2026-08-31 00:20:00,QLD1,5768.73000,0.17000,1629.98832,0.17000,1629.98832
2026-08-31 00:20:00,SA1,1435.71000,0.00000,683.51232,0.00000,683.51232
2026-08-31 00:20:00,TAS1,946.97000,0.00000,265.28210,0.00000,265.28210
2026-08-31 00:20:00,VIC1,5418.09000,0.00000,218.09748,0.00000,218.09748
2026-08-31 00:25:00,NSW1,7538.19000,0.00000,349.75020,0.00000,349.75020
2026-08-31 00:25:00,QLD1,5733.25000,0.17000,1641.67317,0.17000,1641.67317
2026-08-31 00:25:00,SA1,1440.81000,0.00000,677.26938,0.00000,677.26938
2026-08-31 00:25:00,TAS1,940.44000,0.00000,264.25071,0.00000,264.25071
2026-08-31 00:25:00,VIC1,5411.27000,0.00000,211.97338,0.00000,211.97338
2026-08-31 00:30:00,NSW1,7500.53000,0.00000,347.07850,0.00000,347.07850
2026-08-31 00:30:00,QLD1,5694.22000,0.17000,1654.79391,0.17000,1654.79391
2026-08-31 00:30:00,SA1,1439.66000,0.00000,669.89600,0.00000,669.89600
2026-08-31 00:30:00,TAS1,932.21000,0.00000,266.25762,0.00000,266.25762
2026-08-31 00:30:00,VIC1,5366.08000,0.00000,198.96476,0.00000,198.96476
2026-08-31 00:35:00,NSW1,7526.90000,0.00000,339.55840,0.00000,339.55840
2026-08-31 00:35:00,QLD1,5624.02000,0.17000,1677.86177,0.17000,1677.86177
2026-08-31 00:35:00,SA1,1420.72000,0.00000,668.02482,0.00000,668.02482
2026-08-31 00:35:00,TAS1,928.58000,0.00000,263.94283,0.00000,263.94283
2026-08-31 00:35:00,VIC1,5264.99000,0.00000,204.94217,0.00000,204.94217
2026-08-31 00:40:00,NSW1,7499.80000,0.00000,335.62920,0.00000,335.62920
2026-08-31 00:40:00,QLD1,5600.43000,0.00000,1693.62360,0.00000,1693.62360
2026-08-31 00:40:00,SA1,1450.72000,0.00000,657.08502,0.00000,657.08502
2026-08-31 00:40:00,TAS1,929.58000,0.00000,257.50643,0.00000,257.50643
2026-08-31 00:40:00,VIC1,5324.46000,0.00000,193.83704,0.00000,193.83704
2026-08-31 00:45:00,NSW1,7478.20000,0.00000,322.82620,0.00000,322.82620
2026-08-31 00:45:00,QLD1,5592.29000,0.00000,1712.88191,0.00000,1712.88191
2026-08-31 00:45:00,SA1,1460.21000,0.00000,631.36167,0.00000,631.36167
2026-08-31 00:45:00,TAS1,929.66000,0.00000,260.86627,0.00000,260.86627
2026-08-31 00:45:00,VIC1,5294.69000,0.00000,192.90151,0.00000,192.90151
2026-08-31 00:50:00,NSW1,7403.43000,0.00000,307.18640,0.00000,307.18640
2026-08-31 00:50:00,QLD1,5561.05000,0.00000,1683.82768,0.00000,1683.82768
2026-08-31 00:50:00,SA1,1462.74000,0.00000,634.91674,0.00000,634.91674
2026-08-31 00:50:00,TAS1,943.82000,0.00000,261.74118,0.00000,261.74118
2026-08-31 00:50:00,VIC1,5258.10000,0.00000,197.25776,0.00000,197.25776
2026-08-31 00:55:00,NSW1,7435.97000,0.00000,302.92740,0.00000,302.92740
2026-08-31 00:55:00,QLD1,5553.52000,0.00000,1621.02765,0.00000,1621.02765
2026-08-31 00:55:00,SA1,1466.60000,0.00000,636.03810,0.00000,636.03810
2026-08-31 00:55:00,TAS1,930.09000,0.00000,264.78419,0.00000,264.78419
2026-08-31 00:55:00,VIC1,5172.62000,0.00000,197.96533,0.00000,197.96533
2026-08-31 01:00:00,NSW1,7373.61000,0.00000,284.23960,0.00000,284.23960
2026-08-31 01:00:00,QLD1,5565.60000,0.00000,1637.85064,0.00000,1637.85064
2026-08-31 01:00:00,SA1,1463.59000,0.00000,650.38549,0.00000,650.38549
2026-08-31 01:00:00,TAS1,934.86000,0.00000,265.11722,0.00000,265.11722
2026-08-31 01:00:00,VIC1,5124.13000,0.00000,199.71260,0.00000,199.71260
2026-08-31 01:05:00,NSW1,7352.90000,0.00000,274.31340,0.00000,274.31340
2026-08-31 01:05:00,QLD1,5532.74000,0.00000,1621.70786,0.00000,1621.70786
2026-08-31 01:05:00,SA1,1451.01000,0.00000,677.80758,0.00000,677.80758
2026-08-31 01:05:00,TAS1,941.55000,0.00000,259.52108,0.00000,259.52108
2026-08-31 01:05:00,VIC1,5102.07000,0.00000,193.58635,0.00000,193.58635
2026-08-31 01:10:00,NSW1,7248.89000,0.00000,276.32400,0.00000,276.32400
2026-08-31 01:10:00,QLD1,5588.78000,0.00000,1623.19561,0.00000,1623.19561
2026-08-31 01:10:00,SA1,1418.83000,0.00000,693.80649,0.00000,693.80649
2026-08-31 01:10:00,TAS1,937.47000,0.00000,265.23911,0.00000,265.23911
2026-08-31 01:10:00,VIC1,5176.70000,0.00000,175.44898,0.00000,175.44898
2026-08-31 01:15:00,NSW1,7213.09000,0.00000,276.53410,0.00000,276.53410
2026-08-31 01:15:00,QLD1,5547.14000,0.00000,1625.36290,0.00000,1625.36290
2026-08-31 01:15:00,SA1,1406.94000,0.00000,697.71220,0.00000,697.71220
2026-08-31 01:15:00,TAS1,939.68000,0.00000,263.04990,0.00000,263.04990
2026-08-31 01:15:00,VIC1,5161.05000,0.00000,160.75413,0.00000,160.75413
2026-08-31 01:20:00,NSW1,7242.24000,0.00000,268.36130,0.00000,268.36130
2026-08-31 01:20:00,QLD1,5501.17000,0.00000,1593.15060,0.00000,1593.15060
2026-08-31 01:20:00,SA1,1401.27000,0.00000,711.91655,0.00000,711.91655
2026-08-31 01:20:00,TAS1,940.69000,0.00000,254.98601,0.00000,254.98601
2026-08-31 01:20:00,VIC1,5069.98000,0.00000,159.74383,0.00000,159.74383
2026-08-31 01:25:00,NSW1,7208.55000,0.00000,263.57580,0.00000,263.57580
2026-08-31 01:25:00,QLD1,5483.92000,0.00000,1578.41698,0.00000,1578.41698
2026-08-31 01:25:00,SA1,1394.48000,0.00000,734.17128,0.00000,734.17128
2026-08-31 01:25:00,TAS1,937.75000,0.00000,249.94208,0.00000,249.94208
2026-08-31 01:25:00,VIC1,5046.95000,0.00000,153.88400,0.00000,153.88400
2026-08-31 01:30:00,NSW1,7142.26000,0.00000,262.80730,0.00000,262.80730
2026-08-31 01:30:00,QLD1,5453.45000,0.00000,1611.99551,0.00000,1611.99551
2026-08-31 01:30:00,SA1,1383.81000,0.00000,754.71479,0.00000,754.71479
2026-08-31 01:30:00,TAS1,932.57000,0.00000,256.18031,0.00000,256.18031
2026-08-31 01:30:00,VIC1,5041.56000,0.00000,144.04966,0.00000,144.04966
2026-08-31 01:35:00,NSW1,7127.12000,0.00000,271.31800,0.00000,271.31800
2026-08-31 01:35:00,QLD1,5475.45000,0.00000,1614.74626,0.00000,1614.74626
2026-08-31 01:35:00,SA1,1394.30000,0.00000,775.14158,0.00000,775.14158
2026-08-31 01:35:00,TAS1,927.69000,0.00000,246.85311,0.00000,246.85311
2026-08-31 01:35:00,VIC1,5063.54000,0.00000,134.89387,0.00000,134.89387
2026-08-31 01:40:00,NSW1,7103.19000,0.00000,277.42600,0.00000,277.42600
2026-08-31 01:40:00,QLD1,5501.09000,0.00000,1590.64082,0.00000,1590.64082
2026-08-31 01:40:00,SA1,1397.56000,0.00000,798.49815,0.00000,798.49815
2026-08-31 01:40:00,TAS1,933.67000,0.00000,249.47582,0.00000,249.47582
2026-08-31 01:40:00,VIC1,5025.85000,0.00000,132.25240,0.00000,132.25240
2026-08-31 01:45:00,NSW1,7120.51000,0.00000,276.31430,0.00000,276.31430
2026-08-31 01:45:00,QLD1,5490.91000,0.17000,1580.95703,0.17000,1580.95703
2026-08-31 01:45:00,SA1,1390.59000,0.00000,785.28033,0.00000,785.28033
2026-08-31 01:45:00,TAS1,927.22000,0.00000,250.54242,0.00000,250.54242
2026-08-31 01:45:00,VIC1,4981.67000,0.00000,135.53691,0.00000,135.53691
2026-08-31 01:50:00,NSW1,7196.96000,0.00000,278.07040,0.00000,278.07040
2026-08-31 01:50:00,QLD1,5419.96000,0.00000,1555.85751,0.00000,1555.85751
2026-08-31 01:50:00,SA1,1402.43000,0.00000,795.12783,0.00000,795.12783
2026-08-31 01:50:00,TAS1,931.74000,0.00000,250.07547,0.00000,250.07547
2026-08-31 01:50:00,VIC1,4950.46000,0.00000,137.79367,0.00000,137.79367
2026-08-31 01:55:00,NSW1,7200.40000,0.00000,280.46340,0.00000,280.46340
2026-08-31 01:55:00,QLD1,5420.24000,0.17000,1547.59789,0.17000,1547.59789
2026-08-31 01:55:00,SA1,1417.86000,0.00000,811.72994,0.00000,811.72994
2026-08-31 01:55:00,TAS1,925.60000,0.00000,246.82989,0.00000,246.82989
2026-08-31 01:55:00,VIC1,4942.56000,0.00000,137.01822,0.00000,137.01822
2026-08-31 02:00:00,NSW1,7174.37000,0.00000,272.75880,0.00000,272.75880
2026-08-31 02:00:00,QLD1,5381.72000,0.17000,1576.79693,0.17000,1576.79693
2026-08-31 02:00:00,SA1,1432.93000,0.00000,832.12582,0.00000,832.12582
2026-08-31 02:00:00,TAS1,927.99000,0.00000,238.40886,0.00000,238.40886
2026-08-31 02:00:00,VIC1,4925.45000,0.00000,132.07171,0.00000,132.07171
2026-08-31 02:05:00,NSW1,7103.07000,0.00000,276.74900,0.00000,276.74900
2026-08-31 02:05:00,QLD1,5416.50000,0.00000,1554.77213,0.00000,1554.77213
2026-08-31 02:05:00,SA1,1434.00000,0.00000,842.62412,0.00000,842.62412
2026-08-31 02:05:00,TAS1,924.42000,0.00000,237.06034,0.00000,237.06034
2026-08-31 02:05:00,VIC1,4920.59000,0.00000,135.21652,0.00000,135.21652
2026-08-31 02:10:00,NSW1,7094.54000,0.00000,268.38060,0.00000,268.38060
2026-08-31 02:10:00,QLD1,5375.65000,0.17000,1555.85833,0.17000,1555.85833
2026-08-31 02:10:00,SA1,1436.02000,0.00000,841.36679,0.00000,841.36679
2026-08-31 02:10:00,TAS1,931.66000,0.00000,234.33729,0.00000,234.33729
2026-08-31 02:10:00,VIC1,4835.48000,0.00000,141.87076,0.00000,141.87076
2026-08-31 02:15:00,NSW1,7026.36000,0.00000,273.37850,0.00000,273.37850
2026-08-31 02:15:00,QLD1,5435.99000,0.17000,1537.49248,0.17000,1537.49248
2026-08-31 02:15:00,SA1,1431.40000,0.00000,871.72928,0.00000,871.72928
2026-08-31 02:15:00,TAS1,937.33000,0.00000,236.26643,0.00000,236.26643
2026-08-31 02:15:00,VIC1,4872.45000,0.00000,147.05042,0.00000,147.05042
2026-08-31 02:20:00,NSW1,7037.19000,0.00000,281.60290,0.00000,281.60290
2026-08-31 02:20:00,QLD1,5379.23000,0.00000,1531.41054,0.00000,1531.41054
2026-08-31 02:20:00,SA1,1415.24000,0.00000,908.13979,0.00000,908.13979
2026-08-31 02:20:00,TAS1,933.17000,0.00000,241.91505,0.00000,241.91505
2026-08-31 02:20:00,VIC1,4875.54000,0.00000,147.85136,0.00000,147.85136
2026-08-31 02:25:00,NSW1,6987.50000,0.00000,282.77950,0.00000,282.77950
2026-08-31 02:25:00,QLD1,5417.55000,0.17000,1508.41805,0.17000,1508.41805
2026-08-31 02:25:00,SA1,1422.40000,0.00000,931.75940,0.00000,931.75940
2026-08-31 02:25:00,TAS1,918.86000,0.00000,242.94041,0.00000,242.94041
2026-08-31 02:25:00,VIC1,4857.73000,0.00000,146.97066,0.00000,146.97066
2026-08-31 02:30:00,NSW1,6895.14000,0.00000,284.33032,0.00000,284.33032
2026-08-31 02:30:00,QLD1,5409.57000,0.17000,1524.96035,0.17000,1524.96035
2026-08-31 02:30:00,SA1,1425.40000,0.00000,938.22282,0.00000,938.22282
2026-08-31 02:30:00,TAS1,934.75000,0.00000,242.28992,0.00000,242.28992
2026-08-31 02:30:00,VIC1,4847.42000,0.00000,151.31342,0.00000,151.31342
2026-08-31 02:35:00,NSW1,6885.27000,0.00000,288.73670,0.00000,288.73670
2026-08-31 02:35:00,QLD1,5416.02000,0.00000,1511.42045,0.00000,1511.42045
2026-08-31 02:35:00,SA1,1423.47000,0.00000,935.99212,0.00000,935.99212
2026-08-31 02:35:00,TAS1,939.33000,0.00000,242.55671,0.00000,242.55671
2026-08-31 02:35:00,VIC1,4846.80000,0.00000,154.16767,0.00000,154.16767
2026-08-31 02:40:00,NSW1,6850.94000,0.00000,297.41140,0.00000,297.41140
2026-08-31 02:40:00,QLD1,5333.24000,0.17000,1503.25446,0.17000,1503.25446
2026-08-31 02:40:00,SA1,1425.85000,0.00000,937.02198,0.00000,937.02198
2026-08-31 02:40:00,TAS1,937.81000,0.00000,242.67991,0.00000,242.67991
2026-08-31 02:40:00,VIC1,4841.39000,0.00000,150.40495,0.00000,150.40495
2026-08-31 02:45:00,NSW1,6850.18000,0.00000,299.34260,0.00000,299.34260
2026-08-31 02:45:00,QLD1,5402.80000,0.17000,1494.24475,0.17000,1494.24475
2026-08-31 02:45:00,SA1,1426.89000,0.00000,930.07391,0.00000,930.07391
2026-08-31 02:45:00,TAS1,935.44000,0.00000,232.32896,0.00000,232.32896
2026-08-31 02:45:00,VIC1,4758.42000,0.00000,143.12669,0.00000,143.12669
2026-08-31 02:50:00,NSW1,6860.00000,0.00000,305.47170,0.00000,305.47170
2026-08-31 02:50:00,QLD1,5458.60000,0.00000,1479.63760,0.00000,1479.63760
2026-08-31 02:50:00,SA1,1415.01000,0.00000,923.43421,0.00000,923.43421
2026-08-31 02:50:00,TAS1,944.49000,0.00000,233.79543,0.00000,233.79543
2026-08-31 02:50:00,VIC1,4740.80000,0.00000,137.49995,0.00000,137.49995
2026-08-31 02:55:00,NSW1,6886.66000,0.00000,313.22220,0.00000,313.22220
2026-08-31 02:55:00,QLD1,5408.25000,0.00000,1488.91822,0.00000,1488.91822
2026-08-31 02:55:00,SA1,1385.22000,0.00000,911.25786,0.00000,911.25786
2026-08-31 02:55:00,TAS1,941.31000,0.00000,229.68845,0.00000,229.68845
2026-08-31 02:55:00,VIC1,4808.05000,0.00000,138.34008,0.00000,138.34008
2026-08-31 03:00:00,NSW1,6835.59000,0.00000,317.92883,0.00000,317.92883
2026-08-31 03:00:00,QLD1,5352.91000,0.17000,1494.05971,0.17000,1494.05971
2026-08-31 03:00:00,SA1,1379.69000,0.00000,922.95085,0.00000,922.95085
2026-08-31 03:00:00,TAS1,947.15000,0.00000,232.55949,0.00000,232.55949
2026-08-31 03:00:00,VIC1,4785.37000,0.00000,137.15706,0.00000,137.15706
2026-08-31 03:05:00,NSW1,6819.17000,0.00000,324.77783,0.00000,324.77783
2026-08-31 03:05:00,QLD1,5402.62000,0.17000,1499.09095,0.17000,1499.09095
2026-08-31 03:05:00,SA1,1382.74000,0.00000,897.48264,0.00000,897.48264
2026-08-31 03:05:00,TAS1,942.42000,0.00000,231.43994,0.00000,231.43994
2026-08-31 03:05:00,VIC1,4803.66000,0.00000,134.83164,0.00000,134.83164
2026-08-31 03:10:00,NSW1,6899.26000,0.00000,318.15615,0.00000,318.15615
2026-08-31 03:10:00,QLD1,5305.02000,0.17000,1490.18584,0.17000,1490.18584
2026-08-31 03:10:00,SA1,1378.71000,0.00000,889.81930,0.00000,889.81930
2026-08-31 03:10:00,TAS1,942.46000,0.00000,226.87553,0.00000,226.87553
2026-08-31 03:10:00,VIC1,4775.02000,0.00000,127.24589,0.00000,127.24589
2026-08-31 03:15:00,NSW1,6866.66000,0.00000,310.14130,0.00000,310.14130
2026-08-31 03:15:00,QLD1,5326.19000,0.17000,1501.00227,0.17000,1501.00227
2026-08-31 03:15:00,SA1,1385.55000,0.00000,904.03442,0.00000,904.03442
2026-08-31 03:15:00,TAS1,942.46000,0.00000,223.13341,0.00000,223.13341
2026-08-31 03:15:00,VIC1,4809.68000,0.00000,122.78843,0.00000,122.78843
2026-08-31 03:20:00,NSW1,6885.39000,0.00000,303.00327,0.00000,303.00327
2026-08-31 03:20:00,QLD1,5325.59000,0.00000,1519.43823,0.00000,1519.43823
2026-08-31 03:20:00,SA1,1385.12000,0.00000,904.76205,0.00000,904.76205
2026-08-31 03:20:00,TAS1,950.11000,0.00000,222.57039,0.00000,222.57039
2026-08-31 03:20:00,VIC1,4770.45000,0.00000,124.28839,0.00000,124.28839
2026-08-31 03:25:00,NSW1,6826.91000,0.00000,297.55393,0.00000,297.55393
2026-08-31 03:25:00,QLD1,5404.87000,0.17000,1523.36917,0.17000,1523.36917
2026-08-31 03:25:00,SA1,1376.14000,0.00000,900.41861,0.00000,900.41861
2026-08-31 03:25:00,TAS1,949.22000,0.00000,217.72930,0.00000,217.72930
2026-08-31 03:25:00,VIC1,4774.18000,0.00000,126.77367,0.00000,126.77367
2026-08-31 03:30:00,NSW1,6745.24000,0.00000,298.12075,0.00000,298.12075
2026-08-31 03:30:00,QLD1,5401.03000,0.17000,1505.34049,0.17000,1505.34049
2026-08-31 03:30:00,SA1,1393.75000,0.00000,907.85359,0.00000,907.85359
2026-08-31 03:30:00,TAS1,955.24000,0.00000,217.76789,0.00000,217.76789
2026-08-31 03:30:00,VIC1,4691.01000,0.00000,124.04470,0.00000,124.04470
2026-08-31 03:35:00,NSW1,6774.86000,0.00000,309.35058,0.00000,309.35058
2026-08-31 03:35:00,QLD1,5407.79000,0.17000,1517.21929,0.17000,1517.21929
2026-08-31 03:35:00,SA1,1365.17000,0.00000,929.86715,0.00000,929.86715
2026-08-31 03:35:00,TAS1,943.88000,0.00000,208.47179,0.00000,208.47179
2026-08-31 03:35:00,VIC1,4744.69000,0.00000,122.05735,0.00000,122.05735
2026-08-31 03:40:00,NSW1,6798.90000,0.00000,314.76125,0.00000,314.76125
2026-08-31 03:40:00,QLD1,5412.37000,0.17000,1526.11780,0.17000,1526.11780
2026-08-31 03:40:00,SA1,1376.59000,0.00000,933.70513,0.00000,933.70513
2026-08-31 03:40:00,TAS1,950.49000,0.00000,207.65285,0.00000,207.65285
2026-08-31 03:40:00,VIC1,4788.82000,0.00000,118.15332,0.00000,118.15332
2026-08-31 03:45:00,NSW1,6844.46000,0.00000,315.51035,0.00000,315.51035
2026-08-31 03:45:00,QLD1,5364.45000,0.17000,1517.97490,0.17000,1517.97490
2026-08-31 03:45:00,SA1,1373.70000,0.00000,951.68124,0.00000,951.68124
2026-08-31 03:45:00,TAS1,947.44000,0.00000,206.65385,0.00000,206.65385
2026-08-31 03:45:00,VIC1,4676.48000,0.00000,115.69875,0.00000,115.69875
2026-08-31 03:50:00,NSW1,6838.46000,0.00000,317.12322,0.00000,317.12322
2026-08-31 03:50:00,QLD1,5376.04000,0.00000,1541.73675,0.00000,1541.73675
2026-08-31 03:50:00,SA1,1349.52000,0.00000,955.79122,0.00000,955.79122
2026-08-31 03:50:00,TAS1,952.14000,0.00000,204.62561,0.00000,204.62561
2026-08-31 03:50:00,VIC1,4752.36000,0.00000,113.66451,0.00000,113.66451
2026-08-31 03:55:00,NSW1,6774.66000,0.00000,321.66638,0.00000,321.66638
2026-08-31 03:55:00,QLD1,5373.44000,0.00000,1547.29710,0.00000,1547.29710
2026-08-31 03:55:00,SA1,1348.20000,0.00000,928.67322,0.00000,928.67322
2026-08-31 03:55:00,TAS1,948.39000,0.00000,206.24044,0.00000,206.24044
2026-08-31 03:55:00,VIC1,4753.16000,0.00000,109.81523,0.00000,109.81523
2026-08-31 04:00:00,NSW1,6850.35000,0.00000,321.05390,0.00000,321.05390
2026-08-31 04:00:00,QLD1,5445.39000,0.17000,1531.31151,0.17000,1531.31151
2026-08-31 04:00:00,SA1,1346.00000,0.00000,906.29574,0.00000,906.29574
2026-08-31 04:00:00,TAS1,954.92000,0.00000,208.51402,0.00000,208.51402
2026-08-31 04:00:00,VIC1,4771.74000,0.00000,108.90044,0.00000,108.90044
2026-08-31 04:05:00,NSW1,6842.47000,0.00000,321.45579,0.00000,321.45579
2026-08-31 04:05:00,QLD1,5375.95000,0.00000,1545.26780,0.00000,1545.26780
2026-08-31 04:05:00,SA1,1332.27000,0.00000,905.10770,0.00000,905.10770
2026-08-31 04:05:00,TAS1,953.01000,0.00000,214.29213,0.00000,214.29213
2026-08-31 04:05:00,VIC1,4787.51000,0.00000,111.17472,0.00000,111.17472
2026-08-31 04:10:00,NSW1,6854.93000,0.00000,331.94808,0.00000,331.94808
2026-08-31 04:10:00,QLD1,5421.14000,0.00000,1535.80037,0.00000,1535.80037
2026-08-31 04:10:00,SA1,1333.91000,0.00000,908.46972,0.00000,908.46972
2026-08-31 04:10:00,TAS1,968.00000,0.00000,214.25886,0.00000,214.25886
2026-08-31 04:10:00,VIC1,4722.55000,0.00000,117.50823,0.00000,117.50823
2026-08-31 04:15:00,NSW1,6792.39000,0.00000,333.94581,0.00000,333.94581
2026-08-31 04:15:00,QLD1,5495.85000,0.17000,1505.78688,0.17000,1505.78688
2026-08-31 04:15:00,SA1,1329.27000,0.00000,895.31275,0.00000,895.31275
2026-08-31 04:15:00,TAS1,974.74000,0.00000,214.45095,0.00000,214.45095
2026-08-31 04:15:00,VIC1,4747.69000,0.00000,113.30315,0.00000,113.30315
2026-08-31 04:20:00,NSW1,6890.04000,0.00000,329.06848,0.00000,329.06848
2026-08-31 04:20:00,QLD1,5486.55000,0.17000,1524.06130,0.17000,1524.06130
2026-08-31 04:20:00,SA1,1332.32000,0.00000,900.80927,0.00000,900.80927
2026-08-31 04:20:00,TAS1,968.69000,0.00000,203.26198,0.00000,203.26198
2026-08-31 04:20:00,VIC1,4748.32000,0.00000,119.19254,0.00000,119.19254
2026-08-31 04:25:00,NSW1,6872.52000,0.00000,332.31551,0.00000,332.31551
2026-08-31 04:25:00,QLD1,5512.04000,0.00000,1490.98685,0.00000,1490.98685
2026-08-31 04:25:00,SA1,1316.22000,0.00000,898.89926,0.00000,898.89926
2026-08-31 04:25:00,TAS1,977.48000,0.00000,197.88071,0.00000,197.88071
2026-08-31 04:25:00,VIC1,4827.92000,0.00000,115.91728,0.00000,115.91728
2026-08-31 04:30:00,NSW1,6938.86000,0.00000,330.87313,0.00000,330.87313
2026-08-31 04:30:00,QLD1,5567.84000,0.17000,1491.57484,0.17000,1491.57484
2026-08-31 04:30:00,SA1,1314.22000,0.00000,879.49302,0.00000,879.49302
2026-08-31 04:30:00,TAS1,982.36000,0.00000,197.55169,0.00000,197.55169
2026-08-31 04:30:00,VIC1,4816.91000,0.00000,121.68486,0.00000,121.68486
2026-08-31 04:35:00,NSW1,6910.64000,0.00000,329.34872,0.00000,329.34872
2026-08-31 04:35:00,QLD1,5552.01000,0.17000,1459.35564,0.17000,1459.35564
2026-08-31 04:35:00,SA1,1320.35000,0.00000,863.46774,0.00000,863.46774
2026-08-31 04:35:00,TAS1,979.73000,0.00000,193.05362,0.00000,193.05362
2026-08-31 04:35:00,VIC1,4817.34000,0.00000,133.02423,0.00000,133.02423
2026-08-31 04:40:00,NSW1,6922.98000,0.00000,331.70033,0.00000,331.70033
2026-08-31 04:40:00,QLD1,5594.31000,0.00000,1477.97450,0.00000,1477.97450
2026-08-31 04:40:00,SA1,1314.61000,0.00000,858.03878,0.00000,858.03878
2026-08-31 04:40:00,TAS1,987.02000,0.00000,189.27124,0.00000,189.27124
2026-08-31 04:40:00,VIC1,4861.02000,0.00000,133.40521,0.00000,133.40521
2026-08-31 04:45:00,NSW1,6958.96000,0.00000,335.04112,0.00000,335.04112
2026-08-31 04:45:00,QLD1,5715.08000,0.17000,1471.10181,0.17000,1471.10181
2026-08-31 04:45:00,SA1,1302.39000,0.00000,847.83199,0.00000,847.83199
2026-08-31 04:45:00,TAS1,991.90000,0.00000,190.20023,0.00000,190.20023
2026-08-31 04:45:00,VIC1,4871.30000,0.00000,130.86830,0.00000,130.86830
2026-08-31 04:50:00,NSW1,6984.31000,0.00000,337.72369,0.00000,337.72369
2026-08-31 04:50:00,QLD1,5700.51000,0.00000,1469.43545,0.00000,1469.43545
2026-08-31 04:50:00,SA1,1309.22000,0.00000,843.23063,0.00000,843.23063
2026-08-31 04:50:00,TAS1,981.05000,0.00000,196.46032,0.00000,196.46032
2026-08-31 04:50:00,VIC1,4905.73000,0.00000,126.44141,0.00000,126.44141
2026-08-31 04:55:00,NSW1,6990.07000,0.00000,331.58315,0.00000,331.58315
2026-08-31 04:55:00,QLD1,5734.92000,0.00000,1469.07789,0.00000,1469.07789
2026-08-31 04:55:00,SA1,1328.21000,0.00000,833.86186,0.00000,833.86186
2026-08-31 04:55:00,TAS1,979.95000,0.00000,199.60454,0.00000,199.60454
2026-08-31 04:55:00,VIC1,4852.80000,0.00000,123.01920,0.00000,123.01920
2026-08-31 05:00:00,NSW1,6994.66000,0.00000,329.65066,0.00000,329.65066
2026-08-31 05:00:00,QLD1,5729.03000,0.44200,1480.57613,0.44200,1480.57613
2026-08-31 05:00:00,SA1,1308.95000,0.00000,805.25910,0.00000,805.25910
2026-08-31 05:00:00,TAS1,996.20000,0.00000,202.32391,0.00000,202.32391
2026-08-31 05:00:00,VIC1,4864.15000,0.00000,125.03020,0.00000,125.03020
2026-08-31 05:05:00,NSW1,7080.07000,0.00000,329.28426,0.00000,329.28426
2026-08-31 05:05:00,QLD1,5743.08000,0.27200,1469.87054,0.27200,1469.87054
2026-08-31 05:05:00,SA1,1304.56000,0.00000,818.01986,0.00000,818.01986
2026-08-31 05:05:00,TAS1,998.04000,0.00000,204.01153,0.00000,204.01153
2026-08-31 05:05:00,VIC1,4936.34000,0.00000,122.39087,0.00000,122.39087
2026-08-31 05:10:00,NSW1,7216.19000,0.00000,327.27061,0.00000,327.27061
2026-08-31 05:10:00,QLD1,5792.70000,0.27200,1447.03290,0.27200,1447.03290
2026-08-31 05:10:00,SA1,1313.65000,0.00000,843.61464,0.00000,843.61464
2026-08-31 05:10:00,TAS1,1009.92000,0.00000,204.47756,0.00000,204.47756
2026-08-31 05:10:00,VIC1,5026.79000,0.00000,128.93765,0.00000,128.93765
2026-08-31 05:15:00,NSW1,7161.89000,0.00000,325.67128,0.00000,325.67128
2026-08-31 05:15:00,QLD1,5873.90000,0.44200,1401.73509,0.44200,1401.73509
2026-08-31 05:15:00,SA1,1305.65000,0.00000,859.07293,0.00000,859.07293
2026-08-31 05:15:00,TAS1,1020.32000,0.00000,205.35628,0.00000,205.35628
2026-08-31 05:15:00,VIC1,5037.54000,0.00000,129.01934,0.00000,129.01934
2026-08-31 05:20:00,NSW1,7187.11000,0.00000,332.13408,0.00000,332.13408
2026-08-31 05:20:00,QLD1,5981.27000,0.27200,1381.33109,0.27200,1381.33109
2026-08-31 05:20:00,SA1,1304.10000,0.00000,877.60308,0.00000,877.60308
2026-08-31 05:20:00,TAS1,1024.61000,0.00000,205.37555,0.00000,205.37555
2026-08-31 05:20:00,VIC1,5135.25000,0.00000,118.94914,0.00000,118.94914
2026-08-31 05:25:00,NSW1,7321.71000,0.00000,347.73374,0.00000,347.73374
2026-08-31 05:25:00,QLD1,5924.49000,0.44200,1387.34370,0.44200,1387.34370
2026-08-31 05:25:00,SA1,1314.10000,0.00000,880.22069,0.00000,880.22069
2026-08-31 05:25:00,TAS1,1025.14000,0.00000,204.74616,0.00000,204.74616
2026-08-31 05:25:00,VIC1,5179.21000,0.00000,108.61802,0.00000,108.61802
2026-08-31 05:30:00,NSW1,7354.37000,0.00000,354.17209,0.00000,354.17209
2026-08-31 05:30:00,QLD1,5950.32000,0.52400,1366.71577,0.52400,1366.71577
2026-08-31 05:30:00,SA1,1309.20000,0.00000,882.56542,0.00000,882.56542
2026-08-31 05:30:00,TAS1,1031.45000,0.00000,199.26668,0.00000,199.26668
2026-08-31 05:30:00,VIC1,5234.46000,0.00000,95.13874,0.00000,95.13874
2026-08-31 05:35:00,NSW1,7353.59000,0.00000,360.97087,0.00000,360.97087
2026-08-31 05:35:00,QLD1,6070.19000,0.31200,1354.53418,0.31200,1354.53418
2026-08-31 05:35:00,SA1,1336.34000,0.00000,852.75828,0.00000,842.24694
2026-08-31 05:35:00,TAS1,1038.85000,0.00000,193.69746,0.00000,193.69746
2026-08-31 05:35:00,VIC1,5187.84000,0.00000,89.74392,0.00000,89.74392
2026-08-31 05:40:00,NSW1,7424.38000,0.00000,378.59203,0.00000,378.59203
2026-08-31 05:40:00,QLD1,6054.53000,0.31200,1352.22056,0.31200,1352.22056
2026-08-31 05:40:00,SA1,1362.29000,0.00000,835.60022,0.00000,835.60022
2026-08-31 05:40:00,TAS1,1046.09000,0.00000,192.03031,0.00000,192.03031
2026-08-31 05:40:00,VIC1,5242.49000,0.00000,85.36770,0.00000,85.36770
2026-08-31 05:45:00,NSW1,7468.61000,0.00000,385.70451,0.00000,385.70451
2026-08-31 05:45:00,QLD1,6135.02000,0.48200,1337.51777,0.48200,1337.51777
2026-08-31 05:45:00,SA1,1353.14000,0.00000,822.11574,0.00000,822.11574
2026-08-31 05:45:00,TAS1,1050.52000,0.00000,193.43523,0.00000,193.43523
2026-08-31 05:45:00,VIC1,5365.67000,0.00000,92.62034,0.00000,92.62034
2026-08-31 05:50:00,NSW1,7554.08000,0.00000,400.17355,0.00000,400.17355
2026-08-31 05:50:00,QLD1,6157.21000,0.31200,1344.68754,0.31200,1344.68754
2026-08-31 05:50:00,SA1,1368.06000,0.00000,811.67973,0.00000,811.67973
2026-08-31 05:50:00,TAS1,1058.85000,0.00000,200.57364,0.00000,200.57364
2026-08-31 05:50:00,VIC1,5424.77000,0.00000,89.05656,0.00000,89.05656
2026-08-31 05:55:00,NSW1,7598.48000,0.00000,408.91968,0.00000,408.91968
2026-08-31 05:55:00,QLD1,6193.09000,0.31200,1337.06567,0.31200,1337.06567
2026-08-31 05:55:00,SA1,1380.14000,0.00000,815.76940,0.00000,815.76940
2026-08-31 05:55:00,TAS1,1069.91000,0.00000,204.96210,0.00000,204.96210
2026-08-31 05:55:00,VIC1,5435.06000,0.00000,86.10565,0.00000,86.10565
2026-08-31 06:00:00,NSW1,7719.47000,0.00000,421.36222,0.00000,421.36222
2026-08-31 06:00:00,QLD1,6184.65000,0.48200,1354.24095,0.48200,1354.24095
2026-08-31 06:00:00,SA1,1380.58000,0.00000,817.86725,0.00000,817.86725
2026-08-31 06:00:00,TAS1,1075.75000,0.00000,208.84120,0.00000,208.84120
2026-08-31 06:00:00,VIC1,5548.45000,0.00000,85.35111,0.00000,85.35111
2026-08-31 06:05:00,NSW1,7865.83000,0.00000,432.86727,0.00000,432.86727
2026-08-31 06:05:00,QLD1,6239.00000,0.48200,1344.60420,0.48200,1344.60420
2026-08-31 06:05:00,SA1,1374.03000,0.00000,829.64911,0.00000,829.64911
2026-08-31 06:05:00,TAS1,1082.82000,0.00000,209.05320,0.00000,209.05320
2026-08-31 06:05:00,VIC1,5594.02000,0.00000,80.16932,0.00000,80.16932
2026-08-31 06:10:00,NSW1,7976.72000,0.00000,435.33821,0.00000,435.33821
2026-08-31 06:10:00,QLD1,6318.82000,0.54400,1264.53148,0.54400,1264.53148
2026-08-31 06:10:00,SA1,1402.67000,0.00000,845.32004,0.00000,845.32004
2026-08-31 06:10:00,TAS1,1111.80000,0.00000,201.98663,0.00000,201.98663
2026-08-31 06:10:00,VIC1,5732.69000,0.00000,78.59679,0.00000,78.59679
2026-08-31 06:15:00,NSW1,8110.79000,0.34500,442.41946,0.34500,442.41946
2026-08-31 06:15:00,QLD1,6374.84000,1.88600,1269.93643,1.88600,1269.93643
2026-08-31 06:15:00,SA1,1367.48000,0.00000,814.58994,0.00000,814.58994
2026-08-31 06:15:00,TAS1,1136.43000,0.00000,209.02717,0.00000,209.02717
2026-08-31 06:15:00,VIC1,5761.76000,0.00000,81.22839,0.00000,81.22839
2026-08-31 06:20:00,NSW1,8224.71000,2.92500,447.66229,2.92500,447.66229
2026-08-31 06:20:00,QLD1,6412.44000,4.23827,1259.49394,4.23827,1259.49394
2026-08-31 06:20:00,SA1,1384.90000,0.00000,860.77004,0.00000,860.77004
2026-08-31 06:20:00,TAS1,1144.38000,0.00000,206.38849,0.00000,206.38849
2026-08-31 06:20:00,VIC1,5914.37000,0.00000,85.37962,0.00000,85.37962
2026-08-31 06:25:00,NSW1,8377.35000,13.45500,454.59800,13.45500,454.59800
2026-08-31 06:25:00,QLD1,6426.07000,16.97845,1263.96727,16.97845,1263.96727
2026-08-31 06:25:00,SA1,1398.78000,0.00000,867.61956,0.00000,867.61956
2026-08-31 06:25:00,TAS1,1157.19000,0.00000,196.11959,0.00000,196.11959
2026-08-31 06:25:00,VIC1,5920.37000,0.00000,87.31460,0.00000,87.31460
2026-08-31 06:30:00,NSW1,8459.32000,33.28509,465.78095,33.28509,465.78095
2026-08-31 06:30:00,QLD1,6499.09000,53.31611,1270.17669,53.31611,1270.17669
2026-08-31 06:30:00,SA1,1413.61000,0.00000,865.06617,0.00000,865.06617
2026-08-31 06:30:00,TAS1,1166.38000,0.00000,199.19236,0.00000,199.19236
2026-08-31 06:30:00,VIC1,6022.12000,0.00000,93.09086,0.00000,93.09086
2026-08-31 06:35:00,NSW1,8425.41000,40.40112,456.33283,40.40112,456.33283
2026-08-31 06:35:00,QLD1,6416.54000,104.45591,1285.00382,104.45591,1285.00382
2026-08-31 06:35:00,SA1,1426.21000,0.00000,888.05068,0.00000,888.05068
2026-08-31 06:35:00,TAS1,1171.30000,0.00000,205.88606,0.00000,205.88606
2026-08-31 06:35:00,VIC1,6071.64000,0.00000,90.33667,0.00000,90.33667
2026-08-31 06:40:00,NSW1,8527.92000,107.78969,464.52085,107.78969,464.52085
2026-08-31 06:40:00,QLD1,6531.83000,207.89316,1298.81742,207.89316,1298.81742
2026-08-31 06:40:00,SA1,1446.15000,0.00000,872.54101,0.00000,872.54101
2026-08-31 06:40:00,TAS1,1197.56000,0.00000,208.62937,0.00000,208.62937
2026-08-31 06:40:00,VIC1,6154.30000,0.31100,96.90819,0.31100,96.90819
2026-08-31 06:45:00,NSW1,8664.64000,184.17502,461.39862,184.17502,461.39862
2026-08-31 06:45:00,QLD1,6540.99000,306.61852,1305.72219,306.61852,1305.72219
2026-08-31 06:45:00,SA1,1498.90000,0.00000,877.60877,0.00000,877.60877
2026-08-31 06:45:00,TAS1,1208.86000,0.00000,203.04191,0.00000,203.04191
2026-08-31 06:45:00,VIC1,6302.39000,2.46400,97.83677,2.46400,97.83677
2026-08-31 06:50:00,NSW1,8608.71000,246.60557,454.76020,246.60557,454.76020
2026-08-31 06:50:00,QLD1,6561.29000,469.78664,1297.89948,469.78664,1297.89948
2026-08-31 06:50:00,SA1,1504.38000,0.00000,865.88506,0.00000,865.88506
2026-08-31 06:50:00,TAS1,1227.45000,0.00000,202.89414,0.00000,202.89414
2026-08-31 06:50:00,VIC1,6386.69000,5.36654,106.85429,5.36654,106.85429
2026-08-31 06:55:00,NSW1,8706.01000,341.42888,460.02766,341.42888,460.02766
2026-08-31 06:55:00,QLD1,6509.62000,644.09914,1298.49729,644.09914,1298.49729
2026-08-31 06:55:00,SA1,1519.34000,0.00000,872.72512,0.00000,872.72512
2026-08-31 06:55:00,TAS1,1238.31000,0.00000,205.34710,0.00000,205.34710
2026-08-31 06:55:00,VIC1,6449.38000,10.60977,105.82002,10.60977,105.82002
2026-08-31 07:00:00,NSW1,8715.20000,480.86141,442.58924,480.86141,442.58924
2026-08-31 07:00:00,QLD1,6509.46000,810.91730,1302.82990,810.91730,1302.82990
2026-08-31 07:00:00,SA1,1528.29000,0.00000,872.28038,0.00000,872.28038
2026-08-31 07:00:00,TAS1,1245.62000,0.00000,207.07879,0.00000,207.07879
2026-08-31 07:00:00,VIC1,6520.72000,24.62137,101.87168,24.62137,101.77168
2026-08-31 07:05:00,NSW1,8792.55000,653.77292,434.36634,653.77292,434.36634
2026-08-31 07:05:00,QLD1,6471.78000,979.49107,1264.99063,979.49107,1264.99063
2026-08-31 07:05:00,SA1,1542.29000,0.00000,912.96712,0.00000,912.96712
2026-08-31 07:05:00,TAS1,1232.54000,0.00000,209.68273,0.00000,209.68273
2026-08-31 07:05:00,VIC1,6604.14000,50.96055,99.89721,50.96055,99.89721
2026-08-31 07:10:00,NSW1,8680.75000,879.20923,435.32893,879.20923,435.32893
2026-08-31 07:10:00,QLD1,6480.76000,1167.75712,1231.53465,1167.75712,1231.53465
2026-08-31 07:10:00,SA1,1567.26000,0.02500,925.29270,0.02500,925.29270
2026-08-31 07:10:00,TAS1,1233.23000,0.00000,212.22828,0.00000,212.22828
2026-08-31 07:10:00,VIC1,6651.38000,81.65959,98.40103,81.52259,98.40103
2026-08-31 07:15:00,NSW1,8679.73000,1059.59576,431.23300,1059.59576,431.23300
2026-08-31 07:15:00,QLD1,6394.89000,1382.79329,1195.47562,1382.79329,1195.47562
2026-08-31 07:15:00,SA1,1551.01000,1.07227,918.60904,1.07227,918.60904
2026-08-31 07:15:00,TAS1,1248.75000,0.00000,208.42511,0.00000,208.42511
2026-08-31 07:15:00,VIC1,6636.85000,138.89151,95.97192,138.63151,95.97192
2026-08-31 07:20:00,NSW1,8569.97000,1232.69489,423.49372,1232.69489,423.49372
2026-08-31 07:20:00,QLD1,6414.13000,1539.65414,1165.24918,1539.65414,1165.24918
2026-08-31 07:20:00,SA1,1563.91000,1.87109,933.79188,1.87109,933.79188
2026-08-31 07:20:00,TAS1,1251.51000,0.00000,206.22170,0.00000,206.22170
2026-08-31 07:20:00,VIC1,6788.24000,196.46341,91.24008,196.46341,91.24008
2026-08-31 07:25:00,NSW1,8617.08000,1442.14705,422.02834,1442.14705,422.02834
2026-08-31 07:25:00,QLD1,6349.50000,1703.28004,1127.50822,1703.28004,1127.50822
2026-08-31 07:25:00,SA1,1594.64000,6.86246,933.94952,6.86246,933.94952
2026-08-31 07:25:00,TAS1,1257.39000,0.00000,199.24950,0.00000,199.24950
2026-08-31 07:25:00,VIC1,6819.48000,272.31845,91.28075,271.48345,91.28075
2026-08-31 07:30:00,NSW1,8545.52000,1692.61960,419.26296,1692.61960,419.26296
2026-08-31 07:30:00,QLD1,6379.38000,1876.52730,1108.08391,1876.52730,1108.08391
2026-08-31 07:30:00,SA1,1610.96000,16.01245,935.24737,16.01245,935.24737
2026-08-31 07:30:00,TAS1,1254.65000,0.00000,186.67382,0.00000,186.67382
2026-08-31 07:30:00,VIC1,6871.19000,353.19822,83.65691,353.19822,83.65691
2026-08-31 07:35:00,NSW1,8534.53000,1921.10378,423.01560,1921.10378,423.01560
2026-08-31 07:35:00,QLD1,6200.48000,1947.18309,1085.05941,1947.18309,1085.05941
2026-08-31 07:35:00,SA1,1607.41000,20.59091,941.75174,20.59091,941.75174
2026-08-31 07:35:00,TAS1,1246.14000,0.00000,172.76454,0.00000,172.76454
2026-08-31 07:35:00,VIC1,6881.86000,426.53406,74.35549,426.53406,74.35549
2026-08-31 07:40:00,NSW1,8356.78000,2185.77726,416.23349,2185.77726,416.23349
2026-08-31 07:40:00,QLD1,6117.56000,2085.70884,1055.66290,2070.50424,1055.66290
2026-08-31 07:40:00,SA1,1633.56000,39.50454,945.53264,39.50454,945.53264
2026-08-31 07:40:00,TAS1,1273.45000,0.00000,167.25837,0.00000,167.25837
2026-08-31 07:40:00,VIC1,6846.05000,526.65714,70.74933,526.65714,70.74933
2026-08-31 07:45:00,NSW1,8291.64000,2407.32664,403.87567,2407.32664,403.87567
2026-08-31 07:45:00,QLD1,5968.68000,2222.70219,1012.37945,2222.70219,1012.37945
2026-08-31 07:45:00,SA1,1640.70000,54.61982,936.31831,54.61982,936.31831
2026-08-31 07:45:00,TAS1,1289.21000,0.00000,168.38008,0.00000,168.38008
2026-08-31 07:45:00,VIC1,6876.65000,609.66173,71.42525,609.66173,71.42525
2026-08-31 07:50:00,NSW1,8226.23000,2645.63921,395.66627,2645.63921,395.66627
2026-08-31 07:50:00,QLD1,5950.12000,2498.81645,975.00788,2404.52534,864.91235
2026-08-31 07:50:00,SA1,1633.59000,72.08273,940.52563,72.08273,940.52563
2026-08-31 07:50:00,TAS1,1271.84000,0.00000,177.93930,0.00000,177.93930
2026-08-31 07:50:00,VIC1,6890.94000,717.76190,68.16416,717.76190,68.16416
2026-08-31 07:55:00,NSW1,8042.00000,2898.83023,378.22168,2889.31786,378.22168
2026-08-31 07:55:00,QLD1,5918.25000,2625.40632,953.28070,2589.35625,953.28070
2026-08-31 07:55:00,SA1,1622.06000,89.24064,940.63683,89.24064,940.63683
2026-08-31 07:55:00,TAS1,1268.16000,0.00000,177.56031,0.00000,177.56031
2026-08-31 07:55:00,VIC1,6833.55000,815.38661,62.31847,814.03361,62.31847
2026-08-31 08:00:00,NSW1,8025.20000,3174.54325,358.31359,2801.66750,358.31359
2026-08-31 08:00:00,QLD1,5779.66000,2700.79794,970.89915,2593.52739,874.67701
2026-08-31 08:00:00,SA1,1602.05000,103.63482,957.14441,103.63482,951.62951
2026-08-31 08:00:00,TAS1,1256.85000,0.00000,166.78466,0.00000,166.78466
2026-08-31 08:00:00,VIC1,6810.19000,907.84118,56.39709,907.84118,56.39709
2026-08-31 08:05:00,NSW1,7925.23000,3338.20187,344.67287,3029.37477,344.67287
2026-08-31 08:05:00,QLD1,5722.63000,2823.44097,943.09983,2795.96415,943.09983
2026-08-31 08:05:00,SA1,1590.68000,126.45636,979.26240,126.45636,975.09830
2026-08-31 08:05:00,TAS1,1259.57000,0.00000,169.85261,0.00000,169.85261
2026-08-31 08:05:00,VIC1,6807.25000,1002.15614,51.72835,1002.15614,51.72835
2026-08-31 08:10:00,NSW1,7967.63000,3466.30172,325.52664,3106.32665,325.52664
2026-08-31 08:10:00,QLD1,5667.78000,2856.01306,906.28212,2855.54408,906.28212
2026-08-31 08:10:00,SA1,1542.84000,143.70609,1001.01477,143.70609,993.34877
2026-08-31 08:10:00,TAS1,1246.18000,0.00000,163.23403,0.00000,163.23403
2026-08-31 08:10:00,VIC1,6860.09000,1073.30002,48.60124,1072.40102,48.60124
2026-08-31 08:15:00,NSW1,7753.77000,3593.70203,293.31331,3100.12265,293.31331
2026-08-31 08:15:00,QLD1,5607.97000,3034.29123,851.13043,3026.64814,761.33643
2026-08-31 08:15:00,SA1,1556.87000,162.04346,1011.75564,162.04346,1001.63854
2026-08-31 08:15:00,TAS1,1237.02000,0.00000,172.30540,0.00000,172.30540
2026-08-31 08:15:00,VIC1,6782.35000,1163.22204,45.43705,1163.22204,45.43705
2026-08-31 08:20:00,NSW1,7699.12000,3635.62013,281.06389,3121.82524,281.06389
2026-08-31 08:20:00,QLD1,5577.20000,3051.79596,845.54848,3034.91409,737.28602
2026-08-31 08:20:00,SA1,1539.50000,181.88664,1024.69307,181.88664,1012.92357
2026-08-31 08:20:00,TAS1,1224.49000,0.00000,176.56670,0.00000,176.56670
2026-08-31 08:20:00,VIC1,6723.47000,1234.43667,42.86475,1234.43667,42.86475
2026-08-31 08:25:00,NSW1,7657.68000,3786.96663,263.64403,3437.81674,263.64403
2026-08-31 08:25:00,QLD1,5478.24000,3040.42704,854.00225,3017.21760,715.88551
2026-08-31 08:25:00,SA1,1509.99000,195.09391,1025.72373,195.09391,1015.00633
2026-08-31 08:25:00,TAS1,1212.88000,0.00000,190.34629,0.00000,190.34629
2026-08-31 08:25:00,VIC1,6679.77000,1291.06281,41.05378,1275.65581,41.05378
2026-08-31 08:30:00,NSW1,7485.96000,3718.12263,248.50592,3124.90911,229.46997
2026-08-31 08:30:00,QLD1,5397.76000,3060.55295,864.85561,3020.62246,691.49881
2026-08-31 08:30:00,SA1,1453.03000,214.66845,1040.64235,214.66845,1032.97635
2026-08-31 08:30:00,TAS1,1196.28000,0.00000,185.35843,0.00000,185.35843
2026-08-31 08:30:00,VIC1,6598.78000,1333.10641,44.68694,1315.77293,44.68694
2026-08-31 08:35:00,NSW1,7370.36000,3864.00745,218.64853,3153.80613,218.64853
2026-08-31 08:35:00,QLD1,5326.36000,3031.09828,871.19544,3021.50932,785.29941
2026-08-31 08:35:00,SA1,1429.59000,224.31482,1038.43668,224.31482,1034.27258
2026-08-31 08:35:00,TAS1,1191.82000,0.00000,177.46998,0.00000,177.46998
2026-08-31 08:35:00,VIC1,6565.73000,1366.39671,33.90927,1361.73227,33.90927
2026-08-31 08:40:00,NSW1,7156.21000,3964.01563,201.70285,3410.97032,201.70285
2026-08-31 08:40:00,QLD1,5304.73000,3002.37587,859.62687,2990.92541,770.02669
2026-08-31 08:40:00,SA1,1397.95000,240.13019,1048.49280,240.13019,1042.04110
2026-08-31 08:40:00,TAS1,1191.45000,0.00000,178.15387,0.00000,178.15387
2026-08-31 08:40:00,VIC1,6522.48000,1402.62823,32.33391,1397.06781,32.33391
2026-08-31 08:45:00,NSW1,7049.45000,4013.53713,186.40195,3133.00504,171.34395
2026-08-31 08:45:00,QLD1,5179.37000,2958.68310,893.86834,2913.81008,709.65666
2026-08-31 08:45:00,SA1,1389.55000,254.32228,1039.18003,254.32228,1035.01593
2026-08-31 08:45:00,TAS1,1183.37000,0.00000,181.70627,0.00000,181.70627
2026-08-31 08:45:00,VIC1,6451.99000,1406.81166,30.92389,1400.33327,30.92389
2026-08-31 08:50:00,NSW1,6953.46000,4142.28925,176.71096,3146.23726,161.42646
2026-08-31 08:50:00,QLD1,5128.97000,3011.36747,859.08204,2966.75315,707.89994
2026-08-31 08:50:00,SA1,1385.46000,267.90346,1028.48350,267.90346,1020.81750
2026-08-31 08:50:00,TAS1,1164.82000,0.00000,176.72017,0.00000,176.72017
2026-08-31 08:50:00,VIC1,6401.69000,1431.16673,35.96138,1423.81436,35.96138
2026-08-31 08:55:00,NSW1,6900.12000,4172.41508,162.02371,3158.37986,153.47291
2026-08-31 08:55:00,QLD1,5044.73000,3021.12604,856.32506,3015.41756,816.30824
2026-08-31 08:55:00,SA1,1305.05000,282.92891,996.05034,282.92891,990.48714
2026-08-31 08:55:00,TAS1,1147.68000,0.00000,180.51967,0.00000,180.51967
2026-08-31 08:55:00,VIC1,6357.05000,1445.83782,33.09423,1437.11675,33.09423
2026-08-31 09:00:00,NSW1,6723.51000,4213.26132,151.28587,3162.38316,144.55657
2026-08-31 09:00:00,QLD1,4931.81000,2982.10455,822.39407,2933.24307,664.17147
2026-08-31 09:00:00,SA1,1287.48000,294.35382,981.44077,294.35382,975.87757
2026-08-31 09:00:00,TAS1,1136.68000,0.00000,186.62110,0.00000,186.62110
2026-08-31 09:00:00,VIC1,6293.99000,1465.33289,32.40235,1429.12092,32.40235
2026-08-31 09:05:00,NSW1,6723.93000,4258.68346,132.30878,3209.93002,124.64378
2026-08-31 09:05:00,QLD1,4897.44000,3038.61906,793.04735,3023.72313,700.43292
2026-08-31 09:05:00,SA1,1229.68000,306.88628,950.94773,306.88628,946.78363
2026-08-31 09:05:00,TAS1,1127.81000,0.00000,187.94650,0.00000,187.94650
2026-08-31 09:05:00,VIC1,6234.70000,1472.23343,31.59363,1453.02546,31.59363
2026-08-31 09:10:00,NSW1,6614.89000,4311.87746,113.96447,3183.87800,105.79597
2026-08-31 09:10:00,QLD1,4833.41000,3150.05184,777.99628,2986.43527,681.23212
2026-08-31 09:10:00,SA1,1202.31000,316.40982,929.99977,316.40982,927.08577
2026-08-31 09:10:00,TAS1,1121.53000,0.00000,205.27701,0.00000,205.27701
2026-08-31 09:10:00,VIC1,6227.91000,1478.37281,32.35623,1458.41575,32.35623
2026-08-31 09:15:00,NSW1,6564.37000,4328.75060,112.58660,3156.34379,101.40850
2026-08-31 09:15:00,QLD1,4715.73000,3179.73612,788.07900,3010.55407,541.72400
2026-08-31 09:15:00,SA1,1174.56000,324.93581,902.76682,324.93581,902.76682
2026-08-31 09:15:00,TAS1,1092.45000,0.00000,205.68063,0.00000,205.68063
2026-08-31 09:15:00,VIC1,6137.67000,1482.16753,28.37670,1461.80684,28.37670
2026-08-31 09:20:00,NSW1,6460.51000,4365.14537,100.99847,3154.25314,95.27767
2026-08-31 09:20:00,QLD1,4666.18000,3104.89874,815.17100,2929.44960,503.40205
2026-08-31 09:20:00,SA1,1146.42000,335.85374,881.14233,335.85374,881.14233
2026-08-31 09:20:00,TAS1,1087.12000,0.00000,188.53784,0.00000,188.53784
2026-08-31 09:20:00,VIC1,6095.42000,1484.75087,33.44318,1445.65966,33.44318
2026-08-31 09:25:00,NSW1,6341.09000,4374.82450,94.30338,3164.45918,87.93528
2026-08-31 09:25:00,QLD1,4568.89000,3004.65587,784.47750,2822.19128,483.93161
2026-08-31 09:25:00,SA1,1112.03000,342.93564,856.01340,342.68064,856.01340
2026-08-31 09:25:00,TAS1,1079.69000,0.00000,200.83169,0.00000,200.83169
2026-08-31 09:25:00,VIC1,6010.48000,1485.89381,30.63727,1462.32846,30.63727
2026-08-31 09:30:00,NSW1,6214.97000,4352.02265,83.02250,3188.51827,77.64130
2026-08-31 09:30:00,QLD1,4600.56000,3215.37625,752.31270,2978.32663,414.05200
2026-08-31 09:30:00,SA1,1090.36000,347.63209,830.77944,347.16609,830.77944
2026-08-31 09:30:00,TAS1,1060.36000,0.00000,198.26957,0.00000,198.26957
2026-08-31 09:30:00,VIC1,5959.35000,1487.39668,29.37421,1454.46365,29.37421
2026-08-31 09:35:00,NSW1,6144.83000,4396.42059,72.19970,3496.50537,72.19970
2026-08-31 09:35:00,QLD1,4545.44000,3202.88293,777.64570,2982.92705,433.95600
2026-08-31 09:35:00,SA1,1028.76000,353.37155,826.44410,353.37155,826.44410
2026-08-31 09:35:00,TAS1,1069.86000,0.00000,211.36451,0.00000,211.36451
2026-08-31 09:35:00,VIC1,5878.03000,1485.76342,33.56654,1450.58466,33.56654
2026-08-31 09:40:00,NSW1,6157.56000,4269.31472,76.72570,3163.12504,67.19750
2026-08-31 09:40:00,QLD1,4468.19000,3060.27532,785.99230,2957.19457,415.57700
2026-08-31 09:40:00,SA1,999.57000,356.65163,811.38706,356.65163,811.38706
2026-08-31 09:40:00,TAS1,1077.29000,0.00000,222.10707,0.00000,222.10707
2026-08-31 09:40:00,VIC1,5817.43000,1485.08740,34.31902,1434.48949,34.31902
2026-08-31 09:45:00,NSW1,6110.19000,4422.69152,73.42690,3139.40807,63.23690
2026-08-31 09:45:00,QLD1,4391.48000,2924.97538,788.15790,2740.93814,532.57086
2026-08-31 09:45:00,SA1,960.01000,367.10010,803.51203,366.15410,803.51203
2026-08-31 09:45:00,TAS1,1052.29000,0.00000,218.68192,0.00000,218.68192
2026-08-31 09:45:00,VIC1,5726.59000,1478.67337,27.89390,1428.82718,27.89390
2026-08-31 09:50:00,NSW1,6046.13000,4385.41826,70.42810,3439.69412,70.42810
2026-08-31 09:50:00,QLD1,4296.03000,3094.76309,795.45030,2658.10907,510.30200
2026-08-31 09:50:00,SA1,912.16000,369.43773,790.14050,368.49273,790.14050
2026-08-31 09:50:00,TAS1,1042.70000,0.00000,223.43184,0.00000,223.43184
2026-08-31 09:50:00,VIC1,5639.41000,1476.27979,25.21125,1419.64781,25.21125
2026-08-31 09:55:00,NSW1,5958.26000,4309.51486,69.78590,3097.07393,59.30990
2026-08-31 09:55:00,QLD1,4225.37000,3210.85026,726.87770,2651.72695,479.46100
2026-08-31 09:55:00,SA1,893.30000,374.78255,770.49949,373.52955,770.49949
2026-08-31 09:55:00,TAS1,1040.67000,0.00000,217.75272,0.00000,217.75272
2026-08-31 09:55:00,VIC1,5543.75000,1478.81341,24.44455,1421.31877,24.44455
2026-08-31 10:00:00,NSW1,5867.94000,4399.75821,60.97000,3127.56012,51.76960
2026-08-31 10:00:00,QLD1,4175.75000,3321.40612,682.94030,2665.74944,443.39600
2026-08-31 10:00:00,SA1,866.15000,373.57963,736.74089,372.33363,736.74089
2026-08-31 10:00:00,TAS1,1017.17000,0.00000,220.86767,0.00000,220.86767
2026-08-31 10:00:00,VIC1,5517.69000,1473.04078,20.37415,1407.76301,20.37415
2026-08-31 10:05:00,NSW1,5804.25000,4406.68920,51.53590,3235.90282,50.03203
2026-08-31 10:05:00,QLD1,4155.56000,3237.42653,667.46370,2750.66123,413.58600
2026-08-31 10:05:00,SA1,854.72000,383.02427,708.73916,381.41827,698.99916
2026-08-31 10:05:00,TAS1,1003.41000,0.00000,216.46775,0.00000,216.46775
2026-08-31 10:05:00,VIC1,5419.16000,1473.83500,18.83657,1419.25752,18.83657
2026-08-31 10:10:00,NSW1,5854.35000,4394.55814,46.74770,3231.21236,43.53566
2026-08-31 10:10:00,QLD1,4189.31000,3179.96273,625.55960,2810.29426,375.76000
2026-08-31 10:10:00,SA1,814.35000,396.03974,695.73931,396.03974,684.40931
2026-08-31 10:10:00,TAS1,1006.14000,0.00000,203.29419,0.00000,203.29419
2026-08-31 10:10:00,VIC1,5376.23000,1464.60354,11.89100,1421.60740,11.89100
2026-08-31 10:15:00,NSW1,5614.53000,4365.73473,43.55720,3194.82582,32.35870
2026-08-31 10:15:00,QLD1,4210.74000,3137.76251,628.68150,2836.97584,420.56257
2026-08-31 10:15:00,SA1,774.43000,400.16973,665.21193,398.19273,658.17993
2026-08-31 10:15:00,TAS1,1008.25000,0.00000,207.92259,0.00000,207.92259
2026-08-31 10:15:00,VIC1,5447.00000,1460.65336,13.50700,1418.50113,13.50700
2026-08-31 10:20:00,NSW1,5590.36000,4370.06560,38.24260,3158.90287,16.51400
2026-08-31 10:20:00,QLD1,4079.65000,2928.84343,601.55650,2810.99619,361.28159
2026-08-31 10:20:00,SA1,771.90000,406.23781,644.33290,404.36581,637.30090
2026-08-31 10:20:00,TAS1,1000.01000,0.00000,208.57532,0.00000,208.57532
2026-08-31 10:20:00,VIC1,5405.74000,1457.18207,14.74500,1432.78068,14.74500
2026-08-31 10:25:00,NSW1,5587.59000,4350.75414,30.09340,3178.94114,22.01180
2026-08-31 10:25:00,QLD1,4066.03000,2978.05105,571.20310,2746.57668,342.46700
2026-08-31 10:25:00,SA1,734.73000,429.83182,616.37654,427.85782,609.94654
2026-08-31 10:25:00,TAS1,983.50000,0.00000,202.31932,0.00000,202.31932
2026-08-31 10:25:00,VIC1,5159.21000,1450.99574,16.07667,1404.45593,16.07667
2026-08-31 10:30:00,NSW1,5459.29000,4358.20931,24.10050,3406.10366,24.10050
2026-08-31 10:30:00,QLD1,4052.92000,2995.09611,550.85860,2758.18820,325.97000
2026-08-31 10:30:00,SA1,707.45000,441.62964,614.84813,439.55664,609.16913
2026-08-31 10:30:00,TAS1,984.31000,0.00000,177.66991,0.00000,177.66991
2026-08-31 10:30:00,VIC1,5047.67000,1456.65419,17.34300,1414.66281,17.34300
2026-08-31 10:35:00,NSW1,5352.10000,4354.26112,21.40800,3427.53155,21.40800
2026-08-31 10:35:00,QLD1,4038.51000,2997.41464,563.10300,2738.36884,350.31661
2026-08-31 10:35:00,SA1,680.77000,459.43664,614.27501,457.26464,608.99801
2026-08-31 10:35:00,TAS1,978.55000,0.00000,187.01013,0.00000,187.01013
2026-08-31 10:35:00,VIC1,4980.71000,1456.67560,17.84300,1393.99955,17.84300
2026-08-31 10:40:00,NSW1,5382.10000,4352.10657,20.75920,3414.20205,20.75920
2026-08-31 10:40:00,QLD1,4070.34000,3004.92828,568.70100,2771.13377,344.39800
2026-08-31 10:40:00,SA1,667.93000,476.76464,599.70115,474.47264,593.57515
2026-08-31 10:40:00,TAS1,977.64000,0.00000,176.65515,0.00000,176.65515
2026-08-31 10:40:00,VIC1,4876.92000,1444.06111,13.07500,1388.86295,13.07500
2026-08-31 10:45:00,NSW1,5313.29000,4360.53010,25.82330,3437.64514,25.82330
2026-08-31 10:45:00,QLD1,4237.12000,3101.36431,557.19720,2755.51898,330.92200
2026-08-31 10:45:00,SA1,642.84000,490.58918,581.14566,488.01518,574.96266
2026-08-31 10:45:00,TAS1,965.81000,0.00000,181.24682,0.00000,181.24682
2026-08-31 10:45:00,VIC1,4801.01000,1440.54595,13.77100,1374.66726,13.77100
2026-08-31 10:50:00,NSW1,5246.99000,4341.43388,25.27210,3378.55795,16.81750
2026-08-31 10:50:00,QLD1,4236.10000,2931.80889,547.13400,2782.34839,338.55706
2026-08-31 10:50:00,SA1,637.21000,501.37737,581.85661,498.72437,576.74961
2026-08-31 10:50:00,TAS1,951.95000,0.00000,185.16483,0.00000,185.16483
2026-08-31 10:50:00,VIC1,4674.49000,1436.56563,12.45900,1409.84542,12.45900
2026-08-31 10:55:00,NSW1,5314.96000,4328.99186,16.33890,3392.43709,12.02500
2026-08-31 10:55:00,QLD1,4379.21000,2983.52333,543.54200,2822.89172,423.67700
2026-08-31 10:55:00,SA1,624.15000,500.55919,575.79014,497.91219,571.71414
2026-08-31 10:55:00,TAS1,947.18000,0.00000,172.24864,0.00000,172.24864
2026-08-31 10:55:00,VIC1,4643.57000,1436.92147,12.21900,1413.00135,12.21900
2026-08-31 11:00:00,NSW1,5245.78000,4323.96722,14.74540,3361.53803,10.43150
2026-08-31 11:00:00,QLD1,4356.91000,2917.60986,525.04090,2664.53038,320.60300
2026-08-31 11:00:00,SA1,604.74000,503.06728,584.75561,500.42728,580.04461
2026-08-31 11:00:00,TAS1,942.36000,0.00000,178.63221,0.00000,178.63221
2026-08-31 11:00:00,VIC1,4551.04000,1425.72439,13.37408,1408.45507,13.37408
2026-08-31 11:05:00,NSW1,5223.40000,4307.27626,13.45930,3481.84156,13.45930
2026-08-31 11:05:00,QLD1,4445.13000,2905.39518,486.32640,2707.43764,309.38200
2026-08-31 11:05:00,SA1,571.25000,505.30709,566.89378,502.60109,561.84278
2026-08-31 11:05:00,TAS1,927.61000,0.00000,179.72607,0.00000,179.72607
2026-08-31 11:05:00,VIC1,4535.41000,1419.04968,14.34883,1384.11449,14.34883
2026-08-31 11:10:00,NSW1,5246.79000,4306.27235,14.28490,3472.98182,14.28490
2026-08-31 11:10:00,QLD1,4552.04000,2795.39302,488.27240,2662.93046,384.44340
2026-08-31 11:10:00,SA1,560.84000,505.51827,548.96964,502.70527,544.75064
2026-08-31 11:10:00,TAS1,939.49000,0.00000,172.52004,0.00000,172.52004
2026-08-31 11:10:00,VIC1,4643.78000,1424.39299,14.24400,1387.34369,14.24400
2026-08-31 11:15:00,NSW1,5117.78000,4293.81671,13.66710,3457.75027,13.66710
2026-08-31 11:15:00,QLD1,4649.68000,2775.06682,522.90630,2671.30674,408.10230
2026-08-31 11:15:00,SA1,513.36000,506.49601,579.46007,503.59601,575.33607
2026-08-31 11:15:00,TAS1,928.81000,0.00000,187.53232,0.00000,187.53232
2026-08-31 11:15:00,VIC1,4626.24000,1401.63252,15.09000,1347.28052,15.09000
2026-08-31 11:20:00,NSW1,5175.35000,4285.68294,10.69310,3409.12292,5.27480
2026-08-31 11:20:00,QLD1,4612.95000,3010.90532,545.51060,2651.23381,439.14960
2026-08-31 11:20:00,SA1,491.25000,506.85917,549.72753,503.86317,545.98353
2026-08-31 11:20:00,TAS1,907.40000,0.00000,186.02137,0.00000,186.02137
2026-08-31 11:20:00,VIC1,4541.08000,1402.80499,13.82700,1386.74958,13.82700
2026-08-31 11:25:00,NSW1,5102.53000,4285.85864,7.42880,3347.87541,5.28310
2026-08-31 11:25:00,QLD1,4714.56000,2974.69287,567.37240,2647.50321,441.42689
2026-08-31 11:25:00,SA1,474.33000,506.77137,517.18261,503.77537,512.41461
2026-08-31 11:25:00,TAS1,903.32000,0.00000,169.60844,0.00000,169.60844
2026-08-31 11:25:00,VIC1,4416.54000,1399.33611,12.38100,1371.90196,12.38100
2026-08-31 11:30:00,NSW1,5039.08000,4202.56692,7.19450,3325.86829,5.04880
2026-08-31 11:30:00,QLD1,4679.97000,2999.95064,534.96000,2583.95658,431.07900
2026-08-31 11:30:00,SA1,464.39000,507.47418,486.22176,504.38118,480.94476
2026-08-31 11:30:00,TAS1,921.11000,0.00000,197.96084,0.00000,197.96084
2026-08-31 11:30:00,VIC1,4331.61000,1391.64503,12.57600,1378.34984,12.57600
2026-08-31 11:35:00,NSW1,4971.71000,4263.90596,4.25260,3384.55622,4.25260
2026-08-31 11:35:00,QLD1,4641.72000,2936.98259,508.15570,2618.32476,399.13370
2026-08-31 11:35:00,SA1,426.55000,505.69155,473.71196,502.50655,469.00096
2026-08-31 11:35:00,TAS1,914.28000,0.00000,196.86877,0.00000,196.86877
2026-08-31 11:35:00,VIC1,4239.01000,1394.58653,13.70700,1357.53283,13.70700
2026-08-31 11:40:00,NSW1,5008.57000,4269.35223,5.95130,3333.06132,2.53330
2026-08-31 11:40:00,QLD1,4685.18000,2998.32690,494.90160,2683.62392,384.80860
2026-08-31 11:40:00,SA1,415.19000,506.73981,438.67462,503.47281,433.28362
2026-08-31 11:40:00,TAS1,913.16000,0.00000,189.56227,0.00000,189.56227
2026-08-31 11:40:00,VIC1,4175.50000,1391.03420,16.45200,1377.16260,16.45200
2026-08-31 11:45:00,NSW1,4964.41000,4263.16157,7.34680,3342.73423,5.20110
2026-08-31 11:45:00,QLD1,4692.58000,3075.49014,496.24340,2677.25206,378.89240
2026-08-31 11:45:00,SA1,430.47000,507.89418,412.08102,504.62718,406.57702
2026-08-31 11:45:00,TAS1,904.60000,0.00000,194.45294,0.00000,194.45294
2026-08-31 11:45:00,VIC1,4134.00000,1387.33278,16.11259,1372.89851,16.11259
2026-08-31 11:50:00,NSW1,4948.31000,4253.30478,8.59800,3355.02569,8.59800
2026-08-31 11:50:00,QLD1,4708.24000,3184.61971,492.26920,2663.94113,388.82820
2026-08-31 11:50:00,SA1,441.95000,507.99181,387.71407,504.64381,382.09307
2026-08-31 11:50:00,TAS1,903.43000,0.00000,199.17708,0.00000,199.17708
2026-08-31 11:50:00,VIC1,4062.86000,1392.25803,14.76400,1356.59126,14.76400
2026-08-31 11:55:00,NSW1,4937.11000,4255.74369,10.65750,3354.32322,10.65750
2026-08-31 11:55:00,QLD1,4743.21000,3138.17701,466.55020,2684.96905,362.62620
2026-08-31 11:55:00,SA1,371.12000,507.65181,392.23424,504.22181,386.55524
2026-08-31 11:55:00,TAS1,899.89000,0.00000,194.43444,0.00000,194.43444
2026-08-31 11:55:00,VIC1,4007.99000,1384.11643,16.07300,1373.66842,16.07300
2026-08-31 12:00:00,NSW1,4891.25000,4277.13099,17.22810,3296.36878,13.81010
2026-08-31 12:00:00,QLD1,4758.98000,3033.93820,497.02860,2637.47815,392.50260
2026-08-31 12:00:00,SA1,353.24000,507.55091,371.08404,504.12091,365.75204
2026-08-31 12:00:00,TAS1,895.34000,0.00000,198.42228,0.00000,198.42228
2026-08-31 12:00:00,VIC1,3953.24000,1379.90036,15.49500,1371.54552,15.49500
2026-08-31 12:05:00,NSW1,4871.95000,4258.51491,11.60850,3350.72206,11.60850
2026-08-31 12:05:00,QLD1,4794.25000,2965.07469,478.30320,2651.00519,364.03520
2026-08-31 12:05:00,SA1,350.54000,504.86644,358.43982,501.35544,353.84082
2026-08-31 12:05:00,TAS1,893.06000,0.00000,188.96477,0.00000,188.96477
2026-08-31 12:05:00,VIC1,3931.65000,1379.56726,12.24900,1367.16055,12.24900
2026-08-31 12:10:00,NSW1,4952.62000,4193.45176,18.78680,3379.78582,18.78680
2026-08-31 12:10:00,QLD1,4835.17000,2925.57999,456.93580,2633.45982,367.02180
2026-08-31 12:10:00,SA1,345.29000,506.64781,353.52298,503.05181,346.86098
2026-08-31 12:10:00,TAS1,887.52000,0.00000,181.62379,0.00000,181.62379
2026-08-31 12:10:00,VIC1,3929.87000,1375.51268,14.84700,1137.80615,14.84700
2026-08-31 12:15:00,NSW1,4991.95000,4263.85875,17.86600,3387.21895,17.86600
2026-08-31 12:15:00,QLD1,4857.89000,3073.72654,482.08220,2697.00949,382.94020
2026-08-31 12:15:00,SA1,315.65000,511.95417,343.13383,502.38817,336.76183
2026-08-31 12:15:00,TAS1,885.69000,0.00000,187.47902,0.00000,187.47902
2026-08-31 12:15:00,VIC1,3929.71000,1396.38673,11.45200,1157.08400,11.45200
2026-08-31 12:20:00,NSW1,4917.56000,4206.75120,20.68050,3388.56988,20.68050
2026-08-31 12:20:00,QLD1,4868.53000,3202.16668,472.12570,2703.23457,383.77270
2026-08-31 12:20:00,SA1,287.69000,510.62617,327.40363,507.05817,321.37763
2026-08-31 12:20:00,TAS1,886.50000,0.00000,174.85422,0.00000,174.85422
2026-08-31 12:20:00,VIC1,3790.89000,1395.37402,12.78700,1154.16442,12.78700
2026-08-31 12:25:00,NSW1,4926.62000,4197.58751,21.28922,3380.90248,21.28922
2026-08-31 12:25:00,QLD1,4787.93000,3100.66851,484.78770,2653.34427,381.92970
2026-08-31 12:25:00,SA1,267.27000,504.79292,303.54834,501.22492,297.98534
2026-08-31 12:25:00,TAS1,884.67000,0.00000,177.35986,0.00000,177.35986
2026-08-31 12:25:00,VIC1,3797.29000,1376.78579,12.17700,1271.97693,12.17700
2026-08-31 12:30:00,NSW1,4876.40000,4199.73685,20.59989,3376.69216,20.59989
2026-08-31 12:30:00,QLD1,4801.36000,3114.74057,501.35380,2627.35618,390.59480
2026-08-31 12:30:00,SA1,270.10000,502.71371,294.65043,499.09471,289.20343
2026-08-31 12:30:00,TAS1,885.51000,0.00000,177.03151,0.00000,177.03151
2026-08-31 12:30:00,VIC1,3743.68000,1379.94594,10.70700,1181.94896,10.70700
2026-08-31 12:35:00,NSW1,4754.12000,4256.52853,21.99087,3325.85987,21.99087
2026-08-31 12:35:00,QLD1,4722.00000,3186.66292,486.89200,2634.82446,390.75200
2026-08-31 12:35:00,SA1,262.34000,503.53252,289.77498,499.91352,284.78998
2026-08-31 12:35:00,TAS1,893.83000,0.00000,164.07268,0.00000,164.07268
2026-08-31 12:35:00,VIC1,3731.85000,1381.29843,11.78600,1168.47687,11.78600
2026-08-31 12:40:00,NSW1,4762.62000,4283.46847,20.04301,3331.25618,20.04301
2026-08-31 12:40:00,QLD1,4707.99000,3092.21281,468.21410,2596.99554,389.29010
2026-08-31 12:40:00,SA1,251.29000,503.74818,292.27707,500.12918,285.84707
2026-08-31 12:40:00,TAS1,896.24000,0.00000,153.56455,0.00000,153.56455
2026-08-31 12:40:00,VIC1,3694.21000,1365.61997,11.49100,1250.89409,11.49100
2026-08-31 12:45:00,NSW1,4675.57000,4271.74554,18.75608,3316.22898,18.75608
2026-08-31 12:45:00,QLD1,4720.06000,3089.97842,478.33590,2526.74418,326.95549
2026-08-31 12:45:00,SA1,258.59000,508.94200,273.43051,505.32300,268.50351
2026-08-31 12:45:00,TAS1,893.49000,0.00000,159.53965,0.00000,159.53965
2026-08-31 12:45:00,VIC1,3666.23000,1377.99677,12.12300,1303.71783,12.12300
2026-08-31 12:50:00,NSW1,4851.29000,4310.57679,25.27152,3337.46160,25.27152
2026-08-31 12:50:00,QLD1,4647.66000,3191.59263,434.02730,2561.54488,338.90430
2026-08-31 12:50:00,SA1,260.98000,509.56173,265.86695,505.92273,259.78395
2026-08-31 12:50:00,TAS1,886.88000,0.00000,161.72106,0.00000,161.72106
2026-08-31 12:50:00,VIC1,3644.92000,1381.36861,11.46800,1309.49804,11.46800
2026-08-31 12:55:00,NSW1,4818.63000,4296.13183,24.99692,3365.43258,24.99692
2026-08-31 12:55:00,QLD1,4633.83000,3230.17606,422.20700,2618.26169,343.96400
2026-08-31 12:55:00,SA1,241.40000,509.26446,249.28042,505.62546,243.94842
2026-08-31 12:55:00,TAS1,882.91000,0.00000,157.91762,0.00000,157.91762
2026-08-31 12:55:00,VIC1,3661.22000,1391.24850,15.58594,1277.14458,15.58594
2026-08-31 13:00:00,NSW1,4720.62000,4316.05425,18.19267,3321.59040,18.19267
2026-08-31 13:00:00,QLD1,4681.41000,3131.17574,427.63200,2619.27998,271.24500
2026-08-31 13:00:00,SA1,230.90000,507.57671,263.35957,503.93771,257.62357
2026-08-31 13:00:00,TAS1,875.27000,0.00000,148.41396,0.00000,148.41396
2026-08-31 13:00:00,VIC1,3713.11000,1389.47562,11.45000,1343.07455,11.45000
2026-08-31 13:05:00,NSW1,4736.37000,4332.83169,21.07166,3328.30041,21.07166
2026-08-31 13:05:00,QLD1,4641.65000,3144.24708,400.08160,2671.11940,304.43960
2026-08-31 13:05:00,SA1,212.26000,507.47345,261.47707,390.69217,209.97607
2026-08-31 13:05:00,TAS1,878.74000,0.00000,150.69211,0.00000,150.69211
2026-08-31 13:05:00,VIC1,3623.18000,1399.62330,11.68805,1339.42117,11.68805
2026-08-31 13:10:00,NSW1,4788.37000,4320.04442,23.66778,3330.41282,23.66778
2026-08-31 13:10:00,QLD1,4614.84000,3064.65615,370.34500,2657.64188,276.16500
2026-08-31 13:10:00,SA1,247.46000,510.22992,239.18314,506.62192,232.98414
2026-08-31 13:10:00,TAS1,888.64000,0.00000,159.29636,0.00000,159.29636
2026-08-31 13:10:00,VIC1,3622.14000,1400.00324,11.71700,1365.61908,11.71700
2026-08-31 13:15:00,NSW1,4783.34000,4334.98232,18.45569,3367.56425,18.45569
2026-08-31 13:15:00,QLD1,4603.22000,3128.94859,415.44800,2593.14206,319.31200
2026-08-31 13:15:00,SA1,207.30000,509.36164,206.60607,505.75364,200.11807
2026-08-31 13:15:00,TAS1,879.15000,0.00000,170.90419,0.00000,170.90419
2026-08-31 13:15:00,VIC1,3676.09000,1408.86897,13.15900,1218.22266,13.15900
2026-08-31 13:20:00,NSW1,4805.91000,4356.13927,25.08426,3293.00311,25.08426
2026-08-31 13:20:00,QLD1,4569.85000,3063.22529,396.10730,2615.40594,322.94530
2026-08-31 13:20:00,SA1,176.17000,509.64527,227.81968,506.03727,222.25668
2026-08-31 13:20:00,TAS1,887.53000,0.00000,141.11995,0.00000,141.11995
2026-08-31 13:20:00,VIC1,3672.99000,1345.99307,11.59300,1242.96236,11.59300
2026-08-31 13:25:00,NSW1,4830.84000,4363.10174,23.91584,3319.37250,23.91584
2026-08-31 13:25:00,QLD1,4590.75000,3105.20813,392.85670,2568.77383,298.08570
2026-08-31 13:25:00,SA1,157.87000,509.50219,221.56749,505.88819,215.42649
2026-08-31 13:25:00,TAS1,893.17000,0.00000,163.47319,0.00000,163.47319
2026-08-31 13:25:00,VIC1,3654.73000,1406.83473,13.33400,1236.02029,13.33400
2026-08-31 13:30:00,NSW1,4866.58000,4374.80891,19.79969,3317.04117,19.79969
2026-08-31 13:30:00,QLD1,4559.23000,3053.21876,385.05110,2626.21567,298.21010
2026-08-31 13:30:00,SA1,142.95000,509.16490,224.43076,505.55090,217.27676
2026-08-31 13:30:00,TAS1,889.26000,0.00000,167.13657,0.00000,167.13657
2026-08-31 13:30:00,VIC1,3669.85000,1410.19025,12.08900,1224.76762,12.08900
2026-08-31 13:35:00,NSW1,4902.15000,4385.59125,21.46082,3332.03547,21.46082
2026-08-31 13:35:00,QLD1,4716.48000,3072.17121,388.47340,2601.91497,304.53840
2026-08-31 13:35:00,SA1,147.26000,509.72273,217.26967,431.01273,209.58367
2026-08-31 13:35:00,TAS1,884.38000,0.00000,176.18457,0.00000,176.18457
2026-08-31 13:35:00,VIC1,3668.99000,1425.17483,10.56800,1204.48314,10.56800
2026-08-31 13:40:00,NSW1,4895.76000,4378.89235,23.41577,3356.06297,23.41577
2026-08-31 13:40:00,QLD1,4684.66000,3136.04722,357.02620,2705.76008,272.51420
2026-08-31 13:40:00,SA1,187.03000,509.15490,222.38572,505.59490,214.99572
2026-08-31 13:40:00,TAS1,889.73000,0.00000,154.18057,0.00000,154.18057
2026-08-31 13:40:00,VIC1,3595.23000,1431.71546,10.83300,1226.20568,10.83300
2026-08-31 13:45:00,NSW1,4931.07000,4380.66720,24.02389,3322.70055,24.02389
2026-08-31 13:45:00,QLD1,4773.89000,3135.88136,377.08490,2722.00325,282.56190
2026-08-31 13:45:00,SA1,179.51000,508.91910,200.64169,505.44110,192.61769
2026-08-31 13:45:00,TAS1,895.20000,0.00000,177.29839,0.00000,177.29839
2026-08-31 13:45:00,VIC1,3698.66000,1431.37543,9.16400,1228.43280,9.16400
2026-08-31 13:50:00,NSW1,4878.45000,4400.63373,23.37693,3355.05717,23.37693
2026-08-31 13:50:00,QLD1,4743.23000,3086.95737,408.30200,2609.30589,316.21200
2026-08-31 13:50:00,SA1,175.34000,509.16510,197.85448,505.71910,190.46448
2026-08-31 13:50:00,TAS1,883.32000,0.00000,165.51311,0.00000,165.51311
2026-08-31 13:50:00,VIC1,3590.01000,1408.93030,7.24400,1156.51628,7.24400
2026-08-31 13:55:00,NSW1,4829.62000,4412.11985,22.62083,3224.85974,22.62083
2026-08-31 13:55:00,QLD1,4673.38000,3008.40132,399.31470,2557.49726,303.30270
2026-08-31 13:55:00,SA1,174.18000,509.66546,188.18385,506.30046,181.20685
2026-08-31 13:55:00,TAS1,887.93000,0.00000,187.37563,0.00000,187.37563
2026-08-31 13:55:00,VIC1,3604.89000,1400.13246,7.28300,1201.55070,7.28300
2026-08-31 14:00:00,NSW1,4867.35000,4409.92531,23.24212,3229.25494,23.24212
2026-08-31 14:00:00,QLD1,4807.94000,2836.59082,397.21010,2576.41225,290.78810
2026-08-31 14:00:00,SA1,176.67000,510.19599,178.32260,506.99999,169.80960
2026-08-31 14:00:00,TAS1,889.49000,0.00000,150.53756,0.00000,150.53756
2026-08-31 14:00:00,VIC1,3687.53000,1415.05289,8.32800,1212.67994,8.32800
2026-08-31 14:05:00,NSW1,5029.59000,4396.01649,23.61259,3145.05840,23.61259
2026-08-31 14:05:00,QLD1,4776.43000,2972.17362,371.52280,2667.66111,272.91480
2026-08-31 14:05:00,SA1,181.91000,508.78211,175.56102,505.49911,167.83802
2026-08-31 14:05:00,TAS1,896.00000,0.00000,171.29610,0.00000,171.29610
2026-08-31 14:05:00,VIC1,3635.06000,1436.19400,8.64960,1296.30603,8.64960
2026-08-31 14:10:00,NSW1,4972.35000,4402.52111,20.72151,3166.30757,20.72151
2026-08-31 14:10:00,QLD1,4861.70000,3048.87237,390.48540,2815.77106,294.66840
2026-08-31 14:10:00,SA1,213.43000,507.76446,174.29324,494.22215,166.50124
2026-08-31 14:10:00,TAS1,897.56000,0.00000,176.65973,0.00000,176.65973
2026-08-31 14:10:00,VIC1,3629.86000,1413.66748,6.93500,1282.14367,6.93500
2026-08-31 14:15:00,NSW1,4929.10000,4307.22580,23.83079,3176.40627,23.83079
2026-08-31 14:15:00,QLD1,4916.10000,2943.68825,400.45770,2752.20093,309.86470
2026-08-31 14:15:00,SA1,232.63000,507.77001,180.38182,504.72701,172.45282
2026-08-31 14:15:00,TAS1,906.95000,0.00000,170.98304,0.00000,170.98304
2026-08-31 14:15:00,VIC1,3651.82000,1441.50339,8.87500,1214.76077,8.87500
2026-08-31 14:20:00,NSW1,5055.86000,4407.79578,25.27034,3157.54730,25.27034
2026-08-31 14:20:00,QLD1,4916.54000,2999.66719,366.35130,2753.31004,285.81330
2026-08-31 14:20:00,SA1,221.30000,509.61210,172.63835,506.49910,164.64135
2026-08-31 14:20:00,TAS1,912.63000,0.00000,171.72160,0.00000,171.72160
2026-08-31 14:20:00,VIC1,3667.13000,1456.79625,6.36076,1300.04825,6.36076
2026-08-31 14:25:00,NSW1,5137.54000,4410.29380,21.94360,3338.56176,21.94360
2026-08-31 14:25:00,QLD1,4941.59000,3004.25933,350.53380,2790.48612,262.06980
2026-08-31 14:25:00,SA1,186.50000,509.90964,186.82228,506.99764,178.48328
2026-08-31 14:25:00,TAS1,910.10000,0.00000,165.52505,0.00000,165.52505
2026-08-31 14:25:00,VIC1,3698.41000,1446.01603,4.78300,1267.67696,4.78300
2026-08-31 14:30:00,NSW1,5175.55000,4417.71459,22.12146,3351.87350,22.12146
2026-08-31 14:30:00,QLD1,5060.16000,3037.89346,342.07400,2788.52662,256.25900
2026-08-31 14:30:00,SA1,185.41000,510.51273,191.44478,507.69773,182.14778
2026-08-31 14:30:00,TAS1,919.48000,0.00000,161.17183,0.00000,161.17183
2026-08-31 14:30:00,VIC1,3740.40000,1461.29946,5.01100,1314.47967,5.01100
2026-08-31 14:35:00,NSW1,5222.68000,4418.52500,26.05660,3189.65542,26.05660
2026-08-31 14:35:00,QLD1,5098.12000,2883.14798,365.19430,2776.80879,264.65530
2026-08-31 14:35:00,SA1,193.96000,509.12565,201.46111,506.51065,193.32711
2026-08-31 14:35:00,TAS1,919.21000,0.00000,177.91258,0.00000,177.91258
2026-08-31 14:35:00,VIC1,3704.58000,1456.54158,3.53700,1309.11435,3.53700
2026-08-31 14:40:00,NSW1,5243.92000,4405.37332,27.40701,3215.73210,27.40701
2026-08-31 14:40:00,QLD1,5215.15000,2893.51275,307.97090,2826.34066,223.61990
2026-08-31 14:40:00,SA1,228.54000,507.41682,190.17503,504.79482,180.26203
2026-08-31 14:40:00,TAS1,927.51000,0.00000,171.56141,0.00000,171.56141
2026-08-31 14:40:00,VIC1,3723.78000,1455.77444,3.93600,1142.75205,3.93600
2026-08-31 14:45:00,NSW1,5289.80000,4396.95913,33.85233,3193.34354,33.85233
2026-08-31 14:45:00,QLD1,5263.14000,2905.51432,343.89340,2795.75691,240.68840
2026-08-31 14:45:00,SA1,196.90000,507.35137,198.57853,504.66637,190.85553
2026-08-31 14:45:00,TAS1,934.40000,0.00000,170.56087,0.00000,170.56087
2026-08-31 14:45:00,VIC1,3825.29000,1450.89330,4.41300,1089.84229,4.41300
2026-08-31 14:50:00,NSW1,5456.74000,4391.33949,36.92512,3184.87161,36.92512
2026-08-31 14:50:00,QLD1,5290.53000,2952.85079,316.68370,2894.11741,224.18770
2026-08-31 14:50:00,SA1,219.48000,506.65853,208.46087,504.14653,199.91687
2026-08-31 14:50:00,TAS1,935.15000,0.00000,167.88849,0.00000,167.88849
2026-08-31 14:50:00,VIC1,3835.15000,1459.72627,3.81600,1218.89983,3.81600
2026-08-31 14:55:00,NSW1,5539.63000,4369.36914,32.82198,3188.07822,32.82198
2026-08-31 14:55:00,QLD1,5393.07000,2960.33824,327.41390,2829.77855,227.96690
2026-08-31 14:55:00,SA1,232.01000,504.25699,212.77353,501.83599,203.81853
2026-08-31 14:55:00,TAS1,936.25000,0.00000,168.48750,0.00000,168.48750
2026-08-31 14:55:00,VIC1,3920.53000,1462.96711,4.40700,1257.71642,4.40700
2026-08-31 15:00:00,NSW1,5645.33000,4335.43868,29.48034,3171.80633,29.48034
2026-08-31 15:00:00,QLD1,5393.42000,2820.85503,318.06610,2726.29728,221.27810
2026-08-31 15:00:00,SA1,244.23000,500.81200,213.37400,498.67500,204.48800
2026-08-31 15:00:00,TAS1,939.23000,0.00000,152.28851,0.00000,152.28851
2026-08-31 15:00:00,VIC1,3960.94000,1461.75398,3.66500,1263.90862,3.66500
2026-08-31 15:05:00,NSW1,5679.38000,4332.22395,34.85009,3208.09589,34.85009
2026-08-31 15:05:00,QLD1,5470.38000,2827.59954,367.50780,2720.96330,268.55080
2026-08-31 15:05:00,SA1,243.89000,499.14438,217.76065,496.90538,210.34765
2026-08-31 15:05:00,TAS1,952.56000,0.00000,160.15511,0.00000,160.15511
2026-08-31 15:05:00,VIC1,4044.79000,1463.27897,2.97500,1247.75852,2.97500
2026-08-31 15:10:00,NSW1,5825.67000,4320.24847,28.94998,2795.85243,28.94998
2026-08-31 15:10:00,QLD1,5558.97000,2862.91340,350.09340,2678.19179,261.85340
2026-08-31 15:10:00,SA1,292.06000,496.17502,237.83330,494.10102,229.46030
2026-08-31 15:10:00,TAS1,967.44000,0.00000,170.38090,0.00000,170.38090
2026-08-31 15:10:00,VIC1,4030.24000,1457.75051,1.96500,1283.43912,1.96500
2026-08-31 15:15:00,NSW1,5925.09000,4292.93485,30.85936,3336.95959,30.85936
2026-08-31 15:15:00,QLD1,5540.66000,2697.52771,341.59740,2592.55356,247.61040
2026-08-31 15:15:00,SA1,316.04000,494.48736,224.29411,492.49736,215.85111
2026-08-31 15:15:00,TAS1,971.95000,0.00000,170.20740,0.00000,170.20740
2026-08-31 15:15:00,VIC1,3982.66000,1456.26082,1.63300,1238.75108,1.63300
2026-08-31 15:20:00,NSW1,5977.20000,4142.21349,25.54616,3348.12998,25.54616
2026-08-31 15:20:00,QLD1,5590.24000,2706.76963,361.23500,2650.25390,269.63800
2026-08-31 15:20:00,SA1,330.14000,490.71236,218.94701,489.02636,210.50401
2026-08-31 15:20:00,TAS1,967.50000,0.00000,178.34569,0.00000,178.34569
2026-08-31 15:20:00,VIC1,4059.95000,1465.15979,1.51473,1246.91749,1.51473
2026-08-31 15:25:00,NSW1,6117.40000,4169.80599,26.04579,2768.57907,26.04579
2026-08-31 15:25:00,QLD1,5740.48000,2712.46661,333.01020,2672.97340,254.07720
2026-08-31 15:25:00,SA1,382.14000,486.44281,226.57753,484.77381,218.13453
2026-08-31 15:25:00,TAS1,975.37000,0.00000,170.01416,0.00000,170.01416
2026-08-31 15:25:00,VIC1,4188.93000,1462.02549,1.18700,1245.57920,1.18700
2026-08-31 15:30:00,NSW1,6247.08000,4150.55974,23.64609,3085.61209,23.64609
2026-08-31 15:30:00,QLD1,5756.17000,2677.48699,311.66820,2642.15328,224.92320
2026-08-31 15:30:00,SA1,374.73000,478.91682,221.55199,478.91682,213.17899
2026-08-31 15:30:00,TAS1,969.97000,0.00000,169.11439,0.00000,169.11439
2026-08-31 15:30:00,VIC1,4262.46000,1455.90109,0.68300,1250.77823,0.68300
2026-08-31 15:35:00,NSW1,6300.65000,4070.86637,22.55358,3178.25713,22.55358
2026-08-31 15:35:00,QLD1,5829.94000,2723.27487,297.37630,2698.28643,208.42630
2026-08-31 15:35:00,SA1,374.84000,475.51392,211.03795,474.44892,203.64795
2026-08-31 15:35:00,TAS1,978.80000,0.00000,156.81366,0.00000,156.81366
2026-08-31 15:35:00,VIC1,4259.26000,1440.72685,0.56000,1251.43360,0.56000
2026-08-31 15:40:00,NSW1,6468.01000,4027.66143,22.11407,2977.97273,22.11407
2026-08-31 15:40:00,QLD1,5896.58000,2689.29457,303.27470,2652.68838,303.27470
2026-08-31 15:40:00,SA1,426.29000,471.37318,206.05577,470.56265,199.43277
2026-08-31 15:40:00,TAS1,980.52000,0.00000,150.93714,0.00000,150.93714
2026-08-31 15:40:00,VIC1,4427.59000,1431.06554,0.40400,1271.12053,0.40400
2026-08-31 15:45:00,NSW1,6581.08000,3965.21770,22.89951,2983.00527,22.89951
2026-08-31 15:45:00,QLD1,5956.89000,2637.40080,349.21710,2581.33402,349.21710
2026-08-31 15:45:00,SA1,418.33000,463.24519,195.84671,462.05019,190.28571
2026-08-31 15:45:00,TAS1,984.61000,0.00000,150.29416,0.00000,150.29416
2026-08-31 15:45:00,VIC1,4513.56000,1424.55665,0.46200,1274.15589,0.46200
2026-08-31 15:50:00,NSW1,6685.32000,3844.78510,26.39069,2943.54780,26.39069
2026-08-31 15:50:00,QLD1,6001.06000,2560.58632,374.35440,2547.79856,374.35440
2026-08-31 15:50:00,SA1,465.02000,457.82272,197.12980,456.93172,192.97880
2026-08-31 15:50:00,TAS1,986.37000,0.00000,152.88988,0.00000,152.88988
2026-08-31 15:50:00,VIC1,4568.60000,1408.42646,0.23934,1297.38936,0.23934
2026-08-31 15:55:00,NSW1,6850.15000,3838.44457,31.10447,2934.07260,31.10447
2026-08-31 15:55:00,QLD1,6112.06000,2524.94699,393.11020,2500.63872,393.11020
2026-08-31 15:55:00,SA1,491.43000,452.13783,184.34125,451.22683,179.25225
2026-08-31 15:55:00,TAS1,995.33000,0.00000,142.38583,0.00000,142.38583
2026-08-31 15:55:00,VIC1,4654.99000,1398.34766,0.25900,1304.67547,0.25900
2026-08-31 16:00:00,NSW1,6928.30000,3735.40787,28.09881,2920.10681,28.09881
2026-08-31 16:00:00,QLD1,6189.15000,2501.60644,393.29390,2499.74895,393.29390
2026-08-31 16:00:00,SA1,511.76000,446.22138,173.42816,446.22138,169.77216
2026-08-31 16:00:00,TAS1,999.12000,0.00000,143.38227,0.00000,143.38227
2026-08-31 16:00:00,VIC1,4719.06000,1366.83879,0.24319,1295.57394,0.24319
2026-08-31 16:05:00,NSW1,7002.20000,3608.62085,32.93172,2893.20301,32.93172
2026-08-31 16:05:00,QLD1,6344.07000,2462.10611,406.00870,2462.10611,406.00870
2026-08-31 16:05:00,SA1,535.01000,438.97963,163.99260,438.97963,163.99260
2026-08-31 16:05:00,TAS1,1005.41000,0.00000,135.06161,0.00000,135.06161
2026-08-31 16:05:00,VIC1,4858.54000,1341.07681,0.73043,1280.08400,0.73043
2026-08-31 16:10:00,NSW1,7226.64000,3468.29024,27.07792,2833.12409,27.07792
2026-08-31 16:10:00,QLD1,6332.50000,2407.67606,380.95205,2407.67606,380.95205
2026-08-31 16:10:00,SA1,570.32000,429.79083,143.76611,429.79083,143.76611
2026-08-31 16:10:00,TAS1,1001.95000,0.00000,133.37521,0.00000,133.37521
2026-08-31 16:10:00,VIC1,4920.86000,1311.56366,0.42528,1252.73251,0.42528
2026-08-31 16:15:00,NSW1,7284.11000,3355.81768,24.81203,2794.61186,24.81203
2026-08-31 16:15:00,QLD1,6365.58000,2307.91182,385.92925,2307.91182,385.92925
2026-08-31 16:15:00,SA1,612.04000,424.34391,144.53490,424.34391,144.53490
2026-08-31 16:15:00,TAS1,1025.03000,0.00000,139.22430,0.00000,139.22430
2026-08-31 16:15:00,VIC1,5004.25000,1278.82133,1.68343,1225.02869,1.68343
2026-08-31 16:20:00,NSW1,7419.09000,3174.59171,27.73215,2743.52132,27.73215
2026-08-31 16:20:00,QLD1,6494.00000,2161.53700,403.70199,2161.53700,403.70199
2026-08-31 16:20:00,SA1,652.39000,415.09264,144.51716,415.09264,144.51716
2026-08-31 16:20:00,TAS1,1027.59000,0.00000,140.47506,0.00000,140.47506
2026-08-31 16:20:00,VIC1,5067.55000,1237.90001,1.23723,1212.04325,1.23723
2026-08-31 16:25:00,NSW1,7477.21000,3017.25718,26.89743,2688.70495,26.89743
2026-08-31 16:25:00,QLD1,6545.38000,1960.50871,420.96294,1960.50871,420.96294
2026-08-31 16:25:00,SA1,689.40000,406.53644,135.67325,406.53644,135.67325
2026-08-31 16:25:00,TAS1,1053.32000,0.00000,148.46252,0.00000,148.46252
2026-08-31 16:25:00,VIC1,5210.92000,1195.29232,1.10231,1180.18491,1.10231
2026-08-31 16:30:00,NSW1,7744.17000,2867.24078,24.08815,2663.18412,24.08815
2026-08-31 16:30:00,QLD1,6685.34000,1762.30774,424.14069,1762.30774,424.14069
2026-08-31 16:30:00,SA1,720.38000,395.53201,130.92118,395.53201,130.92118
2026-08-31 16:30:00,TAS1,1063.10000,0.00000,153.15442,0.00000,153.15442
2026-08-31 16:30:00,VIC1,5289.56000,1146.00735,2.07184,1117.64084,2.07184
2026-08-31 16:35:00,NSW1,7802.16000,2653.07909,26.52877,2548.72877,26.52877
2026-08-31 16:35:00,QLD1,6751.47000,1513.79519,431.45580,1513.79519,431.45580
2026-08-31 16:35:00,SA1,777.35000,383.51390,123.38276,383.51390,123.38276
2026-08-31 16:35:00,TAS1,1071.00000,0.00000,147.33811,0.00000,147.33811
2026-08-31 16:35:00,VIC1,5337.56000,1092.18826,1.58705,1085.89294,1.58705
2026-08-31 16:40:00,NSW1,7967.60000,2402.80413,27.92166,2402.80413,27.92166
2026-08-31 16:40:00,QLD1,6835.10000,1327.45877,418.28360,1327.45877,418.28360
2026-08-31 16:40:00,SA1,805.94000,373.41727,128.34429,373.41727,128.34429
2026-08-31 16:40:00,TAS1,1075.83000,0.00000,147.24733,0.00000,147.24733
2026-08-31 16:40:00,VIC1,5410.43000,1006.60118,2.79156,1006.60118,2.79156
2026-08-31 16:45:00,NSW1,8094.64000,2184.98665,32.91123,2184.98665,32.91123
2026-08-31 16:45:00,QLD1,6878.65000,1187.26045,410.45211,1187.26045,410.45211
2026-08-31 16:45:00,SA1,844.57000,354.63355,132.28063,354.63355,132.28063
2026-08-31 16:45:00,TAS1,1097.24000,0.00000,146.31927,0.00000,146.31927
2026-08-31 16:45:00,VIC1,5474.55000,926.20613,2.89497,926.20613,2.89497
2026-08-31 16:50:00,NSW1,8188.19000,1845.13620,34.35618,1845.13620,34.35618
2026-08-31 16:50:00,QLD1,6899.48000,1026.13313,407.00935,1026.13313,407.00935
2026-08-31 16:50:00,SA1,880.17000,333.69535,126.27214,333.69535,126.27214
2026-08-31 16:50:00,TAS1,1107.76000,0.00000,150.04086,0.00000,150.04086
2026-08-31 16:50:00,VIC1,5650.16000,862.77403,3.01077,862.77403,3.01077
2026-08-31 16:55:00,NSW1,8280.52000,1564.34041,40.34308,1564.34041,40.34308
2026-08-31 16:55:00,QLD1,7061.67000,882.96452,403.36270,882.96452,403.36270
2026-08-31 16:55:00,SA1,911.32000,313.65809,136.21531,313.65809,136.21531
2026-08-31 16:55:00,TAS1,1129.49000,0.00000,150.32097,0.00000,150.32097
2026-08-31 16:55:00,VIC1,5733.10000,792.41513,4.87801,792.41513,4.87801
2026-08-31 17:00:00,NSW1,8347.99000,1326.92282,46.93965,1326.92282,46.93965
2026-08-31 17:00:00,QLD1,7091.35000,717.86729,443.34961,717.86729,443.34961
2026-08-31 17:00:00,SA1,944.27000,296.08036,137.31184,296.08036,137.31184
2026-08-31 17:00:00,TAS1,1131.87000,0.00000,161.43221,0.00000,161.43221
2026-08-31 17:00:00,VIC1,5846.39000,706.03270,6.41654,706.03270,6.41654
2026-08-31 17:05:00,NSW1,8421.38000,1098.68774,52.36576,1098.68774,52.36576
2026-08-31 17:05:00,QLD1,7193.69000,605.75691,479.54207,605.75691,479.54207
2026-08-31 17:05:00,SA1,1026.84000,274.36973,134.73639,274.36973,134.73639
2026-08-31 17:05:00,TAS1,1142.05000,0.00000,149.59906,0.00000,149.59906
2026-08-31 17:05:00,VIC1,5956.55000,625.51971,10.39194,625.51971,10.39194
2026-08-31 17:10:00,NSW1,8442.78000,870.40713,59.20273,872.08948,59.20273
2026-08-31 17:10:00,QLD1,7125.53000,466.12985,512.21066,466.12985,512.21066
2026-08-31 17:10:00,SA1,1076.85000,254.04873,127.80150,254.04873,127.80150
2026-08-31 17:10:00,TAS1,1098.41000,0.00000,134.79209,0.00000,134.79209
2026-08-31 17:10:00,VIC1,6002.38000,540.47147,11.71956,540.47147,11.71956
2026-08-31 17:15:00,NSW1,8455.15000,712.03003,62.42264,712.03003,62.42264
2026-08-31 17:15:00,QLD1,7164.71000,415.21845,496.49799,415.21845,496.49799
2026-08-31 17:15:00,SA1,1118.27000,233.89509,128.50161,233.89509,128.50161
2026-08-31 17:15:00,TAS1,1074.15000,0.00000,148.77301,0.00000,148.77301
2026-08-31 17:15:00,VIC1,6086.36000,453.11677,14.85709,453.11677,14.85709
2026-08-31 17:20:00,NSW1,8599.44000,488.30873,64.92659,488.30873,64.92659
2026-08-31 17:20:00,QLD1,7211.41000,263.81548,516.20433,263.81548,516.20433
2026-08-31 17:20:00,SA1,1175.46000,211.46664,125.75858,211.46664,125.75858
2026-08-31 17:20:00,TAS1,1088.94000,0.00000,147.22464,0.00000,147.22464
2026-08-31 17:20:00,VIC1,6089.32000,362.67506,14.67460,362.67506,14.67460
2026-08-31 17:25:00,NSW1,8564.41000,344.77493,68.52447,344.77493,68.52447
2026-08-31 17:25:00,QLD1,7289.74000,146.19785,527.73946,146.19785,527.73946
2026-08-31 17:25:00,SA1,1245.14000,187.22218,120.18067,187.22218,120.18067
2026-08-31 17:25:00,TAS1,1109.70000,0.00000,141.30787,0.00000,141.30787
2026-08-31 17:25:00,VIC1,6233.58000,287.09093,16.09517,287.09093,16.09517
2026-08-31 17:30:00,NSW1,8717.78000,197.96217,69.63145,197.96217,69.63145
2026-08-31 17:30:00,QLD1,7346.94000,108.89563,559.11007,108.89563,559.11007
2026-08-31 17:30:00,SA1,1275.62000,163.07909,130.39334,163.07909,130.39334
2026-08-31 17:30:00,TAS1,1119.13000,0.00000,141.26113,0.00000,141.26113
2026-08-31 17:30:00,VIC1,6313.39000,208.92434,14.76153,208.92434,14.76153
2026-08-31 17:35:00,NSW1,8762.21000,120.29359,78.54063,120.29359,78.54063
2026-08-31 17:35:00,QLD1,7405.32000,48.18621,583.75449,48.18621,583.75449
2026-08-31 17:35:00,SA1,1311.82000,142.63164,131.16941,142.63164,131.16941
2026-08-31 17:35:00,TAS1,1127.11000,0.00000,133.56083,0.00000,133.56083
2026-08-31 17:35:00,VIC1,6416.30000,150.09439,15.57223,150.09439,15.57223
2026-08-31 17:40:00,NSW1,8716.83000,73.49225,86.56669,73.49225,86.56669
2026-08-31 17:40:00,QLD1,7479.53000,16.59398,619.51043,16.59398,619.51043
2026-08-31 17:40:00,SA1,1364.13000,120.24891,132.00731,120.24891,132.00731
2026-08-31 17:40:00,TAS1,1140.76000,0.00000,138.87144,0.00000,138.87144
2026-08-31 17:40:00,VIC1,6421.11000,97.18836,17.33210,97.18836,17.33210
2026-08-31 17:45:00,NSW1,8836.61000,26.28616,95.74691,26.28616,95.74691
2026-08-31 17:45:00,QLD1,7484.31000,5.64952,643.15607,5.64952,643.15607
2026-08-31 17:45:00,SA1,1422.53000,100.47900,137.21723,100.47900,137.21723
2026-08-31 17:45:00,TAS1,1147.98000,0.00000,131.67499,0.00000,131.67499
2026-08-31 17:45:00,VIC1,6539.71000,60.71401,16.70719,60.71401,16.70719
2026-08-31 17:50:00,NSW1,8897.43000,8.16372,101.86433,8.16372,101.86433
2026-08-31 17:50:00,QLD1,7541.38000,2.20467,642.76731,2.20467,642.76731
2026-08-31 17:50:00,SA1,1445.92000,79.26273,142.99189,79.26273,142.99189
2026-08-31 17:50:00,TAS1,1165.12000,0.00000,131.07008,0.00000,131.07008
2026-08-31 17:50:00,VIC1,6659.73000,32.63520,20.96587,32.63520,20.96587
2026-08-31 17:55:00,NSW1,8997.18000,7.57082,104.91745,7.57082,104.91745
2026-08-31 17:55:00,QLD1,7623.80000,0.40345,682.75902,0.40345,682.75902
2026-08-31 17:55:00,SA1,1470.67000,59.05218,158.95778,59.05218,158.95778
2026-08-31 17:55:00,TAS1,1170.85000,0.00000,136.76060,0.00000,136.76060
2026-08-31 17:55:00,VIC1,6728.19000,12.63869,21.89814,12.63869,21.89814
2026-08-31 18:00:00,NSW1,9086.13000,2.03000,110.67093,2.03000,110.67093
2026-08-31 18:00:00,QLD1,7585.39000,0.27200,734.45427,0.27200,734.45427
2026-08-31 18:00:00,SA1,1488.05000,38.94627,165.99250,38.94627,165.99250
2026-08-31 18:00:00,TAS1,1170.46000,0.00000,136.17105,0.00000,136.17105
2026-08-31 18:00:00,VIC1,6754.78000,6.57114,21.18936,6.57114,21.18936
2026-08-31 18:05:00,NSW1,9215.99000,0.93000,120.30107,0.93000,120.30107
2026-08-31 18:05:00,QLD1,7595.81000,2.20000,787.64294,2.20000,787.64294
2026-08-31 18:05:00,SA1,1532.03000,22.77127,177.33618,22.77127,177.33618
2026-08-31 18:05:00,TAS1,1173.18000,0.00000,139.51640,0.00000,139.51640
2026-08-31 18:05:00,VIC1,6704.64000,3.10000,19.79108,3.10000,19.79108
2026-08-31 18:10:00,NSW1,9230.32000,0.13700,116.20772,0.13700,116.20772
2026-08-31 18:10:00,QLD1,7581.14000,0.00000,856.00356,0.00000,856.00356
2026-08-31 18:10:00,SA1,1567.16000,16.14836,192.93205,16.14836,192.93205
2026-08-31 18:10:00,TAS1,1179.30000,0.00000,135.43615,0.00000,135.43615
2026-08-31 18:10:00,VIC1,6815.69000,0.97700,20.60813,0.97700,20.60813
2026-08-31 18:15:00,NSW1,9234.55000,0.00000,117.42982,0.00000,117.42982
2026-08-31 18:15:00,QLD1,7534.74000,0.00000,899.75104,0.00000,899.75104
2026-08-31 18:15:00,SA1,1575.53000,5.46664,194.12366,5.46664,194.12366
2026-08-31 18:15:00,TAS1,1184.51000,0.00000,136.85292,0.00000,136.85292
2026-08-31 18:15:00,VIC1,6755.00000,0.00000,22.95828,0.00000,22.95828
2026-08-31 18:20:00,NSW1,9226.22000,0.00000,119.78079,0.00000,119.78079
2026-08-31 18:20:00,QLD1,7546.25000,0.00000,911.44499,0.00000,911.44499
2026-08-31 18:20:00,SA1,1594.78000,1.98491,211.86081,1.98491,211.86081
2026-08-31 18:20:00,TAS1,1186.22000,0.00000,135.93815,0.00000,135.93815
2026-08-31 18:20:00,VIC1,6766.86000,0.00000,22.45423,0.00000,22.45423
2026-08-31 18:25:00,NSW1,9167.18000,0.00000,126.29719,0.00000,126.29719
2026-08-31 18:25:00,QLD1,7519.07000,0.00000,945.00428,0.00000,945.00428
2026-08-31 18:25:00,SA1,1618.10000,0.75873,217.97259,0.75873,217.97259
2026-08-31 18:25:00,TAS1,1197.25000,0.00000,133.16891,0.00000,133.16891
2026-08-31 18:25:00,VIC1,6925.02000,0.00000,22.85150,0.00000,22.85150
2026-08-31 18:30:00,NSW1,9179.02000,0.00000,133.50401,0.00000,133.50401
2026-08-31 18:30:00,QLD1,7521.94000,0.00000,955.55413,0.00000,955.55413
2026-08-31 18:30:00,SA1,1596.58000,0.53400,238.05137,0.53400,238.05137
2026-08-31 18:30:00,TAS1,1219.78000,0.00000,126.42887,0.00000,126.42887
2026-08-31 18:30:00,VIC1,6902.90000,0.00000,24.23162,0.00000,24.23162
2026-08-31 18:35:00,NSW1,9296.11000,0.00000,139.65486,0.00000,139.65486
2026-08-31 18:35:00,QLD1,7530.46000,0.00000,986.82106,0.00000,986.82106
2026-08-31 18:35:00,SA1,1601.34000,0.07800,239.37049,0.07800,239.37049
2026-08-31 18:35:00,TAS1,1199.65000,0.00000,122.12422,0.00000,122.12422
2026-08-31 18:35:00,VIC1,6976.60000,0.00000,26.89780,0.00000,26.89780
2026-08-31 18:40:00,NSW1,9256.59000,0.00000,168.04323,0.00000,168.04323
2026-08-31 18:40:00,QLD1,7538.43000,0.00000,995.33538,0.00000,995.33538
2026-08-31 18:40:00,SA1,1621.50000,0.00000,242.40638,0.00000,242.40638
2026-08-31 18:40:00,TAS1,1198.87000,0.00000,117.49694,0.00000,117.49694
2026-08-31 18:40:00,VIC1,6985.48000,0.00000,31.70605,0.00000,31.70605
2026-08-31 18:45:00,NSW1,9235.04000,0.00000,191.69485,0.00000,191.69485
2026-08-31 18:45:00,QLD1,7573.13000,0.00000,1004.27139,0.00000,1004.27139
2026-08-31 18:45:00,SA1,1644.37000,0.02000,255.57390,0.02000,255.57390
2026-08-31 18:45:00,TAS1,1208.93000,0.00000,109.14522,0.00000,109.14522
2026-08-31 18:45:00,VIC1,7006.59000,0.00000,36.23210,0.00000,36.23210
2026-08-31 18:50:00,NSW1,9220.48000,0.00000,208.27483,0.00000,208.27483
2026-08-31 18:50:00,QLD1,7504.98000,0.00000,1033.04512,0.00000,1033.04512
2026-08-31 18:50:00,SA1,1653.16000,0.01200,261.97195,0.01200,261.97195
2026-08-31 18:50:00,TAS1,1219.79000,0.00000,114.85454,0.00000,114.85454
2026-08-31 18:50:00,VIC1,6914.81000,0.00000,39.11567,0.00000,39.11567
2026-08-31 18:55:00,NSW1,9207.22000,0.00000,218.88264,0.00000,218.88264
2026-08-31 18:55:00,QLD1,7485.58000,0.00000,1061.93063,0.00000,1061.93063
2026-08-31 18:55:00,SA1,1684.56000,0.01200,271.91049,0.01200,271.91049
2026-08-31 18:55:00,TAS1,1204.18000,0.00000,114.86330,0.00000,114.86330
2026-08-31 18:55:00,VIC1,6953.12000,0.00000,44.40710,0.00000,44.40710
2026-08-31 19:00:00,NSW1,9180.89000,0.00000,241.03678,0.00000,241.03678
2026-08-31 19:00:00,QLD1,7455.23000,0.00000,1068.99347,0.00000,1068.99347
2026-08-31 19:00:00,SA1,1654.56000,0.01200,286.18943,0.01200,286.18943
2026-08-31 19:00:00,TAS1,1218.84000,0.00000,114.87539,0.00000,114.87539
2026-08-31 19:00:00,VIC1,6970.26000,0.00000,52.14631,0.00000,52.14631
2026-08-31 19:05:00,NSW1,9142.43000,0.00000,254.29995,0.00000,254.29995
2026-08-31 19:05:00,QLD1,7464.38000,0.00000,1087.14155,0.00000,1087.14155
2026-08-31 19:05:00,SA1,1657.28000,0.01200,294.28317,0.01200,294.28317
2026-08-31 19:05:00,TAS1,1210.14000,0.00000,120.28789,0.00000,120.28789
2026-08-31 19:05:00,VIC1,6985.64000,0.00000,56.09526,0.00000,56.09526
2026-08-31 19:10:00,NSW1,9102.24000,0.00000,272.78947,0.00000,272.78947
2026-08-31 19:10:00,QLD1,7314.05000,0.00000,1089.79114,0.00000,1089.79114
2026-08-31 19:10:00,SA1,1647.62000,0.00000,308.56618,0.00000,308.56618
2026-08-31 19:10:00,TAS1,1204.92000,0.00000,125.85037,0.00000,125.85037
2026-08-31 19:10:00,VIC1,6929.54000,0.00000,59.79654,0.00000,59.79654
2026-08-31 19:15:00,NSW1,9032.47000,0.00000,284.14817,0.00000,284.14817
2026-08-31 19:15:00,QLD1,7308.66000,0.00000,1099.48900,0.00000,1099.48900
2026-08-31 19:15:00,SA1,1667.32000,0.00000,325.36689,0.00000,325.36689
2026-08-31 19:15:00,TAS1,1205.03000,0.00000,117.90909,0.00000,117.90909
2026-08-31 19:15:00,VIC1,6891.72000,0.00000,77.39157,0.00000,77.39157
2026-08-31 19:20:00,NSW1,9105.38000,0.00000,299.64605,0.00000,299.64605
2026-08-31 19:20:00,QLD1,7329.76000,0.00000,1121.77698,0.00000,1121.77698
2026-08-31 19:20:00,SA1,1677.89000,0.00000,331.28781,0.00000,331.28781
2026-08-31 19:20:00,TAS1,1209.98000,0.00000,114.22179,0.00000,114.22179
2026-08-31 19:20:00,VIC1,6965.95000,0.00000,96.00425,0.00000,96.00425
2026-08-31 19:25:00,NSW1,9065.41000,0.00000,318.24779,0.00000,318.24779
2026-08-31 19:25:00,QLD1,7273.70000,0.00000,1127.48523,0.00000,1127.48523
2026-08-31 19:25:00,SA1,1645.63000,0.00000,351.51066,0.00000,351.51066
2026-08-31 19:25:00,TAS1,1187.71000,0.00000,113.32898,0.00000,113.32898
2026-08-31 19:25:00,VIC1,6901.68000,0.00000,118.29461,0.00000,118.29461
2026-08-31 19:30:00,NSW1,9048.20000,0.00000,335.71707,0.00000,335.71707
2026-08-31 19:30:00,QLD1,7186.84000,0.00000,1154.81109,0.00000,1154.81109
2026-08-31 19:30:00,SA1,1673.19000,0.00000,370.20497,0.00000,370.20497
2026-08-31 19:30:00,TAS1,1186.71000,0.00000,115.93692,0.00000,115.93692
2026-08-31 19:30:00,VIC1,6799.00000,0.00000,141.67342,0.00000,141.67342
2026-08-31 19:35:00,NSW1,8965.52000,0.00000,350.30633,0.00000,350.30633
2026-08-31 19:35:00,QLD1,7210.17000,0.00000,1176.20265,0.00000,1176.20265
2026-08-31 19:35:00,SA1,1680.74000,0.00000,384.24561,0.00000,384.24561
2026-08-31 19:35:00,TAS1,1184.26000,0.00000,111.65438,0.00000,111.65438
2026-08-31 19:35:00,VIC1,6813.47000,0.00000,168.33294,0.00000,168.33294
2026-08-31 19:40:00,NSW1,8986.80000,0.00000,358.27443,0.00000,358.27443
2026-08-31 19:40:00,QLD1,7189.70000,0.00000,1200.25924,0.00000,1200.25924
2026-08-31 19:40:00,SA1,1678.73000,0.00000,390.31273,0.00000,390.31273
2026-08-31 19:40:00,TAS1,1179.27000,0.00000,107.76351,0.00000,107.76351
2026-08-31 19:40:00,VIC1,6837.69000,0.00000,170.12476,0.00000,170.12476
2026-08-31 19:45:00,NSW1,8912.76000,0.00000,358.21584,0.00000,358.21584
2026-08-31 19:45:00,QLD1,7123.07000,0.00000,1214.95425,0.00000,1214.95425
2026-08-31 19:45:00,SA1,1631.81000,0.00000,413.51352,0.00000,413.51352
2026-08-31 19:45:00,TAS1,1177.21000,0.00000,110.93218,0.00000,110.93218
2026-08-31 19:45:00,VIC1,6809.85000,0.00000,181.34643,0.00000,181.34643
2026-08-31 19:50:00,NSW1,8836.86000,0.00000,367.43696,0.00000,367.43696
2026-08-31 19:50:00,QLD1,7048.52000,0.00000,1233.48926,0.00000,1233.48926
2026-08-31 19:50:00,SA1,1647.36000,0.00000,437.68703,0.00000,437.68703
2026-08-31 19:50:00,TAS1,1192.77000,0.00000,104.41520,0.00000,104.41520
2026-08-31 19:50:00,VIC1,6842.01000,0.00000,203.37596,0.00000,203.37596
2026-08-31 19:55:00,NSW1,8924.52000,0.00000,362.60037,0.00000,362.60037
2026-08-31 19:55:00,QLD1,7091.89000,0.00000,1238.37252,0.00000,1238.37252
2026-08-31 19:55:00,SA1,1654.36000,0.00000,423.04536,0.00000,423.04536
2026-08-31 19:55:00,TAS1,1174.84000,0.00000,110.96894,0.00000,110.96894
2026-08-31 19:55:00,VIC1,6824.83000,0.00000,230.23391,0.00000,230.23391
2026-08-31 20:00:00,NSW1,8927.25000,0.00000,375.51929,0.00000,375.51929
2026-08-31 20:00:00,QLD1,7092.37000,0.00000,1308.09258,0.00000,1308.09258
2026-08-31 20:00:00,SA1,1659.59000,0.00000,427.84670,0.00000,427.84670
2026-08-31 20:00:00,TAS1,1169.42000,0.00000,120.85731,0.00000,120.85731
2026-08-31 20:00:00,VIC1,6817.41000,0.00000,267.82329,0.00000,267.82329
2026-08-31 20:05:00,NSW1,8861.17000,0.00000,378.29622,0.00000,378.29622
2026-08-31 20:05:00,QLD1,7066.51000,0.00000,1330.41721,0.00000,1330.41721
2026-08-31 20:05:00,SA1,1668.17000,0.00000,443.67262,0.00000,443.67262
2026-08-31 20:05:00,TAS1,1169.85000,0.00000,130.01390,0.00000,130.01390
2026-08-31 20:05:00,VIC1,6797.06000,0.00000,291.70329,0.00000,291.70329
2026-08-31 20:10:00,NSW1,8847.45000,0.00000,379.48729,0.00000,379.48729
2026-08-31 20:10:00,QLD1,7060.45000,0.00000,1339.58733,0.00000,1339.58733
2026-08-31 20:10:00,SA1,1676.19000,0.00000,453.55670,0.00000,453.55670
2026-08-31 20:10:00,TAS1,1169.46000,0.00000,140.73818,0.00000,140.73818
2026-08-31 20:10:00,VIC1,6750.62000,0.00000,317.55178,0.00000,317.55178
2026-08-31 20:15:00,NSW1,8845.63000,0.00000,393.90081,0.00000,393.90081
2026-08-31 20:15:00,QLD1,7014.51000,0.00000,1355.90628,0.00000,1355.90628
2026-08-31 20:15:00,SA1,1651.79000,0.00000,452.41902,0.00000,452.41902
2026-08-31 20:15:00,TAS1,1173.66000,0.00000,134.45614,0.00000,134.45614
2026-08-31 20:15:00,VIC1,6720.26000,0.00000,342.96111,0.00000,342.96111
2026-08-31 20:20:00,NSW1,8903.64000,0.00000,411.59876,0.00000,411.59876
2026-08-31 20:20:00,QLD1,7006.85000,0.00000,1382.90630,0.00000,1382.90630
2026-08-31 20:20:00,SA1,1652.93000,0.00000,458.96249,0.00000,458.96249
2026-08-31 20:20:00,TAS1,1182.18000,0.00000,136.58440,0.00000,136.58440
2026-08-31 20:20:00,VIC1,6658.40000,0.00000,370.09437,0.00000,370.09437
2026-08-31 20:25:00,NSW1,8845.74000,0.00000,407.99430,0.00000,407.99430
2026-08-31 20:25:00,QLD1,7004.60000,0.00000,1397.51920,0.00000,1397.51920
2026-08-31 20:25:00,SA1,1675.16000,0.00000,468.09125,0.00000,468.09125
2026-08-31 20:25:00,TAS1,1181.17000,0.00000,141.80866,0.00000,141.80866
2026-08-31 20:25:00,VIC1,6637.29000,0.00000,389.02168,0.00000,389.02168
2026-08-31 20:30:00,NSW1,8869.85000,0.00000,405.01764,0.00000,405.01764
2026-08-31 20:30:00,QLD1,6981.41000,0.00000,1436.16512,0.00000,1436.16512
2026-08-31 20:30:00,SA1,1651.50000,0.00000,473.52718,0.00000,473.52718
2026-08-31 20:30:00,TAS1,1175.87000,0.00000,134.53681,0.00000,134.53681
2026-08-31 20:30:00,VIC1,6719.17000,0.00000,405.95532,0.00000,405.95532
2026-08-31 20:35:00,NSW1,8836.42000,0.00000,398.32238,0.00000,398.32238
2026-08-31 20:35:00,QLD1,6862.65000,0.00000,1446.55033,0.00000,1446.55033
2026-08-31 20:35:00,SA1,1663.06000,0.00000,486.01452,0.00000,486.01452
2026-08-31 20:35:00,TAS1,1173.48000,0.00000,126.34995,0.00000,126.34995
2026-08-31 20:35:00,VIC1,6608.62000,0.00000,408.57300,0.00000,408.57300
2026-08-31 20:40:00,NSW1,8785.65000,0.00000,399.64906,0.00000,399.64906
2026-08-31 20:40:00,QLD1,6988.23000,0.00000,1487.08423,0.00000,1487.08423
2026-08-31 20:40:00,SA1,1626.52000,0.00000,503.53609,0.00000,503.53609
2026-08-31 20:40:00,TAS1,1186.75000,0.00000,136.43393,0.00000,136.43393
2026-08-31 20:40:00,VIC1,6634.52000,0.00000,436.67654,0.00000,436.67654
2026-08-31 20:45:00,NSW1,8804.74000,0.00000,410.14539,0.00000,410.14539
2026-08-31 20:45:00,QLD1,6999.25000,0.00000,1494.27836,0.00000,1494.27836
2026-08-31 20:45:00,SA1,1607.01000,0.00000,525.35959,0.00000,525.35959
2026-08-31 20:45:00,TAS1,1184.14000,0.00000,140.60172,0.00000,140.60172
2026-08-31 20:45:00,VIC1,6615.18000,0.00000,458.35109,0.00000,458.35109
2026-08-31 20:50:00,NSW1,8792.89000,0.00000,412.88506,0.00000,412.88506
2026-08-31 20:50:00,QLD1,6955.04000,0.00000,1502.61321,0.00000,1502.61321
2026-08-31 20:50:00,SA1,1589.60000,0.00000,556.96997,0.00000,556.96997
2026-08-31 20:50:00,TAS1,1183.18000,0.00000,145.24114,0.00000,145.24114
2026-08-31 20:50:00,VIC1,6572.72000,0.00000,496.93840,0.00000,496.93840
2026-08-31 20:55:00,NSW1,8629.71000,0.00000,413.47271,0.00000,413.47271
2026-08-31 20:55:00,QLD1,6996.22000,0.00000,1471.07298,0.00000,1471.07298
2026-08-31 20:55:00,SA1,1607.95000,0.00000,589.92426,0.00000,589.92426
2026-08-31 20:55:00,TAS1,1181.95000,0.00000,151.08327,0.00000,151.08327
2026-08-31 20:55:00,VIC1,6522.57000,0.00000,513.40922,0.00000,513.40922
2026-08-31 21:00:00,NSW1,8627.64000,0.00000,411.06811,0.00000,411.06811
2026-08-31 21:00:00,QLD1,6989.02000,0.00000,1486.62056,0.00000,1486.62056
2026-08-31 21:00:00,SA1,1615.30000,0.00000,617.21512,0.00000,617.21512
2026-08-31 21:00:00,TAS1,1181.25000,0.00000,149.71878,0.00000,149.71878
2026-08-31 21:00:00,VIC1,6529.33000,0.00000,555.07940,0.00000,555.07940
2026-08-31 21:05:00,NSW1,8647.83000,0.00000,399.37539,0.00000,399.37539
2026-08-31 21:05:00,QLD1,6893.04000,0.00000,1466.66980,0.00000,1466.66980
2026-08-31 21:05:00,SA1,1585.87000,0.00000,638.29789,0.00000,638.29789
2026-08-31 21:05:00,TAS1,1178.82000,0.00000,159.60697,0.00000,159.60697
2026-08-31 21:05:00,VIC1,6483.27000,0.00000,576.90897,0.00000,576.90897
2026-08-31 21:10:00,NSW1,8643.68000,0.00000,391.04610,0.00000,391.04610
2026-08-31 21:10:00,QLD1,6916.55000,0.00000,1469.76115,0.00000,1469.76115
2026-08-31 21:10:00,SA1,1602.61000,0.00000,664.87816,0.00000,664.87816
2026-08-31 21:10:00,TAS1,1174.97000,0.00000,159.55312,0.00000,159.55312
2026-08-31 21:10:00,VIC1,6407.30000,0.00000,619.68636,0.00000,619.68636
2026-08-31 21:15:00,NSW1,8634.30000,0.00000,390.38132,0.00000,390.38132
2026-08-31 21:15:00,QLD1,6906.38000,0.00000,1468.15418,0.00000,1468.15418
2026-08-31 21:15:00,SA1,1578.81000,0.00000,682.98024,0.00000,682.98024
2026-08-31 21:15:00,TAS1,1174.42000,0.00000,158.09874,0.00000,158.09874
2026-08-31 21:15:00,VIC1,6348.72000,0.00000,655.22650,0.00000,655.22650
2026-08-31 21:20:00,NSW1,8497.55000,0.00000,382.61147,0.00000,382.61147
2026-08-31 21:20:00,QLD1,6835.34000,0.00000,1476.01445,0.00000,1476.01445
2026-08-31 21:20:00,SA1,1557.00000,0.00000,687.29336,0.00000,687.29336
2026-08-31 21:20:00,TAS1,1174.08000,0.00000,163.09413,0.00000,163.09413
2026-08-31 21:20:00,VIC1,6391.64000,0.00000,714.06682,0.00000,714.06682
2026-08-31 21:25:00,NSW1,8585.94000,0.00000,387.00380,0.00000,387.00380
2026-08-31 21:25:00,QLD1,6846.55000,0.00000,1532.60567,0.00000,1532.60567
2026-08-31 21:25:00,SA1,1582.36000,0.00000,718.52025,0.00000,718.52025
2026-08-31 21:25:00,TAS1,1170.61000,0.00000,162.11842,0.00000,162.11842
2026-08-31 21:25:00,VIC1,6341.55000,0.00000,762.12226,0.00000,762.12226
2026-08-31 21:30:00,NSW1,8437.85000,0.00000,385.91750,0.00000,385.91750
2026-08-31 21:30:00,QLD1,6875.58000,0.00000,1559.60127,0.00000,1559.60127
2026-08-31 21:30:00,SA1,1593.85000,0.00000,722.54352,0.00000,722.54352
2026-08-31 21:30:00,TAS1,1164.42000,0.00000,157.54202,0.00000,157.54202
2026-08-31 21:30:00,VIC1,6306.22000,0.00000,781.21196,0.00000,781.21196
2026-08-31 21:35:00,NSW1,8405.84000,0.00000,389.22872,0.00000,389.22872
2026-08-31 21:35:00,QLD1,6740.12000,0.00000,1583.88162,0.00000,1583.88162
2026-08-31 21:35:00,SA1,1574.64000,0.00000,751.50355,0.00000,751.50355
2026-08-31 21:35:00,TAS1,1160.13000,0.00000,160.92601,0.00000,160.92601
2026-08-31 21:35:00,VIC1,6295.25000,0.00000,828.80816,0.00000,828.80816
2026-08-31 21:40:00,NSW1,8348.73000,0.00000,394.99998,0.00000,394.99998
2026-08-31 21:40:00,QLD1,6789.40000,0.00000,1608.96528,0.00000,1608.96528
2026-08-31 21:40:00,SA1,1562.41000,0.00000,780.14261,0.00000,780.14261
2026-08-31 21:40:00,TAS1,1157.17000,0.00000,166.58497,0.00000,166.58497
2026-08-31 21:40:00,VIC1,6250.79000,0.00000,895.26875,0.00000,895.26875
2026-08-31 21:45:00,NSW1,8440.86000,0.00000,396.37798,0.00000,396.37798
2026-08-31 21:45:00,QLD1,6706.45000,0.00000,1605.70024,0.00000,1605.70024
2026-08-31 21:45:00,SA1,1564.13000,0.00000,805.31659,0.00000,805.31659
2026-08-31 21:45:00,TAS1,1150.71000,0.00000,176.99589,0.00000,176.99589
2026-08-31 21:45:00,VIC1,6185.58000,0.00000,968.00531,0.00000,968.00531
2026-08-31 21:50:00,NSW1,8367.95000,0.00000,382.50481,0.00000,382.50481
2026-08-31 21:50:00,QLD1,6635.69000,0.00000,1623.65403,0.00000,1623.65403
2026-08-31 21:50:00,SA1,1558.44000,0.00000,830.09913,0.00000,830.09913
2026-08-31 21:50:00,TAS1,1129.54000,0.00000,174.38644,0.00000,174.38644
2026-08-31 21:50:00,VIC1,6085.71000,0.00000,1011.94856,0.00000,1011.94856
2026-08-31 21:55:00,NSW1,8175.60000,0.00000,388.16366,0.00000,388.16366
2026-08-31 21:55:00,QLD1,6665.44000,0.00000,1631.64085,0.00000,1631.64085
2026-08-31 21:55:00,SA1,1543.21000,0.00000,868.88187,0.00000,868.88187
2026-08-31 21:55:00,TAS1,1129.16000,0.00000,170.36517,0.00000,170.36517
2026-08-31 21:55:00,VIC1,6007.89000,0.00000,1059.68169,0.00000,1059.68169
2026-08-31 22:00:00,NSW1,8184.47000,0.00000,401.19413,0.00000,401.19413
2026-08-31 22:00:00,QLD1,6532.67000,0.00000,1670.27462,0.00000,1670.27462
2026-08-31 22:00:00,SA1,1548.54000,0.00000,854.72539,0.00000,854.72539
2026-08-31 22:00:00,TAS1,1128.50000,0.00000,170.27850,0.00000,170.27850
2026-08-31 22:00:00,VIC1,5947.30000,0.00000,1106.16756,0.00000,1106.16756
2026-08-31 22:05:00,NSW1,8160.49000,0.00000,386.06023,0.00000,386.06023
2026-08-31 22:05:00,QLD1,6403.01000,0.00000,1686.01447,0.00000,1686.01447
2026-08-31 22:05:00,SA1,1551.45000,0.00000,885.66582,0.00000,885.66582
2026-08-31 22:05:00,TAS1,1129.56000,0.00000,161.42672,0.00000,161.42672
2026-08-31 22:05:00,VIC1,5959.45000,0.00000,1167.51742,0.00000,1167.51742
2026-08-31 22:10:00,NSW1,8277.41000,0.00000,377.09070,0.00000,377.09070
2026-08-31 22:10:00,QLD1,6441.43000,0.00000,1713.40711,0.00000,1713.40711
2026-08-31 22:10:00,SA1,1512.33000,0.00000,932.21939,0.00000,932.21939
2026-08-31 22:10:00,TAS1,1132.45000,0.00000,167.33985,0.00000,167.33985
2026-08-31 22:10:00,VIC1,5947.75000,0.00000,1190.77943,0.00000,1190.77943
2026-08-31 22:15:00,NSW1,8185.46000,0.00000,375.40776,0.00000,375.40776
2026-08-31 22:15:00,QLD1,6497.51000,0.00000,1744.14349,0.00000,1744.14349
2026-08-31 22:15:00,SA1,1503.90000,0.00000,986.60383,0.00000,985.29492
2026-08-31 22:15:00,TAS1,1125.45000,0.00000,173.17403,0.00000,173.17403
2026-08-31 22:15:00,VIC1,5933.53000,0.00000,1231.43746,0.00000,1231.43746
2026-08-31 22:20:00,NSW1,8256.38000,0.00000,378.57055,0.00000,378.57055
2026-08-31 22:20:00,QLD1,6459.58000,0.00000,1763.53412,0.00000,1763.53412
2026-08-31 22:20:00,SA1,1518.22000,0.00000,930.10216,0.00000,929.84316
2026-08-31 22:20:00,TAS1,1113.26000,0.00000,182.86146,0.00000,182.86146
2026-08-31 22:20:00,VIC1,5848.91000,0.00000,1269.71486,0.00000,1269.71486
2026-08-31 22:25:00,NSW1,8229.47000,0.00000,373.55250,0.00000,373.55250
2026-08-31 22:25:00,QLD1,6363.34000,0.00000,1749.40326,0.00000,1749.40326
2026-08-31 22:25:00,SA1,1505.12000,0.00000,974.22427,0.00000,971.92437
2026-08-31 22:25:00,TAS1,1100.31000,0.00000,186.12056,0.00000,186.12056
2026-08-31 22:25:00,VIC1,5828.36000,0.00000,1284.71273,0.00000,1284.71273
2026-08-31 22:30:00,NSW1,8237.25000,0.00000,373.28970,0.00000,373.28970
2026-08-31 22:30:00,QLD1,6303.27000,0.00000,1742.85944,0.00000,1742.85944
2026-08-31 22:30:00,SA1,1486.10000,0.00000,1039.42881,0.00000,1030.95881
2026-08-31 22:30:00,TAS1,1097.08000,0.00000,194.13020,0.00000,194.13020
2026-08-31 22:30:00,VIC1,5808.63000,0.00000,1335.59150,0.00000,1335.59150
2026-08-31 22:35:00,NSW1,8166.60000,0.00000,364.43560,0.00000,364.43560
2026-08-31 22:35:00,QLD1,6244.45000,0.00000,1741.61296,0.00000,1741.61296
2026-08-31 22:35:00,SA1,1471.88000,0.00000,1115.16109,0.00000,1046.49786
2026-08-31 22:35:00,TAS1,1094.89000,0.00000,195.70952,0.00000,195.70952
2026-08-31 22:35:00,VIC1,5692.95000,0.00000,1382.35688,0.00000,1382.35688
2026-08-31 22:40:00,NSW1,8055.98000,0.00000,384.12590,0.00000,384.12590
2026-08-31 22:40:00,QLD1,6249.53000,0.00000,1741.83388,0.00000,1741.83388
2026-08-31 22:40:00,SA1,1468.67000,0.00000,1184.76320,0.00000,1171.56420
2026-08-31 22:40:00,TAS1,1089.95000,0.00000,201.26505,0.00000,201.26505
2026-08-31 22:40:00,VIC1,5740.02000,0.00000,1420.41377,0.00000,1420.41377
2026-08-31 22:45:00,NSW1,8074.19000,0.00000,393.93750,0.00000,393.93750
2026-08-31 22:45:00,QLD1,6181.93000,0.00000,1763.34187,0.00000,1763.34187
2026-08-31 22:45:00,SA1,1436.99000,0.00000,1253.23310,0.00000,1217.44630
2026-08-31 22:45:00,TAS1,1084.53000,0.00000,207.18564,0.00000,207.18564
2026-08-31 22:45:00,VIC1,5678.18000,0.00000,1453.71429,0.00000,1453.71429
2026-08-31 22:50:00,NSW1,8057.10000,0.00000,401.79860,0.00000,401.79860
2026-08-31 22:50:00,QLD1,6145.12000,0.00000,1806.28063,0.00000,1806.28063
2026-08-31 22:50:00,SA1,1452.79000,0.00000,1259.97844,0.00000,1232.40545
2026-08-31 22:50:00,TAS1,1071.49000,0.00000,208.69072,0.00000,208.69072
2026-08-31 22:50:00,VIC1,5632.62000,0.00000,1508.60465,0.00000,1508.60465
2026-08-31 22:55:00,NSW1,8075.00000,0.00000,404.03530,0.00000,404.03530
2026-08-31 22:55:00,QLD1,6026.90000,0.00000,1834.37255,0.00000,1834.37255
2026-08-31 22:55:00,SA1,1467.83000,0.00000,1273.10529,0.00000,1252.89529
2026-08-31 22:55:00,TAS1,1066.68000,0.00000,228.55996,0.00000,228.55996
2026-08-31 22:55:00,VIC1,5596.26000,0.00000,1540.04882,0.00000,1540.04882
2026-08-31 23:00:00,NSW1,7945.23000,0.00000,395.49050,0.00000,395.49050
2026-08-31 23:00:00,QLD1,6106.77000,0.00000,1835.41280,0.00000,1835.41280
2026-08-31 23:00:00,SA1,1444.09000,0.00000,1328.69509,0.00000,1228.07752
2026-08-31 23:00:00,TAS1,1052.85000,0.00000,233.07247,0.00000,233.07247
2026-08-31 23:00:00,VIC1,5528.73000,0.00000,1565.04271,0.00000,1565.04271
2026-08-31 23:05:00,NSW1,8002.83000,0.00000,397.63100,0.00000,397.63100
2026-08-31 23:05:00,QLD1,6055.23000,0.00000,1815.30760,0.00000,1815.30760
2026-08-31 23:05:00,SA1,1451.19000,0.00000,1303.68166,0.00000,1201.06805
2026-08-31 23:05:00,TAS1,1054.80000,0.00000,215.40946,0.00000,215.40946
2026-08-31 23:05:00,VIC1,5584.58000,0.00000,1560.87314,0.00000,1560.87314
2026-08-31 23:10:00,NSW1,7988.71000,0.00000,400.61240,0.00000,400.61240
2026-08-31 23:10:00,QLD1,6049.45000,0.00000,1796.61534,0.00000,1796.61534
2026-08-31 23:10:00,SA1,1448.62000,0.00000,1341.47779,0.00000,1316.81379
2026-08-31 23:10:00,TAS1,1051.00000,0.00000,206.54872,0.00000,206.54872
2026-08-31 23:10:00,VIC1,5690.31000,0.00000,1587.64313,0.00000,1587.64313
2026-08-31 23:15:00,NSW1,7935.25000,0.00000,408.45130,0.00000,408.45130
2026-08-31 23:15:00,QLD1,6045.02000,0.00000,1791.98928,0.00000,1791.98928
2026-08-31 23:15:00,SA1,1429.07000,0.00000,1297.41786,0.00000,1272.50986
2026-08-31 23:15:00,TAS1,1041.83000,0.00000,203.91807,0.00000,203.91807
2026-08-31 23:15:00,VIC1,5623.72000,0.00000,1620.48157,0.00000,1620.48157
2026-08-31 23:20:00,NSW1,7881.19000,0.00000,400.20040,0.00000,400.20040
2026-08-31 23:20:00,QLD1,6003.64000,0.00000,1788.73444,0.00000,1788.73444
2026-08-31 23:20:00,SA1,1400.28000,0.00000,1299.64721,0.00000,1274.03821
2026-08-31 23:20:00,TAS1,1039.46000,0.00000,209.96020,0.00000,209.96020
2026-08-31 23:20:00,VIC1,5620.04000,0.00000,1656.26105,0.00000,1656.26105
2026-08-31 23:25:00,NSW1,7897.44000,0.00000,408.52340,0.00000,408.52340
2026-08-31 23:25:00,QLD1,5963.95000,0.00000,1785.97415,0.00000,1785.97415
2026-08-31 23:25:00,SA1,1377.49000,0.00000,1307.05712,0.00000,1282.24612
2026-08-31 23:25:00,TAS1,1037.90000,0.00000,216.72927,0.00000,216.72927
2026-08-31 23:25:00,VIC1,5648.37000,0.00000,1687.18981,0.00000,1687.18981
2026-08-31 23:30:00,NSW1,7757.95000,0.00000,408.26190,0.00000,408.26190
2026-08-31 23:30:00,QLD1,5893.28000,0.00000,1759.82259,0.00000,1759.82259
2026-08-31 23:30:00,SA1,1399.35000,0.00000,1345.88420,0.00000,1323.63920
2026-08-31 23:30:00,TAS1,1032.05000,0.00000,206.12530,0.00000,206.12530
2026-08-31 23:30:00,VIC1,5637.02000,0.00000,1745.29513,0.00000,1745.29513
2026-08-31 23:35:00,NSW1,7806.13000,0.00000,412.54200,0.00000,412.54200
2026-08-31 23:35:00,QLD1,5914.20000,0.00000,1777.93186,0.00000,1777.93186
2026-08-31 23:35:00,SA1,1413.82000,0.00000,1423.42203,0.00000,1398.89803
2026-08-31 23:35:00,TAS1,1032.57000,0.00000,200.85806,0.00000,200.85806
2026-08-31 23:35:00,VIC1,5602.72000,0.00000,1779.78952,0.00000,1779.78952
2026-08-31 23:40:00,NSW1,7748.48000,0.00000,411.24580,0.00000,411.24580
2026-08-31 23:40:00,QLD1,5980.79000,0.00000,1770.32616,0.00000,1770.32616
2026-08-31 23:40:00,SA1,1432.11000,0.00000,1414.93409,0.00000,1390.99809
2026-08-31 23:40:00,TAS1,1008.75000,0.00000,191.76302,0.00000,191.76302
2026-08-31 23:40:00,VIC1,5530.89000,0.00000,1816.07643,0.00000,1816.07643
2026-08-31 23:45:00,NSW1,7704.29000,0.00000,418.36410,0.00000,418.36410
2026-08-31 23:45:00,QLD1,5929.80000,0.00000,1725.94820,0.00000,1725.94820
2026-08-31 23:45:00,SA1,1403.14000,0.00000,1449.18180,0.00000,1426.04380
2026-08-31 23:45:00,TAS1,1005.86000,0.00000,193.24530,0.00000,193.24530
2026-08-31 23:45:00,VIC1,5477.01000,0.00000,1836.92685,0.00000,1836.92685
2026-08-31 23:50:00,NSW1,7657.17000,0.00000,419.42560,0.00000,419.42560
2026-08-31 23:50:00,QLD1,5892.80000,0.00000,1708.27523,0.00000,1708.27523
2026-08-31 23:50:00,SA1,1396.05000,0.00000,1462.42588,0.00000,1442.26988
2026-08-31 23:50:00,TAS1,1001.35000,0.00000,197.81437,0.00000,197.81437
2026-08-31 23:50:00,VIC1,5430.02000,0.00000,1881.48759,0.00000,1881.48759
2026-08-31 23:55:00,NSW1,7666.53000,0.00000,417.54556,0.00000,417.54556
2026-08-31 23:55:00,QLD1,5826.83000,0.00000,1682.91625,0.00000,1682.91625
2026-08-31 23:55:00,SA1,1394.04000,0.00000,1467.53846,0.00000,1448.41346
2026-08-31 23:55:00,TAS1,1000.17000,0.00000,190.76184,0.00000,190.76184
2026-08-31 23:55:00,VIC1,5279.38000,0.00000,1912.09141,0.00000,1912.09141
2026-09-01 00:00:00,NSW1,7651.92000,0.00000,417.14319,0.00000,417.14319
2026-09-01 00:00:00,QLD1,5873.44000,0.00000,1684.49570,0.00000,1684.49570
2026-09-01 00:00:00,SA1,1386.77000,0.00000,1479.35595,0.00000,1462.22895
2026-09-01 00:00:00,TAS1,999.96000,0.00000,170.83260,0.00000,170.83260
2026-09-01 00:00:00,VIC1,5267.76000,0.00000,1907.57430,0.00000,1907.57430
2026-09-01 00:05:00,NSW1,7694.77000,0.00000,413.16443,0.00000,413.16443
2026-09-01 00:05:00,QLD1,5778.89000,0.00000,1692.88594,0.00000,1692.88594
2026-09-01 00:05:00,SA1,1390.28000,0.00000,1500.26285,0.00000,1483.89285
2026-09-01 00:05:00,TAS1,999.99000,0.00000,158.96197,0.00000,158.96197
2026-09-01 00:05:00,VIC1,5297.80000,0.00000,1920.14824,0.00000,1920.14824
2026-09-01 00:10:00,NSW1,7734.64000,0.00000,418.44856,0.00000,418.44856
2026-09-01 00:10:00,QLD1,5764.00000,0.00000,1710.84199,0.00000,1710.84199
2026-09-01 00:10:00,SA1,1387.45000,0.00000,1526.18537,0.00000,1512.27037
2026-09-01 00:10:00,TAS1,997.39000,0.00000,147.92963,0.00000,147.92963
2026-09-01 00:10:00,VIC1,5328.69000,0.00000,1896.71806,0.00000,1896.71806
2026-09-01 00:15:00,NSW1,7842.27000,0.00000,413.98407,0.00000,413.98407
2026-09-01 00:15:00,QLD1,5735.11000,0.00000,1739.81264,0.00000,1739.81264
2026-09-01 00:15:00,SA1,1385.93000,0.00000,1550.00246,0.00000,1536.55426
2026-09-01 00:15:00,TAS1,994.85000,0.00000,151.38347,0.00000,151.38347
2026-09-01 00:15:00,VIC1,5276.01000,0.00000,1922.21337,0.00000,1922.21337
2026-09-01 00:20:00,NSW1,7795.78000,0.00000,412.18958,0.00000,412.18958
2026-09-01 00:20:00,QLD1,5748.63000,0.00000,1754.63287,0.00000,1754.63287
2026-09-01 00:20:00,SA1,1446.04000,0.00000,1592.03992,0.00000,1582.98892
2026-09-01 00:20:00,TAS1,987.84000,0.00000,145.16375,0.00000,145.16375
2026-09-01 00:20:00,VIC1,5264.92000,0.00000,1990.11848,0.00000,1990.11848
2026-09-01 00:25:00,NSW1,7812.62000,0.00000,416.40969,0.00000,416.40969
2026-09-01 00:25:00,QLD1,5703.86000,0.00000,1762.89833,0.00000,1762.89833
2026-09-01 00:25:00,SA1,1440.35000,0.00000,1582.45728,0.00000,1573.40628
2026-09-01 00:25:00,TAS1,987.25000,0.00000,127.15070,0.00000,127.15070
2026-09-01 00:25:00,VIC1,5237.78000,0.00000,2055.99359,0.00000,2055.99359
2026-09-01 00:30:00,NSW1,7678.70000,0.00000,409.08304,0.00000,409.08304
2026-09-01 00:30:00,QLD1,5639.92000,0.00000,1722.11031,0.00000,1722.11031
2026-09-01 00:30:00,SA1,1434.29000,0.00000,1590.01323,0.00000,1580.96223
2026-09-01 00:30:00,TAS1,987.10000,0.00000,105.77901,0.00000,105.77901
2026-09-01 00:30:00,VIC1,5227.03000,0.00000,2132.39432,0.00000,2132.39432
2026-09-01 00:35:00,NSW1,7631.75000,0.00000,414.09979,0.00000,414.09979
2026-09-01 00:35:00,QLD1,5624.20000,0.00000,1767.86428,0.00000,1767.86428
2026-09-01 00:35:00,SA1,1425.63000,0.00000,1592.72432,0.00000,1585.79632
2026-09-01 00:35:00,TAS1,988.46000,0.00000,119.08803,0.00000,119.08803
2026-09-01 00:35:00,VIC1,5155.43000,0.00000,2182.07520,0.00000,2182.07520
2026-09-01 00:40:00,NSW1,7646.82000,0.00000,429.75439,0.00000,429.75439
2026-09-01 00:40:00,QLD1,5581.82000,0.00000,1792.02067,0.00000,1792.02067
2026-09-01 00:40:00,SA1,1438.39000,0.00000,1594.69984,0.00000,1587.77184
2026-09-01 00:40:00,TAS1,977.79000,0.00000,112.53299,0.00000,112.53299
2026-09-01 00:40:00,VIC1,5079.84000,0.00000,2268.61415,0.00000,2268.61415
2026-09-01 00:45:00,NSW1,7601.03000,0.00000,454.27708,0.00000,454.27708
2026-09-01 00:45:00,QLD1,5575.57000,0.00000,1765.24855,0.00000,1765.24855
2026-09-01 00:45:00,SA1,1419.25000,0.00000,1617.47560,0.00000,1608.42460
2026-09-01 00:45:00,TAS1,978.01000,0.00000,109.74182,0.00000,109.74182
2026-09-01 00:45:00,VIC1,5083.47000,0.00000,2322.42238,0.00000,2322.42238
2026-09-01 00:50:00,NSW1,7584.86000,0.00000,453.26531,0.00000,453.26531
2026-09-01 00:50:00,QLD1,5555.24000,0.00000,1765.03320,0.00000,1765.03320
2026-09-01 00:50:00,SA1,1434.29000,0.00000,1670.24481,0.00000,1655.84881
2026-09-01 00:50:00,TAS1,971.15000,0.00000,124.89331,0.00000,124.89331
2026-09-01 00:50:00,VIC1,5077.42000,0.00000,2361.56426,0.00000,2361.56426
2026-09-01 00:55:00,NSW1,7553.08000,0.00000,451.98788,0.00000,451.98788
2026-09-01 00:55:00,QLD1,5618.40000,0.00000,1707.68953,0.00000,1707.68953
2026-09-01 00:55:00,SA1,1423.93000,0.00000,1680.61232,0.00000,1664.91632
2026-09-01 00:55:00,TAS1,956.58000,0.00000,129.44615,0.00000,129.44615
2026-09-01 00:55:00,VIC1,5019.36000,0.00000,2400.79358,0.00000,2400.79358
2026-09-01 01:00:00,NSW1,7508.67000,0.00000,464.63424,0.00000,464.63424
2026-09-01 01:00:00,QLD1,5563.52000,0.00000,1731.21205,0.00000,1731.21205
2026-09-01 01:00:00,SA1,1415.66000,0.00000,1692.15103,0.00000,1673.96503
2026-09-01 01:00:00,TAS1,952.77000,0.00000,142.73454,0.00000,142.73454
2026-09-01 01:00:00,VIC1,5029.61000,0.00000,2479.66241,0.00000,2479.66241
2026-09-01 01:05:00,NSW1,7423.42000,0.00000,470.18874,0.00000,470.18874
2026-09-01 01:05:00,QLD1,5518.13000,0.00000,1744.47955,0.00000,1744.47955
2026-09-01 01:05:00,SA1,1418.65000,0.00000,1682.56116,0.00000,1668.16516
2026-09-01 01:05:00,TAS1,944.72000,0.00000,140.08154,0.00000,140.08154
2026-09-01 01:05:00,VIC1,5040.57000,0.00000,2523.41167,0.00000,2523.41167
2026-09-01 01:10:00,NSW1,7446.76000,0.00000,473.30489,0.00000,473.30489
2026-09-01 01:10:00,QLD1,5516.56000,0.00000,1762.44039,0.00000,1762.44039
2026-09-01 01:10:00,SA1,1405.94000,0.00000,1694.33236,0.00000,1676.35636
2026-09-01 01:10:00,TAS1,941.24000,0.00000,135.12519,0.00000,135.12519
2026-09-01 01:10:00,VIC1,5007.60000,0.00000,2534.93312,0.00000,2534.93312
2026-09-01 01:15:00,NSW1,7438.35000,0.00000,479.54983,0.00000,479.54983
2026-09-01 01:15:00,QLD1,5545.63000,0.00000,1770.76879,0.00000,1770.76879
2026-09-01 01:15:00,SA1,1396.97000,0.00000,1726.19906,0.00000,1704.97606
2026-09-01 01:15:00,TAS1,948.58000,0.00000,147.79283,0.00000,147.79283
2026-09-01 01:15:00,VIC1,4990.02000,0.00000,2742.88372,0.00000,2585.53472
2026-09-01 01:20:00,NSW1,7403.45000,0.00000,480.10680,0.00000,480.10680
2026-09-01 01:20:00,QLD1,5485.41000,0.00000,1834.50845,0.00000,1834.50845
2026-09-01 01:20:00,SA1,1386.22000,0.00000,1745.07941,0.00000,1722.70371
2026-09-01 01:20:00,TAS1,946.87000,0.00000,139.22633,0.00000,139.22633
2026-09-01 01:20:00,VIC1,4896.51000,0.00000,2777.68400,0.00000,2616.11000
2026-09-01 01:25:00,NSW1,7258.10000,0.00000,469.74922,0.00000,469.74922
2026-09-01 01:25:00,QLD1,5425.71000,0.00000,1848.47472,0.00000,1848.47472
2026-09-01 01:25:00,SA1,1395.67000,0.00000,1787.81890,0.00000,1767.75420
2026-09-01 01:25:00,TAS1,954.23000,0.00000,156.38851,0.00000,156.38851
2026-09-01 01:25:00,VIC1,4912.93000,0.00000,2783.52805,0.00000,2622.49705
2026-09-01 01:30:00,NSW1,7193.51000,0.00000,469.74139,0.00000,469.74139
2026-09-01 01:30:00,QLD1,5498.95000,0.00000,1855.42732,0.00000,1855.42732
2026-09-01 01:30:00,SA1,1399.73000,0.00000,1814.53109,0.00000,1761.53641
2026-09-01 01:30:00,TAS1,944.21000,0.00000,160.26789,0.00000,160.26789
2026-09-01 01:30:00,VIC1,4912.21000,0.00000,2813.10648,0.00000,2627.57891
2026-09-01 01:35:00,NSW1,7236.90000,0.00000,471.20294,0.00000,471.20294
2026-09-01 01:35:00,QLD1,5467.24000,0.00000,1855.26134,0.00000,1855.26134
2026-09-01 01:35:00,SA1,1424.02000,0.00000,1801.13416,0.00000,1756.88918
2026-09-01 01:35:00,TAS1,942.19000,0.00000,169.19571,0.00000,169.19571
2026-09-01 01:35:00,VIC1,4818.59000,0.00000,2809.20116,0.00000,2654.13666
2026-09-01 01:40:00,NSW1,7230.63000,0.00000,470.59562,0.00000,470.59562
2026-09-01 01:40:00,QLD1,5469.82000,0.00000,1853.69459,0.00000,1853.69459
2026-09-01 01:40:00,SA1,1426.15000,0.00000,1822.10383,0.00000,1793.90283
2026-09-01 01:40:00,TAS1,937.51000,0.00000,173.80567,0.00000,173.80567
2026-09-01 01:40:00,VIC1,4892.16000,0.00000,2854.38060,0.00000,2696.53660
2026-09-01 01:45:00,NSW1,7188.28000,0.00000,456.36206,0.00000,456.36206
2026-09-01 01:45:00,QLD1,5457.88000,0.00000,1878.73449,0.00000,1878.73449
2026-09-01 01:45:00,SA1,1412.83000,0.00000,1833.10039,0.00000,1797.55039
2026-09-01 01:45:00,TAS1,936.72000,0.00000,186.07123,0.00000,186.07123
2026-09-01 01:45:00,VIC1,4890.81000,0.00000,2900.53041,0.00000,2722.55224
2026-09-01 01:50:00,NSW1,7203.03000,0.00000,471.84298,0.00000,471.84298
2026-09-01 01:50:00,QLD1,5419.17000,0.00000,1865.43156,0.00000,1865.43156
2026-09-01 01:50:00,SA1,1413.20000,0.00000,1865.47976,0.00000,1789.39341
2026-09-01 01:50:00,TAS1,931.88000,0.00000,191.78815,0.00000,191.78815
2026-09-01 01:50:00,VIC1,4832.87000,0.00000,2936.80909,0.00000,2777.06109
2026-09-01 01:55:00,NSW1,7138.22000,0.00000,469.95707,0.00000,469.95707
2026-09-01 01:55:00,QLD1,5403.61000,0.00000,1841.85241,0.00000,1841.85241
2026-09-01 01:55:00,SA1,1414.23000,0.00000,1885.71662,0.00000,1776.94161
2026-09-01 01:55:00,TAS1,932.49000,0.00000,191.12301,0.00000,191.12301
2026-09-01 01:55:00,VIC1,4803.77000,0.00000,2988.26531,0.00000,2826.85151
2026-09-01 02:00:00,NSW1,7074.18000,0.00000,463.70865,0.00000,463.70865
2026-09-01 02:00:00,QLD1,5387.21000,0.00000,1843.13008,0.00000,1843.13008
2026-09-01 02:00:00,SA1,1424.13000,0.00000,1913.42498,0.00000,1802.14972
2026-09-01 02:00:00,TAS1,946.59000,0.00000,189.24390,0.00000,189.24390
2026-09-01 02:00:00,VIC1,4717.94000,0.00000,3018.21536,0.00000,2812.69263
2026-09-01 02:05:00,NSW1,7034.31000,0.00000,458.81581,0.00000,458.81581
2026-09-01 02:05:00,QLD1,5342.68000,0.00000,1827.78206,0.00000,1827.78206
2026-09-01 02:05:00,SA1,1401.99000,0.00000,1907.20614,0.00000,1797.11903
2026-09-01 02:05:00,TAS1,954.67000,0.00000,184.72186,0.00000,184.72186
2026-09-01 02:05:00,VIC1,4755.95000,0.00000,3048.72568,0.00000,2888.72368
2026-09-01 02:10:00,NSW1,7200.00000,0.00000,453.43157,0.00000,453.43157
2026-09-01 02:10:00,QLD1,5353.49000,0.00000,1806.78268,0.00000,1806.78268
2026-09-01 02:10:00,SA1,1414.75000,0.00000,1923.43794,0.00000,1729.74517
2026-09-01 02:10:00,TAS1,957.78000,0.00000,177.54125,0.00000,177.54125
2026-09-01 02:10:00,VIC1,4745.38000,0.00000,3115.33508,0.00000,2935.07757
2026-09-01 02:15:00,NSW1,7212.77000,0.00000,447.53948,0.00000,447.53948
2026-09-01 02:15:00,QLD1,5370.90000,0.00000,1818.64151,0.00000,1818.64151
2026-09-01 02:15:00,SA1,1389.62000,0.00000,1938.12777,0.00000,1743.26231
2026-09-01 02:15:00,TAS1,956.33000,0.00000,179.92427,0.00000,179.92427
2026-09-01 02:15:00,VIC1,4701.59000,0.00000,3192.00485,0.00000,2879.99950
2026-09-01 02:20:00,NSW1,7155.40000,0.00000,447.87682,0.00000,447.87682
2026-09-01 02:20:00,QLD1,5395.91000,0.00000,1805.84049,0.00000,1805.84049
2026-09-01 02:20:00,SA1,1392.47000,0.00000,1957.65802,0.00000,1852.45992
2026-09-01 02:20:00,TAS1,948.90000,0.00000,182.33342,0.00000,182.33342
2026-09-01 02:20:00,VIC1,4668.76000,0.00000,3220.32815,0.00000,2946.28360
2026-09-01 02:25:00,NSW1,7154.05000,0.00000,440.54659,0.00000,440.54659
2026-09-01 02:25:00,QLD1,5428.10000,0.00000,1812.39786,0.00000,1812.39786
2026-09-01 02:25:00,SA1,1384.84000,0.00000,1978.92920,0.00000,1846.45051
2026-09-01 02:25:00,TAS1,946.91000,0.00000,176.06056,0.00000,176.06056
2026-09-01 02:25:00,VIC1,4678.77000,0.00000,3242.49913,0.00000,2902.53054
2026-09-01 02:30:00,NSW1,7123.71000,0.00000,438.44044,0.00000,438.44044
2026-09-01 02:30:00,QLD1,5428.91000,0.00000,1794.41014,0.00000,1794.41014
2026-09-01 02:30:00,SA1,1375.40000,0.00000,2002.91560,0.00000,1727.60723
2026-09-01 02:30:00,TAS1,949.03000,0.00000,176.91416,0.00000,176.91416
2026-09-01 02:30:00,VIC1,4685.55000,0.00000,3222.62724,0.00000,2997.21288
2026-09-01 02:35:00,NSW1,7119.30000,0.00000,434.62003,0.00000,434.62003
2026-09-01 02:35:00,QLD1,5348.65000,0.00000,1764.08469,0.00000,1764.08469
2026-09-01 02:35:00,SA1,1369.93000,0.00000,2010.35181,0.00000,1748.12573
2026-09-01 02:35:00,TAS1,951.74000,0.00000,176.69282,0.00000,176.69282
2026-09-01 02:35:00,VIC1,4562.76000,0.00000,3253.97260,0.00000,2854.28060
2026-09-01 02:40:00,NSW1,7091.50000,0.00000,429.69360,0.00000,429.69360
2026-09-01 02:40:00,QLD1,5376.71000,0.00000,1783.40761,0.00000,1783.40761
2026-09-01 02:40:00,SA1,1404.58000,0.00000,2053.67522,0.00000,1729.01612
2026-09-01 02:40:00,TAS1,971.73000,0.00000,192.74582,0.00000,192.74582
2026-09-01 02:40:00,VIC1,4562.78000,0.00000,3281.13807,0.00000,2892.92767
2026-09-01 02:45:00,NSW1,7060.26000,0.00000,420.57340,0.00000,420.57340
2026-09-01 02:45:00,QLD1,5366.07000,0.00000,1804.91058,0.00000,1804.91058
2026-09-01 02:45:00,SA1,1424.16000,0.00000,2064.50331,0.00000,1856.08799
2026-09-01 02:45:00,TAS1,972.90000,0.00000,202.33264,0.00000,202.33264
2026-09-01 02:45:00,VIC1,4620.92000,0.00000,3288.84477,0.00000,3085.07142
2026-09-01 02:50:00,NSW1,6942.14000,0.00000,413.64499,0.00000,413.64499
2026-09-01 02:50:00,QLD1,5315.04000,0.00000,1766.88660,0.00000,1766.88660
2026-09-01 02:50:00,SA1,1428.82000,0.00000,2079.74248,0.00000,1794.30335
2026-09-01 02:50:00,TAS1,976.00000,0.00000,216.53563,0.00000,216.53563
2026-09-01 02:50:00,VIC1,4603.15000,0.00000,3347.83140,0.00000,3073.14075
2026-09-01 02:55:00,NSW1,6918.87000,0.00000,405.32750,0.00000,405.32750
2026-09-01 02:55:00,QLD1,5313.13000,0.00000,1720.86407,0.00000,1720.86407
2026-09-01 02:55:00,SA1,1427.28000,0.00000,2079.54554,0.00000,1861.59472
2026-09-01 02:55:00,TAS1,967.82000,0.00000,231.42765,0.00000,231.42765
2026-09-01 02:55:00,VIC1,4573.96000,0.00000,3313.58781,0.00000,3040.76918
2026-09-01 03:00:00,NSW1,6887.43000,0.00000,405.16575,0.00000,405.16575
2026-09-01 03:00:00,QLD1,5338.67000,0.00000,1747.77452,0.00000,1747.77452
2026-09-01 03:00:00,SA1,1437.87000,0.00000,2100.55428,0.00000,1849.52499
2026-09-01 03:00:00,TAS1,967.35000,0.00000,244.23179,0.00000,244.23179
2026-09-01 03:00:00,VIC1,4562.06000,0.00000,3299.96772,0.00000,3095.60556
2026-09-01 03:05:00,NSW1,6843.54000,0.00000,402.28545,0.00000,402.28545
2026-09-01 03:05:00,QLD1,5326.07000,0.00000,1761.61131,0.00000,1761.61131
2026-09-01 03:05:00,SA1,1428.96000,0.00000,2092.92522,0.00000,1856.44116
2026-09-01 03:05:00,TAS1,964.28000,0.00000,251.85058,0.00000,251.85058
2026-09-01 03:05:00,VIC1,4589.59000,0.00000,3317.42813,0.00000,3049.47300
2026-09-01 03:10:00,NSW1,6853.11000,0.00000,405.41063,0.00000,405.41063
2026-09-01 03:10:00,QLD1,5311.53000,0.00000,1761.98741,0.00000,1761.98741
2026-09-01 03:10:00,SA1,1432.99000,0.00000,2100.14054,0.00000,1852.83730
2026-09-01 03:10:00,TAS1,967.14000,0.00000,246.72357,0.00000,246.72357
2026-09-01 03:10:00,VIC1,4571.30000,0.00000,3299.18143,0.00000,2991.88582
2026-09-01 03:15:00,NSW1,6857.60000,0.00000,422.60370,0.00000,422.60370
2026-09-01 03:15:00,QLD1,5276.93000,0.00000,1763.24795,0.00000,1763.24795
2026-09-01 03:15:00,SA1,1410.86000,0.00000,2116.49212,0.00000,1880.15057
2026-09-01 03:15:00,TAS1,971.15000,0.00000,261.20790,0.00000,261.20790
2026-09-01 03:15:00,VIC1,4494.13000,0.00000,3340.19988,0.00000,2856.41468
2026-09-01 03:20:00,NSW1,6815.29000,0.00000,432.72079,0.00000,432.72079
2026-09-01 03:20:00,QLD1,5326.20000,0.00000,1736.44317,0.00000,1736.44317
2026-09-01 03:20:00,SA1,1396.22000,0.00000,2125.83449,0.00000,1761.29761
2026-09-01 03:20:00,TAS1,970.18000,0.00000,250.18162,0.00000,250.18162
2026-09-01 03:20:00,VIC1,4482.96000,0.00000,3274.58275,0.00000,2983.09276
2026-09-01 03:25:00,NSW1,6786.17000,0.00000,429.48639,0.00000,429.48639
2026-09-01 03:25:00,QLD1,5295.14000,0.00000,1734.82710,0.00000,1734.82710
2026-09-01 03:25:00,SA1,1394.81000,0.00000,2132.13123,0.00000,1795.46138
2026-09-01 03:25:00,TAS1,974.80000,0.00000,253.48890,0.00000,253.48890
2026-09-01 03:25:00,VIC1,4537.97000,0.00000,3300.48163,0.00000,2927.67873
2026-09-01 03:30:00,NSW1,6879.15000,0.00000,435.55928,0.00000,435.55928
2026-09-01 03:30:00,QLD1,5261.97000,0.00000,1689.20889,0.00000,1689.20889
2026-09-01 03:30:00,SA1,1376.11000,0.00000,2124.76121,0.00000,1732.36734
2026-09-01 03:30:00,TAS1,977.22000,0.00000,263.10252,0.00000,263.10252
2026-09-01 03:30:00,VIC1,4530.77000,0.00000,3294.37333,0.00000,2983.78563
2026-09-01 03:35:00,NSW1,6831.75000,0.00000,435.26742,0.00000,435.26742
2026-09-01 03:35:00,QLD1,5293.37000,0.00000,1672.97974,0.00000,1672.97974
2026-09-01 03:35:00,SA1,1364.06000,0.00000,2119.42609,0.00000,1875.93582
2026-09-01 03:35:00,TAS1,983.64000,0.00000,270.27234,0.00000,270.27234
2026-09-01 03:35:00,VIC1,4425.86000,0.00000,3387.52556,0.00000,2873.62063
2026-09-01 03:40:00,NSW1,6756.45000,0.00000,426.63684,0.00000,426.63684
2026-09-01 03:40:00,QLD1,5289.24000,0.00000,1676.80581,0.00000,1676.80581
2026-09-01 03:40:00,SA1,1363.40000,0.00000,2142.16321,0.00000,1913.10104
2026-09-01 03:40:00,TAS1,968.82000,0.00000,274.09279,0.00000,274.09279
2026-09-01 03:40:00,VIC1,4541.37000,0.00000,3309.60442,0.00000,2796.78936
2026-09-01 03:45:00,NSW1,6811.88000,0.00000,436.32294,0.00000,436.32294
2026-09-01 03:45:00,QLD1,5295.15000,0.00000,1655.49434,0.00000,1655.49434
2026-09-01 03:45:00,SA1,1362.83000,0.00000,2152.06250,0.00000,1833.85708
2026-09-01 03:45:00,TAS1,974.76000,0.00000,275.75497,0.00000,275.75497
2026-09-01 03:45:00,VIC1,4506.98000,0.00000,3327.24642,0.00000,2901.47112
2026-09-01 03:50:00,NSW1,6773.42000,0.00000,437.33071,0.00000,437.33071
2026-09-01 03:50:00,QLD1,5313.99000,0.00000,1653.94589,0.00000,1653.94589
2026-09-01 03:50:00,SA1,1358.30000,0.00000,2148.63608,0.00000,1862.48108
2026-09-01 03:50:00,TAS1,973.11000,0.00000,295.15919,0.00000,295.15919
2026-09-01 03:50:00,VIC1,4519.85000,0.00000,3367.81265,0.00000,2871.00926
2026-09-01 03:55:00,NSW1,6791.15000,0.00000,438.00208,0.00000,438.00208
2026-09-01 03:55:00,QLD1,5314.56000,0.00000,1653.77672,0.00000,1653.77672
2026-09-01 03:55:00,SA1,1349.61000,0.00000,2161.35777,0.00000,1897.41309
2026-09-01 03:55:00,TAS1,972.10000,0.00000,292.20944,0.00000,292.20944
2026-09-01 03:55:00,VIC1,4511.85000,0.00000,3327.61256,0.00000,2911.02533
2026-09-01 04:00:00,NSW1,6816.79000,0.00000,432.97696,0.00000,432.97696
2026-09-01 04:00:00,QLD1,5335.04000,0.00000,1664.23714,0.00000,1664.23714
2026-09-01 04:00:00,SA1,1350.77000,0.00000,2154.43364,0.00000,1890.95382
2026-09-01 04:00:00,TAS1,974.17000,0.00000,308.32819,0.00000,308.32819
2026-09-01 04:00:00,VIC1,4474.52000,0.00000,3260.61785,0.00000,2673.88512
2026-09-01 04:05:00,NSW1,6712.43000,0.00000,427.60724,0.00000,427.60724
2026-09-01 04:05:00,QLD1,5289.51000,0.00000,1658.92223,0.00000,1658.92223
2026-09-01 04:05:00,SA1,1345.96000,0.00000,2150.03806,0.00000,2027.74887
2026-09-01 04:05:00,TAS1,959.99000,0.00000,303.97872,0.00000,303.97872
2026-09-01 04:05:00,VIC1,4418.86000,0.00000,3113.74652,0.00000,2477.03352
2026-09-01 04:10:00,NSW1,6763.21000,0.00000,435.91472,0.00000,435.91472
2026-09-01 04:10:00,QLD1,5377.63000,0.00000,1673.00561,0.00000,1673.00561
2026-09-01 04:10:00,SA1,1340.31000,0.00000,2133.01570,0.00000,2042.14700
2026-09-01 04:10:00,TAS1,944.86000,0.00000,304.19090,0.00000,304.19090
2026-09-01 04:10:00,VIC1,4495.39000,0.00000,3122.18150,0.00000,2555.17542
2026-09-01 04:15:00,NSW1,6742.15000,0.00000,441.86588,0.00000,441.86588
2026-09-01 04:15:00,QLD1,5389.71000,0.00000,1658.60007,0.00000,1658.60007
2026-09-01 04:15:00,SA1,1352.93000,0.00000,2122.86020,0.00000,2034.73520
2026-09-01 04:15:00,TAS1,962.89000,0.00000,306.24072,0.00000,306.24072
2026-09-01 04:15:00,VIC1,4529.48000,0.00000,3251.33128,0.00000,2586.12087
2026-09-01 04:20:00,NSW1,6795.96000,0.00000,444.73878,0.00000,444.73878
2026-09-01 04:20:00,QLD1,5402.72000,0.00000,1645.23201,0.00000,1645.23201
2026-09-01 04:20:00,SA1,1339.85000,0.00000,2101.80256,0.00000,2031.16836
2026-09-01 04:20:00,TAS1,955.82000,0.00000,305.03577,0.00000,305.03577
2026-09-01 04:20:00,VIC1,4478.43000,0.00000,3207.47687,0.00000,2565.93138
2026-09-01 04:25:00,NSW1,6744.88000,0.00000,438.41314,0.00000,438.41314
2026-09-01 04:25:00,QLD1,5408.98000,0.00000,1648.83097,0.00000,1648.83097
2026-09-01 04:25:00,SA1,1339.56000,0.00000,2083.08181,0.00000,2011.70281
2026-09-01 04:25:00,TAS1,956.37000,0.00000,309.48468,0.00000,309.48468
2026-09-01 04:25:00,VIC1,4583.81000,0.00000,3310.85268,0.00000,2645.63106
2026-09-01 04:30:00,NSW1,6853.84000,0.00000,441.53211,0.00000,441.53211
2026-09-01 04:30:00,QLD1,5407.75000,0.00000,1651.79641,0.00000,1651.79641
2026-09-01 04:30:00,SA1,1334.83000,0.00000,2100.18311,0.00000,2018.21921
2026-09-01 04:30:00,TAS1,961.86000,0.00000,309.74927,0.00000,309.74927
2026-09-01 04:30:00,VIC1,4584.70000,0.00000,3419.54500,0.00000,2546.16305
2026-09-01 04:35:00,NSW1,6781.55000,0.00000,428.56837,0.00000,428.56837
2026-09-01 04:35:00,QLD1,5447.35000,0.00000,1662.69883,0.00000,1662.69883
2026-09-01 04:35:00,SA1,1327.52000,0.00000,2112.89741,0.00000,1993.81933
2026-09-01 04:35:00,TAS1,968.63000,0.00000,303.97658,0.00000,303.97658
2026-09-01 04:35:00,VIC1,4464.39000,0.00000,3395.25017,0.00000,2447.92747
2026-09-01 04:40:00,NSW1,6923.37000,0.00000,434.72972,0.00000,434.72972
2026-09-01 04:40:00,QLD1,5440.93000,0.00000,1685.63444,0.00000,1685.63444
2026-09-01 04:40:00,SA1,1314.20000,0.00000,2114.85439,0.00000,1993.63172
2026-09-01 04:40:00,TAS1,978.72000,0.00000,303.04626,0.00000,303.04626
2026-09-01 04:40:00,VIC1,4620.66000,0.00000,3381.44643,0.00000,2548.38585
2026-09-01 04:45:00,NSW1,6951.05000,0.00000,442.42859,0.00000,442.42859
2026-09-01 04:45:00,QLD1,5476.12000,0.00000,1671.11363,0.00000,1671.11363
2026-09-01 04:45:00,SA1,1332.99000,0.00000,2113.66119,0.00000,1990.20237
2026-09-01 04:45:00,TAS1,976.83000,0.00000,301.73760,0.00000,301.73760
2026-09-01 04:45:00,VIC1,4564.89000,0.00000,3512.01262,0.00000,2513.98782
2026-09-01 04:50:00,NSW1,6987.12000,0.00000,438.69817,0.00000,438.69817
2026-09-01 04:50:00,QLD1,5471.91000,0.00000,1682.88794,0.00000,1682.88794
2026-09-01 04:50:00,SA1,1333.46000,0.00000,2124.08163,0.00000,2022.70339
2026-09-01 04:50:00,TAS1,985.35000,0.00000,302.90573,0.00000,302.90573
2026-09-01 04:50:00,VIC1,4645.89000,0.00000,3568.48830,0.00000,2561.09950
2026-09-01 04:55:00,NSW1,7031.82000,0.00000,440.03439,0.00000,440.03439
2026-09-01 04:55:00,QLD1,5504.84000,0.00000,1667.80978,0.00000,1667.80978
2026-09-01 04:55:00,SA1,1328.96000,0.00000,2114.99385,0.00000,2030.44037
2026-09-01 04:55:00,TAS1,988.74000,0.00000,304.50197,0.00000,304.50197
2026-09-01 04:55:00,VIC1,4688.33000,0.00000,3546.27471,0.00000,2599.03779
2026-09-01 05:00:00,NSW1,7031.33000,0.00000,437.24810,0.00000,437.24810
2026-09-01 05:00:00,QLD1,5557.64000,0.09800,1696.49630,0.09800,1696.49630
2026-09-01 05:00:00,SA1,1323.76000,0.00000,2121.13316,0.00000,2027.80321
2026-09-01 05:00:00,TAS1,990.63000,0.00000,294.01326,0.00000,294.01326
2026-09-01 05:00:00,VIC1,4694.77000,0.00000,3599.15824,0.00000,2656.44310
2026-09-01 05:05:00,NSW1,7010.87000,0.00000,451.92587,0.00000,451.92587
2026-09-01 05:05:00,QLD1,5573.71000,0.09800,1674.18437,0.09800,1674.18437
2026-09-01 05:05:00,SA1,1324.08000,0.00000,2112.35708,0.00000,1958.52969
2026-09-01 05:05:00,TAS1,990.91000,0.00000,296.35747,0.00000,296.35747
2026-09-01 05:05:00,VIC1,4730.64000,0.00000,3643.43430,0.00000,2630.78950
2026-09-01 05:10:00,NSW1,7080.63000,0.00000,459.85451,0.00000,459.85451
2026-09-01 05:10:00,QLD1,5709.67000,0.09800,1669.51198,0.09800,1669.51198
2026-09-01 05:10:00,SA1,1325.26000,0.00000,2101.90130,0.00000,1984.50666
2026-09-01 05:10:00,TAS1,988.05000,0.00000,300.72586,0.00000,300.72586
2026-09-01 05:10:00,VIC1,4779.34000,0.00000,3722.33067,0.00000,2660.45207
2026-09-01 05:15:00,NSW1,7223.62000,0.00000,468.33500,0.00000,468.33500
2026-09-01 05:15:00,QLD1,5690.18000,0.09800,1647.40768,0.09800,1647.40768
2026-09-01 05:15:00,SA1,1324.76000,0.00000,2108.75512,0.00000,2007.99588
2026-09-01 05:15:00,TAS1,988.89000,0.00000,296.49092,0.00000,296.49092
2026-09-01 05:15:00,VIC1,4823.03000,0.00000,3754.80180,0.00000,2726.42254
2026-09-01 05:20:00,NSW1,7277.13000,0.00000,482.84436,0.00000,482.84436
2026-09-01 05:20:00,QLD1,5749.02000,0.09800,1625.38601,0.09800,1625.38601
2026-09-01 05:20:00,SA1,1331.13000,0.00000,2105.28427,0.00000,2018.10257
2026-09-01 05:20:00,TAS1,987.99000,0.00000,290.37767,0.00000,290.37767
2026-09-01 05:20:00,VIC1,4863.29000,0.00000,3812.75132,0.00000,2729.03978
2026-09-01 05:25:00,NSW1,7290.39000,0.00000,486.72855,0.00000,486.72855
2026-09-01 05:25:00,QLD1,5784.00000,0.09800,1578.39200,0.09800,1578.39200
2026-09-01 05:25:00,SA1,1328.44000,0.00000,2119.98649,0.00000,2001.53588
2026-09-01 05:25:00,TAS1,995.84000,0.00000,287.83177,0.00000,287.83177
2026-09-01 05:25:00,VIC1,4817.26000,0.00000,3843.43525,0.00000,2786.86539
2026-09-01 05:30:00,NSW1,7436.06000,0.00000,501.94102,0.00000,501.94102
2026-09-01 05:30:00,QLD1,5801.18000,0.09800,1545.23579,0.09800,1545.23579
2026-09-01 05:30:00,SA1,1344.29000,0.00000,2118.11843,0.00000,2026.64161
2026-09-01 05:30:00,TAS1,1018.00000,0.00000,285.34469,0.00000,285.34469
2026-09-01 05:30:00,VIC1,4831.36000,0.00000,3832.80194,0.00000,2729.39177
2026-09-01 05:35:00,NSW1,7512.49000,0.00000,515.59466,0.00000,515.59466
2026-09-01 05:35:00,QLD1,5866.89000,0.09800,1539.73032,0.09800,1539.73032
2026-09-01 05:35:00,SA1,1338.77000,0.00000,2108.75586,0.00000,2018.52954
2026-09-01 05:35:00,TAS1,1016.86000,0.00000,293.12424,0.00000,293.12424
2026-09-01 05:35:00,VIC1,4894.79000,0.00000,3803.31988,0.00000,2746.16793
2026-09-01 05:40:00,NSW1,7531.77000,0.00000,522.31010,0.00000,522.31010
2026-09-01 05:40:00,QLD1,5956.82000,0.09800,1515.93696,0.09800,1515.93696
2026-09-01 05:40:00,SA1,1358.41000,0.00000,2101.61866,0.00000,2016.82766
2026-09-01 05:40:00,TAS1,1031.66000,0.00000,292.98933,0.00000,292.98933
2026-09-01 05:40:00,VIC1,4960.78000,0.00000,3778.80258,0.00000,2812.98297
2026-09-01 05:45:00,NSW1,7578.23000,0.00000,527.72678,0.00000,527.72678
2026-09-01 05:45:00,QLD1,5982.76000,0.09800,1537.71477,0.09800,1537.71477
2026-09-01 05:45:00,SA1,1366.16000,0.00000,2106.43143,0.00000,2019.89433
2026-09-01 05:45:00,TAS1,1036.81000,0.00000,286.02542,0.00000,286.02542
2026-09-01 05:45:00,VIC1,5025.83000,0.00000,3759.64663,0.00000,2831.80510
2026-09-01 05:50:00,NSW1,7667.85000,0.00000,540.38496,0.00000,540.38496
2026-09-01 05:50:00,QLD1,6055.45000,0.09800,1510.29603,0.09800,1510.29603
2026-09-01 05:50:00,SA1,1377.13000,0.00000,2104.91750,0.00000,2011.39388
2026-09-01 05:50:00,TAS1,1051.56000,0.00000,283.01889,0.00000,283.01889
2026-09-01 05:50:00,VIC1,5067.13000,0.00000,3760.68821,0.00000,2822.86485
2026-09-01 05:55:00,NSW1,7681.58000,0.00000,542.53299,0.00000,542.53299
2026-09-01 05:55:00,QLD1,6004.53000,0.09800,1515.50144,0.09800,1515.50144
2026-09-01 05:55:00,SA1,1381.93000,0.00000,2105.43194,0.00000,1864.24055
2026-09-01 05:55:00,TAS1,1063.45000,0.00000,276.72143,0.00000,276.72143
2026-09-01 05:55:00,VIC1,5129.57000,0.00000,3772.59122,0.00000,3022.23065
2026-09-01 06:00:00,NSW1,7727.48000,0.00000,561.30420,0.00000,561.30420
2026-09-01 06:00:00,QLD1,6040.56000,0.09800,1537.91028,0.09800,1537.91028
2026-09-01 06:00:00,SA1,1383.41000,0.00000,2091.40877,0.00000,1905.46822
2026-09-01 06:00:00,TAS1,1074.45000,0.00000,285.18218,0.00000,285.18218
2026-09-01 06:00:00,VIC1,5185.87000,0.00000,3853.06795,0.00000,3015.56747
2026-09-01 06:05:00,NSW1,7888.51000,0.00000,584.08963,0.00000,584.08963
2026-09-01 06:05:00,QLD1,6059.75000,0.09800,1570.69253,0.09800,1570.69253
2026-09-01 06:05:00,SA1,1401.09000,0.00000,2113.62582,0.00000,2020.90072
2026-09-01 06:05:00,TAS1,1082.85000,0.00000,285.34456,0.00000,285.34456
2026-09-01 06:05:00,VIC1,5238.12000,0.00000,3780.45791,0.00000,2883.67400
2026-09-01 06:10:00,NSW1,8018.65000,0.00000,606.83697,0.00000,606.83697
2026-09-01 06:10:00,QLD1,6108.89000,0.20200,1559.83312,0.20200,1559.83312
2026-09-01 06:10:00,SA1,1419.70000,0.00000,2107.62950,0.00000,1986.47537
2026-09-01 06:10:00,TAS1,1099.15000,0.00000,259.33836,0.00000,259.33836
2026-09-01 06:10:00,VIC1,5351.99000,0.00000,3718.15084,0.00000,3045.47146
2026-09-01 06:15:00,NSW1,8057.40000,0.96000,624.50016,0.96000,624.50016
2026-09-01 06:15:00,QLD1,6222.04000,2.27400,1506.03514,2.27400,1506.03514
2026-09-01 06:15:00,SA1,1423.28000,0.00000,2105.15395,0.00000,2012.58595
2026-09-01 06:15:00,TAS1,1118.88000,0.00000,263.50576,0.00000,263.50576
2026-09-01 06:15:00,VIC1,5470.64000,0.00000,3778.07851,0.00000,3172.13504
2026-09-01 06:20:00,NSW1,8222.42000,3.94600,650.39432,3.94600,650.39432
2026-09-01 06:20:00,QLD1,6270.47000,5.28846,1501.85250,5.28846,1501.85250
2026-09-01 06:20:00,SA1,1435.28000,0.00000,2109.47715,0.00000,2018.17385
2026-09-01 06:20:00,TAS1,1121.70000,0.00000,267.78964,0.00000,267.78964
2026-09-01 06:20:00,VIC1,5554.62000,0.00000,3813.10444,0.00000,3262.33123
2026-09-01 06:25:00,NSW1,8347.52000,22.39642,658.84486,22.39642,658.84486
2026-09-01 06:25:00,QLD1,6202.72000,19.15984,1476.87584,19.15984,1476.87584
2026-09-01 06:25:00,SA1,1428.41000,0.00000,2107.01321,0.00000,2013.36471
2026-09-01 06:25:00,TAS1,1133.76000,0.00000,264.63724,0.00000,264.63724
2026-09-01 06:25:00,VIC1,5629.94000,0.00000,3843.20536,0.00000,3282.60657
2026-09-01 06:30:00,NSW1,8384.74000,29.97475,672.36949,29.97475,672.36949
2026-09-01 06:30:00,QLD1,6314.02000,60.23797,1453.84559,60.23797,1453.84559
2026-09-01 06:30:00,SA1,1427.10000,0.00000,2102.93550,0.00000,2018.20329
2026-09-01 06:30:00,TAS1,1143.57000,0.00000,263.60480,0.00000,263.60480
2026-09-01 06:30:00,VIC1,5706.07000,0.00000,3852.00374,0.00000,3281.64991
2026-09-01 06:35:00,NSW1,8485.79000,58.23112,694.46000,58.23112,694.46000
2026-09-01 06:35:00,QLD1,6360.89000,91.98781,1442.25491,91.98781,1442.25491
2026-09-01 06:35:00,SA1,1442.22000,0.00000,2123.77071,0.00000,2030.85861
2026-09-01 06:35:00,TAS1,1152.11000,0.00000,263.28567,0.00000,263.28567
2026-09-01 06:35:00,VIC1,5714.48000,0.00000,3903.78379,0.00000,3242.90472
2026-09-01 06:40:00,NSW1,8470.58000,98.93742,723.28222,98.85660,723.28222
2026-09-01 06:40:00,QLD1,6372.67000,151.71653,1437.02806,151.71653,1437.02806
2026-09-01 06:40:00,SA1,1477.42000,0.00000,2122.70460,0.00000,2040.98855
2026-09-01 06:40:00,TAS1,1162.26000,0.00000,266.91285,0.00000,266.91285
2026-09-01 06:40:00,VIC1,5815.62000,1.13900,3968.76243,1.13900,3162.71262
2026-09-01 06:45:00,NSW1,8506.77000,177.14971,750.27961,177.01435,750.27961
2026-09-01 06:45:00,QLD1,6414.05000,251.32520,1434.41901,251.32520,1434.41901
2026-09-01 06:45:00,SA1,1498.58000,0.00000,2129.90852,0.00000,2039.03652
2026-09-01 06:45:00,TAS1,1181.47000,0.00000,264.61930,0.00000,264.61930
2026-09-01 06:45:00,VIC1,5864.50000,3.81300,3992.23124,3.81300,3295.99348
2026-09-01 06:50:00,NSW1,8503.85000,239.79516,776.82260,239.59616,776.82260
2026-09-01 06:50:00,QLD1,6375.30000,351.43077,1423.92718,351.43077,1423.92718
2026-09-01 06:50:00,SA1,1521.87000,0.00000,2103.68095,0.00000,2014.29245
2026-09-01 06:50:00,TAS1,1202.65000,0.00000,259.42935,0.00000,259.42935
2026-09-01 06:50:00,VIC1,5964.65000,5.45901,4058.31999,5.45901,3404.31064
2026-09-01 06:55:00,NSW1,8589.01000,353.16548,811.33555,352.73921,811.33555
2026-09-01 06:55:00,QLD1,6387.61000,528.95702,1376.15112,528.95702,1376.15112
2026-09-01 06:55:00,SA1,1554.09000,0.00000,2128.35174,0.00000,2032.25474
2026-09-01 06:55:00,TAS1,1206.73000,0.00000,259.55481,0.00000,259.55481
2026-09-01 06:55:00,VIC1,6072.78000,13.12837,4090.89527,13.12837,3458.49140
2026-09-01 07:00:00,NSW1,8522.47000,472.76007,818.61493,472.76007,818.61493
2026-09-01 07:00:00,QLD1,6448.71000,691.63542,1336.87307,691.63542,1336.87307
2026-09-01 07:00:00,SA1,1538.15000,0.00000,2120.78306,0.00000,1748.73607
2026-09-01 07:00:00,TAS1,1215.82000,0.00000,267.17192,0.00000,267.17192
2026-09-01 07:00:00,VIC1,6114.67000,31.36861,4158.02883,31.36861,3785.31448
2026-09-01 07:05:00,NSW1,8477.36000,658.92816,853.96003,658.92816,853.96003
2026-09-01 07:05:00,QLD1,6426.59000,885.49825,1335.98044,885.49825,1335.98044
2026-09-01 07:05:00,SA1,1548.13000,0.00000,2110.27144,0.00000,1675.60120
2026-09-01 07:05:00,TAS1,1217.27000,0.00000,262.43598,0.00000,262.43598
2026-09-01 07:05:00,VIC1,6164.08000,58.98960,4174.69074,58.98960,3800.84863
2026-09-01 07:10:00,NSW1,8482.55000,892.94375,886.20021,892.94375,886.20021
2026-09-01 07:10:00,QLD1,6477.75000,1031.26356,1341.09428,1031.26356,1341.09428
2026-09-01 07:10:00,SA1,1545.72000,0.72900,2031.31611,0.36600,1692.13201
2026-09-01 07:10:00,TAS1,1207.31000,0.00000,264.58230,0.00000,264.58230
2026-09-01 07:10:00,VIC1,6135.79000,109.02511,4221.55410,108.66611,3854.19004
2026-09-01 07:15:00,NSW1,8430.17000,1134.32033,919.81559,1134.32033,919.81559
2026-09-01 07:15:00,QLD1,6490.43000,1179.80782,1305.98419,1179.80782,1305.98419
2026-09-01 07:15:00,SA1,1567.98000,2.50591,2123.48209,1.56291,1478.86965
2026-09-01 07:15:00,TAS1,1209.90000,0.00000,269.24197,0.00000,269.24197
2026-09-01 07:15:00,VIC1,6244.88000,181.96880,4233.86642,181.85780,3852.28713
2026-09-01 07:20:00,NSW1,8406.49000,1383.25610,941.06854,1383.25610,941.06854
2026-09-01 07:20:00,QLD1,6489.59000,1364.47217,1235.29985,1344.10818,1235.29985
2026-09-01 07:20:00,SA1,1552.38000,4.30591,2117.29731,1.47191,1445.03473
2026-09-01 07:20:00,TAS1,1219.90000,0.00000,264.09371,0.00000,264.09371
2026-09-01 07:20:00,VIC1,6287.70000,246.19275,4237.50971,246.19275,3831.06974
2026-09-01 07:25:00,NSW1,8402.13000,1565.21551,973.21469,1565.21551,973.21469
2026-09-01 07:25:00,QLD1,6433.85000,1546.23731,1198.62550,1511.28686,1110.34581
2026-09-01 07:25:00,SA1,1561.95000,12.75691,2148.07092,4.98791,1679.58800
2026-09-01 07:25:00,TAS1,1220.35000,0.00000,259.22514,0.00000,259.22514
2026-09-01 07:25:00,VIC1,6252.83000,334.79252,4230.84479,334.79252,3868.02160
2026-09-01 07:30:00,NSW1,8280.67000,1820.07613,983.90206,1820.07613,983.90206
2026-09-01 07:30:00,QLD1,6406.88000,1734.27057,1139.43600,1471.41534,1049.63100
2026-09-01 07:30:00,SA1,1559.09000,26.06800,2110.12267,12.19491,1634.90492
2026-09-01 07:30:00,TAS1,1220.96000,0.00000,269.26249,0.00000,269.26249
2026-09-01 07:30:00,VIC1,6276.14000,416.33616,4213.34805,397.09616,3855.76141
2026-09-01 07:35:00,NSW1,8382.63000,2071.24300,983.57558,2010.26900,983.57558
2026-09-01 07:35:00,QLD1,6367.84000,1839.95293,1077.85650,1595.83055,985.87850
2026-09-01 07:35:00,SA1,1569.78000,36.81764,2187.04500,36.81764,1882.91604
2026-09-01 07:35:00,TAS1,1218.35000,0.00000,269.98244,0.00000,269.98244
2026-09-01 07:35:00,VIC1,6219.57000,502.44000,4186.77746,491.90000,3366.58135
2026-09-01 07:40:00,NSW1,8260.91000,2318.63108,997.54072,2313.18928,997.54072
2026-09-01 07:40:00,QLD1,6261.46000,1919.98658,1058.47650,1664.73677,1016.45830
2026-09-01 07:40:00,SA1,1579.12000,47.75209,2191.95967,43.59209,1799.07117
2026-09-01 07:40:00,TAS1,1221.38000,0.00000,268.06488,0.00000,268.06488
2026-09-01 07:40:00,VIC1,6231.28000,617.03992,4115.39774,576.21650,3059.00023
2026-09-01 07:45:00,NSW1,8150.13000,2598.14133,977.16146,2556.77250,977.16146
2026-09-01 07:45:00,QLD1,6166.59000,2024.97459,992.11830,1807.89278,907.19030
2026-09-01 07:45:00,SA1,1552.00000,70.89318,2147.98577,45.14391,1772.92698
2026-09-01 07:45:00,TAS1,1236.42000,0.00000,264.82210,0.00000,264.82210
2026-09-01 07:45:00,VIC1,6143.55000,696.46227,4095.44407,506.52227,2953.67427
2026-09-01 07:50:00,NSW1,8189.41000,2854.00697,991.91578,2795.94804,991.91578
2026-09-01 07:50:00,QLD1,6067.63000,2086.14650,968.19950,1882.14649,965.59671
2026-09-01 07:50:00,SA1,1544.99000,94.29919,2161.73608,78.82280,1800.46728
2026-09-01 07:50:00,TAS1,1231.87000,0.00000,256.59773,0.00000,256.59773
2026-09-01 07:50:00,VIC1,6090.34000,768.10058,4129.42881,462.95485,2889.48485
2026-09-01 07:55:00,NSW1,8039.01000,3030.99852,999.33522,2990.46240,999.33522
2026-09-01 07:55:00,QLD1,6052.19000,2217.42380,974.92860,2046.55109,895.27260
2026-09-01 07:55:00,SA1,1539.47000,121.87627,2157.17616,73.98054,1665.76653
2026-09-01 07:55:00,TAS1,1226.51000,0.00000,247.74139,0.00000,247.74139
2026-09-01 07:55:00,VIC1,6032.42000,857.98704,4109.17874,613.76004,2784.40090
2026-09-01 08:00:00,NSW1,7996.82000,3178.59423,1009.77872,2982.24916,1009.77872
2026-09-01 08:00:00,QLD1,5957.83000,2292.21485,943.60980,2025.70318,855.24480
2026-09-01 08:00:00,SA1,1503.06000,143.84418,2141.06816,87.74218,1666.04949
2026-09-01 08:00:00,TAS1,1228.24000,0.00000,256.85538,0.00000,256.85538
2026-09-01 08:00:00,VIC1,5913.12000,958.30197,4145.88420,673.75897,2514.26639
2026-09-01 08:05:00,NSW1,7856.89000,3306.30212,1014.58786,3157.60650,1014.58786
2026-09-01 08:05:00,QLD1,5951.75000,2402.05759,929.98700,2201.59869,848.06600
2026-09-01 08:05:00,SA1,1507.84000,160.75092,2110.37682,102.03828,1466.04139
2026-09-01 08:05:00,TAS1,1220.43000,0.00000,262.62730,0.00000,262.62730
2026-09-01 08:05:00,VIC1,5860.48000,1044.04639,4142.49085,678.07573,2745.44808
2026-09-01 08:10:00,NSW1,7771.99000,3544.43443,1024.92640,3175.63651,1024.92640
2026-09-01 08:10:00,QLD1,5953.90000,2452.79752,865.62190,2279.58888,778.30390
2026-09-01 08:10:00,SA1,1503.97000,183.27192,2117.24689,117.50392,1348.64249
2026-09-01 08:10:00,TAS1,1203.75000,0.00000,259.26097,0.00000,259.26097
2026-09-01 08:10:00,VIC1,5792.89000,1095.14551,4130.35248,681.22348,2622.42589
2026-09-01 08:15:00,NSW1,7620.49000,3628.53333,999.94443,2938.50904,994.65455
2026-09-01 08:15:00,QLD1,5881.07000,2586.64491,832.20500,2299.28927,747.93200
2026-09-01 08:15:00,SA1,1500.21000,209.07509,2117.20487,132.79773,1400.58903
2026-09-01 08:15:00,TAS1,1186.34000,0.00000,268.62936,0.00000,268.62936
2026-09-01 08:15:00,VIC1,5710.53000,1175.74073,4037.59099,749.18818,2337.21453
2026-09-01 08:20:00,NSW1,7539.13000,3660.90395,961.61447,3030.45120,961.61447
2026-09-01 08:20:00,QLD1,5794.95000,2771.53483,820.83800,2324.14735,738.80200
2026-09-01 08:20:00,SA1,1512.15000,223.84010,2095.89274,144.14564,1422.46959
2026-09-01 08:20:00,TAS1,1179.45000,0.00000,251.16985,0.00000,251.16985
2026-09-01 08:20:00,VIC1,5627.05000,1247.41523,4011.63476,693.80228,2332.41391
2026-09-01 08:25:00,NSW1,7523.38000,3729.89277,935.58408,3068.52434,935.58408
2026-09-01 08:25:00,QLD1,5740.21000,2720.45159,795.86820,2377.77845,747.27320
2026-09-01 08:25:00,SA1,1491.05000,255.27100,2076.62109,160.82773,1327.61632
2026-09-01 08:25:00,TAS1,1174.21000,0.00000,259.43862,0.00000,259.43862
2026-09-01 08:25:00,VIC1,5560.32000,1281.46837,3979.74626,704.62581,2299.48169
2026-09-01 08:30:00,NSW1,7373.67000,3761.33681,908.72007,3049.00134,908.72007
2026-09-01 08:30:00,QLD1,5701.04000,2791.89901,802.36170,2420.82523,742.42770
2026-09-01 08:30:00,SA1,1471.04000,274.65091,2084.31424,178.60282,1291.14731
2026-09-01 08:30:00,TAS1,1153.90000,0.00000,259.11736,0.00000,259.11736
2026-09-01 08:30:00,VIC1,5437.27000,1327.99013,3986.14743,679.46718,2406.31532
2026-09-01 08:35:00,NSW1,7144.67000,3815.08626,895.12390,3135.96003,895.12390
2026-09-01 08:35:00,QLD1,5679.16000,2852.88781,784.03740,2411.03181,734.32340
2026-09-01 08:35:00,SA1,1439.03000,286.63191,2071.35254,169.84091,1004.30913
2026-09-01 08:35:00,TAS1,1148.84000,0.00000,267.23376,0.00000,267.23376
2026-09-01 08:35:00,VIC1,5351.06000,1347.11524,4115.76329,451.05790,2872.51102
2026-09-01 08:40:00,NSW1,7025.61000,3965.16770,873.95014,3313.95176,873.95014
2026-09-01 08:40:00,QLD1,5640.74000,2898.12849,773.91150,2424.61596,713.69450
2026-09-01 08:40:00,SA1,1436.26000,313.35536,2073.80510,202.23972,1010.83286
2026-09-01 08:40:00,TAS1,1148.35000,0.00000,257.63114,0.00000,257.63114
2026-09-01 08:40:00,VIC1,5252.26000,1357.19654,4109.21941,728.01098,2868.98918
2026-09-01 08:45:00,NSW1,6973.20000,3942.82808,861.17828,3107.93967,861.17828
2026-09-01 08:45:00,QLD1,5552.71000,2877.47203,772.14720,2411.97827,706.58420
2026-09-01 08:45:00,SA1,1436.42000,329.07599,2050.42924,195.48599,1017.07352
2026-09-01 08:45:00,TAS1,1145.24000,0.00000,242.58787,0.00000,242.58787
2026-09-01 08:45:00,VIC1,5158.93000,1378.37411,4080.83389,593.40322,2804.26686
2026-09-01 08:50:00,NSW1,6850.60000,3974.19791,853.62087,3098.77149,853.62087
2026-09-01 08:50:00,QLD1,5496.96000,2988.67477,788.38680,2360.39466,726.09180
2026-09-01 08:50:00,SA1,1423.88000,347.22700,2069.94849,161.39409,980.29812
2026-09-01 08:50:00,TAS1,1143.79000,0.00000,249.15981,0.00000,249.15981
2026-09-01 08:50:00,VIC1,5022.99000,1394.21833,3927.58735,703.61338,2349.26798
2026-09-01 08:55:00,NSW1,6684.65000,4092.35541,828.51916,3411.68716,828.51916
2026-09-01 08:55:00,QLD1,5463.55000,3008.95348,789.80120,2361.43219,721.71820
2026-09-01 08:55:00,SA1,1415.90000,360.55989,2071.70370,178.40717,1023.92856
2026-09-01 08:55:00,TAS1,1131.11000,0.00000,263.38167,0.00000,263.38167
2026-09-01 08:55:00,VIC1,5005.43000,1427.84627,4000.24420,585.42019,2669.89429
2026-09-01 09:00:00,NSW1,6528.94000,4051.56299,818.67563,3355.38435,818.67563
2026-09-01 09:00:00,QLD1,5451.07000,2977.96068,805.15950,2313.75596,725.11050
2026-09-01 09:00:00,SA1,1388.10000,389.43818,2073.22751,174.81645,994.45985
2026-09-01 09:00:00,TAS1,1112.53000,0.00000,246.92659,0.00000,246.92659
2026-09-01 09:00:00,VIC1,4955.18000,1437.20531,3839.03744,641.27565,2645.96678
2026-09-01 09:05:00,NSW1,6439.33000,4126.76426,812.78281,3068.45940,812.78281
2026-09-01 09:05:00,QLD1,5428.10000,2967.33924,791.74270,2306.80788,707.92970
2026-09-01 09:05:00,SA1,1374.77000,411.42817,2056.40052,173.33353,747.41355
2026-09-01 09:05:00,TAS1,1114.33000,0.00000,258.62266,0.00000,258.62266
2026-09-01 09:05:00,VIC1,4810.73000,1451.44954,3855.00821,677.52526,2234.52310
2026-09-01 09:10:00,NSW1,6399.00000,4198.84568,809.37482,3126.46587,809.37482
2026-09-01 09:10:00,QLD1,5421.70000,2939.64771,755.92790,2279.18021,669.34690
2026-09-01 09:10:00,SA1,1414.81000,434.02999,2047.83523,187.29818,848.25643
2026-09-01 09:10:00,TAS1,1098.68000,0.00000,260.42873,0.00000,260.42873
2026-09-01 09:10:00,VIC1,4715.29000,1464.08634,3646.04890,782.53776,2181.60849
2026-09-01 09:15:00,NSW1,6409.11000,4247.62253,823.54360,3478.72581,823.54360
2026-09-01 09:15:00,QLD1,5379.84000,2936.68970,762.18570,2287.50450,672.17570
2026-09-01 09:15:00,SA1,1342.61000,375.50592,2051.58246,178.51610,708.03806
2026-09-01 09:15:00,TAS1,1085.98000,0.00000,252.55665,0.00000,252.55665
2026-09-01 09:15:00,VIC1,4580.06000,1456.86417,3513.20837,678.44999,2221.36838
2026-09-01 09:20:00,NSW1,6138.38000,4144.81577,817.97534,3433.76184,817.97534
2026-09-01 09:20:00,QLD1,5331.52000,3015.21109,719.77110,2309.33745,643.70410
2026-09-01 09:20:00,SA1,1390.20000,294.31110,2061.26545,186.97800,763.41048
2026-09-01 09:20:00,TAS1,1087.22000,0.00000,251.54336,0.00000,251.54336
2026-09-01 09:20:00,VIC1,4500.47000,1463.75797,3415.44256,913.61933,1965.60409
2026-09-01 09:25:00,NSW1,6069.62000,4191.30392,844.05577,3122.07257,844.05577
2026-09-01 09:25:00,QLD1,5189.85000,2946.82990,733.85850,2189.59978,635.82150
2026-09-01 09:25:00,SA1,1296.47000,291.78255,2040.43718,181.06319,738.18443
2026-09-01 09:25:00,TAS1,1092.07000,0.00000,249.26718,0.00000,249.26718
2026-09-01 09:25:00,VIC1,4454.48000,1468.75976,3405.00983,879.57049,1856.86149
2026-09-01 09:30:00,NSW1,6010.08000,4299.16824,828.71842,3222.04493,828.71842
2026-09-01 09:30:00,QLD1,5151.17000,3001.04582,744.95710,2091.87623,653.90672
2026-09-01 09:30:00,SA1,1311.21000,290.97783,2036.72191,110.44500,760.47268
2026-09-01 09:30:00,TAS1,1067.22000,0.00000,247.86380,0.00000,247.86380
2026-09-01 09:30:00,VIC1,4430.51000,1469.14394,3456.24615,890.22873,1744.82178
2026-09-01 09:35:00,NSW1,5976.79000,4305.26736,835.02921,3474.08638,719.04161
2026-09-01 09:35:00,QLD1,5154.51000,2958.84940,753.36810,2270.13796,666.13810
2026-09-01 09:35:00,SA1,1225.44000,279.79845,2050.23518,110.05500,768.51980
2026-09-01 09:35:00,TAS1,1051.43000,0.00000,232.34016,0.00000,232.34016
2026-09-01 09:35:00,VIC1,4323.91000,1469.33542,3424.37139,815.64987,2159.70559
2026-09-01 09:40:00,NSW1,5944.95000,4180.81633,890.23611,3411.58216,774.24851
2026-09-01 09:40:00,QLD1,5048.47000,2950.38947,760.94300,2222.39824,662.47200
2026-09-01 09:40:00,SA1,1196.28000,284.62691,2031.79808,101.65800,539.04261
2026-09-01 09:40:00,TAS1,1084.78000,0.00000,249.94137,0.00000,249.94137
2026-09-01 09:40:00,VIC1,4195.54000,1474.77990,3422.00965,804.54919,1762.20861
2026-09-01 09:45:00,NSW1,5795.01000,4209.72949,909.98348,2958.59477,909.98348
2026-09-01 09:45:00,QLD1,4988.69000,3038.96912,735.19480,2189.67165,629.14662
2026-09-01 09:45:00,SA1,1208.87000,285.92600,2071.18782,101.85100,675.85369
2026-09-01 09:45:00,TAS1,1069.83000,0.00000,265.69509,0.00000,265.69509
2026-09-01 09:45:00,VIC1,4129.12000,1476.98915,3412.76715,891.09132,1395.11213
2026-09-01 09:50:00,NSW1,5792.59000,4306.40912,905.60348,3019.01351,800.19238
2026-09-01 09:50:00,QLD1,4913.34000,2812.79293,698.49780,2167.68712,439.59600
2026-09-01 09:50:00,SA1,1197.98000,285.83309,2045.99373,110.94900,812.66541
2026-09-01 09:50:00,TAS1,1068.74000,0.00000,277.33169,0.00000,277.33169
2026-09-01 09:50:00,VIC1,4146.23000,1480.37795,3411.98838,730.30059,1717.96204
2026-09-01 09:55:00,NSW1,5807.64000,4205.07802,939.12267,3468.92173,840.04777
2026-09-01 09:55:00,QLD1,4802.83000,2842.49894,648.45830,2121.64130,573.97889
2026-09-01 09:55:00,SA1,1095.28000,293.85964,2132.01880,107.27056,727.95179
2026-09-01 09:55:00,TAS1,1066.04000,0.00000,254.91625,0.00000,254.91625
2026-09-01 09:55:00,VIC1,4045.80000,1477.37003,3350.79238,724.30762,1642.20022
2026-09-01 10:00:00,NSW1,5563.05000,4176.13357,964.25125,3365.94094,862.46335
2026-09-01 10:00:00,QLD1,4672.57000,2883.86763,682.68990,2040.57843,537.27232
2026-09-01 10:00:00,SA1,1169.10000,308.24837,2162.83471,9.26000,771.04512
2026-09-01 10:00:00,TAS1,1058.30000,0.00000,253.08213,0.00000,253.08213
2026-09-01 10:00:00,VIC1,3886.68000,1461.47330,3469.53248,809.73362,1567.64010
2026-09-01 10:05:00,NSW1,5549.39000,4312.51767,973.69219,3496.81534,973.69219
2026-09-01 10:05:00,QLD1,4620.72000,2920.48911,671.11700,2074.76987,425.44100
2026-09-01 10:05:00,SA1,1138.19000,328.37827,2169.20742,9.34100,881.15885
2026-09-01 10:05:00,TAS1,1060.69000,0.00000,267.52934,0.00000,267.52934
2026-09-01 10:05:00,VIC1,3833.47000,1475.73246,3417.48977,668.31637,1370.00708
2026-09-01 10:10:00,NSW1,5625.06000,4277.22421,972.58315,3478.49062,874.51335
2026-09-01 10:10:00,QLD1,4597.95000,2887.11508,651.88460,2180.46090,414.19700
2026-09-01 10:10:00,SA1,1188.21000,331.03146,2155.10485,8.12400,800.21855
2026-09-01 10:10:00,TAS1,1061.87000,0.00000,240.56664,0.00000,240.56664
2026-09-01 10:10:00,VIC1,4020.82000,1480.60151,3452.37659,654.58237,1746.24727
2026-09-01 10:15:00,NSW1,5559.36000,4277.67485,973.86268,3368.94955,884.73268
2026-09-01 10:15:00,QLD1,4459.67000,2953.53609,635.18760,2053.78992,375.03177
2026-09-01 10:15:00,SA1,1236.93000,238.84346,2198.53735,7.23000,761.61912
2026-09-01 10:15:00,TAS1,1068.31000,0.00000,249.98566,0.00000,249.98566
2026-09-01 10:15:00,VIC1,3701.78000,1469.16955,3440.72847,718.93152,1585.09278
2026-09-01 10:20:00,NSW1,5364.74000,4264.86537,949.96606,3389.75238,862.00046
2026-09-01 10:20:00,QLD1,4434.96000,2970.37153,569.76050,2064.67579,360.45947
2026-09-01 10:20:00,SA1,1327.51000,173.26191,2200.91453,8.23700,761.36756
2026-09-01 10:20:00,TAS1,1059.47000,0.00000,252.26294,0.00000,252.26294
2026-09-01 10:20:00,VIC1,3730.53000,1467.04260,3622.06140,734.29562,1840.12231
2026-09-01 10:25:00,NSW1,5298.89000,4171.29187,972.43692,3382.24236,874.36712
2026-09-01 10:25:00,QLD1,4402.55000,2905.94609,555.34450,1960.04314,340.10625
2026-09-01 10:25:00,SA1,1372.17000,173.05718,2220.60568,9.14800,806.40252
2026-09-01 10:25:00,TAS1,1056.05000,0.00000,264.72358,0.00000,264.72358
2026-09-01 10:25:00,VIC1,3656.83000,1463.28721,3844.45943,598.76414,1773.74914
2026-09-01 10:30:00,NSW1,5226.18000,4279.60432,957.88627,3354.21252,870.80577
2026-09-01 10:30:00,QLD1,4394.69000,2874.76219,548.02900,2158.93385,247.03700
2026-09-01 10:30:00,SA1,1400.07000,151.11818,2219.56664,7.83300,850.62212
2026-09-01 10:30:00,TAS1,1045.15000,0.00000,257.86723,0.00000,257.86723
2026-09-01 10:30:00,VIC1,3581.28000,1460.67885,4119.45625,550.50682,1905.01111
2026-09-01 10:35:00,NSW1,5110.71000,4273.08689,984.19071,3332.75958,885.02601
2026-09-01 10:35:00,QLD1,4341.56000,2807.14367,547.89300,2006.42750,242.47200
2026-09-01 10:35:00,SA1,1414.48000,156.87391,2202.42563,8.94100,834.65708
2026-09-01 10:35:00,TAS1,1045.42000,0.00000,278.43085,0.00000,275.21040
2026-09-01 10:35:00,VIC1,3720.21000,1455.55332,4197.03387,527.75031,2024.26031
2026-09-01 10:40:00,NSW1,5074.83000,4281.66281,1004.47275,3366.36634,905.59985
2026-09-01 10:40:00,QLD1,4277.28000,2758.75328,530.53250,1874.54376,341.88058
2026-09-01 10:40:00,SA1,1499.11000,191.13754,2227.00581,8.83900,912.96133
2026-09-01 10:40:00,TAS1,1036.84000,0.00000,279.40293,0.00000,269.63081
2026-09-01 10:40:00,VIC1,3805.43000,1452.69236,4190.07585,535.21286,2026.33118
2026-09-01 10:45:00,NSW1,4901.34000,4270.43601,1007.73167,3325.25505,907.50747
2026-09-01 10:45:00,QLD1,4248.42000,2876.36344,468.30910,1911.96942,292.58371
2026-09-01 10:45:00,SA1,1504.16000,212.18745,2217.54127,8.18900,922.18667
2026-09-01 10:45:00,TAS1,1038.10000,0.00000,289.50870,0.00000,263.73273
2026-09-01 10:45:00,VIC1,3783.66000,1448.59677,4248.24419,625.04080,1872.31414
2026-09-01 10:50:00,NSW1,4889.18000,4283.07464,1032.78728,3329.77390,933.97268
2026-09-01 10:50:00,QLD1,4208.84000,2778.11792,439.26770,1795.25755,207.43180
2026-09-01 10:50:00,SA1,1486.51000,289.87427,2233.58024,7.30500,933.98164
2026-09-01 10:50:00,TAS1,1022.10000,0.00000,283.52238,0.00000,243.43041
2026-09-01 10:50:00,VIC1,3800.38000,1445.40186,4242.18519,598.33773,1867.41212
2026-09-01 10:55:00,NSW1,4882.59000,4265.85203,1068.16464,3296.08081,969.29174
2026-09-01 10:55:00,QLD1,4295.08000,2995.61808,426.64870,1743.11643,203.88700
2026-09-01 10:55:00,SA1,1476.72000,270.93801,2219.28591,6.95900,933.23898
2026-09-01 10:55:00,TAS1,1022.58000,0.00000,272.06227,0.00000,240.54961
2026-09-01 10:55:00,VIC1,3746.63000,1444.79024,3999.63946,557.48413,1728.62854
2026-09-01 11:00:00,NSW1,4800.59000,4263.49934,1118.57231,3297.07365,1016.49431
2026-09-01 11:00:00,QLD1,4305.26000,2785.61054,427.31640,1701.14006,191.31650
2026-09-01 11:00:00,SA1,1472.08000,272.03373,2235.72886,7.35600,931.12920
2026-09-01 11:00:00,TAS1,1017.64000,0.00000,291.88222,0.00000,243.27485
2026-09-01 11:00:00,VIC1,3689.91000,1433.86592,3988.58802,698.23681,1701.65138
2026-09-01 11:05:00,NSW1,4750.25000,4223.15228,1139.76215,3315.94125,1036.23545
2026-09-01 11:05:00,QLD1,4273.27000,2746.46284,382.80640,1770.33366,175.32628
2026-09-01 11:05:00,SA1,1416.85000,361.24809,2217.89571,7.25500,930.80537
2026-09-01 11:05:00,TAS1,1016.50000,0.00000,274.11743,0.00000,239.17366
2026-09-01 11:05:00,VIC1,3653.72000,1430.63091,3989.78162,689.44881,1796.34180
2026-09-01 11:10:00,NSW1,4841.72000,4246.55516,1173.92297,3401.36028,1070.39627
2026-09-01 11:10:00,QLD1,4450.19000,2664.95509,378.35990,1815.72687,184.12300
2026-09-01 11:10:00,SA1,1380.59000,333.10581,2236.43632,7.62300,932.71463
2026-09-01 11:10:00,TAS1,1002.01000,0.00000,269.97099,0.00000,257.21182
2026-09-01 11:10:00,VIC1,3833.34000,1433.55357,3995.67073,634.05926,1869.23586
2026-09-01 11:15:00,NSW1,4797.21000,4127.71695,1168.21523,3287.63242,1067.30473
2026-09-01 11:15:00,QLD1,4427.98000,2664.42073,367.82700,1854.81228,156.23700
2026-09-01 11:15:00,SA1,1357.08000,315.99100,2266.22957,7.32300,945.23475
2026-09-01 11:15:00,TAS1,988.30000,0.00000,270.88103,0.00000,232.50369
2026-09-01 11:15:00,VIC1,3833.12000,1430.20956,3973.07551,681.29947,1902.91482
2026-09-01 11:20:00,NSW1,4697.79000,4080.79330,1230.01892,3256.16703,1126.44122
2026-09-01 11:20:00,QLD1,4432.56000,2668.16087,330.05820,1771.63551,153.62895
2026-09-01 11:20:00,SA1,1323.33000,261.91927,2221.68883,7.14600,913.80269
2026-09-01 11:20:00,TAS1,980.19000,0.00000,307.16911,0.00000,199.15602
2026-09-01 11:20:00,VIC1,3428.70000,1424.37635,4165.41391,644.63159,1662.20762
2026-09-01 11:25:00,NSW1,4815.47000,4215.53643,1252.73851,3270.38538,1151.82801
2026-09-01 11:25:00,QLD1,4567.51000,2610.85549,333.01510,1800.41400,164.49700
2026-09-01 11:25:00,SA1,1294.20000,339.51582,2287.45780,7.74200,962.14112
2026-09-01 11:25:00,TAS1,953.75000,0.00000,265.51607,0.00000,244.23850
2026-09-01 11:25:00,VIC1,3734.36000,1422.07899,3968.25319,604.52093,1894.65106
2026-09-01 11:30:00,NSW1,4719.81000,4135.13696,1285.87612,3057.12231,1159.22412
2026-09-01 11:30:00,QLD1,4550.93000,2791.88180,322.64170,1893.83727,160.73900
2026-09-01 11:30:00,SA1,1282.14000,321.65273,2295.99976,7.37000,828.27863
2026-09-01 11:30:00,TAS1,951.30000,0.00000,268.59286,0.00000,230.06943
2026-09-01 11:30:00,VIC1,3699.80000,1417.76073,3929.53134,707.69057,1780.09468
2026-09-01 11:35:00,NSW1,4807.81000,4175.05732,1288.19606,3173.37879,1185.71846
2026-09-01 11:35:00,QLD1,4569.70000,2722.44596,326.17840,1873.66811,162.99200
2026-09-01 11:35:00,SA1,1254.53000,326.05964,2270.79901,7.57100,939.43426
2026-09-01 11:35:00,TAS1,945.08000,0.00000,320.07105,0.00000,229.20273
2026-09-01 11:35:00,VIC1,3597.80000,1414.89714,3862.49704,697.25274,1679.74115
2026-09-01 11:40:00,NSW1,4683.80000,4133.56736,1336.50201,3238.09893,1228.24691
2026-09-01 11:40:00,QLD1,4676.71000,2572.28194,337.19770,1735.08455,219.73175
2026-09-01 11:40:00,SA1,1254.57000,331.02436,2238.94062,7.97300,939.73310
2026-09-01 11:40:00,TAS1,938.36000,0.00000,272.08676,0.00000,211.51843
2026-09-01 11:40:00,VIC1,3456.66000,1412.02843,4012.50164,669.43840,1567.19057
2026-09-01 11:45:00,NSW1,4576.97000,3975.77632,1242.21275,3159.82993,1151.21915
2026-09-01 11:45:00,QLD1,4563.92000,2481.13410,320.60490,1610.96552,216.77918
2026-09-01 11:45:00,SA1,1222.33000,336.99482,2258.41830,7.93100,897.15865
2026-09-01 11:45:00,TAS1,961.53000,0.00000,271.02295,0.00000,214.57913
2026-09-01 11:45:00,VIC1,3411.26000,1413.93992,4123.13776,606.81080,1754.87187
2026-09-01 11:50:00,NSW1,4570.59000,3973.82193,1262.64898,3204.82691,1168.20998
2026-09-01 11:50:00,QLD1,4629.42000,2418.40426,303.90160,1641.88803,154.74300
2026-09-01 11:50:00,SA1,1221.28000,360.10017,2316.99198,8.34000,905.56474
2026-09-01 11:50:00,TAS1,939.42000,0.00000,271.40800,0.00000,233.57869
2026-09-01 11:50:00,VIC1,3385.57000,1411.06958,4154.85404,511.48884,1801.37584
2026-09-01 11:55:00,NSW1,4515.33000,4129.56677,1261.94122,3216.25308,1166.04842
2026-09-01 11:55:00,QLD1,4634.15000,2553.70981,256.03900,1690.00072,127.13748
2026-09-01 11:55:00,SA1,1178.00000,338.96364,2303.31601,9.22200,880.73653
2026-09-01 11:55:00,TAS1,946.94000,0.00000,280.39400,0.00000,235.58490
2026-09-01 11:55:00,VIC1,3332.70000,1397.51933,4161.99208,560.69834,1800.37888
2026-09-01 12:00:00,NSW1,4426.61000,4054.18789,1280.21469,3174.09576,1183.32853
2026-09-01 12:00:00,QLD1,4627.35000,2506.59127,269.63390,1754.55333,161.38690
2026-09-01 12:00:00,SA1,1127.39000,316.96464,2299.10763,9.48200,885.22273
2026-09-01 12:00:00,TAS1,951.08000,0.00000,277.34468,0.00000,233.94303
2026-09-01 12:00:00,VIC1,3300.84000,1390.63602,4132.58342,559.42893,1788.78193
2026-09-01 12:05:00,NSW1,4508.98000,4157.74817,1300.97409,3157.38260,1215.50979
2026-09-01 12:05:00,QLD1,4636.02000,2551.95929,269.36900,1821.24551,113.84000
2026-09-01 12:05:00,SA1,1079.88000,312.13255,2296.36795,9.57300,894.20719
2026-09-01 12:05:00,TAS1,954.54000,0.00000,276.69879,0.00000,236.87876
2026-09-01 12:05:00,VIC1,3295.65000,1387.00695,4153.10744,560.74488,1806.73776
2026-09-01 12:10:00,NSW1,4404.60000,4109.46312,1292.51335,3096.64773,1205.87405
2026-09-01 12:10:00,QLD1,4695.25000,2560.10171,257.00050,1809.11828,113.79100
2026-09-01 12:10:00,SA1,981.79000,297.79083,2289.74203,10.00000,832.41695
2026-09-01 12:10:00,TAS1,962.66000,0.00000,282.45487,0.00000,230.90642
2026-09-01 12:10:00,VIC1,3352.09000,1387.22302,4133.40918,524.58186,1799.38521
2026-09-01 12:15:00,NSW1,4590.75000,4170.70871,1312.32240,3184.78612,1230.11768
2026-09-01 12:15:00,QLD1,4722.54000,2609.24042,256.76980,1692.43897,110.63535
2026-09-01 12:15:00,SA1,884.30000,305.85854,2267.32678,9.23000,783.14015
2026-09-01 12:15:00,TAS1,955.69000,0.00000,293.32654,0.00000,231.95009
2026-09-01 12:15:00,VIC1,3367.34000,1384.96417,4151.44027,519.96353,1810.56315
2026-09-01 12:20:00,NSW1,4497.42000,4154.96342,1312.74378,3159.28503,1238.53748
2026-09-01 12:20:00,QLD1,4641.14000,2742.86097,240.79680,1848.42171,100.97700
2026-09-01 12:20:00,SA1,840.89000,306.35772,2279.98788,9.27000,767.24265
2026-09-01 12:20:00,TAS1,948.44000,0.00000,285.32826,0.00000,232.28047
2026-09-01 12:20:00,VIC1,3366.10000,1381.04553,4113.08985,554.75379,1596.50643
2026-09-01 12:25:00,NSW1,4479.01000,4101.77550,1338.14240,3035.50715,1257.82930
2026-09-01 12:25:00,QLD1,4632.79000,2686.35616,249.25530,1782.46168,106.00800
2026-09-01 12:25:00,SA1,801.51000,310.74182,2258.01060,9.14400,758.00713
2026-09-01 12:25:00,TAS1,993.80000,0.00000,287.07255,0.00000,247.63889
2026-09-01 12:25:00,VIC1,3556.95000,1392.89076,4361.05926,692.97288,1709.54097
2026-09-01 12:30:00,NSW1,4518.26000,4104.75481,1399.36343,3060.06559,1330.26133
2026-09-01 12:30:00,QLD1,4687.32000,2714.31895,267.57380,1985.80206,108.26700
2026-09-01 12:30:00,SA1,764.04000,308.41718,2247.43494,7.54000,773.12916
2026-09-01 12:30:00,TAS1,990.76000,0.00000,264.27364,0.00000,240.38132
2026-09-01 12:30:00,VIC1,3596.34000,1393.51790,4360.13177,589.60376,1474.86837
2026-09-01 12:35:00,NSW1,4485.83000,4098.82463,1453.75809,3025.77155,1360.30123
2026-09-01 12:35:00,QLD1,4628.11000,2719.45871,255.17100,1925.16272,136.59449
2026-09-01 12:35:00,SA1,751.94000,321.41254,2218.80385,7.37000,777.65315
2026-09-01 12:35:00,TAS1,981.15000,0.00000,293.59820,0.00000,239.58105
2026-09-01 12:35:00,VIC1,3624.16000,1399.78118,4339.93629,680.87443,1472.53537
2026-09-01 12:40:00,NSW1,4422.91000,4128.69891,1503.77530,3075.67031,1377.92491
2026-09-01 12:40:00,QLD1,4570.40000,2567.46087,256.91880,1721.11726,162.33480
2026-09-01 12:40:00,SA1,765.93000,318.73438,2250.09218,7.98200,769.04146
2026-09-01 12:40:00,TAS1,935.65000,0.00000,361.95027,0.00000,229.98393
2026-09-01 12:40:00,VIC1,3618.15000,1393.36805,4325.69940,590.19612,1658.82658
2026-09-01 12:45:00,NSW1,4442.50000,4049.29590,1511.53789,2882.20388,1370.53379
2026-09-01 12:45:00,QLD1,4557.00000,2545.83073,248.25100,1656.07161,140.52813
2026-09-01 12:45:00,SA1,829.99000,324.99973,2235.19451,6.00000,780.01633
2026-09-01 12:45:00,TAS1,940.06000,0.00000,311.35907,0.00000,232.64960
2026-09-01 12:45:00,VIC1,3648.33000,1396.64149,4352.08244,594.18266,2032.40717
2026-09-01 12:50:00,NSW1,4400.66000,4087.67584,1518.12153,2592.68603,1385.46733
2026-09-01 12:50:00,QLD1,4530.17000,2615.50278,263.48400,1697.73295,184.75147
2026-09-01 12:50:00,SA1,922.82000,323.31817,2128.46055,9.97300,791.12334
2026-09-01 12:50:00,TAS1,940.00000,0.00000,291.43018,0.00000,233.69412
2026-09-01 12:50:00,VIC1,3355.15000,1396.09742,4059.22158,694.91554,1751.31938
2026-09-01 12:55:00,NSW1,4382.29000,4005.87162,1539.89582,2915.55348,1387.17361
2026-09-01 12:55:00,QLD1,4526.65000,2534.92084,268.82040,1624.09631,185.59997
2026-09-01 12:55:00,SA1,985.54000,315.21899,2202.85000,10.00000,797.00117
2026-09-01 12:55:00,TAS1,955.18000,0.00000,283.40148,0.00000,230.86431
2026-09-01 12:55:00,VIC1,3323.85000,1401.26287,4044.60697,561.48137,1738.85530
2026-09-01 13:00:00,NSW1,4396.62000,4075.29485,1551.99585,2524.72211,1394.02475
2026-09-01 13:00:00,QLD1,4561.12000,2487.99565,293.80120,1628.89887,217.27295
2026-09-01 13:00:00,SA1,1066.54000,322.22045,2190.94619,10.00000,810.19719
2026-09-01 13:00:00,TAS1,968.89000,0.00000,280.83642,0.00000,233.22111
2026-09-01 13:00:00,VIC1,3300.86000,1402.76467,4054.00695,728.38539,2017.90566
2026-09-01 13:05:00,NSW1,4493.57000,4022.92673,1566.88293,2739.07988,1418.81353
2026-09-01 13:05:00,QLD1,4575.85000,2522.78246,283.27230,1593.73025,142.60745
2026-09-01 13:05:00,SA1,1154.27000,314.57426,2185.52318,20.01200,796.97330
2026-09-01 13:05:00,TAS1,974.84000,0.00000,277.15048,0.00000,252.46082
2026-09-01 13:05:00,VIC1,3497.33000,1376.53742,3981.84452,663.86037,2064.59507
2026-09-01 13:10:00,NSW1,4515.15000,3968.85531,1581.89744,2775.45741,1440.24364
2026-09-01 13:10:00,QLD1,4580.14000,2390.91361,255.33600,1468.79597,134.30122
2026-09-01 13:10:00,SA1,1174.73000,460.33011,2231.91350,9.55000,807.04151
2026-09-01 13:10:00,TAS1,978.46000,0.00000,281.29878,0.00000,239.80706
2026-09-01 13:10:00,VIC1,3304.52000,1409.12682,3990.79077,731.66597,1878.74437
2026-09-01 13:15:00,NSW1,4499.15000,4045.01236,1562.50191,2869.66121,1394.32486
2026-09-01 13:15:00,QLD1,4608.54000,2291.16356,212.80520,1448.99374,160.55497
2026-09-01 13:15:00,SA1,1158.86000,460.60482,2186.38914,9.00900,800.02397
2026-09-01 13:15:00,TAS1,977.90000,0.00000,372.35493,0.00000,239.78012
2026-09-01 13:15:00,VIC1,3281.15000,1412.74374,4001.04819,766.50272,1838.41284
2026-09-01 13:20:00,NSW1,4471.16000,3917.37594,1574.73304,2995.95772,1437.34441
2026-09-01 13:20:00,QLD1,4655.53000,2357.48253,252.16900,1418.24533,179.27441
2026-09-01 13:20:00,SA1,1176.15000,462.24400,2195.48201,9.49400,797.78966
2026-09-01 13:20:00,TAS1,966.12000,0.00000,373.87306,0.00000,231.38132
2026-09-01 13:20:00,VIC1,3281.24000,1405.01248,3978.28248,733.70979,1694.43672
2026-09-01 13:25:00,NSW1,4523.58000,3879.74566,1565.53507,2918.51834,1375.25746
2026-09-01 13:25:00,QLD1,4625.97000,2320.14541,256.88860,1476.58410,197.86640
2026-09-01 13:25:00,SA1,1154.56000,483.58655,2162.90346,19.53700,815.02438
2026-09-01 13:25:00,TAS1,965.36000,0.00000,294.24558,0.00000,261.10011
2026-09-01 13:25:00,VIC1,3301.76000,1392.76122,3980.05683,580.93828,2026.16868
2026-09-01 13:30:00,NSW1,4594.32000,4060.05948,1582.59759,3034.25551,1391.56771
2026-09-01 13:30:00,QLD1,4743.59000,2509.60788,258.22950,1619.91615,213.55192
2026-09-01 13:30:00,SA1,1141.94000,433.31674,2174.28153,10.00000,818.79545
2026-09-01 13:30:00,TAS1,962.38000,0.00000,277.93497,0.00000,230.35593
2026-09-01 13:30:00,VIC1,3309.95000,1391.34454,3997.65593,677.28872,1882.00490
2026-09-01 13:35:00,NSW1,4654.83000,3908.82423,1587.92377,2975.29483,1436.29249
2026-09-01 13:35:00,QLD1,4698.21000,2454.51659,241.99390,1627.49204,177.84912
2026-09-01 13:35:00,SA1,1136.23000,379.40081,2148.73868,10.00000,809.32169
2026-09-01 13:35:00,TAS1,964.94000,0.00000,297.95841,0.00000,258.67556
2026-09-01 13:35:00,VIC1,3379.13000,1423.58889,3957.81590,644.87603,1981.30736
2026-09-01 13:40:00,NSW1,4634.13000,3969.73867,1582.95316,3033.10924,1381.14177
2026-09-01 13:40:00,QLD1,4716.11000,2521.91605,283.90210,1604.35760,187.12062
2026-09-01 13:40:00,SA1,1180.90000,449.08027,2156.63732,26.46700,811.05713
2026-09-01 13:40:00,TAS1,955.06000,0.00000,272.81209,0.00000,246.86371
2026-09-01 13:40:00,VIC1,3382.58000,1428.27255,3917.20698,634.53548,1915.41703
2026-09-01 13:45:00,NSW1,4584.24000,3945.72021,1582.43951,3093.07352,1554.73950
2026-09-01 13:45:00,QLD1,4702.97000,2435.66138,265.25610,1603.84070,198.15977
2026-09-01 13:45:00,SA1,1189.15000,354.70899,2116.14847,9.69100,781.07757
2026-09-01 13:45:00,TAS1,940.68000,0.00000,276.34583,0.00000,231.37334
2026-09-01 13:45:00,VIC1,3382.47000,1452.90042,3940.16632,532.90641,1878.02833
2026-09-01 13:50:00,NSW1,4708.62000,3786.67848,1524.53697,2984.89264,1445.46727
2026-09-01 13:50:00,QLD1,4754.19000,2397.39542,244.55630,1568.94002,167.60990
2026-09-01 13:50:00,SA1,1258.84000,339.43354,2118.13991,26.13800,801.81163
2026-09-01 13:50:00,TAS1,939.79000,0.00000,359.07640,0.00000,333.32203
2026-09-01 13:50:00,VIC1,3413.34000,1426.65931,3927.61194,641.27076,2066.73007
2026-09-01 13:55:00,NSW1,4640.10000,3823.21530,1527.48747,3101.36240,1497.52110
2026-09-01 13:55:00,QLD1,4796.80000,2467.61327,235.45600,1629.36262,199.43389
2026-09-01 13:55:00,SA1,1253.00000,339.26253,2021.53122,25.59300,773.00769
2026-09-01 13:55:00,TAS1,963.71000,0.00000,299.45071,0.00000,273.99468
2026-09-01 13:55:00,VIC1,3340.31000,1386.44743,3866.92698,584.28752,2066.63210
2026-09-01 14:00:00,NSW1,4764.82000,3963.14693,1544.51468,3071.29695,1468.78358
2026-09-01 14:00:00,QLD1,4763.33000,2232.63739,231.76140,1541.08926,207.63840
2026-09-01 14:00:00,SA1,1267.16000,343.85946,2108.53375,7.93800,786.10081
2026-09-01 14:00:00,TAS1,950.31000,0.00000,373.70496,0.00000,292.74397
2026-09-01 14:00:00,VIC1,3310.68000,1353.49125,3841.02101,642.43127,1681.70496
2026-09-01 14:05:00,NSW1,4755.95000,3795.42789,1480.14523,3085.06021,1371.67286
2026-09-01 14:05:00,QLD1,4871.46000,2221.02093,222.71130,1693.89275,128.09930
2026-09-01 14:05:00,SA1,1331.72000,288.11436,2177.54248,15.81500,788.06286
2026-09-01 14:05:00,TAS1,952.42000,0.00000,364.08452,0.00000,339.67054
2026-09-01 14:05:00,VIC1,3495.26000,1295.67034,3831.06592,606.95760,2099.67061
2026-09-01 14:10:00,NSW1,4824.65000,3872.30210,1536.94606,3162.97671,1439.49260
2026-09-01 14:10:00,QLD1,4882.47000,2310.28589,203.35680,1581.66263,177.42780
2026-09-01 14:10:00,SA1,1365.55000,273.20064,2146.24502,19.04800,826.66575
2026-09-01 14:10:00,TAS1,967.20000,0.00000,364.33226,0.00000,364.33226
2026-09-01 14:10:00,VIC1,3451.02000,1373.60220,3855.01573,674.42729,1831.55051
2026-09-01 14:15:00,NSW1,4850.68000,3820.84974,1521.89676,3163.99047,1501.24965
2026-09-01 14:15:00,QLD1,4859.71000,2267.97334,217.69480,1651.43199,194.06680
2026-09-01 14:15:00,SA1,1372.25000,275.41172,2123.77591,23.32000,888.27333
2026-09-01 14:15:00,TAS1,956.27000,0.00000,372.66126,0.00000,367.44432
2026-09-01 14:15:00,VIC1,3490.95000,1361.00155,3818.20174,505.28094,1944.82776
2026-09-01 14:20:00,NSW1,4853.27000,3852.88370,1562.62037,3063.75399,1419.66429
2026-09-01 14:20:00,QLD1,4893.77000,2440.47366,194.54350,1760.59602,135.79500
2026-09-01 14:20:00,SA1,1400.15000,182.97272,2078.64498,24.37100,897.35812
2026-09-01 14:20:00,TAS1,966.84000,0.00000,376.32518,0.00000,376.32518
2026-09-01 14:20:00,VIC1,3622.27000,1256.12382,3813.18190,599.56843,2215.78831
2026-09-01 14:25:00,NSW1,5020.83000,3742.83733,1519.37830,3074.04146,1505.58356
2026-09-01 14:25:00,QLD1,4915.81000,2535.86406,208.85690,1798.16583,143.25890
2026-09-01 14:25:00,SA1,1423.76000,168.38363,2043.82899,22.57500,902.17218
2026-09-01 14:25:00,TAS1,959.30000,0.00000,367.62227,0.00000,367.62227
2026-09-01 14:25:00,VIC1,3649.21000,1219.53968,3766.97643,480.77874,1964.09900
2026-09-01 14:30:00,NSW1,5091.15000,3616.05364,1502.21312,3022.29753,1403.48532
2026-09-01 14:30:00,QLD1,4915.91000,2361.77825,208.61960,1711.70820,167.84460
2026-09-01 14:30:00,SA1,1469.91000,160.59391,2027.09381,18.21000,960.85667
2026-09-01 14:30:00,TAS1,958.10000,0.00000,377.48639,0.00000,377.48639
2026-09-01 14:30:00,VIC1,3734.48000,1209.59921,3772.39806,706.56715,2091.85410
2026-09-01 14:35:00,NSW1,5134.94000,3838.30398,1491.35832,3084.68161,1346.47018
2026-09-01 14:35:00,QLD1,4926.55000,2401.13588,238.29500,1548.32806,153.95000
2026-09-01 14:35:00,SA1,1459.89000,121.19818,2000.86329,13.12900,927.68984
2026-09-01 14:35:00,TAS1,975.32000,0.00000,368.45780,0.00000,368.45780
2026-09-01 14:35:00,VIC1,3800.32000,1198.58999,3710.17769,711.06610,2055.33657
2026-09-01 14:40:00,NSW1,5162.26000,3713.38752,1522.14322,2957.13535,1427.38973
2026-09-01 14:40:00,QLD1,4969.65000,2389.91944,225.21980,1642.57093,111.74000
2026-09-01 14:40:00,SA1,1435.30000,120.49300,1933.68986,22.10100,993.16735
2026-09-01 14:40:00,TAS1,992.42000,0.00000,367.27408,0.00000,367.27408
2026-09-01 14:40:00,VIC1,3834.97000,1136.98079,3761.94166,608.07969,2241.47712
2026-09-01 14:45:00,NSW1,5324.53000,3648.70382,1542.25320,3052.23213,1440.13779
2026-09-01 14:45:00,QLD1,4990.44000,2406.26884,267.68490,1687.20396,121.70500
2026-09-01 14:45:00,SA1,1471.12000,130.58309,1973.24884,22.39300,971.04372
2026-09-01 14:45:00,TAS1,994.06000,0.00000,369.70200,0.00000,369.70200
2026-09-01 14:45:00,VIC1,3909.75000,1150.80511,3771.11487,489.53273,2199.36813
2026-09-01 14:50:00,NSW1,5448.70000,3623.80001,1505.08053,3053.83496,1378.77100
2026-09-01 14:50:00,QLD1,4969.52000,2343.54564,293.94900,1732.60156,116.97300
2026-09-01 14:50:00,SA1,1470.37000,114.86372,1960.02040,36.42754,963.66465
2026-09-01 14:50:00,TAS1,990.71000,0.00000,365.54110,0.00000,365.54110
2026-09-01 14:50:00,VIC1,4017.66000,1169.65627,3776.79239,694.73896,2055.03021
2026-09-01 14:55:00,NSW1,5439.06000,3641.86591,1547.54418,2942.24479,1462.41948
2026-09-01 14:55:00,QLD1,5051.59000,2200.58121,293.02700,1587.69980,128.33300
2026-09-01 14:55:00,SA1,1470.84000,111.11536,1980.04483,31.89427,1051.93693
2026-09-01 14:55:00,TAS1,991.90000,0.00000,368.73568,0.00000,368.73568
2026-09-01 14:55:00,VIC1,4133.17000,1142.90066,3749.01302,604.82994,2131.80806
2026-09-01 15:00:00,NSW1,5629.15000,3559.38558,1517.02998,2810.94262,1431.10878
2026-09-01 15:00:00,QLD1,5050.05000,2202.87070,275.32700,1548.92465,118.54500
2026-09-01 15:00:00,SA1,1473.68000,113.24081,1931.23729,28.77736,1240.66758
2026-09-01 15:00:00,TAS1,998.70000,0.00000,367.45656,0.00000,367.45656
2026-09-01 15:00:00,VIC1,4341.32000,1214.99150,3757.49699,663.90448,2168.43797
2026-09-01 15:05:00,NSW1,5722.88000,3837.13195,1499.08646,2935.37435,1405.23401
2026-09-01 15:05:00,QLD1,5021.97000,2133.11537,250.70660,1541.79682,107.54300
2026-09-01 15:05:00,SA1,1530.28000,118.09836,1871.14878,55.32964,1092.12502
2026-09-01 15:05:00,TAS1,1006.74000,0.00000,355.92804,0.00000,355.92804
2026-09-01 15:05:00,VIC1,4474.44000,1211.22650,3776.09962,743.39714,2248.72139
2026-09-01 15:10:00,NSW1,5723.91000,3621.45974,1506.34756,2981.58194,1420.42636
2026-09-01 15:10:00,QLD1,5092.56000,2390.43891,233.17710,1647.34186,96.28700
2026-09-01 15:10:00,SA1,1535.32000,140.00400,1826.48201,74.46473,985.05840
2026-09-01 15:10:00,TAS1,1009.02000,0.00000,355.77998,0.00000,355.77998
2026-09-01 15:10:00,VIC1,4524.81000,1182.39248,3757.92216,697.98832,2327.81973
2026-09-01 15:15:00,NSW1,5776.81000,3588.23257,1506.25171,2921.05845,1425.67961
2026-09-01 15:15:00,QLD1,5137.81000,2355.54893,231.82710,1662.29626,88.40300
2026-09-01 15:15:00,SA1,1552.75000,134.70227,1878.57818,74.13118,960.82505
2026-09-01 15:15:00,TAS1,1006.15000,0.00000,345.07930,0.00000,345.07930
2026-09-01 15:15:00,VIC1,4639.22000,1117.81920,3652.98612,683.09475,2471.37791
2026-09-01 15:20:00,NSW1,5910.76000,3434.44417,1499.74335,2825.61356,1413.82215
2026-09-01 15:20:00,QLD1,5212.86000,2200.35712,234.97190,1635.53257,96.10200
2026-09-01 15:20:00,SA1,1597.21000,134.28346,1817.36923,80.82282,991.06263
2026-09-01 15:20:00,TAS1,1006.54000,0.00000,357.79878,0.00000,357.79878
2026-09-01 15:20:00,VIC1,4757.54000,1209.11086,3927.01924,753.27107,2643.25461
2026-09-01 15:25:00,NSW1,6089.79000,3804.76055,1496.25047,2973.83485,1401.63017
2026-09-01 15:25:00,QLD1,5278.67000,2053.70634,237.75310,1674.51741,93.24300
2026-09-01 15:25:00,SA1,1615.83000,112.93382,1808.65544,70.84836,1061.33156
2026-09-01 15:25:00,TAS1,982.81000,0.00000,351.40112,0.00000,351.40112
2026-09-01 15:25:00,VIC1,4924.62000,1207.58256,3942.91936,677.53809,2708.25537
2026-09-01 15:30:00,NSW1,6178.35000,3541.06770,1481.59325,2898.87461,1390.78885
2026-09-01 15:30:00,QLD1,5334.43000,2039.80809,236.68800,1701.70937,101.29410
2026-09-01 15:30:00,SA1,1611.81000,101.20982,1856.36010,69.42173,1219.46980
2026-09-01 15:30:00,TAS1,985.15000,0.00000,339.32093,0.00000,339.32093
2026-09-01 15:30:00,VIC1,4965.99000,1213.63422,3926.63845,717.26363,2690.57620
2026-09-01 15:35:00,NSW1,6169.61000,3470.65879,1460.70639,2996.57465,1455.36800
2026-09-01 15:35:00,QLD1,5395.51000,2091.37034,232.01300,1790.03481,110.29900
2026-09-01 15:35:00,SA1,1623.52000,90.13182,1873.79658,54.91891,1242.90885
2026-09-01 15:35:00,TAS1,983.93000,0.00000,339.89777,0.00000,339.89777
2026-09-01 15:35:00,VIC1,4997.92000,1242.14522,3524.11460,728.95360,2415.44850
2026-09-01 15:40:00,NSW1,6230.29000,3639.53914,1434.79115,3010.24864,1419.30052
2026-09-01 15:40:00,QLD1,5482.99000,2033.02138,253.96850,1829.61968,135.38450
2026-09-01 15:40:00,SA1,1616.98000,91.72709,1889.47123,64.21427,1238.34833
2026-09-01 15:40:00,TAS1,983.39000,0.00000,337.93914,0.00000,337.93914
2026-09-01 15:40:00,VIC1,5064.16000,1175.99054,3463.67365,749.24746,2397.23176
2026-09-01 15:45:00,NSW1,6396.61000,3447.74071,1414.73105,2902.67735,1413.58215
2026-09-01 15:45:00,QLD1,5592.82000,2007.87626,247.79400,1859.39444,135.37189
2026-09-01 15:45:00,SA1,1613.71000,71.38082,1818.76287,46.37791,1231.95802
2026-09-01 15:45:00,TAS1,984.56000,0.00000,350.55100,0.00000,350.55100
2026-09-01 15:45:00,VIC1,5048.12000,1132.49851,3538.92242,645.02111,2713.07759
2026-09-01 15:50:00,NSW1,6507.49000,3424.54301,1383.53849,2857.35938,1373.66141
2026-09-01 15:50:00,QLD1,5640.21000,1987.76769,256.03500,1871.09324,182.96834
2026-09-01 15:50:00,SA1,1631.92000,62.29328,1861.76057,40.12228,1238.57912
2026-09-01 15:50:00,TAS1,981.82000,0.00000,350.45788,0.00000,350.45788
2026-09-01 15:50:00,VIC1,5097.79000,1014.49087,3554.42385,638.06087,2951.46616
2026-09-01 15:55:00,NSW1,6658.87000,3286.19544,1411.80591,2796.55105,1410.42311
2026-09-01 15:55:00,QLD1,5689.66000,2086.38288,238.52260,2011.96902,191.17860
2026-09-01 15:55:00,SA1,1636.93000,54.47836,1825.30293,34.59436,1247.59533
2026-09-01 15:55:00,TAS1,1003.10000,0.00000,363.04834,0.00000,363.04834
2026-09-01 15:55:00,VIC1,5136.46000,979.45246,3534.65728,671.62746,2885.56029
2026-09-01 16:00:00,NSW1,6740.42000,3068.32589,1392.09991,2649.62602,1392.09991
2026-09-01 16:00:00,QLD1,5874.05000,2081.97788,246.65570,2013.09472,142.19270
2026-09-01 16:00:00,SA1,1635.76000,48.96755,1810.92942,33.71555,1382.93182
2026-09-01 16:00:00,TAS1,1012.42000,0.00000,359.56655,0.00000,359.56655
2026-09-01 16:00:00,VIC1,5416.14000,968.67320,3578.62185,708.04520,3187.04747
2026-09-01 16:05:00,NSW1,6900.57000,3137.47336,1374.92121,2691.49737,1371.97224
2026-09-01 16:05:00,QLD1,5920.86000,2000.26842,237.40010,1954.81052,177.60010
2026-09-01 16:05:00,SA1,1656.67000,49.62691,1727.08313,37.08791,1444.48389
2026-09-01 16:05:00,TAS1,1009.93000,0.00000,370.00618,0.00000,370.00618
2026-09-01 16:05:00,VIC1,5501.25000,930.24197,3524.13757,696.61097,3083.63228
2026-09-01 16:10:00,NSW1,7020.53000,3202.00988,1344.03344,2781.91433,1334.06718
2026-09-01 16:10:00,QLD1,5964.67000,1999.13951,239.16150,1969.82949,173.69150
2026-09-01 16:10:00,SA1,1644.81000,42.89036,1759.54018,29.34036,1488.20558
2026-09-01 16:10:00,TAS1,1016.49000,0.00000,371.96636,0.00000,371.96636
2026-09-01 16:10:00,VIC1,5549.49000,929.71052,3449.68600,705.03952,2989.86231
2026-09-01 16:15:00,NSW1,7158.26000,3104.23211,1350.72213,2683.65718,1346.78154
2026-09-01 16:15:00,QLD1,5986.26000,2020.87373,244.90350,1992.73106,184.48850
2026-09-01 16:15:00,SA1,1674.94000,31.49091,1701.23037,23.20091,1330.81610
2026-09-01 16:15:00,TAS1,1027.97000,0.00000,372.31110,0.00000,372.31110
2026-09-01 16:15:00,VIC1,5550.83000,928.60137,3398.27121,710.17537,3001.55166
2026-09-01 16:20:00,NSW1,7274.52000,2653.38907,1326.68951,2390.94362,1326.68951
2026-09-01 16:20:00,QLD1,6128.48000,1965.34920,265.63830,1922.25029,265.63830
2026-09-01 16:20:00,SA1,1668.18000,19.88818,1633.63885,11.09418,1320.92358
2026-09-01 16:20:00,TAS1,1041.47000,0.00000,368.85709,0.00000,368.85709
2026-09-01 16:20:00,VIC1,5611.16000,812.16591,3307.58946,668.07791,3095.02212
2026-09-01 16:25:00,NSW1,7441.04000,2775.73012,1305.46298,2498.55122,1305.46298
2026-09-01 16:25:00,QLD1,6208.48000,1776.65106,283.54180,1776.65106,283.54180
2026-09-01 16:25:00,SA1,1681.84000,17.02227,1641.54015,9.32727,1327.10408
2026-09-01 16:25:00,TAS1,1037.20000,0.00000,366.38551,0.00000,366.38551
2026-09-01 16:25:00,VIC1,5674.61000,971.72322,3249.38007,768.93022,2924.60444
2026-09-01 16:30:00,NSW1,7536.10000,2365.99170,1378.44856,2146.14346,1378.44856
2026-09-01 16:30:00,QLD1,6328.19000,1712.51350,288.20980,1712.51350,288.20980
2026-09-01 16:30:00,SA1,1694.44000,20.96291,1551.28737,11.98955,1362.09923
2026-09-01 16:30:00,TAS1,1036.82000,0.00000,361.24375,0.00000,361.24375
2026-09-01 16:30:00,VIC1,5616.28000,861.61763,3268.96984,680.72563,3077.20434
2026-09-01 16:35:00,NSW1,7599.21000,2215.43437,1370.66738,1987.59001,1370.66738
2026-09-01 16:35:00,QLD1,6391.71000,1398.06250,271.37462,1398.06250,271.37462
2026-09-01 16:35:00,SA1,1705.68000,23.57172,1473.23915,13.16727,1390.48045
2026-09-01 16:35:00,TAS1,1039.45000,0.00000,360.93062,0.00000,360.93062
2026-09-01 16:35:00,VIC1,5680.64000,824.77094,3240.49829,656.93994,3061.26871
2026-09-01 16:40:00,NSW1,7665.69000,1963.69452,1306.58522,1833.72895,1306.58522
2026-09-01 16:40:00,QLD1,6476.58000,1279.28798,292.46275,1279.28798,292.46275
2026-09-01 16:40:00,SA1,1710.66000,20.88554,1443.01361,10.25518,1316.25259
2026-09-01 16:40:00,TAS1,1053.55000,0.00000,360.19536,0.00000,360.19536
2026-09-01 16:40:00,VIC1,5701.69000,697.75793,3304.27297,566.64593,3163.17757
2026-09-01 16:45:00,NSW1,7843.19000,1836.95264,1307.21721,1836.95264,1307.21721
2026-09-01 16:45:00,QLD1,6593.11000,1120.72737,358.76302,1120.72737,358.76302
2026-09-01 16:45:00,SA1,1714.76000,20.35791,1452.78615,9.77400,1344.78516
2026-09-01 16:45:00,TAS1,1045.68000,0.00000,350.85686,0.00000,350.85686
2026-09-01 16:45:00,VIC1,5752.43000,463.79730,3322.65536,358.64630,3238.38194
2026-09-01 16:50:00,NSW1,7980.44000,1641.36368,1248.84451,1641.36368,1248.84451
2026-09-01 16:50:00,QLD1,6723.15000,958.06464,361.70349,958.06464,361.70349
2026-09-01 16:50:00,SA1,1716.42000,20.83664,1423.36102,12.34364,1299.14232
2026-09-01 16:50:00,TAS1,1062.33000,0.00000,342.55937,0.00000,342.55937
2026-09-01 16:50:00,VIC1,5812.11000,487.00049,3363.76938,405.43694,3179.78942
2026-09-01 16:55:00,NSW1,8012.31000,1357.32514,1235.71183,1357.32514,1235.71183
2026-09-01 16:55:00,QLD1,6756.50000,791.87548,384.65175,791.87548,384.65175
2026-09-01 16:55:00,SA1,1702.10000,22.87000,1383.91676,13.74200,1263.80146
2026-09-01 16:55:00,TAS1,1067.41000,0.00000,334.21641,0.00000,334.21641
2026-09-01 16:55:00,VIC1,5833.63000,375.52167,3388.68381,299.02667,3244.79118
2026-09-01 17:00:00,NSW1,8147.52000,1008.71728,1216.97565,1014.10152,1216.97565
2026-09-01 17:00:00,QLD1,6801.54000,627.10924,381.12103,627.10924,381.12103
2026-09-01 17:00:00,SA1,1695.17000,21.43000,1342.71195,12.27400,1215.04148
2026-09-01 17:00:00,TAS1,1077.46000,0.00000,344.40077,0.00000,344.40077
2026-09-01 17:00:00,VIC1,5946.19000,308.64964,3648.24586,249.10564,3344.48959
2026-09-01 17:05:00,NSW1,8142.39000,808.52148,1187.24668,812.70762,1187.24668
2026-09-01 17:05:00,QLD1,6921.70000,502.85235,377.96795,502.85235,377.96795
2026-09-01 17:05:00,SA1,1680.25000,19.70646,1315.53636,16.04146,1147.41148
2026-09-01 17:05:00,TAS1,1084.24000,0.00000,354.24230,0.00000,354.24230
2026-09-01 17:05:00,VIC1,5994.04000,318.80953,3668.40793,211.20380,3458.30427
2026-09-01 17:10:00,NSW1,8244.52000,600.55791,1214.75311,600.55791,1214.75311
2026-09-01 17:10:00,QLD1,6932.30000,384.48443,354.76564,384.48443,354.76564
2026-09-01 17:10:00,SA1,1694.12000,22.35800,1320.23809,17.81400,1141.52067
2026-09-01 17:10:00,TAS1,1093.60000,0.00000,354.32045,0.00000,354.32045
2026-09-01 17:10:00,VIC1,6053.85000,209.38918,3742.78775,128.49045,3594.92950
2026-09-01 17:15:00,NSW1,8293.97000,515.01738,1182.59333,515.01738,1182.59333
2026-09-01 17:15:00,QLD1,6980.55000,393.94642,341.25666,393.94642,341.25666
2026-09-01 17:15:00,SA1,1695.51000,19.80754,1302.76212,16.82554,1256.84722
2026-09-01 17:15:00,TAS1,1109.97000,0.00000,368.51596,0.00000,368.51596
2026-09-01 17:15:00,VIC1,6114.46000,164.37993,3726.04518,93.78211,3628.20730
2026-09-01 17:20:00,NSW1,8193.56000,401.67174,1156.26562,401.67174,1156.26562
2026-09-01 17:20:00,QLD1,6981.65000,320.38444,322.82996,320.38444,322.82996
2026-09-01 17:20:00,SA1,1710.00000,14.63427,1221.41936,14.63427,1218.57636
2026-09-01 17:20:00,TAS1,1116.42000,0.00000,372.65551,0.00000,372.65551
2026-09-01 17:20:00,VIC1,6113.72000,134.63070,3717.75816,92.12597,3677.67163
2026-09-01 17:25:00,NSW1,8295.77000,343.40693,1155.47673,343.40693,1155.47673
2026-09-01 17:25:00,QLD1,7024.28000,222.78808,327.27711,222.78808,327.27711
2026-09-01 17:25:00,SA1,1756.04000,12.54236,1221.30794,12.54236,1218.46494
2026-09-01 17:25:00,TAS1,1119.96000,0.00000,368.11170,0.00000,368.11170
2026-09-01 17:25:00,VIC1,6168.97000,60.21118,3694.86528,60.21118,3694.86528
2026-09-01 17:30:00,NSW1,8453.79000,162.74763,1189.75220,162.74763,1189.75220
2026-09-01 17:30:00,QLD1,7182.90000,135.55257,335.30425,135.55257,335.30425
2026-09-01 17:30:00,SA1,1769.40000,14.52473,1159.34470,14.52473,1159.34470
2026-09-01 17:30:00,TAS1,1099.71000,0.00000,370.89797,0.00000,370.89797
2026-09-01 17:30:00,VIC1,6229.78000,38.83207,3698.39342,38.83207,3698.39342
2026-09-01 17:35:00,NSW1,8492.78000,80.45787,1191.54428,80.45787,1191.54428
2026-09-01 17:35:00,QLD1,7235.00000,77.08655,351.41147,77.08655,351.41147
2026-09-01 17:35:00,SA1,1698.67000,19.37209,1131.70117,19.37209,1131.70117
2026-09-01 17:35:00,TAS1,1097.58000,0.00000,372.59771,0.00000,372.59771
2026-09-01 17:35:00,VIC1,6258.24000,25.19433,3684.04080,25.19433,3684.04080
2026-09-01 17:40:00,NSW1,8475.94000,51.94590,1214.50721,51.94590,1214.50721
2026-09-01 17:40:00,QLD1,7180.69000,46.55358,359.08021,46.55358,359.08021
2026-09-01 17:40:00,SA1,1740.21000,23.06827,1130.24378,23.06827,1130.24378
2026-09-01 17:40:00,TAS1,1109.96000,0.00000,369.50548,0.00000,369.50548
2026-09-01 17:40:00,VIC1,6243.87000,11.12336,3646.82930,11.12336,3646.82930
2026-09-01 17:45:00,NSW1,8641.51000,28.51458,1262.67662,28.51458,1262.67662
2026-09-01 17:45:00,QLD1,7254.45000,24.01411,364.96459,24.01411,364.96459
2026-09-01 17:45:00,SA1,1758.50000,18.35982,1104.52740,18.35982,1104.52740
2026-09-01 17:45:00,TAS1,1117.48000,0.00000,368.20229,0.00000,368.20229
2026-09-01 17:45:00,VIC1,6256.07000,3.73618,3626.43061,3.73618,3626.43061
2026-09-01 17:50:00,NSW1,8680.27000,17.00886,1273.97435,17.00886,1273.97435
2026-09-01 17:50:00,QLD1,7319.48000,13.07735,398.95063,13.07735,398.95063
2026-09-01 17:50:00,SA1,1791.64000,54.93936,1104.37289,54.93936,1104.37289
2026-09-01 17:50:00,TAS1,1125.40000,0.00000,363.02268,0.00000,363.02268
2026-09-01 17:50:00,VIC1,6270.08000,2.98841,3524.85431,2.98841,3524.85431
2026-09-01 17:55:00,NSW1,8810.42000,13.96355,1280.03188,13.96355,1280.03188
2026-09-01 17:55:00,QLD1,7360.48000,4.28168,413.94179,4.28168,413.94179
2026-09-01 17:55:00,SA1,1795.66000,17.58700,1092.98693,17.58700,1092.98693
2026-09-01 17:55:00,TAS1,1127.23000,0.00000,365.34390,0.00000,365.34390
2026-09-01 17:55:00,VIC1,6334.53000,1.52777,3551.98511,1.52777,3551.98511
2026-09-01 18:00:00,NSW1,8779.46000,2.08500,1263.29850,2.08500,1263.29850
2026-09-01 18:00:00,QLD1,7396.19000,3.67800,442.28794,3.67800,442.28794
2026-09-01 18:00:00,SA1,1817.64000,13.96009,1127.62539,13.96009,1127.62539
2026-09-01 18:00:00,TAS1,1137.85000,0.00000,367.81086,0.00000,367.81086
2026-09-01 18:00:00,VIC1,6393.12000,0.32727,3631.50145,0.32727,3631.50145
2026-09-01 18:05:00,NSW1,8904.08000,0.73000,1227.32009,0.73000,1227.32009
2026-09-01 18:05:00,QLD1,7435.02000,0.56700,462.96900,0.56700,462.96900
2026-09-01 18:05:00,SA1,1817.31000,5.56355,1150.92762,5.56355,1150.92762
2026-09-01 18:05:00,TAS1,1142.03000,0.00000,370.64947,0.00000,370.64947
2026-09-01 18:05:00,VIC1,6402.54000,0.10000,3688.26144,0.10000,3688.26144
2026-09-01 18:10:00,NSW1,8857.76000,0.00000,1215.56979,0.00000,1215.56979
2026-09-01 18:10:00,QLD1,7437.58000,0.00000,483.95540,0.00000,483.95540
2026-09-01 18:10:00,SA1,1810.66000,6.61909,1124.26626,6.61909,1124.26626
2026-09-01 18:10:00,TAS1,1138.39000,0.00000,369.88044,0.00000,369.88044
2026-09-01 18:10:00,VIC1,6346.41000,0.00000,3663.32528,0.00000,3663.32528
2026-09-01 18:15:00,NSW1,8755.40000,0.00000,1183.56951,0.00000,1183.56951
2026-09-01 18:15:00,QLD1,7477.45000,0.00000,506.27800,0.00000,506.27800
2026-09-01 18:15:00,SA1,1833.95000,4.55064,1106.82778,4.55064,1106.82778
2026-09-01 18:15:00,TAS1,1150.16000,0.00000,371.53684,0.00000,354.19610
2026-09-01 18:15:00,VIC1,6352.10000,0.00000,3654.66192,0.00000,3654.66192
2026-09-01 18:20:00,NSW1,8720.85000,0.00000,1177.33756,0.00000,1177.33756
2026-09-01 18:20:00,QLD1,7443.20000,1.76000,550.34183,1.76000,550.34183
2026-09-01 18:20:00,SA1,1843.76000,0.53582,1089.76423,0.53582,1089.76423
2026-09-01 18:20:00,TAS1,1104.31000,0.00000,372.63508,0.00000,359.40570
2026-09-01 18:20:00,VIC1,6370.05000,0.00000,3607.36601,0.00000,3607.36601
2026-09-01 18:25:00,NSW1,8904.79000,0.00000,1193.48635,0.00000,1193.48635
2026-09-01 18:25:00,QLD1,7395.08000,0.00000,598.19175,0.00000,598.19175
2026-09-01 18:25:00,SA1,1856.92000,0.14700,1102.33110,0.14700,1102.33110
2026-09-01 18:25:00,TAS1,1148.16000,0.00000,371.91806,0.00000,371.91806
2026-09-01 18:25:00,VIC1,6378.41000,0.00000,3679.61179,0.00000,3679.61179
2026-09-01 18:30:00,NSW1,8897.78000,0.00000,1177.10512,0.00000,1177.10512
2026-09-01 18:30:00,QLD1,7452.55000,1.76000,606.79250,1.76000,606.79250
2026-09-01 18:30:00,SA1,1861.64000,0.16700,1064.27661,0.16700,1064.27661
2026-09-01 18:30:00,TAS1,1143.23000,0.00000,372.27103,0.00000,372.27103
2026-09-01 18:30:00,VIC1,6357.10000,0.00000,3664.47594,0.00000,3664.47594
2026-09-01 18:35:00,NSW1,8851.45000,0.00000,1207.14618,0.00000,1207.14618
2026-09-01 18:35:00,QLD1,7468.23000,1.76000,594.28117,1.76000,594.28117
2026-09-01 18:35:00,SA1,1888.29000,0.02300,1073.74888,0.02300,1073.74888
2026-09-01 18:35:00,TAS1,1139.79000,0.00000,372.01659,0.00000,372.01659
2026-09-01 18:35:00,VIC1,6378.13000,0.00000,3670.12555,0.00000,3670.12555
2026-09-01 18:40:00,NSW1,8829.47000,0.00000,1207.55268,0.00000,1207.55268
2026-09-01 18:40:00,QLD1,7364.10000,0.00000,626.90743,0.00000,626.90743
2026-09-01 18:40:00,SA1,1867.67000,0.02900,1001.94445,0.02900,1001.94445
2026-09-01 18:40:00,TAS1,1140.93000,0.00000,388.81289,0.00000,388.81289
2026-09-01 18:40:00,VIC1,6302.35000,0.00000,3629.46217,0.00000,3629.46217
2026-09-01 18:45:00,NSW1,8788.39000,0.00000,1238.41540,0.00000,1238.41540
2026-09-01 18:45:00,QLD1,7434.66000,1.76000,662.27038,1.76000,662.27038
2026-09-01 18:45:00,SA1,1861.06000,0.03600,951.16025,0.03600,951.16025
2026-09-01 18:45:00,TAS1,1133.50000,0.00000,391.12053,0.00000,391.12053
2026-09-01 18:45:00,VIC1,6326.65000,0.00000,3638.01882,0.00000,3627.33828
2026-09-01 18:50:00,NSW1,8818.21000,0.00000,1247.53600,0.00000,1247.53600
2026-09-01 18:50:00,QLD1,7362.81000,1.76000,683.33869,1.76000,683.33869
2026-09-01 18:50:00,SA1,1889.57000,0.03600,882.80552,0.03600,882.80552
2026-09-01 18:50:00,TAS1,1130.68000,0.00000,392.86940,0.00000,392.86940
2026-09-01 18:50:00,VIC1,6305.49000,0.00000,3641.57270,0.00000,3622.62520
2026-09-01 18:55:00,NSW1,8758.01000,0.00000,1252.97005,0.00000,1252.97005
2026-09-01 18:55:00,QLD1,7396.87000,0.00000,725.94531,0.00000,725.94531
2026-09-01 18:55:00,SA1,1888.71000,0.03600,884.06349,0.03600,884.06349
2026-09-01 18:55:00,TAS1,1123.63000,0.00000,393.94418,0.00000,393.94418
2026-09-01 18:55:00,VIC1,6308.76000,0.00000,3512.02176,0.00000,3512.02176
2026-09-01 19:00:00,NSW1,8674.64000,0.00000,1270.30285,0.00000,1270.30285
2026-09-01 19:00:00,QLD1,7311.20000,0.00000,757.95095,0.00000,757.95095
2026-09-01 19:00:00,SA1,1865.17000,0.03600,817.55327,0.03600,817.55327
2026-09-01 19:00:00,TAS1,1125.61000,0.00000,393.58734,0.00000,393.58734
2026-09-01 19:00:00,VIC1,6323.07000,0.00000,3453.55904,0.00000,3453.55904
2026-09-01 19:05:00,NSW1,8683.04000,0.00000,1275.19277,0.00000,1275.19277
2026-09-01 19:05:00,QLD1,7287.10000,1.76000,595.79971,1.76000,595.79971
2026-09-01 19:05:00,SA1,1854.06000,0.03600,781.91072,0.03600,781.91072
2026-09-01 19:05:00,TAS1,1121.79000,0.00000,393.96955,0.00000,393.96955
2026-09-01 19:05:00,VIC1,6267.47000,0.00000,3469.95461,0.00000,3469.95461
2026-09-01 19:10:00,NSW1,8675.13000,0.00000,1245.47687,0.00000,1245.47687
2026-09-01 19:10:00,QLD1,7305.57000,1.76000,580.66348,1.76000,580.66348
2026-09-01 19:10:00,SA1,1864.94000,0.00000,767.04725,0.00000,767.04725
2026-09-01 19:10:00,TAS1,1117.56000,0.00000,393.96656,0.00000,393.96656
2026-09-01 19:10:00,VIC1,6215.15000,0.00000,3458.94846,0.00000,3458.94846
2026-09-01 19:15:00,NSW1,8617.25000,0.00000,1240.92636,0.00000,1240.92636
2026-09-01 19:15:00,QLD1,7215.43000,0.00000,608.96173,0.00000,608.96173
2026-09-01 19:15:00,SA1,1854.68000,0.00000,803.52251,0.00000,803.52251
2026-09-01 19:15:00,TAS1,1114.33000,0.00000,394.48027,0.00000,394.48027
2026-09-01 19:15:00,VIC1,6201.74000,0.00000,3530.11669,0.00000,3530.11669
2026-09-01 19:20:00,NSW1,8512.92000,0.00000,1228.41528,0.00000,1228.41528
2026-09-01 19:20:00,QLD1,7170.93000,0.00000,602.04602,0.00000,602.04602
2026-09-01 19:20:00,SA1,1859.10000,0.00000,782.98837,0.00000,782.98837
2026-09-01 19:20:00,TAS1,1109.83000,0.00000,392.18206,0.00000,392.18206
2026-09-01 19:20:00,VIC1,6147.88000,0.00000,3600.74050,0.00000,3600.32522
2026-09-01 19:25:00,NSW1,8508.09000,0.00000,1224.07265,0.00000,1224.07265
2026-09-01 19:25:00,QLD1,7148.24000,0.00000,619.13597,0.00000,619.13597
2026-09-01 19:25:00,SA1,1831.69000,0.00000,740.66046,0.00000,740.66046
2026-09-01 19:25:00,TAS1,1111.41000,0.00000,378.40650,0.00000,378.40650
2026-09-01 19:25:00,VIC1,6196.58000,0.00000,3694.54081,0.00000,3648.30136
2026-09-01 19:30:00,NSW1,8631.57000,0.00000,1228.16939,0.00000,1228.16939
2026-09-01 19:30:00,QLD1,7179.68000,0.00000,617.10348,0.00000,617.10348
2026-09-01 19:30:00,SA1,1845.80000,0.00000,772.20484,0.00000,772.20484
2026-09-01 19:30:00,TAS1,1105.38000,0.00000,363.23582,0.00000,363.23582
2026-09-01 19:30:00,VIC1,6158.39000,0.00000,3768.39539,0.00000,3742.75838
2026-09-01 19:35:00,NSW1,8510.78000,0.00000,1200.64014,0.00000,1200.64014
2026-09-01 19:35:00,QLD1,7119.40000,1.76000,630.48499,1.76000,630.48499
2026-09-01 19:35:00,SA1,1837.22000,0.00000,805.76200,0.00000,805.76200
2026-09-01 19:35:00,TAS1,1105.57000,0.00000,369.01468,0.00000,369.01468
2026-09-01 19:35:00,VIC1,6168.06000,0.00000,3822.07619,0.00000,3770.81074
2026-09-01 19:40:00,NSW1,8504.74000,0.00000,1223.31945,0.00000,1223.31945
2026-09-01 19:40:00,QLD1,7110.60000,1.76000,640.42898,1.76000,640.42898
2026-09-01 19:40:00,SA1,1818.37000,0.00000,844.94606,0.00000,844.94606
2026-09-01 19:40:00,TAS1,1095.56000,0.00000,371.91506,0.00000,371.91506
2026-09-01 19:40:00,VIC1,6146.07000,0.00000,3774.27195,0.00000,3724.64394
2026-09-01 19:45:00,NSW1,8526.76000,0.00000,1218.12844,0.00000,1218.12844
2026-09-01 19:45:00,QLD1,7129.65000,0.00000,642.46525,0.00000,642.46525
2026-09-01 19:45:00,SA1,1810.54000,0.00000,828.18656,0.00000,828.18656
2026-09-01 19:45:00,TAS1,1101.82000,0.00000,351.97041,0.00000,351.97041
2026-09-01 19:45:00,VIC1,6114.79000,0.00000,3759.42339,0.00000,3702.86122
2026-09-01 19:50:00,NSW1,8462.35000,0.00000,1230.00858,0.00000,1230.00858
2026-09-01 19:50:00,QLD1,7154.79000,0.00000,614.41216,0.00000,614.41216
2026-09-01 19:50:00,SA1,1808.07000,0.00000,802.89910,0.00000,802.89910
2026-09-01 19:50:00,TAS1,1098.70000,0.00000,363.19955,0.00000,363.19955
2026-09-01 19:50:00,VIC1,6153.63000,0.00000,3762.07534,0.00000,3717.69980
2026-09-01 19:55:00,NSW1,8376.37000,0.00000,1230.45551,0.00000,1230.45551
2026-09-01 19:55:00,QLD1,7034.05000,1.76000,621.00381,1.76000,621.00381
2026-09-01 19:55:00,SA1,1803.52000,0.00000,779.36303,0.00000,779.36303
2026-09-01 19:55:00,TAS1,1084.51000,0.00000,352.45666,0.00000,352.45666
2026-09-01 19:55:00,VIC1,6123.02000,0.00000,3800.23833,0.00000,3711.72431
2026-09-01 20:00:00,NSW1,8339.90000,0.00000,1214.63772,0.00000,1214.63772
2026-09-01 20:00:00,QLD1,7078.55000,1.76000,618.87749,1.76000,618.87749
2026-09-01 20:00:00,SA1,1776.24000,0.00000,783.56019,0.00000,783.56019
2026-09-01 20:00:00,TAS1,1088.54000,0.00000,339.99855,0.00000,339.99855
2026-09-01 20:00:00,VIC1,6106.99000,0.00000,3842.53528,0.00000,3746.77534
2026-09-01 20:05:00,NSW1,8442.49000,0.00000,1216.95125,0.00000,1216.95125
2026-09-01 20:05:00,QLD1,6997.02000,0.00000,624.57722,0.00000,624.57722
2026-09-01 20:05:00,SA1,1772.85000,0.00000,802.55367,0.00000,802.55367
2026-09-01 20:05:00,TAS1,1097.81000,0.00000,336.80001,0.00000,336.80001
2026-09-01 20:05:00,VIC1,6072.34000,0.00000,3822.56099,0.00000,3756.38786
2026-09-01 20:10:00,NSW1,8467.48000,0.00000,1229.87383,0.00000,1229.87383
2026-09-01 20:10:00,QLD1,7046.37000,1.76000,638.75473,1.76000,638.75473
2026-09-01 20:10:00,SA1,1762.32000,0.00000,841.80763,0.00000,841.80763
2026-09-01 20:10:00,TAS1,1117.31000,0.00000,359.30081,0.00000,359.30081
2026-09-01 20:10:00,VIC1,6095.27000,0.00000,3867.04201,0.00000,3811.18750
2026-09-01 20:15:00,NSW1,8355.97000,0.00000,1235.67178,0.00000,1235.67178
2026-09-01 20:15:00,QLD1,6965.11000,0.00000,624.82045,0.00000,624.82045
2026-09-01 20:15:00,SA1,1744.42000,0.00000,771.74805,0.00000,771.74805
2026-09-01 20:15:00,TAS1,1145.23000,0.00000,357.16980,0.00000,357.16980
2026-09-01 20:15:00,VIC1,6016.48000,0.00000,3874.63083,0.00000,3862.17460
2026-09-01 20:20:00,NSW1,8328.39000,0.00000,1244.08558,0.00000,1244.08558
2026-09-01 20:20:00,QLD1,6933.82000,1.76000,638.41902,1.76000,638.41902
2026-09-01 20:20:00,SA1,1734.08000,0.00000,724.90605,0.00000,724.90605
2026-09-01 20:20:00,TAS1,1147.34000,0.00000,345.60890,0.00000,345.60890
2026-09-01 20:20:00,VIC1,5982.02000,0.00000,3861.58523,0.00000,3853.43857
2026-09-01 20:25:00,NSW1,8349.89000,0.00000,1235.57264,0.00000,1235.57264
2026-09-01 20:25:00,QLD1,6875.42000,0.00000,578.93121,0.00000,578.93121
2026-09-01 20:25:00,SA1,1706.11000,0.00000,695.79201,0.00000,695.79201
2026-09-01 20:25:00,TAS1,1133.50000,0.00000,343.93448,0.00000,343.93448
2026-09-01 20:25:00,VIC1,5967.16000,0.00000,3796.84131,0.00000,3796.84131
2026-09-01 20:30:00,NSW1,8318.45000,0.00000,1254.77340,0.00000,1254.77340
2026-09-01 20:30:00,QLD1,6924.61000,0.00000,596.44521,0.00000,596.44521
2026-09-01 20:30:00,SA1,1729.92000,0.00000,745.64994,0.00000,745.64994
2026-09-01 20:30:00,TAS1,1136.64000,0.00000,341.69407,0.00000,341.69407
2026-09-01 20:30:00,VIC1,6004.55000,0.00000,3799.95983,0.00000,3799.95983
2026-09-01 20:35:00,NSW1,8272.60000,0.00000,1254.93164,0.00000,1254.93164
2026-09-01 20:35:00,QLD1,6828.17000,1.76000,662.40672,1.76000,662.40672
2026-09-01 20:35:00,SA1,1717.92000,0.00000,727.27446,0.00000,727.27446
2026-09-01 20:35:00,TAS1,1128.09000,0.00000,337.03437,0.00000,337.03437
2026-09-01 20:35:00,VIC1,5925.49000,0.00000,3797.35136,0.00000,3797.35136
2026-09-01 20:40:00,NSW1,8236.99000,0.00000,1283.10738,0.00000,1283.10738
2026-09-01 20:40:00,QLD1,6990.96000,1.76000,696.15902,1.76000,696.15902
2026-09-01 20:40:00,SA1,1709.95000,0.00000,726.22205,0.00000,726.22205
2026-09-01 20:40:00,TAS1,1114.75000,0.00000,349.89397,0.00000,349.89397
2026-09-01 20:40:00,VIC1,5950.74000,0.00000,3790.31352,0.00000,3790.31352
2026-09-01 20:45:00,NSW1,8210.60000,0.00000,1270.23881,0.00000,1270.23881
2026-09-01 20:45:00,QLD1,6959.14000,0.00000,689.17045,0.00000,689.17045
2026-09-01 20:45:00,SA1,1711.95000,0.00000,707.86347,0.00000,707.86347
2026-09-01 20:45:00,TAS1,1102.10000,0.00000,317.52920,0.00000,317.52920
2026-09-01 20:45:00,VIC1,5907.60000,0.00000,3788.82434,0.00000,3788.82434
2026-09-01 20:50:00,NSW1,8168.70000,0.00000,1281.33399,0.00000,1281.33399
2026-09-01 20:50:00,QLD1,6926.49000,0.00000,702.60063,0.00000,702.60063
2026-09-01 20:50:00,SA1,1679.27000,0.00000,734.39529,0.00000,734.39529
2026-09-01 20:50:00,TAS1,1106.65000,0.00000,296.05952,0.00000,296.05952
2026-09-01 20:50:00,VIC1,5871.02000,0.00000,3802.56419,0.00000,3802.56419
2026-09-01 20:55:00,NSW1,8192.13000,0.00000,1264.74924,0.00000,1264.74924
2026-09-01 20:55:00,QLD1,6882.20000,1.76000,720.80237,1.76000,720.80237
2026-09-01 20:55:00,SA1,1674.08000,0.00000,755.70104,0.00000,755.70104
2026-09-01 20:55:00,TAS1,1112.87000,0.00000,278.25858,0.00000,278.25858
2026-09-01 20:55:00,VIC1,5861.09000,0.00000,3751.01909,0.00000,3751.01909
2026-09-01 21:00:00,NSW1,8229.62000,0.00000,1251.81847,0.00000,1251.81847
2026-09-01 21:00:00,QLD1,6957.09000,1.76000,744.47287,1.76000,744.47287
2026-09-01 21:00:00,SA1,1665.72000,0.00000,737.84724,0.00000,737.84724
2026-09-01 21:00:00,TAS1,1108.09000,0.00000,272.76401,0.00000,272.76401
2026-09-01 21:00:00,VIC1,5787.12000,0.00000,3742.06500,0.00000,3742.06500
2026-09-01 21:05:00,NSW1,8212.96000,0.00000,1252.43177,0.00000,1252.43177
2026-09-01 21:05:00,QLD1,6849.52000,1.76000,753.27715,1.76000,753.27715
2026-09-01 21:05:00,SA1,1660.07000,0.00000,758.99430,0.00000,758.99430
2026-09-01 21:05:00,TAS1,1114.12000,0.00000,292.78600,0.00000,292.78600
2026-09-01 21:05:00,VIC1,5782.76000,0.00000,3733.06031,0.00000,3733.06031
2026-09-01 21:10:00,NSW1,8204.51000,0.00000,1274.50200,0.00000,1274.50200
2026-09-01 21:10:00,QLD1,6853.25000,1.76000,741.61157,1.76000,741.61157
2026-09-01 21:10:00,SA1,1655.59000,0.00000,789.53923,0.00000,789.53923
2026-09-01 21:10:00,TAS1,1116.35000,0.00000,304.62336,0.00000,304.62336
2026-09-01 21:10:00,VIC1,5760.84000,0.00000,3694.25153,0.00000,3694.25153
2026-09-01 21:15:00,NSW1,8064.55000,0.00000,1288.11066,0.00000,1288.11066
2026-09-01 21:15:00,QLD1,6880.84000,0.00000,716.94745,0.00000,716.94745
2026-09-01 21:15:00,SA1,1644.09000,0.00000,785.44357,0.00000,785.44357
2026-09-01 21:15:00,TAS1,1094.65000,0.00000,305.46338,0.00000,305.46338
2026-09-01 21:15:00,VIC1,5787.00000,0.00000,3679.69776,0.00000,3679.69776
2026-09-01 21:20:00,NSW1,8021.93000,0.00000,1288.13289,0.00000,1288.13289
2026-09-01 21:20:00,QLD1,6844.84000,0.00000,807.85197,0.00000,807.85197
2026-09-01 21:20:00,SA1,1630.65000,0.00000,776.37306,0.00000,776.37306
2026-09-01 21:20:00,TAS1,1079.03000,0.00000,301.41099,0.00000,301.41099
2026-09-01 21:20:00,VIC1,5750.25000,0.00000,3628.68490,0.00000,3628.68490
2026-09-01 21:25:00,NSW1,8017.96000,0.00000,1321.81566,0.00000,1321.81566
2026-09-01 21:25:00,QLD1,6851.42000,1.76000,853.05406,1.76000,853.05406
2026-09-01 21:25:00,SA1,1632.51000,0.00000,837.35619,0.00000,837.35619
2026-09-01 21:25:00,TAS1,1071.51000,0.00000,286.63428,0.00000,286.63428
2026-09-01 21:25:00,VIC1,5714.09000,0.00000,3673.10376,0.00000,3673.10376
2026-09-01 21:30:00,NSW1,8048.76000,0.00000,1324.38693,0.00000,1324.38693
2026-09-01 21:30:00,QLD1,6841.15000,1.76000,872.45003,1.76000,872.45003
2026-09-01 21:30:00,SA1,1614.20000,0.00000,851.37447,0.00000,851.37447
2026-09-01 21:30:00,TAS1,1075.92000,0.00000,284.87022,0.00000,284.87022
2026-09-01 21:30:00,VIC1,5710.94000,0.00000,3659.72169,0.00000,3659.72169
2026-09-01 21:35:00,NSW1,7971.82000,0.00000,1319.62821,0.00000,1319.62821
2026-09-01 21:35:00,QLD1,6779.78000,0.00000,857.78685,0.00000,857.78685
2026-09-01 21:35:00,SA1,1582.76000,0.00000,904.68562,0.00000,904.68562
2026-09-01 21:35:00,TAS1,1077.81000,0.00000,297.69865,0.00000,297.69865
2026-09-01 21:35:00,VIC1,5645.30000,0.00000,3638.61710,0.00000,3638.61710
2026-09-01 21:40:00,NSW1,7904.36000,0.00000,1334.98271,0.00000,1334.98271
2026-09-01 21:40:00,QLD1,6795.99000,1.76000,880.74062,1.76000,880.74062
2026-09-01 21:40:00,SA1,1591.55000,0.00000,951.21529,0.00000,951.21529
2026-09-01 21:40:00,TAS1,1064.28000,0.00000,307.45952,0.00000,307.45952
2026-09-01 21:40:00,VIC1,5614.36000,0.00000,3683.68142,0.00000,3683.68142
2026-09-01 21:45:00,NSW1,8003.83000,0.00000,1338.93771,0.00000,1338.93771
2026-09-01 21:45:00,QLD1,6726.15000,1.76000,880.43761,1.76000,880.43761
2026-09-01 21:45:00,SA1,1606.73000,0.00000,1007.58065,0.00000,1007.58065
2026-09-01 21:45:00,TAS1,1041.11000,0.00000,309.52910,0.00000,309.52910
2026-09-01 21:45:00,VIC1,5585.37000,0.00000,3682.71990,0.00000,3655.44434
2026-09-01 21:50:00,NSW1,7948.15000,0.00000,1345.02879,0.00000,1345.02879
2026-09-01 21:50:00,QLD1,6706.15000,1.76000,1225.67939,1.76000,1225.67939
2026-09-01 21:50:00,SA1,1578.17000,0.00000,1003.76233,0.00000,1003.76233
2026-09-01 21:50:00,TAS1,1035.85000,0.00000,302.31936,0.00000,302.31936
2026-09-01 21:50:00,VIC1,5552.33000,0.00000,3658.25628,0.00000,3658.25628
2026-09-01 21:55:00,NSW1,7924.39000,0.00000,1344.13291,0.00000,1344.13291
2026-09-01 21:55:00,QLD1,6631.31000,1.76000,1227.69367,1.76000,1227.69367
2026-09-01 21:55:00,SA1,1584.17000,0.00000,998.03708,0.00000,998.03708
2026-09-01 21:55:00,TAS1,1032.00000,0.00000,301.62473,0.00000,301.62473
2026-09-01 21:55:00,VIC1,5469.49000,0.00000,3690.39009,0.00000,3594.50804
2026-09-01 22:00:00,NSW1,7883.98000,0.00000,1349.71892,0.00000,1349.71892
2026-09-01 22:00:00,QLD1,6595.69000,0.00000,1222.38885,0.00000,1222.38885
2026-09-01 22:00:00,SA1,1581.68000,0.00000,994.08180,0.00000,994.08180
2026-09-01 22:00:00,TAS1,1019.43000,0.00000,313.72800,0.00000,313.72800
2026-09-01 22:00:00,VIC1,5463.14000,0.00000,3667.28032,0.00000,3598.10908
2026-09-01 22:05:00,NSW1,7740.56000,0.00000,1355.96458,0.00000,1355.96458
2026-09-01 22:05:00,QLD1,6494.71000,0.00000,1227.90570,0.00000,1227.90570
2026-09-01 22:05:00,SA1,1555.79000,0.00000,994.27587,0.00000,994.27587
2026-09-01 22:05:00,TAS1,1005.12000,0.00000,298.88394,0.00000,298.88394
2026-09-01 22:05:00,VIC1,5410.49000,0.00000,3629.95679,0.00000,3563.66158
2026-09-01 22:10:00,NSW1,7856.15000,0.00000,1366.96117,0.00000,1366.96117
2026-09-01 22:10:00,QLD1,6489.39000,1.76000,1226.12912,1.76000,1226.12912
2026-09-01 22:10:00,SA1,1555.89000,0.00000,992.74438,0.00000,992.74438
2026-09-01 22:10:00,TAS1,1001.31000,0.00000,294.53625,0.00000,294.53625
2026-09-01 22:10:00,VIC1,5417.31000,0.00000,3603.62377,0.00000,3478.82988
2026-09-01 22:15:00,NSW1,7890.35000,0.00000,1342.53015,0.00000,1342.53015
2026-09-01 22:15:00,QLD1,6450.61000,1.76000,1225.29145,1.76000,1225.29145
2026-09-01 22:15:00,SA1,1566.72000,0.00000,1005.39713,0.00000,1005.39713
2026-09-01 22:15:00,TAS1,984.74000,0.00000,290.20925,0.00000,290.20925
2026-09-01 22:15:00,VIC1,5380.24000,0.00000,3632.55800,0.00000,3531.40229
2026-09-01 22:20:00,NSW1,7837.29000,0.00000,1350.55437,0.00000,1350.55437
2026-09-01 22:20:00,QLD1,6435.49000,0.00000,1217.88917,0.00000,1217.88917
2026-09-01 22:20:00,SA1,1529.96000,0.00000,1008.66711,0.00000,1008.66711
2026-09-01 22:20:00,TAS1,962.77000,0.00000,294.54509,0.00000,294.54509
2026-09-01 22:20:00,VIC1,5396.96000,0.00000,3596.48213,0.00000,3524.57421
2026-09-01 22:25:00,NSW1,7811.72000,0.00000,1364.77771,0.00000,1364.77771
2026-09-01 22:25:00,QLD1,6346.48000,0.00000,1207.28143,0.00000,1207.28143
2026-09-01 22:25:00,SA1,1527.17000,0.00000,964.74135,0.00000,964.74135
2026-09-01 22:25:00,TAS1,960.84000,0.00000,297.26908,0.00000,297.26908
2026-09-01 22:25:00,VIC1,5327.29000,0.00000,3536.65594,0.00000,3462.17044
2026-09-01 22:30:00,NSW1,7804.09000,0.00000,1383.24845,0.00000,1383.24845
2026-09-01 22:30:00,QLD1,6281.42000,0.00000,1210.66930,0.00000,1210.66930
2026-09-01 22:30:00,SA1,1504.91000,0.00000,933.76817,0.00000,933.76817
2026-09-01 22:30:00,TAS1,956.67000,0.00000,302.03244,0.00000,302.03244
2026-09-01 22:30:00,VIC1,5306.94000,0.00000,3473.70664,0.00000,3415.98086
2026-09-01 22:35:00,NSW1,7748.12000,0.00000,1380.16910,0.00000,1380.16910
2026-09-01 22:35:00,QLD1,6243.98000,1.76000,1203.42628,1.76000,1203.42628
2026-09-01 22:35:00,SA1,1473.91000,0.00000,907.07787,0.00000,907.07787
2026-09-01 22:35:00,TAS1,951.58000,0.00000,307.21093,0.00000,307.21093
2026-09-01 22:35:00,VIC1,5278.63000,0.00000,3369.88281,0.00000,3369.88281
2026-09-01 22:40:00,NSW1,7666.94000,0.00000,1393.07450,0.00000,1393.07450
2026-09-01 22:40:00,QLD1,6260.96000,1.76000,1201.13154,1.76000,1201.13154
2026-09-01 22:40:00,SA1,1466.61000,0.00000,855.98659,0.00000,855.98659
2026-09-01 22:40:00,TAS1,945.68000,0.00000,281.98186,0.00000,281.98186
2026-09-01 22:40:00,VIC1,5244.82000,0.00000,3307.38173,0.00000,3307.38173
2026-09-01 22:45:00,NSW1,7715.01000,0.00000,1414.20391,0.00000,1414.20391
2026-09-01 22:45:00,QLD1,6150.28000,1.76000,1220.25648,1.76000,1220.25648
2026-09-01 22:45:00,SA1,1443.22000,0.00000,858.94439,0.00000,858.94439
2026-09-01 22:45:00,TAS1,946.23000,0.00000,283.00598,0.00000,283.00598
2026-09-01 22:45:00,VIC1,5220.74000,0.00000,3292.90891,0.00000,3292.90891
2026-09-01 22:50:00,NSW1,7664.30000,0.00000,1425.61805,0.00000,1425.61805
2026-09-01 22:50:00,QLD1,6178.34000,1.76000,1112.27808,1.76000,1112.27808
2026-09-01 22:50:00,SA1,1465.63000,0.00000,824.51996,0.00000,824.51996
2026-09-01 22:50:00,TAS1,952.17000,0.00000,287.42270,0.00000,287.42270
2026-09-01 22:50:00,VIC1,5160.00000,0.00000,3226.49798,0.00000,3226.49798
2026-09-01 22:55:00,NSW1,7562.53000,0.00000,1437.31498,0.00000,1437.31498
2026-09-01 22:55:00,QLD1,6156.91000,1.76000,1120.47297,1.76000,1120.47297
2026-09-01 22:55:00,SA1,1451.72000,0.00000,834.62769,0.00000,834.62769
2026-09-01 22:55:00,TAS1,932.47000,0.00000,287.17348,0.00000,287.17348
2026-09-01 22:55:00,VIC1,5129.78000,0.00000,3238.62499,0.00000,3238.62499
2026-09-01 23:00:00,NSW1,7503.59000,0.00000,1431.91337,0.00000,1431.91337
2026-09-01 23:00:00,QLD1,6081.96000,1.76000,1106.93836,1.76000,1106.93836
2026-09-01 23:00:00,SA1,1431.23000,0.00000,820.28887,0.00000,820.28887
2026-09-01 23:00:00,TAS1,923.94000,0.00000,296.10962,0.00000,296.10962
2026-09-01 23:00:00,VIC1,5072.10000,0.00000,3244.85191,0.00000,3227.11722
2026-09-01 23:05:00,NSW1,7555.03000,0.00000,1460.95109,0.00000,1460.95109
2026-09-01 23:05:00,QLD1,6088.74000,0.00000,1108.31562,0.00000,1108.31562
2026-09-01 23:05:00,SA1,1413.54000,0.00000,843.48550,0.00000,843.48550
2026-09-01 23:05:00,TAS1,915.27000,0.00000,299.24099,0.00000,299.24099
2026-09-01 23:05:00,VIC1,5037.72000,0.00000,3200.06967,0.00000,3175.47525
2026-09-01 23:10:00,NSW1,7546.64000,0.00000,1452.08665,0.00000,1452.08665
2026-09-01 23:10:00,QLD1,6058.44000,1.76000,1096.26128,1.76000,1096.26128
2026-09-01 23:10:00,SA1,1414.45000,0.00000,821.48306,0.00000,821.48306
2026-09-01 23:10:00,TAS1,920.07000,0.00000,303.05783,0.00000,303.05783
2026-09-01 23:10:00,VIC1,5151.69000,0.00000,3177.50096,0.00000,3177.50096
2026-09-01 23:15:00,NSW1,7430.00000,0.00000,1455.47818,0.00000,1455.47818
2026-09-01 23:15:00,QLD1,6082.06000,0.00000,1088.44352,0.00000,1088.44352
2026-09-01 23:15:00,SA1,1415.92000,0.00000,802.19222,0.00000,802.19222
2026-09-01 23:15:00,TAS1,923.81000,0.00000,294.50791,0.00000,294.50791
2026-09-01 23:15:00,VIC1,5181.20000,0.00000,3128.26198,0.00000,3128.26198
2026-09-01 23:20:00,NSW1,7459.79000,0.00000,1478.19107,0.00000,1478.19107
2026-09-01 23:20:00,QLD1,6047.30000,0.00000,1093.87567,0.00000,1093.87567
2026-09-01 23:20:00,SA1,1385.45000,0.00000,828.75968,0.00000,828.75968
2026-09-01 23:20:00,TAS1,924.91000,0.00000,292.80961,0.00000,292.80961
2026-09-01 23:20:00,VIC1,5176.13000,0.00000,3067.27915,0.00000,3067.27915
2026-09-01 23:25:00,NSW1,7418.61000,0.00000,1490.41754,0.00000,1490.41754
2026-09-01 23:25:00,QLD1,6001.45000,1.76000,1066.86408,1.76000,1066.86408
2026-09-01 23:25:00,SA1,1354.77000,0.00000,838.91607,0.00000,838.91607
2026-09-01 23:25:00,TAS1,916.38000,0.00000,296.76027,0.00000,296.76027
2026-09-01 23:25:00,VIC1,5160.78000,0.00000,3019.63639,0.00000,3019.63639
2026-09-01 23:30:00,NSW1,7424.43000,0.00000,1481.64233,0.00000,1481.64233
2026-09-01 23:30:00,QLD1,6000.07000,1.76000,1051.06526,1.76000,1051.06526
2026-09-01 23:30:00,SA1,1398.36000,0.00000,858.15367,0.00000,858.15367
2026-09-01 23:30:00,TAS1,913.27000,0.00000,297.70334,0.00000,297.70334
2026-09-01 23:30:00,VIC1,5161.65000,0.00000,2935.45682,0.00000,2935.45682
2026-09-01 23:35:00,NSW1,7361.71000,0.00000,1504.35811,0.00000,1504.35811
2026-09-01 23:35:00,QLD1,5981.59000,0.00000,1048.17377,0.00000,1048.17377
2026-09-01 23:35:00,SA1,1422.87000,0.00000,848.93426,0.00000,848.93426
2026-09-01 23:35:00,TAS1,912.38000,0.00000,308.75248,0.00000,308.75248
2026-09-01 23:35:00,VIC1,5135.47000,0.00000,2917.93408,0.00000,2917.93408
2026-09-01 23:40:00,NSW1,7299.82000,0.00000,1490.54904,0.00000,1490.54904
2026-09-01 23:40:00,QLD1,6032.97000,1.76000,1043.90424,1.76000,1043.90424
2026-09-01 23:40:00,SA1,1448.36000,0.00000,819.91558,0.00000,819.91558
2026-09-01 23:40:00,TAS1,911.27000,0.00000,298.15552,0.00000,298.15552
2026-09-01 23:40:00,VIC1,5051.65000,0.00000,2851.07379,0.00000,2851.07379
2026-09-01 23:45:00,NSW1,7243.60000,0.00000,1496.63137,0.00000,1496.63137
2026-09-01 23:45:00,QLD1,5975.58000,0.00000,1032.56457,0.00000,1032.56457
2026-09-01 23:45:00,SA1,1377.92000,0.00000,824.44392,0.00000,824.44392
2026-09-01 23:45:00,TAS1,893.70000,0.00000,306.63954,0.00000,306.63954
2026-09-01 23:45:00,VIC1,5024.21000,0.00000,2790.79638,0.00000,2790.79638
2026-09-01 23:50:00,NSW1,7242.52000,0.00000,1499.67532,0.00000,1499.67532
2026-09-01 23:50:00,QLD1,5921.70000,1.76000,1036.71850,1.76000,1036.71850
2026-09-01 23:50:00,SA1,1374.20000,0.00000,802.36322,0.00000,802.36322
2026-09-01 23:50:00,TAS1,889.40000,0.00000,280.83550,0.00000,280.83550
2026-09-01 23:50:00,VIC1,5016.02000,0.00000,2776.14967,0.00000,2776.14967
2026-09-01 23:55:00,NSW1,7213.26000,0.00000,1490.02480,0.00000,1490.02480
2026-09-01 23:55:00,QLD1,5902.68000,0.00000,1034.87308,0.00000,1034.87308
2026-09-01 23:55:00,SA1,1418.98000,0.00000,767.20492,0.00000,767.20492
2026-09-01 23:55:00,TAS1,897.21000,0.00000,288.47304,0.00000,288.47304
2026-09-01 23:55:00,VIC1,4971.67000,0.00000,2730.95501,0.00000,2730.95501
2026-09-02 00:00:00,NSW1,7192.15000,0.00000,1490.61504,0.00000,1490.61504
2026-09-02 00:00:00,QLD1,5879.08000,1.76000,1028.52791,1.76000,1028.52791
2026-09-02 00:00:00,SA1,1370.10000,0.00000,703.16382,0.00000,703.16382
2026-09-02 00:00:00,TAS1,895.16000,0.00000,301.71418,0.00000,301.71418
2026-09-02 00:00:00,VIC1,4933.08000,0.00000,2696.22301,0.00000,2696.22301
2026-09-02 00:05:00,NSW1,7214.37000,0.00000,1486.32046,0.00000,1486.32046
2026-09-02 00:05:00,QLD1,5819.63000,0.00000,1017.71184,0.00000,1017.71184
2026-09-02 00:05:00,SA1,1382.12000,0.00000,635.75646,0.00000,635.75646
2026-09-02 00:05:00,TAS1,889.61000,0.00000,300.36797,0.00000,300.36797
2026-09-02 00:05:00,VIC1,4950.92000,0.00000,2692.86524,0.00000,2692.86524
2026-09-02 00:10:00,NSW1,7280.02000,0.00000,1495.67430,0.00000,1495.67430
2026-09-02 00:10:00,QLD1,5814.72000,1.76000,1028.94876,1.76000,1028.94876
2026-09-02 00:10:00,SA1,1389.09000,0.00000,564.59186,0.00000,564.59186
2026-09-02 00:10:00,TAS1,886.11000,0.00000,297.77481,0.00000,297.77481
2026-09-02 00:10:00,VIC1,4949.73000,0.00000,2572.09299,0.00000,2572.09299
2026-09-02 00:15:00,NSW1,7380.79000,0.00000,1521.38981,0.00000,1521.38981
2026-09-02 00:15:00,QLD1,5761.50000,1.76000,1027.27450,1.76000,1027.27450
2026-09-02 00:15:00,SA1,1350.70000,0.00000,534.23509,0.00000,534.23509
2026-09-02 00:15:00,TAS1,873.95000,0.00000,308.42448,0.00000,308.42448
2026-09-02 00:15:00,VIC1,4925.15000,0.00000,2495.75762,0.00000,2495.75762
2026-09-02 00:20:00,NSW1,7323.33000,0.00000,1513.25513,0.00000,1513.25513
2026-09-02 00:20:00,QLD1,5712.58000,1.76000,1032.24008,1.76000,1032.24008
2026-09-02 00:20:00,SA1,1391.61000,0.00000,446.42916,0.00000,446.42916
2026-09-02 00:20:00,TAS1,873.82000,0.00000,309.80148,0.00000,309.80148
2026-09-02 00:20:00,VIC1,4924.23000,0.00000,2397.57201,0.00000,2397.57201
2026-09-02 00:25:00,NSW1,7357.71000,0.00000,1546.75493,0.00000,1546.75493
2026-09-02 00:25:00,QLD1,5763.51000,1.76000,1019.47375,1.76000,1019.47375
2026-09-02 00:25:00,SA1,1367.89000,0.00000,450.55587,0.00000,450.55587
2026-09-02 00:25:00,TAS1,874.84000,0.00000,310.45489,0.00000,310.45489
2026-09-02 00:25:00,VIC1,4851.07000,0.00000,2323.98112,0.00000,2323.98112
2026-09-02 00:30:00,NSW1,7318.74000,0.00000,1561.83687,0.00000,1561.83687
2026-09-02 00:30:00,QLD1,5617.98000,1.76000,995.49700,1.76000,995.49700
2026-09-02 00:30:00,SA1,1358.80000,0.00000,462.58267,0.00000,462.58267
2026-09-02 00:30:00,TAS1,872.80000,0.00000,312.65452,0.00000,312.65452
2026-09-02 00:30:00,VIC1,4878.91000,0.00000,2313.46263,0.00000,2313.46263
2026-09-02 00:35:00,NSW1,7216.81000,0.00000,1582.89637,0.00000,1582.89637
2026-09-02 00:35:00,QLD1,5621.37000,0.00000,988.99761,0.00000,988.99761
2026-09-02 00:35:00,SA1,1343.37000,0.00000,458.17294,0.00000,458.17294
2026-09-02 00:35:00,TAS1,871.67000,0.00000,297.92502,0.00000,297.92502
2026-09-02 00:35:00,VIC1,4822.47000,0.00000,2245.50323,0.00000,2245.50323
2026-09-02 00:40:00,NSW1,7199.01000,0.00000,1600.12396,0.00000,1600.12396
2026-09-02 00:40:00,QLD1,5599.14000,0.00000,964.96496,0.00000,964.96496
2026-09-02 00:40:00,SA1,1397.89000,0.00000,456.03803,0.00000,456.03803
2026-09-02 00:40:00,TAS1,865.81000,0.00000,290.62550,0.00000,290.62550
2026-09-02 00:40:00,VIC1,4798.89000,0.00000,2172.17635,0.00000,2172.17635
2026-09-02 00:45:00,NSW1,7149.11000,0.00000,1589.85340,0.00000,1589.85340
2026-09-02 00:45:00,QLD1,5638.00000,0.00000,965.44743,0.00000,965.44743
2026-09-02 00:45:00,SA1,1371.19000,0.00000,442.20299,0.00000,442.20299
2026-09-02 00:45:00,TAS1,861.01000,0.00000,282.26377,0.00000,282.26377
2026-09-02 00:45:00,VIC1,4801.68000,0.00000,2111.19197,0.00000,2111.19197
2026-09-02 00:50:00,NSW1,7167.96000,0.00000,1587.38283,0.00000,1587.38283
2026-09-02 00:50:00,QLD1,5607.88000,1.76000,998.24281,1.76000,998.24281
2026-09-02 00:50:00,SA1,1411.77000,0.00000,477.99479,0.00000,477.99479
2026-09-02 00:50:00,TAS1,867.22000,0.00000,285.26145,0.00000,285.26145
2026-09-02 00:50:00,VIC1,4811.54000,0.00000,2081.44759,0.00000,2081.44759
2026-09-02 00:55:00,NSW1,7116.94000,0.00000,1584.32593,0.00000,1584.32593
2026-09-02 00:55:00,QLD1,5590.44000,1.76000,1051.48797,1.76000,1051.48797
2026-09-02 00:55:00,SA1,1386.32000,0.00000,481.58701,0.00000,481.58701
2026-09-02 00:55:00,TAS1,864.65000,0.00000,284.25099,0.00000,284.25099
2026-09-02 00:55:00,VIC1,4789.60000,0.00000,2047.07509,0.00000,2047.07509
2026-09-02 01:00:00,NSW1,7162.80000,0.00000,1602.98488,0.00000,1602.98488
2026-09-02 01:00:00,QLD1,5556.73000,0.00000,1065.63161,0.00000,1065.63161
2026-09-02 01:00:00,SA1,1402.08000,0.00000,469.71179,0.00000,469.71179
2026-09-02 01:00:00,TAS1,871.85000,0.00000,289.43426,0.00000,289.43426
2026-09-02 01:00:00,VIC1,4783.61000,0.00000,1971.67730,0.00000,1971.67730
2026-09-02 01:05:00,NSW1,7105.98000,0.00000,1611.07116,0.00000,1611.07116
2026-09-02 01:05:00,QLD1,5586.90000,0.00000,1061.61643,0.00000,1061.61643
2026-09-02 01:05:00,SA1,1373.66000,0.00000,453.24672,0.00000,453.24672
2026-09-02 01:05:00,TAS1,874.70000,0.00000,298.67720,0.00000,298.67720
2026-09-02 01:05:00,VIC1,4761.47000,0.00000,1878.14852,0.00000,1878.14852
2026-09-02 01:10:00,NSW1,7059.66000,0.00000,1666.42066,0.00000,1666.42066
2026-09-02 01:10:00,QLD1,5534.37000,0.00000,1054.35413,0.00000,1054.35413
2026-09-02 01:10:00,SA1,1364.29000,0.00000,454.89793,0.00000,454.89793
2026-09-02 01:10:00,TAS1,871.22000,0.00000,301.87568,0.00000,301.87568
2026-09-02 01:10:00,VIC1,4796.64000,0.00000,1783.62346,0.00000,1783.62346
2026-09-02 01:15:00,NSW1,7058.37000,0.00000,1661.33698,0.00000,1661.33698
2026-09-02 01:15:00,QLD1,5498.73000,1.76000,1052.98555,1.76000,1052.98555
2026-09-02 01:15:00,SA1,1369.90000,0.00000,428.82335,0.00000,428.82335
2026-09-02 01:15:00,TAS1,861.36000,0.00000,300.10037,0.00000,300.10037
2026-09-02 01:15:00,VIC1,4766.92000,0.00000,1625.54703,0.00000,1625.54703
2026-09-02 01:20:00,NSW1,7020.18000,0.00000,1662.07730,0.00000,1662.07730
2026-09-02 01:20:00,QLD1,5552.06000,0.00000,1031.37246,0.00000,1031.37246
2026-09-02 01:20:00,SA1,1370.92000,0.00000,411.82540,0.00000,411.82540
2026-09-02 01:20:00,TAS1,859.37000,0.00000,296.06260,0.00000,296.06260
2026-09-02 01:20:00,VIC1,4758.34000,0.00000,1498.61668,0.00000,1498.61668
2026-09-02 01:25:00,NSW1,6968.82000,0.00000,1643.04144,0.00000,1643.04144
2026-09-02 01:25:00,QLD1,5457.51000,1.76000,1030.45354,1.76000,1030.45354
2026-09-02 01:25:00,SA1,1355.90000,0.00000,410.86723,0.00000,410.86723
2026-09-02 01:25:00,TAS1,847.16000,0.00000,295.64892,0.00000,295.64892
2026-09-02 01:25:00,VIC1,4753.60000,0.00000,1462.61119,0.00000,1462.61119
2026-09-02 01:30:00,NSW1,6845.50000,0.00000,1674.36527,0.00000,1674.36527
2026-09-02 01:30:00,QLD1,5509.55000,0.00000,1035.44005,0.00000,1035.44005
2026-09-02 01:30:00,SA1,1331.88000,0.00000,445.05233,0.00000,445.05233
2026-09-02 01:30:00,TAS1,849.83000,0.00000,300.87802,0.00000,300.87802
2026-09-02 01:30:00,VIC1,4732.19000,0.00000,1475.38346,0.00000,1475.38346
2026-09-02 01:35:00,NSW1,6819.66000,0.00000,1675.83691,0.00000,1675.83691
2026-09-02 01:35:00,QLD1,5478.87000,0.00000,1033.10451,0.00000,1033.10451
2026-09-02 01:35:00,SA1,1365.52000,0.00000,450.57793,0.00000,450.57793
2026-09-02 01:35:00,TAS1,839.68000,0.00000,300.17223,0.00000,300.17223
2026-09-02 01:35:00,VIC1,4677.78000,0.00000,1449.46122,0.00000,1449.46122
2026-09-02 01:40:00,NSW1,6848.41000,0.00000,1627.30428,0.00000,1627.30428
2026-09-02 01:40:00,QLD1,5436.72000,0.00000,1038.24119,0.00000,1038.24119
2026-09-02 01:40:00,SA1,1364.39000,0.00000,457.42527,0.00000,457.42527
2026-09-02 01:40:00,TAS1,843.52000,0.00000,293.48279,0.00000,293.48279
2026-09-02 01:40:00,VIC1,4638.70000,0.00000,1521.52940,0.00000,1521.52940
2026-09-02 01:45:00,NSW1,6820.81000,0.00000,1542.91476,0.00000,1542.91476
2026-09-02 01:45:00,QLD1,5438.40000,1.76000,1005.44072,1.76000,1005.44072
2026-09-02 01:45:00,SA1,1360.98000,0.00000,464.63133,0.00000,464.63133
2026-09-02 01:45:00,TAS1,844.16000,0.00000,276.59946,0.00000,276.59946
2026-09-02 01:45:00,VIC1,4634.80000,0.00000,1533.44872,0.00000,1533.44872
2026-09-02 01:50:00,NSW1,6759.07000,0.00000,1463.75615,0.00000,1463.75615
2026-09-02 01:50:00,QLD1,5455.92000,0.00000,998.69130,0.00000,998.69130
2026-09-02 01:50:00,SA1,1346.19000,0.00000,433.33994,0.00000,433.33994
2026-09-02 01:50:00,TAS1,848.20000,0.00000,287.13640,0.00000,287.13640
2026-09-02 01:50:00,VIC1,4629.11000,0.00000,1542.99105,0.00000,1542.99105
2026-09-02 01:55:00,NSW1,6816.41000,0.00000,1466.78848,0.00000,1466.78848
2026-09-02 01:55:00,QLD1,5430.23000,1.76000,986.21264,1.76000,986.21264
2026-09-02 01:55:00,SA1,1360.49000,0.00000,422.06572,0.00000,422.06572
2026-09-02 01:55:00,TAS1,845.55000,0.00000,294.30634,0.00000,294.30634
2026-09-02 01:55:00,VIC1,4596.12000,0.00000,1502.94257,0.00000,1502.94257
2026-09-02 02:00:00,NSW1,6780.81000,0.00000,1527.57455,0.00000,1527.57455
2026-09-02 02:00:00,QLD1,5482.24000,0.00000,1018.73886,0.00000,1018.73886
2026-09-02 02:00:00,SA1,1332.00000,0.00000,444.51436,0.00000,444.51436
2026-09-02 02:00:00,TAS1,856.76000,0.00000,319.02300,0.00000,319.02300
2026-09-02 02:00:00,VIC1,4563.04000,0.00000,1456.06631,0.00000,1456.06631
2026-09-02 02:05:00,NSW1,6708.56000,0.00000,1507.45364,0.00000,1507.45364
2026-09-02 02:05:00,QLD1,5420.03000,1.76000,959.65503,1.76000,959.65503
2026-09-02 02:05:00,SA1,1372.81000,0.00000,450.00941,0.00000,450.00941
2026-09-02 02:05:00,TAS1,853.53000,0.00000,320.80478,0.00000,320.80478
2026-09-02 02:05:00,VIC1,4590.28000,0.00000,1400.95500,0.00000,1400.95500
2026-09-02 02:10:00,NSW1,6731.07000,0.00000,1452.10006,0.00000,1452.10006
2026-09-02 02:10:00,QLD1,5448.21000,0.00000,948.75750,0.00000,948.75750
2026-09-02 02:10:00,SA1,1373.78000,0.00000,446.56376,0.00000,446.56376
2026-09-02 02:10:00,TAS1,838.31000,0.00000,314.59059,0.00000,314.59059
2026-09-02 02:10:00,VIC1,4543.44000,0.00000,1406.52185,0.00000,1406.52185
2026-09-02 02:15:00,NSW1,6651.99000,0.00000,1344.11107,0.00000,1344.11107
2026-09-02 02:15:00,QLD1,5388.70000,0.00000,916.90028,0.00000,916.90028
2026-09-02 02:15:00,SA1,1304.13000,0.00000,464.13871,0.00000,464.13871
2026-09-02 02:15:00,TAS1,829.32000,0.00000,293.62656,0.00000,293.62656
2026-09-02 02:15:00,VIC1,4525.58000,0.00000,1366.17223,0.00000,1366.17223
2026-09-02 02:20:00,NSW1,6625.43000,0.00000,1305.51645,0.00000,1305.51645
2026-09-02 02:20:00,QLD1,5379.85000,0.00000,922.46012,0.00000,922.46012
2026-09-02 02:20:00,SA1,1350.61000,0.00000,472.55833,0.00000,472.55833
2026-09-02 02:20:00,TAS1,831.62000,0.00000,293.94535,0.00000,293.94535
2026-09-02 02:20:00,VIC1,4528.70000,0.00000,1409.24306,0.00000,1409.24306
2026-09-02 02:25:00,NSW1,6615.58000,0.00000,1302.75153,0.00000,1302.75153
2026-09-02 02:25:00,QLD1,5387.02000,0.00000,896.86136,0.00000,896.86136
2026-09-02 02:25:00,SA1,1311.61000,0.00000,469.21827,0.00000,469.21827
2026-09-02 02:25:00,TAS1,834.12000,0.00000,312.30982,0.00000,312.30982
2026-09-02 02:25:00,VIC1,4492.46000,0.00000,1373.24570,0.00000,1373.24570
2026-09-02 02:30:00,NSW1,6555.71000,0.00000,1393.74049,0.00000,1393.74049
2026-09-02 02:30:00,QLD1,5480.84000,0.00000,887.28674,0.00000,887.28674
2026-09-02 02:30:00,SA1,1329.48000,0.00000,520.91182,0.00000,520.91182
2026-09-02 02:30:00,TAS1,824.20000,0.00000,317.80080,0.00000,317.80080
2026-09-02 02:30:00,VIC1,4488.19000,0.00000,1303.92198,0.00000,1303.92198
2026-09-02 02:35:00,NSW1,6556.51000,0.00000,1404.30589,0.00000,1404.30589
2026-09-02 02:35:00,QLD1,5415.85000,0.00000,854.39910,0.00000,854.39910
2026-09-02 02:35:00,SA1,1347.90000,0.00000,574.73312,0.00000,574.73312
2026-09-02 02:35:00,TAS1,826.70000,0.00000,320.81625,0.00000,320.81625
2026-09-02 02:35:00,VIC1,4465.47000,0.00000,1260.08358,0.00000,1260.08358
2026-09-02 02:40:00,NSW1,6652.13000,0.00000,1522.22510,0.00000,1522.22510
2026-09-02 02:40:00,QLD1,5394.69000,1.76000,865.11460,1.76000,865.11460
2026-09-02 02:40:00,SA1,1373.71000,0.00000,517.66000,0.00000,517.66000
2026-09-02 02:40:00,TAS1,826.71000,0.00000,326.91502,0.00000,326.91502
2026-09-02 02:40:00,VIC1,4470.71000,0.00000,1300.57704,0.00000,1300.57704
2026-09-02 02:45:00,NSW1,6611.65000,0.00000,1476.58521,0.00000,1476.58521
2026-09-02 02:45:00,QLD1,5433.01000,1.76000,854.49260,1.76000,854.49260
2026-09-02 02:45:00,SA1,1383.09000,0.00000,496.18297,0.00000,496.18297
2026-09-02 02:45:00,TAS1,825.12000,0.00000,334.70581,0.00000,334.70581
2026-09-02 02:45:00,VIC1,4471.90000,0.00000,1311.59328,0.00000,1311.59328
2026-09-02 02:50:00,NSW1,6618.33000,0.00000,1415.57418,0.00000,1415.57418
2026-09-02 02:50:00,QLD1,5448.71000,0.00000,856.94475,0.00000,856.94475
2026-09-02 02:50:00,SA1,1330.58000,0.00000,488.99578,0.00000,488.99578
2026-09-02 02:50:00,TAS1,822.11000,0.00000,342.16146,0.00000,342.16146
2026-09-02 02:50:00,VIC1,4471.92000,0.00000,1302.35508,0.00000,1302.35508
2026-09-02 02:55:00,NSW1,6651.09000,0.00000,1411.95864,0.00000,1411.95864
2026-09-02 02:55:00,QLD1,5394.37000,0.00000,841.12564,0.00000,841.12564
2026-09-02 02:55:00,SA1,1403.58000,0.00000,496.57098,0.00000,496.57098
2026-09-02 02:55:00,TAS1,826.54000,0.00000,340.89638,0.00000,340.89638
2026-09-02 02:55:00,VIC1,4412.65000,0.00000,1297.27091,0.00000,1297.27091
2026-09-02 03:00:00,NSW1,6585.30000,0.00000,1430.67995,0.00000,1430.67995
2026-09-02 03:00:00,QLD1,5429.88000,0.00000,846.28184,0.00000,846.28184
2026-09-02 03:00:00,SA1,1334.82000,0.00000,495.69243,0.00000,495.69243
2026-09-02 03:00:00,TAS1,823.50000,0.00000,340.04970,0.00000,340.04970
2026-09-02 03:00:00,VIC1,4418.79000,0.00000,1268.10303,0.00000,1268.10303
2026-09-02 03:05:00,NSW1,6602.28000,0.00000,1485.62261,0.00000,1485.62261
2026-09-02 03:05:00,QLD1,5374.91000,1.76000,862.02716,1.76000,862.02716
2026-09-02 03:05:00,SA1,1358.61000,0.00000,530.55943,0.00000,530.55943
2026-09-02 03:05:00,TAS1,832.50000,0.00000,339.26632,0.00000,339.26632
2026-09-02 03:05:00,VIC1,4401.17000,0.00000,1232.78178,0.00000,1232.78178
2026-09-02 03:10:00,NSW1,6576.05000,0.00000,1562.71143,0.00000,1562.71143
2026-09-02 03:10:00,QLD1,5416.18000,1.76000,846.54516,1.76000,846.54516
2026-09-02 03:10:00,SA1,1377.74000,0.00000,557.51265,0.00000,557.51265
2026-09-02 03:10:00,TAS1,838.50000,0.00000,333.64952,0.00000,333.64952
2026-09-02 03:10:00,VIC1,4423.29000,0.00000,1248.86932,0.00000,1248.86932
2026-09-02 03:15:00,NSW1,6441.63000,0.00000,1536.68766,0.00000,1536.68766
2026-09-02 03:15:00,QLD1,5431.85000,0.00000,868.13497,0.00000,868.13497
2026-09-02 03:15:00,SA1,1347.98000,0.00000,545.94521,0.00000,545.94521
2026-09-02 03:15:00,TAS1,832.97000,0.00000,301.20894,0.00000,301.20894
2026-09-02 03:15:00,VIC1,4405.17000,0.00000,1211.46000,0.00000,1211.46000
2026-09-02 03:20:00,NSW1,6459.78000,0.00000,1558.20633,0.00000,1558.20633
2026-09-02 03:20:00,QLD1,5389.06000,1.76000,873.43521,1.76000,873.43521
2026-09-02 03:20:00,SA1,1332.65000,0.00000,543.53320,0.00000,543.53320
2026-09-02 03:20:00,TAS1,841.50000,0.00000,318.91230,0.00000,318.91230
2026-09-02 03:20:00,VIC1,4403.78000,0.00000,1189.41965,0.00000,1189.41965
2026-09-02 03:25:00,NSW1,6431.18000,0.00000,1572.39087,0.00000,1572.39087
2026-09-02 03:25:00,QLD1,5370.06000,1.76000,894.80375,1.76000,894.80375
2026-09-02 03:25:00,SA1,1357.32000,0.00000,529.08070,0.00000,529.08070
2026-09-02 03:25:00,TAS1,844.43000,0.00000,320.68647,0.00000,320.68647
2026-09-02 03:25:00,VIC1,4404.82000,0.00000,1174.83175,0.00000,1174.83175
2026-09-02 03:30:00,NSW1,6422.37000,0.00000,1602.13346,0.00000,1602.13346
2026-09-02 03:30:00,QLD1,5410.50000,0.00000,897.02473,0.00000,897.02473
2026-09-02 03:30:00,SA1,1349.39000,0.00000,534.52367,0.00000,534.52367
2026-09-02 03:30:00,TAS1,859.51000,0.00000,326.90470,0.00000,326.90470
2026-09-02 03:30:00,VIC1,4378.98000,0.00000,1161.87644,0.00000,1161.87644
2026-09-02 03:35:00,NSW1,6383.93000,0.00000,1572.41060,0.00000,1572.41060
2026-09-02 03:35:00,QLD1,5437.36000,1.76000,895.54709,1.76000,895.54709
2026-09-02 03:35:00,SA1,1339.57000,0.00000,567.01214,0.00000,567.01214
2026-09-02 03:35:00,TAS1,862.92000,0.00000,303.35175,0.00000,303.35175
2026-09-02 03:35:00,VIC1,4401.45000,0.00000,1084.61579,0.00000,1084.61579
2026-09-02 03:40:00,NSW1,6426.60000,0.00000,1489.14282,0.00000,1489.14282
2026-09-02 03:40:00,QLD1,5400.72000,0.00000,907.12875,0.00000,907.12875
2026-09-02 03:40:00,SA1,1322.57000,0.00000,585.73746,0.00000,585.73746
2026-09-02 03:40:00,TAS1,859.83000,0.00000,297.82905,0.00000,297.82905
2026-09-02 03:40:00,VIC1,4409.16000,0.00000,1021.43866,0.00000,1021.43866
2026-09-02 03:45:00,NSW1,6445.74000,0.00000,1479.75844,0.00000,1479.75844
2026-09-02 03:45:00,QLD1,5408.90000,0.00000,889.30445,0.00000,889.30445
2026-09-02 03:45:00,SA1,1335.59000,0.00000,617.96770,0.00000,617.96770
2026-09-02 03:45:00,TAS1,847.76000,0.00000,320.90281,0.00000,320.90281
2026-09-02 03:45:00,VIC1,4421.67000,0.00000,1036.19168,0.00000,1036.19168
2026-09-02 03:50:00,NSW1,6478.98000,0.00000,1524.13146,0.00000,1524.13146
2026-09-02 03:50:00,QLD1,5383.34000,1.76000,867.95277,1.76000,867.95277
2026-09-02 03:50:00,SA1,1312.71000,0.00000,597.80532,0.00000,597.80532
2026-09-02 03:50:00,TAS1,845.72000,0.00000,348.57868,0.00000,348.57868
2026-09-02 03:50:00,VIC1,4422.31000,0.00000,1008.47449,0.00000,1008.47449
2026-09-02 03:55:00,NSW1,6467.07000,0.00000,1524.75532,0.00000,1524.75532
2026-09-02 03:55:00,QLD1,5451.72000,1.76000,850.59041,1.76000,850.59041
2026-09-02 03:55:00,SA1,1293.06000,0.00000,569.44609,0.00000,569.44609
2026-09-02 03:55:00,TAS1,843.20000,0.00000,341.72992,0.00000,341.72992
2026-09-02 03:55:00,VIC1,4424.46000,0.00000,1003.68681,0.00000,1003.68681
2026-09-02 04:00:00,NSW1,6439.03000,0.00000,1518.44963,0.00000,1518.44963
2026-09-02 04:00:00,QLD1,5497.81000,1.76000,847.52364,1.76000,847.52364
2026-09-02 04:00:00,SA1,1298.82000,0.00000,566.76926,0.00000,566.76926
2026-09-02 04:00:00,TAS1,851.01000,0.00000,330.43291,0.00000,330.43291
2026-09-02 04:00:00,VIC1,4414.52000,0.00000,1030.19825,0.00000,1030.19825
2026-09-02 04:05:00,NSW1,6431.40000,0.00000,1461.71551,0.00000,1461.71551
2026-09-02 04:05:00,QLD1,5486.68000,1.76000,846.11615,1.76000,846.11615
2026-09-02 04:05:00,SA1,1286.15000,0.00000,550.23417,0.00000,550.23417
2026-09-02 04:05:00,TAS1,846.41000,0.00000,326.66658,0.00000,326.66658
2026-09-02 04:05:00,VIC1,4424.27000,0.00000,1016.26211,0.00000,1016.26211
2026-09-02 04:10:00,NSW1,6551.16000,0.00000,1441.38433,0.00000,1441.38433
2026-09-02 04:10:00,QLD1,5475.85000,0.00000,807.89938,0.00000,807.89938
2026-09-02 04:10:00,SA1,1307.95000,0.00000,543.23793,0.00000,543.23793
2026-09-02 04:10:00,TAS1,851.59000,0.00000,310.56678,0.00000,310.56678
2026-09-02 04:10:00,VIC1,4445.63000,0.00000,974.96022,0.00000,974.96022
2026-09-02 04:15:00,NSW1,6501.80000,0.00000,1453.18962,0.00000,1453.18962
2026-09-02 04:15:00,QLD1,5608.45000,0.00000,803.28543,0.00000,803.28543
2026-09-02 04:15:00,SA1,1285.20000,0.00000,561.46173,0.00000,561.46173
2026-09-02 04:15:00,TAS1,857.78000,0.00000,293.94851,0.00000,293.94851
2026-09-02 04:15:00,VIC1,4444.51000,0.00000,987.66416,0.00000,987.66416
2026-09-02 04:20:00,NSW1,6565.63000,0.00000,1424.44515,0.00000,1424.44515
2026-09-02 04:20:00,QLD1,5583.25000,0.00000,803.11717,0.00000,803.11717
2026-09-02 04:20:00,SA1,1311.67000,0.00000,583.43917,0.00000,583.43917
2026-09-02 04:20:00,TAS1,855.52000,0.00000,302.05072,0.00000,302.05072
2026-09-02 04:20:00,VIC1,4450.34000,0.00000,998.23383,0.00000,998.23383
2026-09-02 04:25:00,NSW1,6607.77000,0.00000,1375.31143,0.00000,1375.31143
2026-09-02 04:25:00,QLD1,5605.18000,1.76000,792.32768,1.76000,792.32768
2026-09-02 04:25:00,SA1,1297.69000,0.00000,556.45886,0.00000,556.45886
2026-09-02 04:25:00,TAS1,850.84000,0.00000,312.28588,0.00000,312.28588
2026-09-02 04:25:00,VIC1,4434.79000,0.00000,993.76478,0.00000,993.76478
2026-09-02 04:30:00,NSW1,6545.90000,0.00000,1420.43764,0.00000,1420.43764
2026-09-02 04:30:00,QLD1,5601.29000,1.76000,778.62724,1.76000,778.62724
2026-09-02 04:30:00,SA1,1284.12000,0.00000,539.85395,0.00000,539.85395
2026-09-02 04:30:00,TAS1,858.59000,0.00000,301.78613,0.00000,301.78613
2026-09-02 04:30:00,VIC1,4467.55000,0.00000,962.95209,0.00000,962.95209
2026-09-02 04:35:00,NSW1,6552.71000,0.00000,1371.85415,0.00000,1371.85415
2026-09-02 04:35:00,QLD1,5581.44000,0.00000,752.53773,0.00000,752.53773
2026-09-02 04:35:00,SA1,1283.03000,0.00000,526.55139,0.00000,526.55139
2026-09-02 04:35:00,TAS1,855.07000,0.00000,319.84104,0.00000,319.84104
2026-09-02 04:35:00,VIC1,4477.53000,0.00000,1000.32862,0.00000,1000.32862
2026-09-02 04:40:00,NSW1,6553.07000,0.00000,1325.61648,0.00000,1325.61648
2026-09-02 04:40:00,QLD1,5621.01000,1.76000,721.63576,1.76000,721.63576
2026-09-02 04:40:00,SA1,1272.13000,0.00000,549.52033,0.00000,549.52033
2026-09-02 04:40:00,TAS1,861.48000,0.00000,317.52533,0.00000,317.52533
2026-09-02 04:40:00,VIC1,4505.48000,0.00000,1025.32695,0.00000,1025.32695
2026-09-02 04:45:00,NSW1,6549.89000,0.00000,1279.07383,0.00000,1279.07383
2026-09-02 04:45:00,QLD1,5662.46000,1.76000,691.95116,1.76000,691.95116
2026-09-02 04:45:00,SA1,1288.68000,0.00000,558.08320,0.00000,558.08320
2026-09-02 04:45:00,TAS1,866.76000,0.00000,333.99485,0.00000,333.99485
2026-09-02 04:45:00,VIC1,4512.10000,0.00000,1062.25932,0.00000,1062.25932
2026-09-02 04:50:00,NSW1,6565.04000,0.00000,1293.60637,0.00000,1293.60637
2026-09-02 04:50:00,QLD1,5692.07000,0.00000,679.79729,0.00000,679.79729
2026-09-02 04:50:00,SA1,1290.84000,0.00000,561.68273,0.00000,561.68273
2026-09-02 04:50:00,TAS1,872.52000,0.00000,340.51883,0.00000,340.51883
2026-09-02 04:50:00,VIC1,4496.10000,0.00000,1049.86007,0.00000,1049.86007
2026-09-02 04:55:00,NSW1,6595.35000,0.00000,1302.72819,0.00000,1302.72819
2026-09-02 04:55:00,QLD1,5703.28000,0.00000,675.06286,0.00000,675.06286
2026-09-02 04:55:00,SA1,1267.65000,0.00000,553.25823,0.00000,553.25823
2026-09-02 04:55:00,TAS1,877.33000,0.00000,337.79354,0.00000,337.79354
2026-09-02 04:55:00,VIC1,4536.39000,0.00000,1092.26467,0.00000,1092.26467
2026-09-02 05:00:00,NSW1,6569.58000,0.00000,1285.01626,0.00000,1285.01626
2026-09-02 05:00:00,QLD1,5665.77000,0.00000,683.54998,0.00000,683.54998
2026-09-02 05:00:00,SA1,1275.31000,0.00000,516.28894,0.00000,516.28894
2026-09-02 05:00:00,TAS1,881.43000,0.00000,355.35845,0.00000,355.35845
2026-09-02 05:00:00,VIC1,4555.02000,0.00000,1089.93389,0.00000,1089.93389
2026-09-02 05:05:00,NSW1,6634.29000,0.00000,1226.21154,0.00000,1226.21154
2026-09-02 05:05:00,QLD1,5677.35000,1.76000,684.43175,1.76000,684.43175
2026-09-02 05:05:00,SA1,1291.11000,0.00000,531.09503,0.00000,531.09503
2026-09-02 05:05:00,TAS1,873.91000,0.00000,347.61731,0.00000,347.61731
2026-09-02 05:05:00,VIC1,4588.09000,0.00000,1078.72439,0.00000,1078.72439
2026-09-02 05:10:00,NSW1,6711.01000,0.00000,1221.06047,0.00000,1221.06047
2026-09-02 05:10:00,QLD1,5774.67000,1.76000,692.12219,1.76000,692.12219
2026-09-02 05:10:00,SA1,1287.69000,0.00000,558.94475,0.00000,558.94475
2026-09-02 05:10:00,TAS1,888.01000,0.00000,335.41255,0.00000,335.41255
2026-09-02 05:10:00,VIC1,4631.62000,0.00000,1100.01461,0.00000,1100.01461
2026-09-02 05:15:00,NSW1,6743.46000,0.00000,1266.88556,0.00000,1266.88556
2026-09-02 05:15:00,QLD1,5842.29000,0.00000,704.43527,0.00000,704.43527
2026-09-02 05:15:00,SA1,1285.15000,0.00000,585.36357,0.00000,585.36357
2026-09-02 05:15:00,TAS1,883.22000,0.00000,329.20022,0.00000,329.20022
2026-09-02 05:15:00,VIC1,4686.89000,0.00000,1129.43802,0.00000,1129.43802
2026-09-02 05:20:00,NSW1,6787.25000,0.00000,1298.83837,0.00000,1298.83837
2026-09-02 05:20:00,QLD1,5890.79000,1.76000,699.43123,1.76000,699.43123
2026-09-02 05:20:00,SA1,1280.77000,0.00000,581.37057,0.00000,581.37057
2026-09-02 05:20:00,TAS1,899.50000,0.00000,337.68650,0.00000,337.68650
2026-09-02 05:20:00,VIC1,4687.88000,0.00000,1164.00049,0.00000,1164.00049
2026-09-02 05:25:00,NSW1,6851.83000,0.00000,1332.79623,0.00000,1332.79623
2026-09-02 05:25:00,QLD1,5913.78000,1.76000,694.65246,1.76000,694.65246
2026-09-02 05:25:00,SA1,1284.08000,0.00000,582.59535,0.00000,582.59535
2026-09-02 05:25:00,TAS1,919.49000,0.00000,333.78130,0.00000,333.78130
2026-09-02 05:25:00,VIC1,4719.49000,0.00000,1162.98874,0.00000,1162.98874
2026-09-02 05:30:00,NSW1,6866.54000,0.00000,1323.24302,0.00000,1323.24302
2026-09-02 05:30:00,QLD1,5907.07000,1.76000,700.89870,1.76000,700.89870
2026-09-02 05:30:00,SA1,1288.05000,0.00000,582.23378,0.00000,582.23378
2026-09-02 05:30:00,TAS1,1008.55000,0.00000,354.02469,0.00000,354.02469
2026-09-02 05:30:00,VIC1,4782.88000,0.00000,1137.08488,0.00000,1137.08488
2026-09-02 05:35:00,NSW1,6907.99000,0.00000,1334.25062,0.00000,1334.25062
2026-09-02 05:35:00,QLD1,5965.40000,1.76000,676.61574,1.76000,676.61574
2026-09-02 05:35:00,SA1,1283.76000,0.00000,570.18631,0.00000,570.18631
2026-09-02 05:35:00,TAS1,1018.69000,0.00000,369.30775,0.00000,369.30775
2026-09-02 05:35:00,VIC1,4796.29000,0.00000,1127.98227,0.00000,1127.98227
2026-09-02 05:40:00,NSW1,7001.05000,0.00000,1328.93937,0.00000,1328.93937
2026-09-02 05:40:00,QLD1,5974.20000,0.00000,688.57329,0.00000,688.57329
2026-09-02 05:40:00,SA1,1309.42000,0.00000,576.29303,0.00000,576.29303
2026-09-02 05:40:00,TAS1,1020.30000,0.00000,374.31704,0.00000,374.31704
2026-09-02 05:40:00,VIC1,4829.20000,0.00000,1112.03444,0.00000,1112.03444
2026-09-02 05:45:00,NSW1,7029.02000,0.00000,1325.84973,0.00000,1325.84973
2026-09-02 05:45:00,QLD1,6042.40000,0.00000,709.69575,0.00000,709.69575
2026-09-02 05:45:00,SA1,1333.46000,0.00000,538.32503,0.00000,538.32503
2026-09-02 05:45:00,TAS1,1033.37000,0.00000,374.71159,0.00000,374.71159
2026-09-02 05:45:00,VIC1,4860.81000,0.00000,1106.01079,0.00000,1106.01079
2026-09-02 05:50:00,NSW1,7057.92000,0.00000,1277.31611,0.00000,1277.31611
2026-09-02 05:50:00,QLD1,6087.48000,1.76000,714.18220,1.76000,714.18220
2026-09-02 05:50:00,SA1,1323.35000,0.00000,525.61292,0.00000,525.61292
2026-09-02 05:50:00,TAS1,1045.44000,0.00000,381.30002,0.00000,381.30002
2026-09-02 05:50:00,VIC1,4906.92000,0.00000,1097.54117,0.00000,1097.54117
2026-09-02 05:55:00,NSW1,7131.42000,0.00000,1236.03529,0.00000,1236.03529
2026-09-02 05:55:00,QLD1,6142.26000,1.76000,731.88476,1.76000,731.88476
2026-09-02 05:55:00,SA1,1327.78000,0.00000,505.66757,0.00000,505.66757
2026-09-02 05:55:00,TAS1,1055.74000,0.00000,382.90064,0.00000,382.90064
2026-09-02 05:55:00,VIC1,4957.86000,0.00000,1116.38362,0.00000,1116.38362
2026-09-02 06:00:00,NSW1,7141.26000,0.00000,1248.45448,0.00000,1248.45448
2026-09-02 06:00:00,QLD1,6140.67000,1.76000,734.85358,1.76000,734.85358
2026-09-02 06:00:00,SA1,1327.79000,0.00000,486.78173,0.00000,486.78173
2026-09-02 06:00:00,TAS1,1073.13000,0.00000,380.56462,0.00000,380.56462
2026-09-02 06:00:00,VIC1,5038.49000,0.00000,1138.74258,0.00000,1138.74258
2026-09-02 06:05:00,NSW1,7256.55000,0.00000,1246.86341,0.00000,1246.86341
2026-09-02 06:05:00,QLD1,6192.80000,1.76000,744.13756,1.76000,744.13756
2026-09-02 06:05:00,SA1,1329.04000,0.00000,425.18838,0.00000,425.18838
2026-09-02 06:05:00,TAS1,1083.67000,0.00000,385.36262,0.00000,385.36262
2026-09-02 06:05:00,VIC1,5063.25000,0.00000,1110.76724,0.00000,1110.76724
2026-09-02 06:10:00,NSW1,7297.02000,0.00000,1272.89103,0.00000,1272.89103
2026-09-02 06:10:00,QLD1,6278.71000,2.19500,769.21197,2.19500,769.21197
2026-09-02 06:10:00,SA1,1363.91000,0.00000,386.76947,0.00000,386.76947
2026-09-02 06:10:00,TAS1,1108.16000,0.00000,367.26393,0.00000,367.26393
2026-09-02 06:10:00,VIC1,5184.59000,0.00000,1104.04578,0.00000,1104.04578
2026-09-02 06:15:00,NSW1,7347.09000,5.81500,1300.56534,5.81500,1300.56534
2026-09-02 06:15:00,QLD1,6378.44000,3.71409,761.76889,3.71409,761.76889
2026-09-02 06:15:00,SA1,1364.69000,0.00000,397.51652,0.00000,397.51652
2026-09-02 06:15:00,TAS1,1127.17000,0.00000,348.59942,0.00000,348.59942
2026-09-02 06:15:00,VIC1,5275.75000,0.00000,1055.36063,0.00000,1055.36063
2026-09-02 06:20:00,NSW1,7424.23000,6.80500,1291.08476,6.80500,1291.08476
2026-09-02 06:20:00,QLD1,6380.00000,15.86773,744.10250,15.86773,744.10250
2026-09-02 06:20:00,SA1,1353.43000,0.00000,408.39632,0.00000,408.39632
2026-09-02 06:20:00,TAS1,1142.05000,0.00000,349.35889,0.00000,349.35889
2026-09-02 06:20:00,VIC1,5346.53000,0.00000,1047.48824,0.00000,1047.48824
2026-09-02 06:25:00,NSW1,7502.06000,24.07250,1314.94242,24.07250,1314.94242
2026-09-02 06:25:00,QLD1,6449.13000,47.34419,718.80351,47.34419,718.80351
2026-09-02 06:25:00,SA1,1370.83000,0.00000,392.93911,0.00000,392.93911
2026-09-02 06:25:00,TAS1,1150.73000,0.00000,359.00262,0.00000,359.00262
2026-09-02 06:25:00,VIC1,5392.96000,0.00000,995.58570,0.00000,995.58570
2026-09-02 06:30:00,NSW1,7561.35000,50.21412,1330.74253,50.21412,1330.74253
2026-09-02 06:30:00,QLD1,6436.31000,84.97135,687.45071,84.97135,687.45071
2026-09-02 06:30:00,SA1,1367.73000,0.00000,404.58250,0.00000,404.58250
2026-09-02 06:30:00,TAS1,1161.07000,0.00000,360.37577,0.00000,360.37577
2026-09-02 06:30:00,VIC1,5479.71000,0.00000,1000.06512,0.00000,1000.06512
2026-09-02 06:35:00,NSW1,7622.80000,65.20181,1331.00391,65.20181,1331.00391
2026-09-02 06:35:00,QLD1,6431.43000,155.82726,675.70336,155.82726,675.70336
2026-09-02 06:35:00,SA1,1384.18000,0.00000,410.80777,0.00000,410.80777
2026-09-02 06:35:00,TAS1,1172.05000,0.00000,371.05127,0.00000,371.05127
2026-09-02 06:35:00,VIC1,5488.99000,0.00000,1017.15649,0.00000,1017.15649
2026-09-02 06:40:00,NSW1,7617.98000,115.75019,1361.56765,115.75019,1361.56765
2026-09-02 06:40:00,QLD1,6508.55000,233.15551,688.75889,233.15551,688.75889
2026-09-02 06:40:00,SA1,1395.09000,0.00000,419.28344,0.00000,419.28344
2026-09-02 06:40:00,TAS1,1188.68000,0.00000,353.90943,0.00000,353.90943
2026-09-02 06:40:00,VIC1,5591.61000,0.00000,1047.47048,0.00000,1047.47048
2026-09-02 06:45:00,NSW1,7686.62000,176.71099,1361.26491,176.71099,1361.26491
2026-09-02 06:45:00,QLD1,6493.40000,448.24030,666.48424,448.24030,666.48424
2026-09-02 06:45:00,SA1,1419.98000,0.00000,407.57327,0.00000,407.57327
2026-09-02 06:45:00,TAS1,1190.48000,0.00000,336.16275,0.00000,336.16275
2026-09-02 06:45:00,VIC1,5656.25000,0.22400,1087.80763,0.22400,1087.80763
2026-09-02 06:50:00,NSW1,7737.95000,215.43287,1405.93034,215.43287,1405.93034
2026-09-02 06:50:00,QLD1,6490.89000,594.27277,681.79213,594.27277,681.79213
2026-09-02 06:50:00,SA1,1426.03000,0.00000,412.11038,0.00000,412.11038
2026-09-02 06:50:00,TAS1,1204.21000,0.00000,321.30409,0.00000,321.30409
2026-09-02 06:50:00,VIC1,5705.74000,2.97610,1114.13685,2.97610,1114.13685
2026-09-02 06:55:00,NSW1,7765.27000,297.38397,1398.87865,297.38397,1398.87865
2026-09-02 06:55:00,QLD1,6463.92000,770.29583,656.28973,770.29583,656.28973
2026-09-02 06:55:00,SA1,1447.30000,0.00000,446.65148,0.00000,446.65148
2026-09-02 06:55:00,TAS1,1211.12000,0.00000,310.41144,0.00000,310.41144
2026-09-02 06:55:00,VIC1,5778.50000,11.64773,1103.79749,11.64773,1103.79749
2026-09-02 07:00:00,NSW1,7761.49000,377.55797,1407.57977,377.55797,1407.57977
2026-09-02 07:00:00,QLD1,6437.92000,943.08142,639.80281,943.08142,639.80281
2026-09-02 07:00:00,SA1,1478.82000,0.00000,480.60846,0.00000,480.60846
2026-09-02 07:00:00,TAS1,1224.02000,0.00000,341.28288,0.00000,341.28288
2026-09-02 07:00:00,VIC1,5832.16000,28.38685,1105.13780,28.38685,1105.13780
2026-09-02 07:05:00,NSW1,7797.22000,396.49892,1439.05305,396.49892,1439.05305
2026-09-02 07:05:00,QLD1,6397.43000,1161.29973,651.74133,1135.91723,651.74133
2026-09-02 07:05:00,SA1,1464.44000,0.00000,532.60518,0.00000,532.60518
2026-09-02 07:05:00,TAS1,1222.39000,0.00000,327.90877,0.00000,327.90877
2026-09-02 07:05:00,VIC1,5888.69000,39.64678,1120.21543,39.64678,1120.21543
2026-09-02 07:10:00,NSW1,7841.88000,605.32949,1430.75756,605.32949,1430.75756
2026-09-02 07:10:00,QLD1,6380.03000,1359.71870,646.51690,1249.32465,646.51690
2026-09-02 07:10:00,SA1,1478.05000,0.00000,545.95657,0.00000,545.95657
2026-09-02 07:10:00,TAS1,1193.66000,0.00000,346.02927,0.00000,346.02927
2026-09-02 07:10:00,VIC1,5907.38000,70.12865,1119.62041,70.12865,1119.62041
2026-09-02 07:15:00,NSW1,7844.52000,872.10529,1412.44572,872.10529,1412.44572
2026-09-02 07:15:00,QLD1,6365.23000,1616.41347,641.13760,1442.84756,611.55531
2026-09-02 07:15:00,SA1,1493.13000,0.37436,548.79679,0.37436,548.79679
2026-09-02 07:15:00,TAS1,1172.57000,0.00000,353.61409,0.00000,353.61409
2026-09-02 07:15:00,VIC1,5965.63000,120.33910,1194.16112,120.33910,1194.16112
2026-09-02 07:20:00,NSW1,7888.14000,1112.34066,1382.94488,1112.34066,1382.94488
2026-09-02 07:20:00,QLD1,6216.33000,1769.00065,618.95880,1558.33156,568.67880
2026-09-02 07:20:00,SA1,1480.15000,1.61691,545.96874,1.61691,545.96874
2026-09-02 07:20:00,TAS1,1185.77000,0.00000,331.78471,0.00000,331.78471
2026-09-02 07:20:00,VIC1,6005.70000,138.88811,1228.77648,138.88811,1228.77648
2026-09-02 07:25:00,NSW1,7852.70000,1319.21968,1377.95834,1319.21968,1377.95834
2026-09-02 07:25:00,QLD1,6181.97000,1916.05980,615.33150,1653.56563,556.31550
2026-09-02 07:25:00,SA1,1517.91000,4.07836,553.20818,4.07836,553.20818
2026-09-02 07:25:00,TAS1,1187.04000,0.00000,329.47628,0.00000,329.47628
2026-09-02 07:25:00,VIC1,6022.98000,175.64275,1233.62805,175.64275,1233.62805
2026-09-02 07:30:00,NSW1,7814.60000,1329.73230,1366.90145,1329.73230,1366.90145
2026-09-02 07:30:00,QLD1,6122.21000,2055.58439,596.99410,1759.64563,569.90510
2026-09-02 07:30:00,SA1,1518.94000,8.75754,580.04302,8.75754,580.04302
2026-09-02 07:30:00,TAS1,1161.88000,0.00000,341.01520,0.00000,341.01520
2026-09-02 07:30:00,VIC1,6051.66000,248.67123,1206.08973,248.67123,1206.08973
2026-09-02 07:35:00,NSW1,7832.63000,1455.21509,1354.41048,1455.21509,1354.41048
2026-09-02 07:35:00,QLD1,5998.06000,2193.87203,585.01830,1948.14236,557.41830
2026-09-02 07:35:00,SA1,1505.38000,8.51627,579.09201,8.51627,579.09201
2026-09-02 07:35:00,TAS1,1163.04000,0.00000,340.88366,0.00000,340.88366
2026-09-02 07:35:00,VIC1,6060.28000,311.21036,1187.74251,311.21036,1187.74251
2026-09-02 07:40:00,NSW1,7815.27000,1670.86519,1336.41580,1670.86519,1336.41580
2026-09-02 07:40:00,QLD1,5912.96000,2321.83496,546.64260,2074.43570,522.38660
2026-09-02 07:40:00,SA1,1527.56000,17.29300,567.57188,17.29300,567.57188
2026-09-02 07:40:00,TAS1,1173.97000,0.00000,349.45133,0.00000,349.45133
2026-09-02 07:40:00,VIC1,6097.34000,379.49401,1152.22657,379.49401,1152.22657
2026-09-02 07:45:00,NSW1,7764.53000,2102.13851,1283.77111,2074.22409,1283.77111
2026-09-02 07:45:00,QLD1,5827.03000,2499.16399,525.02360,2198.48998,508.86460
2026-09-02 07:45:00,SA1,1549.04000,18.54864,563.47460,18.54864,563.47460
2026-09-02 07:45:00,TAS1,1165.76000,0.00000,357.21617,0.00000,357.21617
2026-09-02 07:45:00,VIC1,6112.44000,394.87168,1113.59704,394.87168,1113.59704
2026-09-02 07:50:00,NSW1,7725.85000,2233.01969,1265.82161,2224.23600,1265.82161
2026-09-02 07:50:00,QLD1,5721.69000,2665.51599,512.19350,2408.29095,497.94950
2026-09-02 07:50:00,SA1,1530.89000,25.57145,584.57276,25.57145,584.57276
2026-09-02 07:50:00,TAS1,1157.17000,0.00000,350.87088,0.00000,350.87088
2026-09-02 07:50:00,VIC1,6121.44000,472.86103,1066.39581,472.86103,1066.39581
2026-09-02 07:55:00,NSW1,7710.46000,2581.75142,1237.57716,2581.75142,1237.57716
2026-09-02 07:55:00,QLD1,5605.23000,2775.55203,523.79070,2441.92092,509.55870
2026-09-02 07:55:00,SA1,1505.36000,34.19945,606.46366,34.19945,606.46366
2026-09-02 07:55:00,TAS1,1152.94000,0.00000,359.71585,0.00000,359.71585
2026-09-02 07:55:00,VIC1,6117.80000,546.29315,1013.53504,546.29315,1013.53504
2026-09-02 08:00:00,NSW1,7602.33000,2716.94430,1229.49795,2670.38187,1229.49795
2026-09-02 08:00:00,QLD1,5490.59000,2818.89442,500.21830,2527.13865,485.65230
2026-09-02 08:00:00,SA1,1495.01000,55.97391,591.26652,55.33847,591.26652
2026-09-02 08:00:00,TAS1,1156.56000,0.00000,364.59125,0.00000,364.59125
2026-09-02 08:00:00,VIC1,6092.82000,549.10819,1010.09060,549.10819,1010.09060
2026-09-02 08:05:00,NSW1,7556.50000,2886.46146,1228.40281,2836.83418,1170.26701
2026-09-02 08:05:00,QLD1,5457.26000,2905.67553,502.73810,2606.08289,486.45710
2026-09-02 08:05:00,SA1,1496.79000,82.97628,624.32915,80.78538,624.32915
2026-09-02 08:05:00,TAS1,1127.17000,0.00000,340.39910,0.00000,340.39910
2026-09-02 08:05:00,VIC1,6066.95000,660.17715,1002.37587,636.30988,1002.37587
2026-09-02 08:10:00,NSW1,7594.89000,3066.40927,1193.79333,2918.78091,1138.91113
2026-09-02 08:10:00,QLD1,5312.04000,2920.93959,505.06240,2481.06871,439.75200
2026-09-02 08:10:00,SA1,1472.19000,101.12772,659.29278,98.17638,659.29278
2026-09-02 08:10:00,TAS1,1106.49000,0.00000,350.30001,0.00000,350.30001
2026-09-02 08:10:00,VIC1,6074.14000,815.35102,932.42877,796.82802,932.42877
2026-09-02 08:15:00,NSW1,7630.71000,3164.73692,1187.33494,2989.75954,1134.62364
2026-09-02 08:15:00,QLD1,5330.92000,2925.07030,485.90960,2561.59159,465.59060
2026-09-02 08:15:00,SA1,1479.69000,143.65082,664.01829,139.38102,664.01829
2026-09-02 08:15:00,TAS1,1095.93000,0.00000,357.83994,0.00000,357.83994
2026-09-02 08:15:00,VIC1,6081.62000,843.10499,933.56777,836.20772,933.56777
2026-09-02 08:20:00,NSW1,7538.57000,3200.33343,1156.39323,3099.97897,1156.39323
2026-09-02 08:20:00,QLD1,5212.12000,2973.16379,502.37600,2632.92848,479.89000
2026-09-02 08:20:00,SA1,1484.49000,69.02981,626.37053,65.44301,626.37053
2026-09-02 08:20:00,TAS1,1091.02000,0.00000,360.49826,0.00000,360.49826
2026-09-02 08:20:00,VIC1,6008.55000,942.04357,894.51469,927.83084,894.51469
2026-09-02 08:25:00,NSW1,7441.16000,3354.25532,1114.27382,3275.41992,1112.87124
2026-09-02 08:25:00,QLD1,5121.11000,3017.42024,483.22400,2635.25197,411.75300
2026-09-02 08:25:00,SA1,1428.98000,76.68636,587.71129,74.56856,587.71129
2026-09-02 08:25:00,TAS1,1079.50000,0.00000,361.07070,0.00000,361.07070
2026-09-02 08:25:00,VIC1,5970.41000,971.49722,873.92129,917.14449,873.92129
2026-09-02 08:30:00,NSW1,7318.81000,3405.24707,1087.06633,2865.22494,1026.71703
2026-09-02 08:30:00,QLD1,5076.19000,3084.37589,459.74350,2713.94707,441.47850
2026-09-02 08:30:00,SA1,1404.81000,161.47837,602.17594,156.85857,602.17594
2026-09-02 08:30:00,TAS1,1052.79000,0.00000,362.79416,0.00000,362.79416
2026-09-02 08:30:00,VIC1,5958.21000,1016.92021,841.75006,1004.16657,841.75006
2026-09-02 08:35:00,NSW1,7248.32000,3377.39269,1070.65588,2919.61201,1070.65588
2026-09-02 08:35:00,QLD1,4929.86000,3145.26180,459.94150,2834.28497,441.61750
2026-09-02 08:35:00,SA1,1368.09000,91.05709,550.22763,84.37429,550.22763
2026-09-02 08:35:00,TAS1,1033.52000,0.00000,363.13731,0.00000,363.13731
2026-09-02 08:35:00,VIC1,5896.69000,1100.19383,788.71122,1084.18447,788.71122
2026-09-02 08:40:00,NSW1,7074.96000,3230.86529,1041.93733,2866.71618,985.81493
2026-09-02 08:40:00,QLD1,4860.80000,3183.72902,451.22500,2875.54161,439.79600
2026-09-02 08:40:00,SA1,1409.87000,85.86154,538.79710,79.70874,538.79710
2026-09-02 08:40:00,TAS1,1012.28000,0.00000,354.45178,0.00000,354.45178
2026-09-02 08:40:00,VIC1,5844.25000,1196.29710,730.66438,1125.50956,730.66438
2026-09-02 08:45:00,NSW1,6911.21000,3009.86802,1072.44235,2798.45823,1072.44235
2026-09-02 08:45:00,QLD1,4764.88000,3201.81726,418.49100,2914.03298,406.56000
2026-09-02 08:45:00,SA1,1375.99000,109.02645,538.51177,101.39565,538.51177
2026-09-02 08:45:00,TAS1,1021.51000,0.00000,353.46486,0.00000,353.46486
2026-09-02 08:45:00,VIC1,5786.68000,1196.23647,735.50730,1114.70102,735.50730
2026-09-02 08:50:00,NSW1,6838.48000,3155.65050,1043.32343,2910.07239,1017.35138
2026-09-02 08:50:00,QLD1,4636.28000,3249.70173,386.77150,2846.13108,343.44700
2026-09-02 08:50:00,SA1,1376.35000,105.10782,545.57407,100.70502,545.57407
2026-09-02 08:50:00,TAS1,1007.25000,0.00000,336.96148,0.00000,336.96148
2026-09-02 08:50:00,VIC1,5722.05000,1144.44356,711.00369,1101.49683,711.00369
2026-09-02 08:55:00,NSW1,6720.26000,2956.16164,1078.74310,2798.00792,1070.55306
2026-09-02 08:55:00,QLD1,4643.52000,3200.93968,365.66160,2807.14387,339.52700
2026-09-02 08:55:00,SA1,1330.13000,145.44109,563.51314,139.85829,563.51314
2026-09-02 08:55:00,TAS1,998.15000,0.00000,360.70676,0.00000,360.70676
2026-09-02 08:55:00,VIC1,5679.51000,1176.47280,744.07478,1151.21188,744.07478
2026-09-02 09:00:00,NSW1,6577.93000,2953.41623,1102.34001,2857.52476,1044.34793
2026-09-02 09:00:00,QLD1,4597.79000,3278.60439,348.65880,2906.14510,346.53880
2026-09-02 09:00:00,SA1,1305.65000,115.53655,568.36361,108.38683,568.36361
2026-09-02 09:00:00,TAS1,969.22000,0.00000,354.48412,0.00000,354.48412
2026-09-02 09:00:00,VIC1,5621.88000,1162.20857,702.33787,1128.88220,702.33787
2026-09-02 09:05:00,NSW1,6469.40000,2949.05388,1079.27455,2856.73617,1079.27455
2026-09-02 09:05:00,QLD1,4446.63000,3268.55189,357.61410,2921.99232,355.47410
2026-09-02 09:05:00,SA1,1256.60000,161.94100,558.53680,155.23630,558.53680
2026-09-02 09:05:00,TAS1,963.22000,0.00000,326.74972,0.00000,326.74972
2026-09-02 09:05:00,VIC1,5590.45000,1121.77533,651.43826,1105.84805,651.43826
2026-09-02 09:10:00,NSW1,6459.07000,3184.46692,1127.29888,2983.00844,1127.29888
2026-09-02 09:10:00,QLD1,4500.07000,3367.77641,355.89600,2934.99785,330.30527
2026-09-02 09:10:00,SA1,1210.69000,115.13072,532.60515,108.28407,532.60515
2026-09-02 09:10:00,TAS1,970.71000,0.00000,328.68471,0.00000,328.68471
2026-09-02 09:10:00,VIC1,5603.73000,1132.39051,659.33686,1094.79943,659.33686
2026-09-02 09:15:00,NSW1,6359.43000,3323.90865,1113.70396,2935.65993,1029.46606
2026-09-02 09:15:00,QLD1,4435.81000,3333.65733,353.68300,2795.24473,329.17200
2026-09-02 09:15:00,SA1,1194.52000,221.86264,500.54988,213.19703,500.54988
2026-09-02 09:15:00,TAS1,969.26000,0.00000,325.74789,0.00000,325.74789
2026-09-02 09:15:00,VIC1,5543.84000,1116.04549,641.20699,1100.09094,641.20699
2026-09-02 09:20:00,NSW1,6379.22000,3447.08467,1105.69278,3124.02003,1012.57686
2026-09-02 09:20:00,QLD1,4364.83000,3373.87797,334.45700,2720.08023,311.44700
2026-09-02 09:20:00,SA1,1193.41000,138.72800,470.21811,129.84445,470.21811
2026-09-02 09:20:00,TAS1,954.86000,0.00000,355.03512,0.00000,355.03512
2026-09-02 09:20:00,VIC1,5533.54000,1063.53750,626.76390,1031.00353,626.76390
2026-09-02 09:25:00,NSW1,6314.66000,3412.84820,1072.15795,3286.43577,1007.37925
2026-09-02 09:25:00,QLD1,4299.88000,3330.72572,319.82130,2786.09712,300.28200
2026-09-02 09:25:00,SA1,1196.30000,168.80510,488.78260,160.43060,488.78260
2026-09-02 09:25:00,TAS1,946.10000,0.00000,355.55869,0.00000,355.55869
2026-09-02 09:25:00,VIC1,5495.17000,1070.26745,627.38285,1017.17724,627.38285
2026-09-02 09:30:00,NSW1,6140.96000,3333.77905,1070.64116,3260.88527,1039.93537
2026-09-02 09:30:00,QLD1,4250.69000,3389.07732,311.39480,2725.74617,289.79500
2026-09-02 09:30:00,SA1,1163.87000,239.58355,475.90934,231.28105,406.12054
2026-09-02 09:30:00,TAS1,931.24000,0.00000,339.47686,0.00000,339.47686
2026-09-02 09:30:00,VIC1,5470.54000,1069.35228,656.54971,1035.76878,656.54971
2026-09-02 09:35:00,NSW1,6162.53000,3435.32819,1095.74360,2993.70417,1022.48260
2026-09-02 09:35:00,QLD1,4202.78000,3369.11127,325.76200,2540.34451,302.55400
2026-09-02 09:35:00,SA1,1133.34000,238.16236,449.44217,231.22586,399.19417
2026-09-02 09:35:00,TAS1,934.28000,0.00000,331.00204,0.00000,331.00204
2026-09-02 09:35:00,VIC1,5431.38000,1098.42860,651.83308,1077.31951,651.83308
2026-09-02 09:40:00,NSW1,6170.63000,3284.72986,1072.79077,2961.58228,999.57791
2026-09-02 09:40:00,QLD1,4093.89000,3431.41476,324.43800,2692.21250,199.83200
2026-09-02 09:40:00,SA1,1127.19000,176.79855,398.31097,164.77805,347.53377
2026-09-02 09:40:00,TAS1,922.49000,0.00000,321.23455,0.00000,321.23455
2026-09-02 09:40:00,VIC1,5372.45000,1062.44098,648.65579,1035.50462,648.65579
2026-09-02 09:45:00,NSW1,6135.27000,3176.34176,1093.15320,2921.09600,1029.01880
2026-09-02 09:45:00,QLD1,4015.67000,3503.26588,327.49000,2571.58182,204.75000
2026-09-02 09:45:00,SA1,1105.01000,322.84454,420.64810,310.08274,364.84190
2026-09-02 09:45:00,TAS1,918.58000,0.00000,311.84318,0.00000,311.84318
2026-09-02 09:45:00,VIC1,5312.45000,1029.89165,653.70286,999.51465,653.70286
2026-09-02 09:50:00,NSW1,6061.40000,3501.32624,1078.76438,2975.62888,1016.84558
2026-09-02 09:50:00,QLD1,4018.02000,3507.03014,335.57480,2557.71835,215.06000
2026-09-02 09:50:00,SA1,1097.71000,190.52337,417.20617,184.49457,354.13777
2026-09-02 09:50:00,TAS1,922.40000,0.00000,315.66790,0.00000,315.66790
2026-09-02 09:50:00,VIC1,5251.68000,1155.43972,621.31481,1117.62430,621.31481
2026-09-02 09:55:00,NSW1,6048.27000,3636.48838,1041.40781,2961.13715,993.72401
2026-09-02 09:55:00,QLD1,3949.15000,3528.72208,302.54560,2596.64962,193.78700
2026-09-02 09:55:00,SA1,1107.51000,168.25472,396.72078,156.55592,326.74968
2026-09-02 09:55:00,TAS1,924.56000,0.00000,335.57198,0.00000,335.57198
2026-09-02 09:55:00,VIC1,5161.82000,1137.56667,672.09404,1100.08499,672.09404
2026-09-02 10:00:00,NSW1,5925.08000,3782.77679,1052.05567,2914.47866,998.34907
2026-09-02 10:00:00,QLD1,3908.27000,3430.63733,313.64900,2530.73271,190.54100
2026-09-02 10:00:00,SA1,1110.00000,215.73536,416.52254,204.60956,336.43134
2026-09-02 10:00:00,TAS1,914.45000,0.00000,337.16234,0.00000,337.16234
2026-09-02 10:00:00,VIC1,5150.07000,998.57274,712.34852,957.45431,712.34852
2026-09-02 10:05:00,NSW1,5856.80000,3689.10622,1056.29758,2941.58227,992.16318
2026-09-02 10:05:00,QLD1,3828.66000,3432.46007,316.88770,2512.95557,195.06200
2026-09-02 10:05:00,SA1,1085.87000,327.18837,421.43862,309.97657,325.37872
2026-09-02 10:05:00,TAS1,913.49000,0.00000,338.36190,0.00000,338.36190
2026-09-02 10:05:00,VIC1,5093.62000,1118.77873,789.12045,1065.56828,789.12045
2026-09-02 10:10:00,NSW1,5859.79000,3707.40037,1081.00243,3148.18407,1005.56143
2026-09-02 10:10:00,QLD1,3812.40000,3508.39513,298.21080,2525.72627,180.09100
2026-09-02 10:10:00,SA1,1052.89000,302.98846,442.01479,288.07866,340.50069
2026-09-02 10:10:00,TAS1,929.76000,0.00000,354.31580,0.00000,354.31580
2026-09-02 10:10:00,VIC1,5115.26000,1113.20957,818.33221,1070.31243,818.33221
2026-09-02 10:15:00,NSW1,5692.82000,3820.37384,1118.29874,3013.68075,1040.98784
2026-09-02 10:15:00,QLD1,3785.38000,3507.77263,297.37080,2310.10049,185.79900
2026-09-02 10:15:00,SA1,1042.68000,304.51745,393.55832,296.09265,308.31792
2026-09-02 10:15:00,TAS1,914.19000,0.00000,300.84855,0.00000,300.84855
2026-09-02 10:15:00,VIC1,5064.44000,962.93939,857.62396,929.84576,857.62396
2026-09-02 10:20:00,NSW1,5734.17000,3941.18743,1136.58190,3184.14691,1048.04270
2026-09-02 10:20:00,QLD1,3752.43000,3457.16006,293.84600,2252.54378,175.36100
2026-09-02 10:20:00,SA1,1047.74000,280.76554,354.20769,269.65774,296.06239
2026-09-02 10:20:00,TAS1,912.53000,0.00000,314.21983,0.00000,314.21983
2026-09-02 10:20:00,VIC1,4996.42000,994.07252,893.06993,953.01769,893.06993
2026-09-02 10:25:00,NSW1,5634.92000,3924.67370,1113.64235,3122.04401,971.81695
2026-09-02 10:25:00,QLD1,3712.13000,3515.30259,275.91790,2241.26684,163.12700
2026-09-02 10:25:00,SA1,1031.20000,257.14719,353.47205,243.60639,294.50435
2026-09-02 10:25:00,TAS1,910.92000,0.00000,295.41644,0.00000,295.41644
2026-09-02 10:25:00,VIC1,5006.99000,1060.97676,926.02099,1047.26131,926.02099
2026-09-02 10:30:00,NSW1,5585.98000,3800.01690,1089.24491,3054.96767,958.08191
2026-09-02 10:30:00,QLD1,3672.20000,3516.60430,258.83600,2178.88955,159.68100
2026-09-02 10:30:00,SA1,1035.90000,248.23836,365.32786,240.15856,302.60586
2026-09-02 10:30:00,TAS1,906.94000,0.00000,279.84855,0.00000,279.84855
2026-09-02 10:30:00,VIC1,4971.09000,1095.77831,925.36290,1065.23216,925.36290
2026-09-02 10:35:00,NSW1,5500.69000,3638.26175,1060.07785,3029.39084,959.41575
2026-09-02 10:35:00,QLD1,3648.30000,3482.11144,257.52690,2383.38142,146.12900
2026-09-02 10:35:00,SA1,1035.69000,342.30409,356.73748,331.73429,281.41288
2026-09-02 10:35:00,TAS1,909.57000,0.00000,277.20284,0.00000,277.20284
2026-09-02 10:35:00,VIC1,4978.49000,973.07805,961.90582,926.08805,961.90582
2026-09-02 10:40:00,NSW1,5468.42000,3641.63279,1028.30325,3064.30262,947.28195
2026-09-02 10:40:00,QLD1,3561.66000,3389.47182,257.15380,2290.98024,158.31600
2026-09-02 10:40:00,SA1,1049.79000,345.69155,373.11665,336.02975,280.94655
2026-09-02 10:40:00,TAS1,884.19000,0.00000,280.47775,0.00000,280.47775
2026-09-02 10:40:00,VIC1,4954.27000,1002.58877,985.78065,998.24331,985.78065
2026-09-02 10:45:00,NSW1,5379.40000,3841.91715,1031.79955,3088.06042,930.43045
2026-09-02 10:45:00,QLD1,3569.02000,3514.80015,274.19970,2308.64693,157.64200
2026-09-02 10:45:00,SA1,1037.11000,358.61146,404.19716,350.38966,286.99836
2026-09-02 10:45:00,TAS1,888.56000,0.00000,271.99403,0.00000,271.99403
2026-09-02 10:45:00,VIC1,4902.39000,1042.88383,995.75483,1016.43391,995.75483
2026-09-02 10:50:00,NSW1,5377.27000,3842.41360,1028.21180,3150.43170,865.18710
2026-09-02 10:50:00,QLD1,3471.41000,3401.28796,246.61100,2280.05688,148.93000
2026-09-02 10:50:00,SA1,1037.47000,272.76574,344.47400,259.88994,242.43290
2026-09-02 10:50:00,TAS1,881.70000,0.00000,263.98431,0.00000,263.98431
2026-09-02 10:50:00,VIC1,4833.27000,982.83385,1021.77331,959.88640,1021.77331
2026-09-02 10:55:00,NSW1,5316.27000,3830.13971,1051.14341,3059.37211,878.39571
2026-09-02 10:55:00,QLD1,3593.30000,3383.57012,215.33400,2288.12429,131.30900
2026-09-02 10:55:00,SA1,1000.56000,325.27544,288.08643,314.09164,214.16673
2026-09-02 10:55:00,TAS1,875.28000,0.00000,273.75655,0.00000,273.75655
2026-09-02 10:55:00,VIC1,4803.01000,1024.05087,1039.96112,1020.60541,1039.96112
2026-09-02 11:00:00,NSW1,5202.38000,3775.95483,1063.78059,3045.35781,903.53149
2026-09-02 11:00:00,QLD1,3571.34000,3371.21332,202.94300,2307.66129,116.86300
2026-09-02 11:00:00,SA1,994.47000,346.12174,255.55314,328.55994,207.95274
2026-09-02 11:00:00,TAS1,855.87000,0.00000,271.56513,0.00000,271.56513
2026-09-02 11:00:00,VIC1,4748.73000,1041.88257,1057.89710,1041.04257,1057.89710
2026-09-02 11:05:00,NSW1,5158.53000,3777.50758,1040.03831,3120.46432,884.31131
2026-09-02 11:05:00,QLD1,3518.87000,3418.83066,211.82250,2181.32191,126.36100
2026-09-02 11:05:00,SA1,988.40000,301.83673,239.87538,289.11193,199.64558
2026-09-02 11:05:00,TAS1,859.18000,0.00000,285.87348,0.00000,285.87348
2026-09-02 11:05:00,VIC1,4730.00000,941.76020,1105.72894,928.35842,1105.72894
2026-09-02 11:10:00,NSW1,5275.97000,3934.22043,1027.59054,3133.27641,934.91804
2026-09-02 11:10:00,QLD1,3679.46000,3328.41549,195.25130,2364.20055,117.29700
2026-09-02 11:10:00,SA1,978.30000,458.31008,233.99132,446.83528,193.83602
2026-09-02 11:10:00,TAS1,869.64000,0.00000,314.92744,0.00000,314.92744
2026-09-02 11:10:00,VIC1,4912.50000,893.02536,1102.25853,887.65976,1102.25853
2026-09-02 11:15:00,NSW1,5214.75000,3931.58640,1033.76076,3118.38271,898.24888
2026-09-02 11:15:00,QLD1,3627.60000,3330.81689,201.21200,2325.83626,104.96700
2026-09-02 11:15:00,SA1,950.61000,449.06091,245.09058,431.73011,198.84908
2026-09-02 11:15:00,TAS1,893.05000,0.00000,356.02389,0.00000,356.02389
2026-09-02 11:15:00,VIC1,4941.86000,967.40770,1141.73067,943.26225,1141.73067
2026-09-02 11:20:00,NSW1,5241.68000,3848.15255,1065.31267,3132.26021,913.14837
2026-09-02 11:20:00,QLD1,3571.34000,3310.54181,214.03500,2149.81769,114.01800
2026-09-02 11:20:00,SA1,958.29000,411.78182,257.66374,394.81202,192.93774
2026-09-02 11:20:00,TAS1,902.28000,0.00000,342.57859,0.00000,342.57859
2026-09-02 11:20:00,VIC1,4890.00000,906.66075,1157.69883,904.88075,1157.69883
2026-09-02 11:25:00,NSW1,5225.42000,3747.05575,1078.55543,3019.90910,917.59193
2026-09-02 11:25:00,QLD1,3692.56000,3333.51697,198.87100,2246.29892,121.21600
2026-09-02 11:25:00,SA1,930.59000,404.33972,250.86683,396.53292,250.86683
2026-09-02 11:25:00,TAS1,913.51000,0.00000,356.74088,0.00000,356.74088
2026-09-02 11:25:00,VIC1,4870.19000,1014.34360,1169.95746,1008.48905,1169.95746
2026-09-02 11:30:00,NSW1,5239.45000,3822.47040,1069.84048,3082.57802,972.71248
2026-09-02 11:30:00,QLD1,3674.72000,3199.63769,193.36730,2245.91175,113.29100
2026-09-02 11:30:00,SA1,904.97000,361.28854,225.34418,349.03774,225.34418
2026-09-02 11:30:00,TAS1,910.94000,0.00000,350.31431,0.00000,350.31431
2026-09-02 11:30:00,VIC1,4876.70000,1005.69389,1191.00237,983.26355,1191.00237
2026-09-02 11:35:00,NSW1,5156.86000,3837.45845,1046.63745,3067.27968,968.43805
2026-09-02 11:35:00,QLD1,3571.62000,2978.97618,204.97870,2063.82441,105.95200
2026-09-02 11:35:00,SA1,855.30000,278.34192,240.09157,261.38312,240.09157
2026-09-02 11:35:00,TAS1,908.69000,0.00000,347.17881,0.00000,347.17881
2026-09-02 11:35:00,VIC1,4879.43000,1011.15428,1170.30221,1010.52428,1170.30221
2026-09-02 11:40:00,NSW1,5159.02000,3781.29144,1054.45611,3049.63237,923.72459
2026-09-02 11:40:00,QLD1,3610.12000,2967.93791,177.45900,1957.06367,100.37000
2026-09-02 11:40:00,SA1,863.32000,417.33745,256.23695,400.41765,256.23695
2026-09-02 11:40:00,TAS1,907.05000,0.00000,341.55142,0.00000,341.55142
2026-09-02 11:40:00,VIC1,4894.46000,969.25624,1107.19549,969.25624,1107.19549
2026-09-02 11:45:00,NSW1,5159.56000,3840.79146,1048.75905,3179.87178,888.92455
2026-09-02 11:45:00,QLD1,3624.99000,3051.43700,171.71500,1847.46316,100.81500
2026-09-02 11:45:00,SA1,875.37000,387.47983,268.78710,367.81903,268.78710
2026-09-02 11:45:00,TAS1,908.24000,0.00000,347.43625,0.00000,347.43625
2026-09-02 11:45:00,VIC1,4781.01000,877.94127,1170.23915,877.94127,1170.23915
2026-09-02 11:50:00,NSW1,5143.29000,3832.41500,1065.34116,3090.99021,911.67436
2026-09-02 11:50:00,QLD1,3527.67000,3321.96783,159.23750,2039.97269,87.24200
2026-09-02 11:50:00,SA1,841.86000,407.80399,297.10989,393.78619,297.10989
2026-09-02 11:50:00,TAS1,915.17000,0.00000,330.33559,0.00000,330.33559
2026-09-02 11:50:00,VIC1,4755.25000,835.84094,1139.85134,835.63094,1139.85134
2026-09-02 11:55:00,NSW1,5149.91000,3825.74767,1092.77287,2975.64064,952.72247
2026-09-02 11:55:00,QLD1,3583.41000,3438.73638,164.95400,2094.79610,90.08100
2026-09-02 11:55:00,SA1,846.11000,349.63445,257.75827,349.40045,257.75827
2026-09-02 11:55:00,TAS1,916.57000,0.00000,347.40519,0.00000,347.40519
2026-09-02 11:55:00,VIC1,4718.69000,786.99447,1143.44377,786.99447,1143.44377
2026-09-02 12:00:00,NSW1,5123.58000,3843.17852,1118.50781,2946.65310,967.00281
2026-09-02 12:00:00,QLD1,3628.61000,3296.20902,161.08000,2062.99733,84.30200
2026-09-02 12:00:00,SA1,819.18000,444.55873,239.46551,444.35473,239.46551
2026-09-02 12:00:00,TAS1,905.23000,0.00000,360.91646,0.00000,360.91646
2026-09-02 12:00:00,VIC1,4682.69000,744.14707,1173.33540,738.00707,1173.33540
2026-09-02 12:05:00,NSW1,5142.48000,3913.60711,1083.99995,2891.39575,961.53755
2026-09-02 12:05:00,QLD1,3573.78000,3153.54421,166.78300,2095.60654,86.82500
2026-09-02 12:05:00,SA1,797.24000,414.81654,262.82325,414.81654,262.82325
2026-09-02 12:05:00,TAS1,902.85000,0.00000,348.18404,0.00000,348.18404
2026-09-02 12:05:00,VIC1,4607.15000,787.82000,1149.13527,785.54600,1149.13527
2026-09-02 12:10:00,NSW1,5162.62000,3801.51045,1088.89754,2905.22665,948.06374
2026-09-02 12:10:00,QLD1,3614.04000,3225.39246,169.73850,2248.42393,101.07700
2026-09-02 12:10:00,SA1,795.18000,381.26727,261.88107,380.50027,261.88107
2026-09-02 12:10:00,TAS1,912.51000,0.00000,332.87645,0.00000,332.87645
2026-09-02 12:10:00,VIC1,4567.03000,773.88612,1110.84470,770.56112,1110.84470
2026-09-02 12:15:00,NSW1,5084.63000,3918.98535,1108.21822,2942.21150,971.49652
2026-09-02 12:15:00,QLD1,3607.16000,3245.38744,157.86200,2077.12911,92.53400
2026-09-02 12:15:00,SA1,789.31000,348.88491,278.44355,348.58191,278.44355
2026-09-02 12:15:00,TAS1,921.38000,0.00000,349.84230,0.00000,349.84230
2026-09-02 12:15:00,VIC1,4520.24000,793.35304,1061.49247,788.51804,1061.49247
2026-09-02 12:20:00,NSW1,5097.88000,3945.38863,1150.16018,2909.78380,1012.53848
2026-09-02 12:20:00,QLD1,3603.40000,3090.75540,162.21310,1915.88347,92.29200
2026-09-02 12:20:00,SA1,824.36000,421.23656,281.47365,420.63656,281.47365
2026-09-02 12:20:00,TAS1,926.56000,0.00000,350.24365,0.00000,350.24365
2026-09-02 12:20:00,VIC1,4447.74000,886.58887,1052.26017,886.58887,1052.26017
2026-09-02 12:25:00,NSW1,5057.51000,3853.14978,1167.01551,2867.10000,1044.20009
2026-09-02 12:25:00,QLD1,3642.39000,2918.77622,158.29510,1791.91546,71.41400
2026-09-02 12:25:00,SA1,813.89000,483.35589,296.76705,481.82589,296.76705
2026-09-02 12:25:00,TAS1,908.48000,0.00000,342.30300,0.00000,342.30300
2026-09-02 12:25:00,VIC1,4373.16000,812.90088,1046.54783,812.90088,1046.54783
2026-09-02 12:30:00,NSW1,4980.51000,3861.58517,1132.15884,2881.90485,1016.75124
2026-09-02 12:30:00,QLD1,3538.04000,2838.71661,163.35810,1625.57230,67.35600
2026-09-02 12:30:00,SA1,815.26000,417.28864,275.74017,415.20264,275.74017
2026-09-02 12:30:00,TAS1,898.17000,0.00000,325.85632,0.00000,325.85632
2026-09-02 12:30:00,VIC1,4320.34000,877.86136,1047.92622,865.11052,1047.92622
2026-09-02 12:35:00,NSW1,4935.82000,3793.30209,1167.06416,2825.78908,1044.13186
2026-09-02 12:35:00,QLD1,3576.93000,3018.83212,174.46800,1673.07570,69.37900
2026-09-02 12:35:00,SA1,822.10000,462.24927,255.59769,462.23927,255.59769
2026-09-02 12:35:00,TAS1,904.77000,0.00000,330.84869,0.00000,330.84869
2026-09-02 12:35:00,VIC1,4281.58000,859.12165,1072.17588,853.03065,1072.17588
2026-09-02 12:40:00,NSW1,4943.34000,3766.85804,1122.52860,2804.54833,997.36070
2026-09-02 12:40:00,QLD1,3592.68000,2912.07098,167.10820,1736.59962,69.57200
2026-09-02 12:40:00,SA1,837.45000,342.04864,239.98578,342.04864,239.98578
2026-09-02 12:40:00,TAS1,900.81000,0.00000,283.88986,0.00000,283.88986
2026-09-02 12:40:00,VIC1,4142.58000,882.00695,1023.41886,874.84486,1023.41886
2026-09-02 12:45:00,NSW1,4995.29000,3865.23117,1115.65265,2784.67927,1077.85625
2026-09-02 12:45:00,QLD1,3586.97000,2890.24972,151.32990,1879.00188,58.69100
2026-09-02 12:45:00,SA1,789.51000,440.65937,237.43352,440.41037,237.43352
2026-09-02 12:45:00,TAS1,905.03000,0.00000,283.05325,0.00000,283.05325
2026-09-02 12:45:00,VIC1,4074.87000,918.94497,1026.89153,912.77597,1026.89153
2026-09-02 12:50:00,NSW1,5016.54000,3854.07753,1127.56393,2830.82966,1024.96503
2026-09-02 12:50:00,QLD1,3581.43000,2864.40734,142.36600,1788.61069,64.25100
2026-09-02 12:50:00,SA1,786.96000,447.24600,222.14492,447.24600,222.14492
2026-09-02 12:50:00,TAS1,923.00000,0.00000,302.80981,0.00000,302.80981
2026-09-02 12:50:00,VIC1,3984.00000,838.08034,1088.71965,826.17534,1088.71965
2026-09-02 12:55:00,NSW1,5057.95000,3946.80967,1119.70989,2927.56640,1076.63489
2026-09-02 12:55:00,QLD1,3638.97000,3007.06005,148.23700,2174.96016,65.25700
2026-09-02 12:55:00,SA1,761.91000,448.87419,231.46216,446.68619,231.46216
2026-09-02 12:55:00,TAS1,911.40000,0.00000,299.65908,0.00000,299.65908
2026-09-02 12:55:00,VIC1,3945.39000,793.94898,1104.58049,778.27798,1104.58049
2026-09-02 13:00:00,NSW1,5142.14000,3878.04651,1129.14564,2928.35685,1017.75614
2026-09-02 13:00:00,QLD1,3617.50000,3216.19452,145.35860,2211.32373,66.10600
2026-09-02 13:00:00,SA1,759.77000,449.01246,252.28619,448.34246,252.28619
2026-09-02 13:00:00,TAS1,897.82000,0.00000,304.33029,0.00000,304.33029
2026-09-02 13:00:00,VIC1,3942.40000,837.73288,1141.61278,829.63288,1141.61278
2026-09-02 13:05:00,NSW1,5133.74000,3875.11265,1150.49398,2957.86540,1026.30188
2026-09-02 13:05:00,QLD1,3721.41000,3124.17630,159.44930,2257.78346,69.93300
2026-09-02 13:05:00,SA1,756.63000,470.45708,283.40315,470.44108,283.40315
2026-09-02 13:05:00,TAS1,901.25000,0.00000,301.09647,0.00000,301.09647
2026-09-02 13:05:00,VIC1,3874.27000,824.75552,1207.17751,824.75552,1207.17751
2026-09-02 13:10:00,NSW1,5105.73000,3921.49000,1138.42217,2933.27896,1002.20647
2026-09-02 13:10:00,QLD1,3677.39000,3058.46246,163.32600,2112.39900,86.34100
2026-09-02 13:10:00,SA1,737.57000,463.67136,303.07008,462.81036,303.07008
2026-09-02 13:10:00,TAS1,918.45000,0.00000,299.66348,0.00000,299.66348
2026-09-02 13:10:00,VIC1,3859.91000,768.69287,1235.39585,768.69287,1153.24849
2026-09-02 13:15:00,NSW1,5175.82000,3761.71167,1177.62143,2813.55751,1042.71043
2026-09-02 13:15:00,QLD1,3669.49000,2974.55034,174.59490,2062.84034,88.44900
2026-09-02 13:15:00,SA1,753.22000,375.17000,302.44830,375.16200,302.44830
2026-09-02 13:15:00,TAS1,915.71000,0.00000,301.95856,0.00000,301.95856
2026-09-02 13:15:00,VIC1,3799.01000,830.24670,1192.81481,830.10670,1028.97461
2026-09-02 13:20:00,NSW1,5124.43000,3881.38391,1142.28570,2814.22748,1026.18830
2026-09-02 13:20:00,QLD1,3703.00000,3079.48637,171.75420,1979.86981,89.69400
2026-09-02 13:20:00,SA1,740.02000,377.01336,336.51264,377.00536,336.51264
2026-09-02 13:20:00,TAS1,916.06000,0.00000,304.08028,0.00000,304.08028
2026-09-02 13:20:00,VIC1,3842.66000,832.19837,1164.57416,815.93474,1033.20516
2026-09-02 13:25:00,NSW1,5108.26000,3526.01509,1186.91707,2706.90453,1061.10667
2026-09-02 13:25:00,QLD1,3844.39000,2596.94681,159.33100,2062.06011,92.93100
2026-09-02 13:25:00,SA1,752.48000,470.36824,351.98165,469.53524,351.98165
2026-09-02 13:25:00,TAS1,902.40000,0.00000,298.67495,0.00000,298.67495
2026-09-02 13:25:00,VIC1,3803.95000,808.62970,1229.51942,791.23243,1022.92162
2026-09-02 13:30:00,NSW1,5090.30000,3618.91311,1160.82931,2830.70415,1018.52041
2026-09-02 13:30:00,QLD1,3805.17000,3027.93771,170.51540,2040.68151,82.13700
2026-09-02 13:30:00,SA1,763.58000,405.21054,347.65066,401.56154,347.65066
2026-09-02 13:30:00,TAS1,908.21000,0.00000,313.94518,0.00000,313.94518
2026-09-02 13:30:00,VIC1,3755.62000,851.41248,1262.58517,840.91048,1040.44777
2026-09-02 13:35:00,NSW1,5100.56000,3698.67218,1181.47342,2802.33948,1078.60144
2026-09-02 13:35:00,QLD1,3845.29000,3064.59257,177.13250,2277.34770,92.15400
2026-09-02 13:35:00,SA1,776.15000,406.60164,365.81699,402.60464,365.81699
2026-09-02 13:35:00,TAS1,906.16000,0.00000,305.05500,0.00000,305.05500
2026-09-02 13:35:00,VIC1,3800.85000,835.91478,1309.66727,764.67013,937.94677
2026-09-02 13:40:00,NSW1,5158.07000,3788.93655,1192.64628,2799.74914,1131.41468
2026-09-02 13:40:00,QLD1,3821.17000,2976.12821,158.42700,2221.66671,91.22200
2026-09-02 13:40:00,SA1,812.59000,452.51209,388.91551,448.53009,388.91551
2026-09-02 13:40:00,TAS1,907.77000,0.00000,302.83576,0.00000,302.83576
2026-09-02 13:40:00,VIC1,3808.79000,835.56207,1275.26975,755.93584,958.23885
2026-09-02 13:45:00,NSW1,5272.84000,3800.82162,1226.34484,2932.32150,1164.85883
2026-09-02 13:45:00,QLD1,3825.18000,2902.99120,167.20200,2143.94142,98.88300
2026-09-02 13:45:00,SA1,805.88000,387.53592,336.53642,386.72192,336.53642
2026-09-02 13:45:00,TAS1,922.25000,0.00000,298.64694,0.00000,298.64694
2026-09-02 13:45:00,VIC1,3841.37000,804.71265,1331.01375,758.71046,1003.51977
2026-09-02 13:50:00,NSW1,5310.62000,3774.80079,1181.56245,2969.31787,1125.36531
2026-09-02 13:50:00,QLD1,3874.05000,2817.29751,154.73600,2214.37533,90.91800
2026-09-02 13:50:00,SA1,791.28000,382.55791,340.01246,381.67791,340.01246
2026-09-02 13:50:00,TAS1,947.92000,0.00000,341.99424,0.00000,341.99424
2026-09-02 13:50:00,VIC1,3836.83000,816.87025,1282.73275,745.97561,1027.58745
2026-09-02 13:55:00,NSW1,5476.79000,3857.52795,1250.68225,2915.30788,1209.64165
2026-09-02 13:55:00,QLD1,3857.57000,2970.98816,157.07400,2258.90169,91.78100
2026-09-02 13:55:00,SA1,816.60000,282.65200,350.21773,282.65200,350.21773
2026-09-02 13:55:00,TAS1,944.96000,0.00000,343.32662,0.00000,343.32662
2026-09-02 13:55:00,VIC1,3817.50000,730.31291,1378.81593,684.24873,1074.30233
2026-09-02 14:00:00,NSW1,5464.03000,3842.63473,1243.11349,2976.10668,1198.10669
2026-09-02 14:00:00,QLD1,3911.06000,2922.44744,162.38190,2321.12738,89.39000
2026-09-02 14:00:00,SA1,795.38000,301.39710,334.25966,301.39710,334.25966
2026-09-02 14:00:00,TAS1,970.67000,0.00000,343.08906,0.00000,343.08906
2026-09-02 14:00:00,VIC1,3854.06000,735.30436,1381.32562,585.11826,1077.21472
2026-09-02 14:05:00,NSW1,5576.81000,3760.51166,1233.51854,2941.65648,1188.51174
2026-09-02 14:05:00,QLD1,3942.59000,3004.20945,144.44120,2331.50870,85.52600
2026-09-02 14:05:00,SA1,800.21000,295.29892,368.99424,295.29892,368.99424
2026-09-02 14:05:00,TAS1,984.76000,0.00000,332.65912,0.00000,332.65912
2026-09-02 14:05:00,VIC1,3912.82000,687.29821,1386.97474,640.63721,1082.49336
2026-09-02 14:10:00,NSW1,5636.13000,3876.31060,1231.58483,2967.31531,1176.56563
2026-09-02 14:10:00,QLD1,3997.74000,3025.65256,147.82390,2349.35384,91.16300
2026-09-02 14:10:00,SA1,793.87000,294.24109,370.95239,294.24109,370.95239
2026-09-02 14:10:00,TAS1,993.70000,0.00000,335.82427,0.00000,335.82427
2026-09-02 14:10:00,VIC1,3878.51000,676.50362,1424.78665,623.74262,1131.52995
2026-09-02 14:15:00,NSW1,5627.75000,3575.17920,1279.30684,3018.25694,1211.25114
2026-09-02 14:15:00,QLD1,4068.65000,3023.96436,155.77600,2498.18431,87.45900
2026-09-02 14:15:00,SA1,789.93000,345.12618,376.49260,345.12618,376.49260
2026-09-02 14:15:00,TAS1,998.61000,0.00000,339.59118,0.00000,339.59118
2026-09-02 14:15:00,VIC1,3942.65000,633.99523,1420.01789,592.06123,1078.77242
2026-09-02 14:20:00,NSW1,5746.71000,3775.92050,1275.19794,3071.37702,1207.14224
2026-09-02 14:20:00,QLD1,4183.66000,3024.93955,161.32900,2487.45680,91.96400
2026-09-02 14:20:00,SA1,785.38000,378.75774,366.41676,378.75774,366.41676
2026-09-02 14:20:00,TAS1,1002.07000,0.00000,338.48023,0.00000,338.48023
2026-09-02 14:20:00,VIC1,3983.65000,742.89332,1369.33619,700.76032,1004.48151
2026-09-02 14:25:00,NSW1,5871.28000,3895.54241,1248.16542,3092.46247,1184.72352
2026-09-02 14:25:00,QLD1,4266.05000,2801.20973,143.92100,2440.19827,91.53700
2026-09-02 14:25:00,SA1,833.02000,297.43964,337.43373,297.43964,337.43373
2026-09-02 14:25:00,TAS1,1002.85000,0.00000,330.82898,0.00000,330.82898
2026-09-02 14:25:00,VIC1,3954.88000,742.10663,1324.93691,682.07963,960.15438
2026-09-02 14:30:00,NSW1,5932.00000,3763.32350,1274.80361,3010.44886,1195.35061
2026-09-02 14:30:00,QLD1,4310.54000,2771.90872,146.03170,2398.76859,77.33300
2026-09-02 14:30:00,SA1,808.11000,335.24046,353.60652,335.24046,353.60652
2026-09-02 14:30:00,TAS1,997.49000,0.00000,345.00538,0.00000,345.00538
2026-09-02 14:30:00,VIC1,3972.28000,803.04513,1307.08073,715.76613,1035.51908
2026-09-02 14:35:00,NSW1,6017.28000,3635.63697,1265.02364,2932.67634,1188.13454
2026-09-02 14:35:00,QLD1,4360.46000,2793.29985,158.69600,2473.36305,78.65000
2026-09-02 14:35:00,SA1,824.88000,332.74727,384.99135,332.74727,384.99135
2026-09-02 14:35:00,TAS1,959.17000,0.00000,342.25731,0.00000,342.25731
2026-09-02 14:35:00,VIC1,3975.50000,811.40423,1256.09847,743.55523,982.25377
2026-09-02 14:40:00,NSW1,6130.48000,3608.20448,1219.36316,2970.90466,1147.44006
2026-09-02 14:40:00,QLD1,4406.86000,2812.53265,153.77000,2559.56423,95.52000
2026-09-02 14:40:00,SA1,826.36000,345.55072,422.87833,345.55072,422.87833
2026-09-02 14:40:00,TAS1,943.86000,0.00000,334.38703,0.00000,334.38703
2026-09-02 14:40:00,VIC1,4017.64000,866.95692,1256.13752,811.88790,1009.11622
2026-09-02 14:45:00,NSW1,6142.81000,3629.77005,1199.20375,3086.42208,1136.73018
2026-09-02 14:45:00,QLD1,4434.27000,2536.32622,183.11380,2330.98646,177.28190
2026-09-02 14:45:00,SA1,832.52000,345.59136,417.37288,345.59136,417.37288
2026-09-02 14:45:00,TAS1,930.51000,0.00000,340.72121,0.00000,340.72121
2026-09-02 14:45:00,VIC1,4089.94000,790.70708,1226.43251,744.19827,978.85011
2026-09-02 14:50:00,NSW1,6141.00000,3739.11687,1251.20700,3184.37299,1251.20700
2026-09-02 14:50:00,QLD1,4517.15000,2503.81386,140.66400,2334.72705,140.66400
2026-09-02 14:50:00,SA1,874.22000,349.95500,413.28017,349.95500,413.28017
2026-09-02 14:50:00,TAS1,930.72000,0.00000,332.31550,0.00000,332.31550
2026-09-02 14:50:00,VIC1,4120.37000,710.32877,1220.61367,697.58168,979.95543
2026-09-02 14:55:00,NSW1,6301.75000,3771.32025,1320.53583,3210.17838,1320.53583
2026-09-02 14:55:00,QLD1,4592.80000,2289.06044,169.91450,2209.72186,169.91450
2026-09-02 14:55:00,SA1,892.19000,324.12791,417.93094,324.12791,417.93094
2026-09-02 14:55:00,TAS1,941.89000,0.00000,325.15854,0.00000,325.15854
2026-09-02 14:55:00,VIC1,4145.31000,789.42625,1196.01892,789.42625,964.91852
2026-09-02 15:00:00,NSW1,6336.60000,3609.47699,1351.43331,3187.10665,1351.09468
2026-09-02 15:00:00,QLD1,4660.34000,2243.82140,153.42943,2178.63543,153.42943
2026-09-02 15:00:00,SA1,883.81000,387.20709,447.47840,387.20709,447.47840
2026-09-02 15:00:00,TAS1,949.80000,0.00000,335.25244,0.00000,335.25244
2026-09-02 15:00:00,VIC1,4152.83000,678.66174,1163.86574,619.60174,886.12975
2026-09-02 15:05:00,NSW1,6420.51000,3390.92759,1394.07169,3176.34754,1224.97049
2026-09-02 15:05:00,QLD1,4745.72000,2504.12684,160.00560,2394.06432,138.60560
2026-09-02 15:05:00,SA1,945.40000,374.94436,443.51887,374.94436,443.51887
2026-09-02 15:05:00,TAS1,943.61000,0.00000,327.50822,0.00000,327.50822
2026-09-02 15:05:00,VIC1,4184.73000,610.65755,1097.88297,589.87719,924.82291
2026-09-02 15:10:00,NSW1,6410.01000,3534.55602,1379.30724,3096.92460,1223.88074
2026-09-02 15:10:00,QLD1,4908.31000,2447.35900,164.98080,2365.73020,141.43000
2026-09-02 15:10:00,SA1,969.43000,350.04956,452.92754,350.04956,452.92754
2026-09-02 15:10:00,TAS1,949.35000,0.00000,324.66799,0.00000,324.66799
2026-09-02 15:10:00,VIC1,4192.19000,734.55380,1123.91874,734.55380,908.11894
2026-09-02 15:15:00,NSW1,6538.24000,3440.80001,1366.60414,3156.18551,1256.58414
2026-09-02 15:15:00,QLD1,4916.54000,2477.87481,144.60000,2475.46591,139.77500
2026-09-02 15:15:00,SA1,977.84000,392.23136,468.20609,392.23136,468.20609
2026-09-02 15:15:00,TAS1,954.69000,0.00000,312.01439,0.00000,312.01439
2026-09-02 15:15:00,VIC1,4200.25000,764.16811,1086.13837,764.16811,1046.65037
2026-09-02 15:20:00,NSW1,6475.82000,3280.30550,1442.54022,3123.55530,1392.55854
2026-09-02 15:20:00,QLD1,5104.98000,2472.68362,143.24970,2472.68362,143.24970
2026-09-02 15:20:00,SA1,991.96000,379.22373,471.20602,379.22373,471.20602
2026-09-02 15:20:00,TAS1,962.23000,0.00000,311.95834,0.00000,311.95834
2026-09-02 15:20:00,VIC1,4248.23000,694.42486,1099.31434,694.42486,1099.31434
2026-09-02 15:25:00,NSW1,6623.01000,3607.94341,1418.56829,3219.05907,1382.76734
2026-09-02 15:25:00,QLD1,5222.55000,2544.57987,136.24055,2365.37959,122.66355
2026-09-02 15:25:00,SA1,1008.16000,423.19456,498.90929,423.19456,498.90929
2026-09-02 15:25:00,TAS1,972.76000,0.00000,321.82071,0.00000,321.82071
2026-09-02 15:25:00,VIC1,4308.53000,596.08082,1118.20871,585.90355,1118.20871
2026-09-02 15:30:00,NSW1,6741.70000,3494.76574,1489.14886,3174.39278,1489.14886
2026-09-02 15:30:00,QLD1,5314.81000,2557.48069,128.61200,2418.74219,114.00200
2026-09-02 15:30:00,SA1,986.62000,382.93719,550.05984,382.93719,550.05984
2026-09-02 15:30:00,TAS1,978.88000,0.00000,317.15505,0.00000,317.15505
2026-09-02 15:30:00,VIC1,4358.09000,562.47371,1099.01623,562.47371,1099.01623
2026-09-02 15:35:00,NSW1,6898.32000,3330.17695,1495.31200,3133.77943,1461.46898
2026-09-02 15:35:00,QLD1,5359.10000,2613.37295,132.73090,2261.42054,119.35990
2026-09-02 15:35:00,SA1,1002.35000,360.15736,591.07365,360.15736,591.07365
2026-09-02 15:35:00,TAS1,976.69000,0.00000,319.66767,0.00000,319.66767
2026-09-02 15:35:00,VIC1,4418.98000,561.21403,1102.38579,561.21403,1102.38579
2026-09-02 15:40:00,NSW1,6847.95000,3195.18268,1498.92111,2918.91692,1497.73793
2026-09-02 15:40:00,QLD1,5460.46000,2729.98720,136.93440,2231.81248,117.83040
2026-09-02 15:40:00,SA1,997.97000,362.39027,632.78660,362.39027,576.11630
2026-09-02 15:40:00,TAS1,990.17000,0.00000,322.58247,0.00000,322.58247
2026-09-02 15:40:00,VIC1,4510.27000,490.17642,1058.64787,490.17642,1058.64787
2026-09-02 15:45:00,NSW1,6877.42000,3062.79615,1454.70029,2819.23319,1448.09153
2026-09-02 15:45:00,QLD1,5477.81000,2695.80692,148.68350,2227.64273,125.88850
2026-09-02 15:45:00,SA1,1029.95000,255.84264,659.69697,255.84264,604.79597
2026-09-02 15:45:00,TAS1,999.10000,0.00000,323.92312,0.00000,323.92312
2026-09-02 15:45:00,VIC1,4585.77000,464.49271,989.08565,443.69171,989.08565
2026-09-02 15:50:00,NSW1,7058.71000,3093.57796,1407.59376,2809.92272,1407.59376
2026-09-02 15:50:00,QLD1,5556.16000,2726.06409,150.05500,2341.33261,124.43000
2026-09-02 15:50:00,SA1,1053.21000,238.94618,697.75620,238.94618,621.76620
2026-09-02 15:50:00,TAS1,1004.92000,0.00000,326.75412,0.00000,326.75412
2026-09-02 15:50:00,VIC1,4642.25000,545.26363,1045.40329,531.12863,1045.40329
2026-09-02 15:55:00,NSW1,7148.68000,3190.55429,1394.72162,2950.24874,1394.72162
2026-09-02 15:55:00,QLD1,5669.84000,2563.95065,136.29460,2165.38100,112.87960
2026-09-02 15:55:00,SA1,1075.57000,260.23982,744.64023,260.23982,744.64023
2026-09-02 15:55:00,TAS1,998.84000,0.00000,320.77245,0.00000,320.77245
2026-09-02 15:55:00,VIC1,4750.36000,503.65961,1108.82028,489.76661,1108.82028
2026-09-02 16:00:00,NSW1,7190.23000,2975.98588,1348.10658,2935.49592,1333.95665
2026-09-02 16:00:00,QLD1,5791.25000,2527.81682,148.09310,2131.70250,127.28010
2026-09-02 16:00:00,SA1,1105.71000,236.00654,728.15324,236.00654,728.15324
2026-09-02 16:00:00,TAS1,1013.28000,0.00000,333.31832,0.00000,333.31832
2026-09-02 16:00:00,VIC1,4792.56000,426.73001,1098.48314,412.53201,1098.48314
2026-09-02 16:05:00,NSW1,7298.80000,2667.77520,1378.96818,2619.69038,1378.96818
2026-09-02 16:05:00,QLD1,5901.04000,2514.02312,158.11090,2124.75507,142.46490
2026-09-02 16:05:00,SA1,1140.39000,303.44964,708.48380,303.44964,708.48380
2026-09-02 16:05:00,TAS1,1007.40000,0.00000,334.77576,0.00000,334.77576
2026-09-02 16:05:00,VIC1,4718.30000,463.21018,1090.42288,463.21018,1090.42288
2026-09-02 16:10:00,NSW1,7385.70000,2573.64640,1378.97270,2534.70409,1378.83406
2026-09-02 16:10:00,QLD1,5995.31000,2489.52198,143.72700,2114.67714,126.40600
2026-09-02 16:10:00,SA1,1179.25000,290.51355,752.93115,290.51355,752.93115
2026-09-02 16:10:00,TAS1,1010.38000,0.00000,325.54477,0.00000,325.54477
2026-09-02 16:10:00,VIC1,4960.25000,428.51603,1033.69364,427.55603,1033.69364
2026-09-02 16:15:00,NSW1,7453.75000,2325.40973,1312.35104,2305.14456,1312.35104
2026-09-02 16:15:00,QLD1,6080.91000,2354.34668,145.12800,1996.62081,127.17500
2026-09-02 16:15:00,SA1,1199.22000,292.06800,731.87984,292.06800,731.87984
2026-09-02 16:15:00,TAS1,1023.97000,0.00000,318.79249,0.00000,318.79249
2026-09-02 16:15:00,VIC1,5054.35000,455.93740,1000.21024,455.93740,1000.21024
2026-09-02 16:20:00,NSW1,7520.55000,2379.35559,1299.10217,2379.35559,1299.10217
2026-09-02 16:20:00,QLD1,6199.06000,2282.22542,152.10630,1944.70161,136.50230
2026-09-02 16:20:00,SA1,1213.67000,276.03373,787.22612,276.03373,787.22612
2026-09-02 16:20:00,TAS1,1041.56000,0.00000,319.40061,0.00000,319.40061
2026-09-02 16:20:00,VIC1,5061.75000,519.17021,1001.82210,519.17021,1001.82210
2026-09-02 16:25:00,NSW1,7572.86000,2218.74091,1342.66625,2218.74091,1342.66625
2026-09-02 16:25:00,QLD1,6277.08000,2201.74296,157.97300,1901.52854,135.87100
2026-09-02 16:25:00,SA1,1217.32000,286.73537,824.08359,286.73537,824.08359
2026-09-02 16:25:00,TAS1,1052.52000,0.00000,324.08119,0.00000,324.08119
2026-09-02 16:25:00,VIC1,5149.44000,453.52304,1027.78795,418.26304,1027.78795
2026-09-02 16:30:00,NSW1,7751.32000,1878.70913,1371.88312,1878.70913,1371.88312
2026-09-02 16:30:00,QLD1,6428.41000,2085.32078,150.17000,1891.03978,150.17000
2026-09-02 16:30:00,SA1,1203.81000,293.21528,813.35476,293.21528,813.35476
2026-09-02 16:30:00,TAS1,1050.99000,0.00000,326.45269,0.00000,326.45269
2026-09-02 16:30:00,VIC1,5240.39000,415.89302,1057.88208,395.16202,1057.88208
2026-09-02 16:35:00,NSW1,7737.67000,1685.36267,1380.17678,1678.72281,1380.17678
2026-09-02 16:35:00,QLD1,6538.84000,1941.12410,156.13300,1745.19110,156.13300
2026-09-02 16:35:00,SA1,1207.33000,283.28083,768.49937,283.28083,768.49937
2026-09-02 16:35:00,TAS1,1060.38000,0.00000,325.04051,0.00000,325.04051
2026-09-02 16:35:00,VIC1,5254.82000,390.18054,1091.80757,329.66454,1091.80757
2026-09-02 16:40:00,NSW1,7913.60000,1422.61279,1380.37669,1422.61279,1380.37669
2026-09-02 16:40:00,QLD1,6523.78000,1457.01817,176.93900,1457.01817,176.93900
2026-09-02 16:40:00,SA1,1239.00000,304.50419,753.80988,304.50419,753.80988
2026-09-02 16:40:00,TAS1,1083.57000,0.00000,339.76486,0.00000,339.76486
2026-09-02 16:40:00,VIC1,5360.69000,334.83249,1057.99705,276.84885,1057.99705
2026-09-02 16:45:00,NSW1,8025.25000,1242.14030,1372.43349,1242.14030,1372.43349
2026-09-02 16:45:00,QLD1,6646.27000,1512.32860,184.19700,1410.23769,184.19700
2026-09-02 16:45:00,SA1,1263.75000,276.71146,834.81864,276.71146,834.81864
2026-09-02 16:45:00,TAS1,1098.17000,0.00000,343.35438,0.00000,343.35438
2026-09-02 16:45:00,VIC1,5476.84000,374.81894,1073.13156,322.48439,1073.13156
2026-09-02 16:50:00,NSW1,8104.35000,1135.88669,1379.96584,1135.88669,1379.96584
2026-09-02 16:50:00,QLD1,6697.15000,1304.74319,182.42000,1273.47048,182.42000
2026-09-02 16:50:00,SA1,1295.17000,230.10963,846.13781,230.10963,846.13781
2026-09-02 16:50:00,TAS1,1118.58000,0.00000,344.02208,0.00000,344.02208
2026-09-02 16:50:00,VIC1,5485.16000,368.08757,1079.96603,368.08757,1079.96603
2026-09-02 16:55:00,NSW1,8193.00000,991.63577,1377.40417,991.63577,1377.40417
2026-09-02 16:55:00,QLD1,6741.47000,1135.43480,201.36528,1072.40752,201.36528
2026-09-02 16:55:00,SA1,1338.41000,208.28509,852.92753,208.28509,852.92753
2026-09-02 16:55:00,TAS1,1125.38000,0.00000,339.19937,0.00000,339.19937
2026-09-02 16:55:00,VIC1,5582.71000,269.91486,1111.98774,269.91486,1111.98774
2026-09-02 17:00:00,NSW1,8100.42000,717.17171,1371.77594,717.17171,1371.77594
2026-09-02 17:00:00,QLD1,6857.08000,961.22214,207.02900,961.22214,207.02900
2026-09-02 17:00:00,SA1,1338.94000,184.60538,840.97352,184.60538,840.97352
2026-09-02 17:00:00,TAS1,1154.33000,0.00000,333.26333,0.00000,333.26333
2026-09-02 17:00:00,VIC1,5688.78000,219.80037,1129.43165,219.80037,1129.43165
2026-09-02 17:05:00,NSW1,8233.06000,576.72334,1311.92680,576.72334,1311.92680
2026-09-02 17:05:00,QLD1,6916.12000,866.55812,196.82000,866.55812,196.82000
2026-09-02 17:05:00,SA1,1367.80000,194.49192,811.65016,194.49192,811.65016
2026-09-02 17:05:00,TAS1,1157.44000,0.00000,334.75582,0.00000,334.75582
2026-09-02 17:05:00,VIC1,5744.82000,220.21600,1127.62023,220.21600,1127.62023
2026-09-02 17:10:00,NSW1,8297.17000,456.07505,1245.62310,456.07505,1245.62310
2026-09-02 17:10:00,QLD1,6899.32000,741.75501,202.55356,741.75501,202.55356
2026-09-02 17:10:00,SA1,1391.12000,179.77746,791.85469,179.77746,791.85469
2026-09-02 17:10:00,TAS1,1158.59000,0.00000,315.79153,0.00000,315.79153
2026-09-02 17:10:00,VIC1,5822.22000,159.33120,1169.99967,159.33120,1169.99967
2026-09-02 17:15:00,NSW1,8379.43000,349.06899,1211.72445,349.06899,1211.72445
2026-09-02 17:15:00,QLD1,6969.36000,540.74709,221.34696,540.74709,221.34696
2026-09-02 17:15:00,SA1,1422.64000,160.00354,756.67234,160.00354,756.67234
2026-09-02 17:15:00,TAS1,1188.02000,0.00000,329.72007,0.00000,329.72007
2026-09-02 17:15:00,VIC1,5923.29000,131.00600,1208.29821,131.00600,1208.29821
2026-09-02 17:20:00,NSW1,8349.10000,256.35752,1184.52006,256.35752,1184.52006
2026-09-02 17:20:00,QLD1,7008.85000,393.12636,257.11321,393.12636,257.11321
2026-09-02 17:20:00,SA1,1463.14000,120.62881,754.25744,120.62881,754.25744
2026-09-02 17:20:00,TAS1,1189.73000,0.00000,328.60239,0.00000,328.60239
2026-09-02 17:20:00,VIC1,5958.93000,93.57443,1197.62898,93.57443,1197.62898
2026-09-02 17:25:00,NSW1,8397.32000,150.70369,1168.13375,150.70369,1168.13375
2026-09-02 17:25:00,QLD1,7033.62000,260.61987,290.79691,260.61987,290.79691
2026-09-02 17:25:00,SA1,1450.70000,172.73063,737.94256,172.73063,737.94256
2026-09-02 17:25:00,TAS1,1197.95000,0.00000,326.13424,0.00000,326.13424
2026-09-02 17:25:00,VIC1,6093.00000,66.80358,1254.75956,66.80358,1254.75956
2026-09-02 17:30:00,NSW1,8468.40000,69.15792,1221.35482,69.15792,1221.35482
2026-09-02 17:30:00,QLD1,7086.26000,166.33902,294.24930,166.33902,294.24930
2026-09-02 17:30:00,SA1,1495.67000,148.85709,724.00140,148.85709,724.00140
2026-09-02 17:30:00,TAS1,1196.66000,0.00000,327.74430,0.00000,327.74430
2026-09-02 17:30:00,VIC1,6175.40000,56.68033,1304.43767,56.68033,1304.43767
2026-09-02 17:35:00,NSW1,8535.29000,30.84237,1250.45437,30.84237,1250.45437
2026-09-02 17:35:00,QLD1,7173.41000,97.85770,310.88723,97.85770,310.88723
2026-09-02 17:35:00,SA1,1525.45000,120.90618,712.71068,120.90618,712.71068
2026-09-02 17:35:00,TAS1,1188.07000,0.00000,324.76538,0.00000,324.76538
2026-09-02 17:35:00,VIC1,6235.11000,40.83997,1380.20263,40.83997,1380.20263
2026-09-02 17:40:00,NSW1,8555.43000,29.28134,1236.38392,29.28134,1236.38392
2026-09-02 17:40:00,QLD1,7170.25000,57.01496,303.37899,57.01496,303.37899
2026-09-02 17:40:00,SA1,1558.60000,131.97372,703.56666,131.97372,703.56666
2026-09-02 17:40:00,TAS1,1187.28000,0.00000,335.02443,0.00000,335.02443
2026-09-02 17:40:00,VIC1,6318.36000,23.94054,1374.23801,23.94054,1374.23801
2026-09-02 17:45:00,NSW1,8543.31000,6.92737,1266.19058,6.92737,1266.19058
2026-09-02 17:45:00,QLD1,7266.43000,26.77090,343.59020,26.77090,343.59020
2026-09-02 17:45:00,SA1,1554.01000,78.01254,684.08396,78.01254,684.08396
2026-09-02 17:45:00,TAS1,1193.52000,0.00000,335.28439,0.00000,335.28439
2026-09-02 17:45:00,VIC1,6322.84000,18.20593,1368.55238,18.20593,1368.55238
2026-09-02 17:50:00,NSW1,8655.16000,4.25454,1260.79194,4.25454,1260.79194
2026-09-02 17:50:00,QLD1,7263.68000,13.62829,351.57929,13.62829,351.57929
2026-09-02 17:50:00,SA1,1603.77000,61.43800,663.63331,61.43800,663.63331
2026-09-02 17:50:00,TAS1,1200.65000,0.00000,327.45964,0.00000,327.45964
2026-09-02 17:50:00,VIC1,6445.22000,8.51081,1354.51252,8.51081,1354.51252
2026-09-02 17:55:00,NSW1,8707.82000,0.66500,1241.05824,0.66500,1241.05824
2026-09-02 17:55:00,QLD1,7299.74000,5.57889,350.77329,5.57889,350.77329
2026-09-02 17:55:00,SA1,1629.16000,45.65182,648.26288,45.65182,648.26288
2026-09-02 17:55:00,TAS1,1225.82000,0.00000,327.05530,0.00000,327.05530
2026-09-02 17:55:00,VIC1,6507.49000,2.54901,1347.97592,2.54901,1347.97592
2026-09-02 18:00:00,NSW1,8718.56000,0.01000,1212.35689,0.01000,1212.35689
2026-09-02 18:00:00,QLD1,7363.21000,2.42500,359.66843,2.42500,359.66843
2026-09-02 18:00:00,SA1,1648.11000,16.80283,683.53540,16.80283,683.53540
2026-09-02 18:00:00,TAS1,1228.96000,0.00000,329.51102,0.00000,329.51102
2026-09-02 18:00:00,VIC1,6558.48000,1.41083,1285.92128,1.41083,1285.92128
2026-09-02 18:05:00,NSW1,8734.40000,0.00000,1205.72466,0.00000,1205.72466
2026-09-02 18:05:00,QLD1,7419.53000,0.65400,373.77366,0.65400,373.77366
2026-09-02 18:05:00,SA1,1679.43000,10.00591,650.65927,10.00591,650.65927
2026-09-02 18:05:00,TAS1,1224.96000,0.00000,329.02894,0.00000,329.02894
2026-09-02 18:05:00,VIC1,6595.02000,0.24273,1343.07699,0.24273,1343.07699
2026-09-02 18:10:00,NSW1,8745.55000,0.00000,1196.57874,0.00000,1196.57874
2026-09-02 18:10:00,QLD1,7450.45000,0.00000,385.14553,0.00000,385.14553
2026-09-02 18:10:00,SA1,1705.74000,7.08491,614.25244,7.08491,614.25244
2026-09-02 18:10:00,TAS1,1220.75000,0.00000,327.02232,0.00000,327.02232
2026-09-02 18:10:00,VIC1,6587.18000,0.00000,1363.46760,0.00000,1363.46760
2026-09-02 18:15:00,NSW1,8737.74000,0.00000,1228.84894,0.00000,1228.84894
2026-09-02 18:15:00,QLD1,7395.18000,0.00000,388.32946,0.00000,388.32946
2026-09-02 18:15:00,SA1,1734.96000,3.65645,574.75952,3.65645,574.75952
2026-09-02 18:15:00,TAS1,1233.01000,0.00000,320.88061,0.00000,320.88061
2026-09-02 18:15:00,VIC1,6600.29000,0.00000,1382.99291,0.00000,1382.99291
2026-09-02 18:20:00,NSW1,8786.32000,0.00000,1217.17847,0.00000,1217.17847
2026-09-02 18:20:00,QLD1,7359.21000,0.00000,402.42705,0.00000,402.42705
2026-09-02 18:20:00,SA1,1750.23000,3.99545,583.69936,3.99545,583.69936
2026-09-02 18:20:00,TAS1,1241.73000,0.00000,312.62966,0.00000,312.62966
2026-09-02 18:20:00,VIC1,6652.47000,0.00000,1444.18802,0.00000,1444.18802
2026-09-02 18:25:00,NSW1,8767.05000,0.00000,1261.10554,0.00000,1261.10554
2026-09-02 18:25:00,QLD1,7410.63000,0.00000,412.00663,0.00000,412.00663
2026-09-02 18:25:00,SA1,1740.32000,0.49100,582.53887,0.49100,582.53887
2026-09-02 18:25:00,TAS1,1242.34000,0.00000,321.07066,0.00000,321.07066
2026-09-02 18:25:00,VIC1,6721.67000,0.00000,1441.86487,0.00000,1441.86487
2026-09-02 18:30:00,NSW1,8710.07000,0.00000,1271.87330,0.00000,1271.87330
2026-09-02 18:30:00,QLD1,7472.20000,0.00000,420.68285,0.00000,420.68285
2026-09-02 18:30:00,SA1,1757.68000,0.08900,611.39284,0.08900,611.39284
2026-09-02 18:30:00,TAS1,1238.54000,0.00000,322.99547,0.00000,322.99547
2026-09-02 18:30:00,VIC1,6843.81000,0.00000,1372.41159,0.00000,1372.41159
2026-09-02 18:35:00,NSW1,8675.50000,0.00000,1236.26117,0.00000,1236.26117
2026-09-02 18:35:00,QLD1,7441.77000,0.00000,432.75095,0.00000,432.75095
2026-09-02 18:35:00,SA1,1772.31000,0.08000,625.37295,0.08000,625.37295
2026-09-02 18:35:00,TAS1,1226.60000,0.00000,333.28034,0.00000,333.28034
2026-09-02 18:35:00,VIC1,6836.40000,0.00000,1349.07986,0.00000,1349.07986
2026-09-02 18:40:00,NSW1,8729.19000,0.00000,1206.84441,0.00000,1206.84441
2026-09-02 18:40:00,QLD1,7353.12000,0.00000,435.06311,0.00000,435.06311
2026-09-02 18:40:00,SA1,1760.15000,0.00100,623.01024,0.00100,623.01024
2026-09-02 18:40:00,TAS1,1233.62000,0.00000,365.86274,0.00000,365.86274
2026-09-02 18:40:00,VIC1,6800.30000,0.00000,1432.82032,0.00000,1432.82032
2026-09-02 18:45:00,NSW1,8666.89000,0.00000,1216.52857,0.00000,1216.52857
2026-09-02 18:45:00,QLD1,7327.50000,0.00000,436.01701,0.00000,436.01701
2026-09-02 18:45:00,SA1,1793.29000,0.00800,627.13065,0.00800,627.13065
2026-09-02 18:45:00,TAS1,1214.56000,0.00000,360.63905,0.00000,360.63905
2026-09-02 18:45:00,VIC1,6747.96000,0.00000,1436.53647,0.00000,1436.53647
2026-09-02 18:50:00,NSW1,8686.58000,0.00000,1177.63881,0.00000,1177.63881
2026-09-02 18:50:00,QLD1,7318.53000,0.00000,441.89616,0.00000,441.89616
2026-09-02 18:50:00,SA1,1822.32000,0.00800,645.63768,0.00800,645.63768
2026-09-02 18:50:00,TAS1,1210.24000,0.00000,355.87935,0.00000,355.87935
2026-09-02 18:50:00,VIC1,6773.29000,0.00000,1481.17489,0.00000,1481.17489
2026-09-02 18:55:00,NSW1,8629.02000,0.00000,1135.65872,0.00000,1135.65872
2026-09-02 18:55:00,QLD1,7283.56000,0.00000,433.88789,0.00000,433.88789
2026-09-02 18:55:00,SA1,1832.14000,0.00800,681.36328,0.00800,681.36328
2026-09-02 18:55:00,TAS1,1213.45000,0.00000,365.39040,0.00000,365.39040
2026-09-02 18:55:00,VIC1,6700.67000,0.00000,1462.48789,0.00000,1462.48789
2026-09-02 19:00:00,NSW1,8665.00000,0.00000,1121.69493,0.00000,1121.69493
2026-09-02 19:00:00,QLD1,7300.52000,0.00000,441.30463,0.00000,441.30463
2026-09-02 19:00:00,SA1,1817.90000,0.00800,698.74267,0.00800,698.74267
2026-09-02 19:00:00,TAS1,1211.85000,0.00000,352.92175,0.00000,352.92175
2026-09-02 19:00:00,VIC1,6726.80000,0.00000,1433.33737,0.00000,1433.33737
2026-09-02 19:05:00,NSW1,8596.74000,0.00000,1123.76669,0.00000,1123.76669
2026-09-02 19:05:00,QLD1,7218.10000,0.00000,448.30600,0.00000,448.30600
2026-09-02 19:05:00,SA1,1832.12000,0.00800,735.97861,0.00800,735.97861
2026-09-02 19:05:00,TAS1,1199.56000,0.00000,352.90062,0.00000,352.90062
2026-09-02 19:05:00,VIC1,6704.12000,0.00000,1505.45195,0.00000,1505.45195
2026-09-02 19:10:00,NSW1,8607.95000,0.00000,1150.51092,0.00000,1150.51092
2026-09-02 19:10:00,QLD1,7251.09000,0.00000,456.39160,0.00000,456.39160
2026-09-02 19:10:00,SA1,1830.67000,0.00000,741.39060,0.00000,741.39060
2026-09-02 19:10:00,TAS1,1188.66000,0.00000,336.23136,0.00000,336.23136
2026-09-02 19:10:00,VIC1,6641.64000,0.00000,1523.73810,0.00000,1523.73810
2026-09-02 19:15:00,NSW1,8470.72000,0.00000,1166.37193,0.00000,1166.37193
2026-09-02 19:15:00,QLD1,7253.23000,0.00000,447.79940,0.00000,447.79940
2026-09-02 19:15:00,SA1,1818.19000,0.00000,752.41880,0.00000,752.41880
2026-09-02 19:15:00,TAS1,1180.84000,0.00000,338.48322,0.00000,338.48322
2026-09-02 19:15:00,VIC1,6657.86000,0.00000,1495.66636,0.00000,1495.66636
2026-09-02 19:20:00,NSW1,8493.27000,0.00000,1137.89808,0.00000,1137.89808
2026-09-02 19:20:00,QLD1,7204.40000,0.00000,455.06866,0.00000,455.06866
2026-09-02 19:20:00,SA1,1794.32000,0.00000,791.10801,0.00000,791.10801
2026-09-02 19:20:00,TAS1,1180.80000,0.00000,350.65095,0.00000,350.65095
2026-09-02 19:20:00,VIC1,6635.45000,0.00000,1402.21450,0.00000,1402.21450
2026-09-02 19:25:00,NSW1,8478.45000,0.00000,1168.91753,0.00000,1168.91753
2026-09-02 19:25:00,QLD1,7147.53000,0.00000,459.34932,0.00000,459.34932
2026-09-02 19:25:00,SA1,1809.07000,0.00000,811.14800,0.00000,811.14800
2026-09-02 19:25:00,TAS1,1169.97000,0.00000,357.79247,0.00000,357.79247
2026-09-02 19:25:00,VIC1,6626.25000,0.00000,1388.53581,0.00000,1388.53581
2026-09-02 19:30:00,NSW1,8495.92000,0.00000,1200.05818,0.00000,1200.05818
2026-09-02 19:30:00,QLD1,7094.63000,0.00000,449.97588,0.00000,449.97588
2026-09-02 19:30:00,SA1,1789.34000,0.00000,802.58665,0.00000,802.58665
2026-09-02 19:30:00,TAS1,1168.04000,0.00000,349.65186,0.00000,349.65186
2026-09-02 19:30:00,VIC1,6613.24000,0.00000,1421.99750,0.00000,1421.99750
2026-09-02 19:35:00,NSW1,8382.69000,0.00000,1237.14486,0.00000,1237.14486
2026-09-02 19:35:00,QLD1,7055.31000,0.00000,449.46371,0.00000,449.46371
2026-09-02 19:35:00,SA1,1793.37000,0.00000,781.16040,0.00000,781.16040
2026-09-02 19:35:00,TAS1,1167.14000,0.00000,354.60892,0.00000,354.60892
2026-09-02 19:35:00,VIC1,6656.45000,0.00000,1451.94902,0.00000,1451.94902
2026-09-02 19:40:00,NSW1,8359.73000,0.00000,1213.55504,0.00000,1213.55504
2026-09-02 19:40:00,QLD1,7028.29000,0.00000,462.52154,0.00000,462.52154
2026-09-02 19:40:00,SA1,1793.53000,0.00000,784.94600,0.00000,784.94600
2026-09-02 19:40:00,TAS1,1153.95000,0.00000,347.38100,0.00000,347.38100
2026-09-02 19:40:00,VIC1,6658.60000,0.00000,1471.57817,0.00000,1471.57817
2026-09-02 19:45:00,NSW1,8378.52000,0.00000,1229.77458,0.00000,1229.77458
2026-09-02 19:45:00,QLD1,7065.86000,0.00000,467.17836,0.00000,467.17836
2026-09-02 19:45:00,SA1,1801.65000,0.00000,767.16915,0.00000,767.16915
2026-09-02 19:45:00,TAS1,1162.11000,0.00000,351.19330,0.00000,351.19330
2026-09-02 19:45:00,VIC1,6576.96000,0.00000,1507.10978,0.00000,1507.10978
2026-09-02 19:50:00,NSW1,8331.88000,0.00000,1259.96293,0.00000,1242.27793
2026-09-02 19:50:00,QLD1,7019.92000,0.00000,488.18011,0.00000,488.18011
2026-09-02 19:50:00,SA1,1792.68000,0.00000,754.75014,0.00000,754.75014
2026-09-02 19:50:00,TAS1,1165.38000,0.00000,354.39408,0.00000,354.39408
2026-09-02 19:50:00,VIC1,6591.79000,0.00000,1526.53538,0.00000,1526.53538
2026-09-02 19:55:00,NSW1,8363.84000,0.00000,1237.75869,0.00000,1220.07369
2026-09-02 19:55:00,QLD1,7045.99000,0.00000,487.11826,0.00000,487.11826
2026-09-02 19:55:00,SA1,1825.39000,0.00000,763.62436,0.00000,763.62436
2026-09-02 19:55:00,TAS1,1159.80000,0.00000,345.38581,0.00000,345.38581
2026-09-02 19:55:00,VIC1,6637.45000,0.00000,1520.75765,0.00000,1520.75765
2026-09-02 20:00:00,NSW1,8341.99000,0.00000,1244.39493,0.00000,1230.30393
2026-09-02 20:00:00,QLD1,7037.49000,0.00000,491.91041,0.00000,491.91041
2026-09-02 20:00:00,SA1,1783.08000,0.00000,736.07383,0.00000,736.07383
2026-09-02 20:00:00,TAS1,1166.87000,0.00000,343.93357,0.00000,343.93357
2026-09-02 20:00:00,VIC1,6628.18000,0.00000,1517.22783,0.00000,1517.22783
2026-09-02 20:05:00,NSW1,8359.31000,0.00000,1251.71230,0.00000,1235.54530
2026-09-02 20:05:00,QLD1,6961.86000,0.00000,482.23451,0.00000,482.23451
2026-09-02 20:05:00,SA1,1780.21000,0.00000,751.59684,0.00000,751.59684
2026-09-02 20:05:00,TAS1,1158.83000,0.00000,337.99348,0.00000,337.99348
2026-09-02 20:05:00,VIC1,6562.78000,0.00000,1482.48009,0.00000,1482.48009
2026-09-02 20:10:00,NSW1,8282.02000,0.00000,1277.02080,0.00000,1258.49180
2026-09-02 20:10:00,QLD1,6989.08000,0.00000,487.15419,0.00000,487.15419
2026-09-02 20:10:00,SA1,1747.63000,0.00000,790.52869,0.00000,790.52869
2026-09-02 20:10:00,TAS1,1148.01000,0.00000,343.85620,0.00000,343.85620
2026-09-02 20:10:00,VIC1,6559.02000,0.00000,1511.06475,0.00000,1511.06475
2026-09-02 20:15:00,NSW1,8303.54000,0.00500,1294.79992,0.00500,1276.27092
2026-09-02 20:15:00,QLD1,6963.10000,0.00000,483.26354,0.00000,483.26354
2026-09-02 20:15:00,SA1,1767.54000,0.00000,766.44193,0.00000,766.44193
2026-09-02 20:15:00,TAS1,1126.02000,0.00000,352.49890,0.00000,352.49890
2026-09-02 20:15:00,VIC1,6562.75000,0.00000,1480.36991,0.00000,1480.36991
2026-09-02 20:20:00,NSW1,8353.20000,0.00000,1266.99525,0.00000,1248.46625
2026-09-02 20:20:00,QLD1,6945.20000,0.00000,483.07260,0.00000,483.07260
2026-09-02 20:20:00,SA1,1756.94000,0.00000,801.17237,0.00000,801.17237
2026-09-02 20:20:00,TAS1,1121.32000,0.00000,346.74304,0.00000,346.74304
2026-09-02 20:20:00,VIC1,6535.01000,0.00000,1504.34966,0.00000,1504.34966
2026-09-02 20:25:00,NSW1,8301.55000,0.00000,1228.40213,0.00000,1206.78713
2026-09-02 20:25:00,QLD1,6901.33000,0.00000,490.28759,0.00000,490.28759
2026-09-02 20:25:00,SA1,1731.97000,0.00000,807.19634,0.00000,807.19634
2026-09-02 20:25:00,TAS1,1126.73000,0.00000,359.32637,0.00000,359.32637
2026-09-02 20:25:00,VIC1,6470.15000,0.00000,1505.55488,0.00000,1505.55488
2026-09-02 20:30:00,NSW1,8258.91000,0.00000,1264.71985,0.00000,1247.32985
2026-09-02 20:30:00,QLD1,6877.67000,0.00000,496.72794,0.00000,496.72794
2026-09-02 20:30:00,SA1,1721.68000,0.00000,805.72266,0.00000,805.72266
2026-09-02 20:30:00,TAS1,1120.41000,0.00000,344.93290,0.00000,344.93290
2026-09-02 20:30:00,VIC1,6352.08000,0.00000,1510.54000,0.00000,1510.54000
2026-09-02 20:35:00,NSW1,8241.93000,0.00000,1257.05754,0.00000,1257.05754
2026-09-02 20:35:00,QLD1,6801.66000,0.00000,499.76219,0.00000,499.76219
2026-09-02 20:35:00,SA1,1731.90000,0.00000,794.93610,0.00000,794.93610
2026-09-02 20:35:00,TAS1,1113.57000,0.00000,345.65698,0.00000,345.65698
2026-09-02 20:35:00,VIC1,6335.95000,0.00000,1523.47775,0.00000,1523.47775
2026-09-02 20:40:00,NSW1,8163.06000,0.00000,1265.52658,0.00000,1265.52658
2026-09-02 20:40:00,QLD1,6964.26000,0.00000,506.68446,0.00000,506.68446
2026-09-02 20:40:00,SA1,1714.18000,0.00000,778.79581,0.00000,778.79581
2026-09-02 20:40:00,TAS1,1099.31000,0.00000,345.90930,0.00000,345.90930
2026-09-02 20:40:00,VIC1,6412.21000,0.00000,1521.41730,0.00000,1521.41730
2026-09-02 20:45:00,NSW1,8148.45000,0.00000,1243.36426,0.00000,1243.36426
2026-09-02 20:45:00,QLD1,6904.18000,0.00000,505.13231,0.00000,505.13231
2026-09-02 20:45:00,SA1,1696.41000,0.00000,780.29665,0.00000,780.29665
2026-09-02 20:45:00,TAS1,1091.90000,0.00000,350.63493,0.00000,350.63493
2026-09-02 20:45:00,VIC1,6362.44000,0.00000,1526.74263,0.00000,1526.74263
2026-09-02 20:50:00,NSW1,8101.77000,0.00000,1244.82053,0.00000,1244.82053
2026-09-02 20:50:00,QLD1,6858.17000,0.00000,507.60267,0.00000,507.60267
2026-09-02 20:50:00,SA1,1693.18000,0.00000,780.32384,0.00000,780.32384
2026-09-02 20:50:00,TAS1,1087.90000,0.00000,354.58708,0.00000,354.58708
2026-09-02 20:50:00,VIC1,6245.57000,0.00000,1540.52412,0.00000,1540.52412
2026-09-02 20:55:00,NSW1,8086.34000,0.00000,1266.05932,0.00000,1266.05932
2026-09-02 20:55:00,QLD1,6935.98000,0.00000,503.67634,0.00000,503.67634
2026-09-02 20:55:00,SA1,1697.97000,0.00000,837.64882,0.00000,837.64882
2026-09-02 20:55:00,TAS1,1078.74000,0.00000,358.71879,0.00000,358.71879
2026-09-02 20:55:00,VIC1,6282.86000,0.00000,1530.58132,0.00000,1530.58132
2026-09-02 21:00:00,NSW1,8036.41000,0.00000,1277.53357,0.00000,1277.53357
2026-09-02 21:00:00,QLD1,6891.63000,0.00000,508.28718,0.00000,508.28718
2026-09-02 21:00:00,SA1,1697.32000,0.00000,930.97242,0.00000,930.97242
2026-09-02 21:00:00,TAS1,1076.71000,0.00000,349.82803,0.00000,349.82803
2026-09-02 21:00:00,VIC1,6276.31000,0.00000,1572.21343,0.00000,1572.21343
2026-09-02 21:05:00,NSW1,8036.56000,0.00000,1287.12050,0.00000,1287.12050
2026-09-02 21:05:00,QLD1,6845.31000,0.00000,528.66827,0.00000,528.66827
2026-09-02 21:05:00,SA1,1685.86000,0.00000,972.56848,0.00000,972.56848
2026-09-02 21:05:00,TAS1,1077.61000,0.00000,360.42243,0.00000,360.42243
2026-09-02 21:05:00,VIC1,6245.06000,0.00000,1684.77285,0.00000,1684.77285
2026-09-02 21:10:00,NSW1,8006.75000,0.00000,1295.85978,0.00000,1295.85978
2026-09-02 21:10:00,QLD1,6824.89000,0.00000,523.30222,0.00000,523.30222
2026-09-02 21:10:00,SA1,1664.49000,0.00000,1002.99577,0.00000,1002.99577
2026-09-02 21:10:00,TAS1,1073.25000,0.00000,368.05529,0.00000,368.05529
2026-09-02 21:10:00,VIC1,6192.31000,0.00000,1721.01700,0.00000,1721.01700
2026-09-02 21:15:00,NSW1,7953.32000,0.00000,1324.25690,0.00000,1324.25690
2026-09-02 21:15:00,QLD1,6769.77000,0.00000,539.94040,0.00000,539.94040
2026-09-02 21:15:00,SA1,1645.50000,0.00000,1027.85689,0.00000,1027.85689
2026-09-02 21:15:00,TAS1,1075.46000,0.00000,361.46728,0.00000,361.46728
2026-09-02 21:15:00,VIC1,6097.71000,0.00000,1722.74491,0.00000,1722.74491
2026-09-02 21:20:00,NSW1,7857.76000,0.00000,1331.42275,0.00000,1331.42275
2026-09-02 21:20:00,QLD1,6794.94000,0.00000,570.93878,0.00000,570.93878
2026-09-02 21:20:00,SA1,1647.64000,0.00000,1057.62019,0.00000,1057.62019
2026-09-02 21:20:00,TAS1,1071.00000,0.00000,365.23968,0.00000,365.23968
2026-09-02 21:20:00,VIC1,6064.43000,0.00000,1710.96353,0.00000,1710.96353
2026-09-02 21:25:00,NSW1,7887.06000,0.00000,1309.48174,0.00000,1309.48174
2026-09-02 21:25:00,QLD1,6808.03000,0.00000,555.02384,0.00000,555.02384
2026-09-02 21:25:00,SA1,1704.59000,0.00000,1080.32511,0.00000,1080.32511
2026-09-02 21:25:00,TAS1,1063.35000,0.00000,381.88892,0.00000,381.88892
2026-09-02 21:25:00,VIC1,6003.85000,0.00000,1714.47576,0.00000,1714.47576
2026-09-02 21:30:00,NSW1,7847.66000,0.00000,1317.81943,0.00000,1317.81943
2026-09-02 21:30:00,QLD1,6806.27000,0.00000,560.07896,0.00000,560.07896
2026-09-02 21:30:00,SA1,1668.16000,0.00000,1087.27649,0.00000,1087.27649
2026-09-02 21:30:00,TAS1,1061.27000,0.00000,386.20013,0.00000,386.20013
2026-09-02 21:30:00,VIC1,6059.73000,0.00000,1749.99120,0.00000,1749.99120
2026-09-02 21:35:00,NSW1,7805.23000,0.00000,1336.80475,0.00000,1336.80475
2026-09-02 21:35:00,QLD1,6706.44000,0.00000,565.87974,0.00000,565.87974
2026-09-02 21:35:00,SA1,1646.58000,0.00000,1141.74640,0.00000,1141.74640
2026-09-02 21:35:00,TAS1,1066.13000,0.00000,383.02735,0.00000,383.02735
2026-09-02 21:35:00,VIC1,6040.34000,0.00000,1754.57991,0.00000,1754.57991
2026-09-02 21:40:00,NSW1,7793.46000,0.00000,1360.23275,0.00000,1360.23275
2026-09-02 21:40:00,QLD1,6722.50000,0.00000,587.91278,0.00000,587.91278
2026-09-02 21:40:00,SA1,1612.72000,0.00000,1164.40851,0.00000,1164.40851
2026-09-02 21:40:00,TAS1,1056.03000,0.00000,390.68915,0.00000,390.68915
2026-09-02 21:40:00,VIC1,5938.24000,0.00000,1916.13136,0.00000,1916.13136
2026-09-02 21:45:00,NSW1,7731.17000,0.00000,1373.69490,0.00000,1373.69490
2026-09-02 21:45:00,QLD1,6732.17000,0.00000,606.41006,0.00000,606.41006
2026-09-02 21:45:00,SA1,1586.07000,0.00000,1204.71420,0.00000,1204.71420
2026-09-02 21:45:00,TAS1,1054.33000,0.00000,386.80081,0.00000,386.80081
2026-09-02 21:45:00,VIC1,5966.75000,0.00000,2005.54908,0.00000,2005.54908
2026-09-02 21:50:00,NSW1,7707.26000,0.00000,1399.62339,0.00000,1399.62339
2026-09-02 21:50:00,QLD1,6636.04000,0.00000,618.67027,0.00000,618.67027
2026-09-02 21:50:00,SA1,1570.45000,0.00000,1195.32725,0.00000,1195.32725
2026-09-02 21:50:00,TAS1,1055.96000,0.00000,391.96289,0.00000,391.96289
2026-09-02 21:50:00,VIC1,5896.55000,0.00000,2054.71696,0.00000,2054.71696
2026-09-02 21:55:00,NSW1,7658.10000,0.00000,1402.43843,0.00000,1402.43843
2026-09-02 21:55:00,QLD1,6632.94000,0.00000,635.95113,0.00000,635.95113
2026-09-02 21:55:00,SA1,1578.65000,0.00000,1216.59004,0.00000,1216.59004
2026-09-02 21:55:00,TAS1,1078.26000,0.00000,393.24696,0.00000,393.24696
2026-09-02 21:55:00,VIC1,5844.14000,0.00000,2158.66742,0.00000,2158.66742
2026-09-02 22:00:00,NSW1,7660.86000,0.00000,1428.01175,0.00000,1428.01175
2026-09-02 22:00:00,QLD1,6584.30000,0.00000,648.04878,0.00000,648.04878
2026-09-02 22:00:00,SA1,1553.49000,0.00000,1226.87612,0.00000,1226.87612
2026-09-02 22:00:00,TAS1,1082.94000,0.00000,393.76620,0.00000,393.76620
2026-09-02 22:00:00,VIC1,5813.57000,0.00000,2189.92716,0.00000,2189.92716
2026-09-02 22:05:00,NSW1,7630.81000,0.00000,1436.66197,0.00000,1436.66197
2026-09-02 22:05:00,QLD1,6501.02000,0.00000,693.10881,0.00000,693.10881
2026-09-02 22:05:00,SA1,1551.85000,0.00000,1301.23198,0.00000,1301.23198
2026-09-02 22:05:00,TAS1,1083.95000,0.00000,392.93380,0.00000,392.93380
2026-09-02 22:05:00,VIC1,5696.59000,0.00000,2193.97196,0.00000,2193.97196
2026-09-02 22:10:00,NSW1,7711.01000,0.00000,1457.41446,0.00000,1457.41446
2026-09-02 22:10:00,QLD1,6500.17000,0.00000,750.57890,0.00000,750.57890
2026-09-02 22:10:00,SA1,1527.95000,0.00000,1365.05208,0.00000,1341.88419
2026-09-02 22:10:00,TAS1,1062.10000,0.00000,391.45704,0.00000,391.45704
2026-09-02 22:10:00,VIC1,5708.13000,0.00000,2244.30785,0.00000,2244.30785
2026-09-02 22:15:00,NSW1,7797.80000,0.00000,1488.48496,0.00000,1488.48496
2026-09-02 22:15:00,QLD1,6511.77000,0.00000,805.01346,0.00000,805.01346
2026-09-02 22:15:00,SA1,1495.78000,0.00000,1447.98150,0.00000,1411.18060
2026-09-02 22:15:00,TAS1,1063.18000,0.00000,394.69975,0.00000,394.69975
2026-09-02 22:15:00,VIC1,5706.83000,0.00000,2257.19235,0.00000,2257.19235
2026-09-02 22:20:00,NSW1,7745.80000,0.00000,1472.30571,0.00000,1472.30571
2026-09-02 22:20:00,QLD1,6368.31000,0.00000,775.53000,0.00000,775.53000
2026-09-02 22:20:00,SA1,1490.44000,0.00000,1500.52782,0.00000,1494.74871
2026-09-02 22:20:00,TAS1,1051.02000,0.00000,393.24360,0.00000,393.24360
2026-09-02 22:20:00,VIC1,5713.07000,0.00000,2278.52968,0.00000,2278.52968
2026-09-02 22:25:00,NSW1,7662.36000,0.00000,1481.91665,0.00000,1481.91665
2026-09-02 22:25:00,QLD1,6379.17000,0.00000,774.44093,0.00000,774.44093
2026-09-02 22:25:00,SA1,1485.05000,0.00000,1491.91319,0.00000,1491.91319
2026-09-02 22:25:00,TAS1,1039.77000,0.00000,397.26574,0.00000,397.26574
2026-09-02 22:25:00,VIC1,5686.04000,0.00000,2382.44923,0.00000,2382.44923
2026-09-02 22:30:00,NSW1,7679.52000,0.00000,1476.93333,0.00000,1476.93333
2026-09-02 22:30:00,QLD1,6293.94000,0.00000,764.83512,0.00000,764.83512
2026-09-02 22:30:00,SA1,1481.62000,0.00000,1512.91194,0.00000,1512.91194
2026-09-02 22:30:00,TAS1,1036.38000,0.00000,392.63124,0.00000,392.63124
2026-09-02 22:30:00,VIC1,5628.40000,0.00000,2357.01563,0.00000,2357.01563
2026-09-02 22:35:00,NSW1,7665.38000,0.00000,1482.41248,0.00000,1482.41248
2026-09-02 22:35:00,QLD1,6260.59000,0.00000,763.13746,0.00000,763.13746
2026-09-02 22:35:00,SA1,1447.97000,0.00000,1502.61550,0.00000,1502.61550
2026-09-02 22:35:00,TAS1,1023.30000,0.00000,390.90731,0.00000,390.90731
2026-09-02 22:35:00,VIC1,5579.93000,0.00000,2358.85548,0.00000,2358.85548
2026-09-02 22:40:00,NSW1,7635.62000,0.00000,1505.25554,0.00000,1505.25554
2026-09-02 22:40:00,QLD1,6224.45000,0.00000,753.09179,0.00000,753.09179
2026-09-02 22:40:00,SA1,1439.21000,0.00000,1485.20119,0.00000,1485.20119
2026-09-02 22:40:00,TAS1,1013.72000,0.00000,394.34405,0.00000,394.34405
2026-09-02 22:40:00,VIC1,5573.72000,0.00000,2382.79746,0.00000,2382.79746
2026-09-02 22:45:00,NSW1,7564.28000,0.00000,1497.44038,0.00000,1497.44038
2026-09-02 22:45:00,QLD1,6192.49000,0.00000,754.39636,0.00000,754.39636
2026-09-02 22:45:00,SA1,1423.61000,0.00000,1478.58843,0.00000,1478.58843
2026-09-02 22:45:00,TAS1,1007.32000,0.00000,396.87741,0.00000,396.87741
2026-09-02 22:45:00,VIC1,5538.58000,0.00000,2360.80839,0.00000,2360.80839
2026-09-02 22:50:00,NSW1,7576.67000,0.00000,1530.55421,0.00000,1530.55421
2026-09-02 22:50:00,QLD1,6207.96000,0.00000,752.93993,0.00000,752.93993
2026-09-02 22:50:00,SA1,1418.99000,0.00000,1494.92842,0.00000,1494.33842
2026-09-02 22:50:00,TAS1,1002.46000,0.00000,396.52540,0.00000,396.52540
2026-09-02 22:50:00,VIC1,5423.31000,0.00000,2389.63273,0.00000,2389.63273
2026-09-02 22:55:00,NSW1,7534.01000,0.00000,1572.90329,0.00000,1572.90329
2026-09-02 22:55:00,QLD1,6175.57000,0.00000,752.23423,0.00000,752.23423
2026-09-02 22:55:00,SA1,1397.03000,0.00000,1497.79389,0.00000,1494.97389
2026-09-02 22:55:00,TAS1,996.52000,0.00000,396.49231,0.00000,396.49231
2026-09-02 22:55:00,VIC1,5372.71000,0.00000,2387.39458,0.00000,2387.39458
2026-09-02 23:00:00,NSW1,7488.76000,0.00000,1613.94006,0.00000,1613.94006
2026-09-02 23:00:00,QLD1,6093.67000,0.00000,732.86675,0.00000,732.86675
2026-09-02 23:00:00,SA1,1381.25000,0.00000,1487.25992,0.00000,1484.43992
2026-09-02 23:00:00,TAS1,985.84000,0.00000,390.53170,0.00000,390.53170
2026-09-02 23:00:00,VIC1,5452.31000,0.00000,2402.91610,0.00000,2402.91610
2026-09-02 23:05:00,NSW1,7462.42000,0.00000,1656.09709,0.00000,1656.09709
2026-09-02 23:05:00,QLD1,6016.40000,0.00000,695.88280,0.00000,695.88280
2026-09-02 23:05:00,SA1,1373.36000,0.00000,1496.36133,0.00000,1487.47033
2026-09-02 23:05:00,TAS1,978.61000,0.00000,388.08518,0.00000,388.08518
2026-09-02 23:05:00,VIC1,5485.36000,0.00000,2485.22538,0.00000,2485.22538
2026-09-02 23:10:00,NSW1,7432.43000,0.00000,1644.12190,0.00000,1644.12190
2026-09-02 23:10:00,QLD1,6044.17000,0.00000,702.54617,0.00000,702.54617
2026-09-02 23:10:00,SA1,1372.89000,0.00000,1510.37716,0.00000,1501.48616
2026-09-02 23:10:00,TAS1,985.52000,0.00000,388.82659,0.00000,388.82659
2026-09-02 23:10:00,VIC1,5463.54000,0.00000,2478.14252,0.00000,2478.14252
2026-09-02 23:15:00,NSW1,7400.14000,0.00000,1627.12602,0.00000,1627.12602
2026-09-02 23:15:00,QLD1,6061.85000,0.00000,708.22730,0.00000,708.22730
2026-09-02 23:15:00,SA1,1353.30000,0.00000,1531.23391,0.00000,1522.34291
2026-09-02 23:15:00,TAS1,981.86000,0.00000,399.76661,0.00000,399.76661
2026-09-02 23:15:00,VIC1,5556.75000,0.00000,2553.28593,0.00000,2553.28593
2026-09-02 23:20:00,NSW1,7428.99000,0.00000,1562.57197,0.00000,1562.57197
2026-09-02 23:20:00,QLD1,5957.73000,0.00000,698.84450,0.00000,698.84450
2026-09-02 23:20:00,SA1,1386.36000,0.00000,1526.02948,0.00000,1523.20948
2026-09-02 23:20:00,TAS1,980.38000,0.00000,397.18919,0.00000,397.18919
2026-09-02 23:20:00,VIC1,5527.90000,0.00000,2583.74549,0.00000,2583.74549
2026-09-02 23:25:00,NSW1,7381.61000,0.00000,1557.72136,0.00000,1557.72136
2026-09-02 23:25:00,QLD1,5951.36000,0.00000,702.98188,0.00000,702.98188
2026-09-02 23:25:00,SA1,1347.67000,0.00000,1548.90513,0.00000,1536.56113
2026-09-02 23:25:00,TAS1,975.94000,0.00000,399.96827,0.00000,399.96827
2026-09-02 23:25:00,VIC1,5492.22000,0.00000,2662.30461,0.00000,2662.30461
2026-09-02 23:30:00,NSW1,7362.22000,0.00000,1577.99266,0.00000,1577.99266
2026-09-02 23:30:00,QLD1,5972.80000,0.00000,706.02093,0.00000,706.02093
2026-09-02 23:30:00,SA1,1331.10000,0.00000,1555.54205,0.00000,1543.19805
2026-09-02 23:30:00,TAS1,966.94000,0.00000,399.02476,0.00000,399.02476
2026-09-02 23:30:00,VIC1,5388.81000,0.00000,2671.57704,0.00000,2671.57704
2026-09-02 23:35:00,NSW1,7360.26000,0.00000,1534.52327,0.00000,1534.52327
2026-09-02 23:35:00,QLD1,5917.67000,0.00000,723.29074,0.00000,723.29074
2026-09-02 23:35:00,SA1,1359.53000,0.00000,1570.81770,0.00000,1558.47370
2026-09-02 23:35:00,TAS1,961.96000,0.00000,399.12951,0.00000,399.12951
2026-09-02 23:35:00,VIC1,5398.00000,0.00000,2728.84918,0.00000,2728.84918
2026-09-02 23:40:00,NSW1,7327.79000,0.00000,1497.26728,0.00000,1497.26728
2026-09-02 23:40:00,QLD1,5935.22000,0.00000,732.51104,0.00000,732.51104
2026-09-02 23:40:00,SA1,1393.78000,0.00000,1559.64408,0.00000,1545.80208
2026-09-02 23:40:00,TAS1,946.03000,0.00000,393.75593,0.00000,393.75593
2026-09-02 23:40:00,VIC1,5431.01000,0.00000,2837.84416,0.00000,2763.37546
2026-09-02 23:45:00,NSW1,7294.87000,0.00000,1446.78172,0.00000,1446.78172
2026-09-02 23:45:00,QLD1,5912.12000,0.00000,746.44989,0.00000,746.44989
2026-09-02 23:45:00,SA1,1365.16000,0.00000,1568.46930,0.00000,1559.57830
2026-09-02 23:45:00,TAS1,945.35000,0.00000,397.56176,0.00000,397.56176
2026-09-02 23:45:00,VIC1,5338.08000,0.00000,2946.03688,0.00000,2849.27818
2026-09-02 23:50:00,NSW1,7269.07000,0.00000,1373.73928,0.00000,1373.73928
2026-09-02 23:50:00,QLD1,5941.67000,0.00000,785.66817,0.00000,785.66817
2026-09-02 23:50:00,SA1,1361.06000,0.00000,1578.82717,0.00000,1564.98517
2026-09-02 23:50:00,TAS1,927.93000,0.00000,399.45003,0.00000,399.45003
2026-09-02 23:50:00,VIC1,5325.77000,0.00000,2902.51926,0.00000,2802.97656
2026-09-02 23:55:00,NSW1,7227.68000,0.00000,1372.77925,0.00000,1372.77925
2026-09-02 23:55:00,QLD1,5861.54000,0.00000,831.12030,0.00000,831.12030
2026-09-02 23:55:00,SA1,1379.40000,0.00000,1599.42958,0.00000,1585.58758
2026-09-02 23:55:00,TAS1,920.36000,0.00000,396.81089,0.00000,396.81089
2026-09-02 23:55:00,VIC1,5300.84000,0.00000,2922.25736,0.00000,2814.70366
2026-09-03 00:00:00,NSW1,7247.13000,0.00000,1345.99061,0.00000,1345.99061
2026-09-03 00:00:00,QLD1,5818.29000,0.00000,851.31260,0.00000,851.31260
2026-09-03 00:00:00,SA1,1349.45000,0.00000,1633.71085,0.00000,1619.86885
2026-09-03 00:00:00,TAS1,919.72000,0.00000,396.26987,0.00000,396.26987
2026-09-03 00:00:00,VIC1,5271.26000,0.00000,2912.95689,0.00000,2803.05119
2026-09-03 00:05:00,NSW1,7200.74000,0.00000,1352.07281,0.00000,1352.07281
2026-09-03 00:05:00,QLD1,5785.61000,0.00000,860.63044,0.00000,860.63044
2026-09-03 00:05:00,SA1,1343.00000,0.00000,1636.26804,0.00000,1623.92404
2026-09-03 00:05:00,TAS1,922.10000,0.00000,395.35281,0.00000,395.35281
2026-09-03 00:05:00,VIC1,5239.36000,0.00000,2925.73459,0.00000,2829.55889
2026-09-03 00:10:00,NSW1,7359.91000,0.00000,1330.88148,0.00000,1330.88148
2026-09-03 00:10:00,QLD1,5754.48000,0.00000,876.92825,0.00000,876.92825
2026-09-03 00:10:00,SA1,1350.68000,0.00000,1663.47257,0.00000,1649.64357
2026-09-03 00:10:00,TAS1,923.48000,0.00000,397.46654,0.00000,397.46654
2026-09-03 00:10:00,VIC1,5232.37000,0.00000,2894.35510,0.00000,2788.59940
2026-09-03 00:15:00,NSW1,7330.62000,0.00000,1268.47966,0.00000,1268.47966
2026-09-03 00:15:00,QLD1,5744.45000,0.00000,889.48740,0.00000,889.48740
2026-09-03 00:15:00,SA1,1372.67000,0.00000,1708.73901,0.00000,1696.42501
2026-09-03 00:15:00,TAS1,924.21000,0.00000,395.90467,0.00000,395.90467
2026-09-03 00:15:00,VIC1,5245.84000,0.00000,2888.70547,0.00000,2778.22177
2026-09-03 00:20:00,NSW1,7333.33000,0.00000,1260.57065,0.00000,1260.57065
2026-09-03 00:20:00,QLD1,5728.49000,0.00000,900.87189,0.00000,900.87189
2026-09-03 00:20:00,SA1,1396.38000,0.00000,1720.47414,0.00000,1705.67714
2026-09-03 00:20:00,TAS1,920.91000,0.00000,395.13092,0.00000,395.13092
2026-09-03 00:20:00,VIC1,5143.75000,0.00000,2823.34355,0.00000,2715.80985
2026-09-03 00:25:00,NSW1,7350.32000,0.00000,1213.96125,0.00000,1213.96125
2026-09-03 00:25:00,QLD1,5672.60000,0.00000,929.32938,0.00000,929.32938
2026-09-03 00:25:00,SA1,1378.01000,0.00000,1741.30005,0.00000,1726.75905
2026-09-03 00:25:00,TAS1,923.28000,0.00000,394.56071,0.00000,394.56071
2026-09-03 00:25:00,VIC1,5191.32000,0.00000,2838.07781,0.00000,2741.57111
2026-09-03 00:30:00,NSW1,7316.41000,0.00000,1207.92624,0.00000,1207.92624
2026-09-03 00:30:00,QLD1,5633.96000,0.00000,960.48463,0.00000,960.48463
2026-09-03 00:30:00,SA1,1386.82000,0.00000,1772.22701,0.00000,1756.03801
2026-09-03 00:30:00,TAS1,922.44000,0.00000,392.34152,0.00000,392.34152
2026-09-03 00:30:00,VIC1,5158.51000,0.00000,2829.35652,0.00000,2747.95782
2026-09-03 00:35:00,NSW1,7268.57000,0.00000,1239.66515,0.00000,1239.66515
2026-09-03 00:35:00,QLD1,5628.50000,0.00000,973.27169,0.00000,973.27169
2026-09-03 00:35:00,SA1,1374.54000,0.00000,1807.87159,0.00000,1791.71059
2026-09-03 00:35:00,TAS1,919.18000,0.00000,392.04687,0.00000,392.04687
2026-09-03 00:35:00,VIC1,5137.48000,0.00000,2795.32789,0.00000,2732.55119
2026-09-03 00:40:00,NSW1,7274.18000,0.00000,1278.11487,0.00000,1278.11487
2026-09-03 00:40:00,QLD1,5605.50000,0.00000,984.11563,0.00000,984.11563
2026-09-03 00:40:00,SA1,1411.09000,0.00000,1822.07662,0.00000,1807.36862
2026-09-03 00:40:00,TAS1,908.99000,0.00000,390.47115,0.00000,390.47115
2026-09-03 00:40:00,VIC1,5124.95000,0.00000,2835.44102,0.00000,2776.41132
2026-09-03 00:45:00,NSW1,7214.27000,0.00000,1273.02285,0.00000,1273.02285
2026-09-03 00:45:00,QLD1,5600.99000,0.00000,975.20764,0.00000,975.20764
2026-09-03 00:45:00,SA1,1403.36000,0.00000,1823.37813,0.00000,1806.60295
2026-09-03 00:45:00,TAS1,909.51000,0.00000,390.54921,0.00000,390.54921
2026-09-03 00:45:00,VIC1,5079.38000,0.00000,2822.87003,0.00000,2785.08733
2026-09-03 00:50:00,NSW1,7142.91000,0.00000,1282.76873,0.00000,1282.76873
2026-09-03 00:50:00,QLD1,5607.29000,0.00000,966.38833,0.00000,966.38833
2026-09-03 00:50:00,SA1,1406.98000,0.00000,1814.97004,0.00000,1798.66704
2026-09-03 00:50:00,TAS1,907.77000,0.00000,396.35051,0.00000,396.35051
2026-09-03 00:50:00,VIC1,5068.20000,0.00000,2846.81699,0.00000,2804.05829
2026-09-03 00:55:00,NSW1,7112.60000,0.00000,1323.96735,0.00000,1323.96735
2026-09-03 00:55:00,QLD1,5601.71000,0.00000,849.20108,0.00000,849.20108
2026-09-03 00:55:00,SA1,1423.44000,0.00000,1812.25965,0.00000,1774.58605
2026-09-03 00:55:00,TAS1,901.19000,0.00000,398.10009,0.00000,398.10009
2026-09-03 00:55:00,VIC1,4953.64000,0.00000,2910.21381,0.00000,2790.56019
2026-09-03 01:00:00,NSW1,7090.37000,0.00000,1324.71351,0.00000,1324.71351
2026-09-03 01:00:00,QLD1,5564.24000,0.00000,996.93687,0.00000,996.93687
2026-09-03 01:00:00,SA1,1442.97000,0.00000,1830.10949,0.00000,1813.90949
2026-09-03 01:00:00,TAS1,904.70000,0.00000,396.98390,0.00000,396.98390
2026-09-03 01:00:00,VIC1,4960.42000,0.00000,2910.97774,0.00000,2883.56504
2026-09-03 01:05:00,NSW1,7073.47000,0.00000,1358.81384,0.00000,1358.81384
2026-09-03 01:05:00,QLD1,5508.65000,0.00000,1020.74258,0.00000,1020.74258
2026-09-03 01:05:00,SA1,1421.81000,0.00000,1837.83650,0.00000,1809.05271
2026-09-03 01:05:00,TAS1,900.59000,0.00000,397.21848,0.00000,397.21848
2026-09-03 01:05:00,VIC1,4934.71000,0.00000,2985.24295,0.00000,2947.31935
2026-09-03 01:10:00,NSW1,7048.26000,0.00000,1437.77803,0.00000,1437.77803
2026-09-03 01:10:00,QLD1,5478.81000,0.00000,1020.16415,0.00000,1020.16415
2026-09-03 01:10:00,SA1,1407.83000,0.00000,1844.36009,0.00000,1826.03909
2026-09-03 01:10:00,TAS1,905.04000,0.00000,399.12489,0.00000,399.12489
2026-09-03 01:10:00,VIC1,4973.45000,0.00000,2992.21062,0.00000,2957.05042
2026-09-03 01:15:00,NSW1,7007.52000,0.00000,1478.72187,0.00000,1478.72187
2026-09-03 01:15:00,QLD1,5498.63000,0.00000,1018.58913,0.00000,1018.58913
2026-09-03 01:15:00,SA1,1397.21000,0.00000,1837.81650,0.00000,1788.28290
2026-09-03 01:15:00,TAS1,903.73000,0.00000,399.16341,0.00000,399.16341
2026-09-03 01:15:00,VIC1,4945.67000,0.00000,3074.25987,0.00000,3023.53857
2026-09-03 01:20:00,NSW1,6943.87000,0.00000,1482.73042,0.00000,1482.73042
2026-09-03 01:20:00,QLD1,5521.08000,0.00000,1040.09970,0.00000,1040.09970
2026-09-03 01:20:00,SA1,1399.09000,0.00000,1864.36463,0.00000,1810.85961
2026-09-03 01:20:00,TAS1,905.32000,0.00000,399.98509,0.00000,399.98509
2026-09-03 01:20:00,VIC1,4867.16000,0.00000,3144.68604,0.00000,3081.54074
2026-09-03 01:25:00,NSW1,6873.78000,0.00000,1563.64175,0.00000,1563.64175
2026-09-03 01:25:00,QLD1,5489.86000,0.00000,1051.14787,0.00000,1051.14787
2026-09-03 01:25:00,SA1,1401.09000,0.00000,1876.94998,0.00000,1835.77405
2026-09-03 01:25:00,TAS1,906.34000,0.00000,399.68501,0.00000,399.68501
2026-09-03 01:25:00,VIC1,4928.65000,0.00000,3192.17096,0.00000,3106.59666
2026-09-03 01:30:00,NSW1,6845.23000,0.00000,1585.72688,0.00000,1585.72688
2026-09-03 01:30:00,QLD1,5499.46000,0.00000,1078.91559,0.00000,1078.91559
2026-09-03 01:30:00,SA1,1374.92000,0.00000,1890.49556,0.00000,1816.16138
2026-09-03 01:30:00,TAS1,899.60000,0.00000,399.73637,0.00000,399.73637
2026-09-03 01:30:00,VIC1,4888.18000,0.00000,3199.85265,0.00000,3102.21935
2026-09-03 01:35:00,NSW1,6795.71000,0.00000,1611.40608,0.00000,1611.40608
2026-09-03 01:35:00,QLD1,5523.99000,0.00000,1090.12041,0.00000,1090.12041
2026-09-03 01:35:00,SA1,1384.31000,0.00000,1876.03633,0.00000,1847.54713
2026-09-03 01:35:00,TAS1,895.89000,0.00000,400.15590,0.00000,400.15590
2026-09-03 01:35:00,VIC1,4859.24000,0.00000,3246.84724,0.00000,3129.23994
2026-09-03 01:40:00,NSW1,6778.67000,0.00000,1600.94180,0.00000,1600.94180
2026-09-03 01:40:00,QLD1,5417.26000,0.00000,1102.40417,0.00000,1102.40417
2026-09-03 01:40:00,SA1,1380.81000,0.00000,1879.71833,0.00000,1852.31799
2026-09-03 01:40:00,TAS1,895.06000,0.00000,399.25494,0.00000,399.25494
2026-09-03 01:40:00,VIC1,4833.55000,0.00000,3292.33862,0.00000,3169.54132
2026-09-03 01:45:00,NSW1,6718.90000,0.00000,1636.81089,0.00000,1636.81089
2026-09-03 01:45:00,QLD1,5426.73000,0.00000,1107.66732,0.00000,1107.66732
2026-09-03 01:45:00,SA1,1374.77000,0.00000,1884.84343,0.00000,1833.02433
2026-09-03 01:45:00,TAS1,894.93000,0.00000,402.27468,0.00000,402.27468
2026-09-03 01:45:00,VIC1,4752.41000,0.00000,3331.13335,0.00000,3207.98805
2026-09-03 01:50:00,NSW1,6665.57000,0.00000,1637.17253,0.00000,1637.17253
2026-09-03 01:50:00,QLD1,5422.70000,0.00000,1113.57857,0.00000,1113.57857
2026-09-03 01:50:00,SA1,1391.89000,0.00000,1886.61719,0.00000,1840.91209
2026-09-03 01:50:00,TAS1,897.56000,0.00000,402.56206,0.00000,402.56206
2026-09-03 01:50:00,VIC1,4701.80000,0.00000,3363.82959,0.00000,3187.93434
2026-09-03 01:55:00,NSW1,6673.00000,0.00000,1641.41338,0.00000,1641.41338
2026-09-03 01:55:00,QLD1,5423.16000,0.00000,1097.59567,0.00000,1097.59567
2026-09-03 01:55:00,SA1,1378.95000,0.00000,1849.44088,0.00000,1808.25478
2026-09-03 01:55:00,TAS1,897.93000,0.00000,398.38522,0.00000,398.38522
2026-09-03 01:55:00,VIC1,4708.84000,0.00000,3404.13164,0.00000,3264.01634
2026-09-03 02:00:00,NSW1,6709.72000,0.00000,1619.27349,0.00000,1619.27349
2026-09-03 02:00:00,QLD1,5390.39000,0.00000,1093.49669,0.00000,1093.49669
2026-09-03 02:00:00,SA1,1375.31000,0.00000,1852.33296,0.00000,1810.02986
2026-09-03 02:00:00,TAS1,899.34000,0.00000,399.49991,0.00000,399.49991
2026-09-03 02:00:00,VIC1,4686.74000,0.00000,3442.04772,0.00000,3291.73242
2026-09-03 02:05:00,NSW1,6678.35000,0.00000,1602.52358,0.00000,1602.52358
2026-09-03 02:05:00,QLD1,5353.78000,0.00000,1088.08833,0.00000,1088.08833
2026-09-03 02:05:00,SA1,1375.60000,0.00000,1819.03931,0.00000,1768.92333
2026-09-03 02:05:00,TAS1,900.06000,0.00000,399.63080,0.00000,399.63080
2026-09-03 02:05:00,VIC1,4615.23000,0.00000,3464.67960,0.00000,3308.88230
2026-09-03 02:10:00,NSW1,6709.26000,0.00000,1555.21015,0.00000,1555.21015
2026-09-03 02:10:00,QLD1,5401.24000,0.00000,1081.11289,0.00000,1081.11289
2026-09-03 02:10:00,SA1,1414.86000,0.00000,1798.67053,0.00000,1748.11843
2026-09-03 02:10:00,TAS1,898.83000,0.00000,398.95003,0.00000,398.95003
2026-09-03 02:10:00,VIC1,4673.68000,0.00000,3462.93186,0.00000,3307.02656
2026-09-03 02:15:00,NSW1,6674.13000,0.00000,1553.65473,0.00000,1553.65473
2026-09-03 02:15:00,QLD1,5379.26000,0.00000,1076.87091,0.00000,1076.87091
2026-09-03 02:15:00,SA1,1389.73000,0.00000,1749.96277,0.00000,1698.99967
2026-09-03 02:15:00,TAS1,897.06000,0.00000,398.59677,0.00000,398.59677
2026-09-03 02:15:00,VIC1,4637.35000,0.00000,3428.34669,0.00000,3274.35139
2026-09-03 02:20:00,NSW1,6713.92000,0.00000,1573.46353,0.00000,1573.46353
2026-09-03 02:20:00,QLD1,5325.60000,0.00000,1086.82896,0.00000,1086.82896
2026-09-03 02:20:00,SA1,1402.72000,0.00000,1739.65020,0.00000,1692.86510
2026-09-03 02:20:00,TAS1,896.63000,0.00000,400.47893,0.00000,400.47893
2026-09-03 02:20:00,VIC1,4676.01000,0.00000,3438.00959,0.00000,3285.85429
2026-09-03 02:25:00,NSW1,6699.36000,0.00000,1588.45653,0.00000,1588.45653
2026-09-03 02:25:00,QLD1,5310.64000,0.00000,1104.01971,0.00000,1104.01971
2026-09-03 02:25:00,SA1,1403.28000,0.00000,1726.25452,0.00000,1711.15852
2026-09-03 02:25:00,TAS1,897.14000,0.00000,399.62348,0.00000,399.62348
2026-09-03 02:25:00,VIC1,4635.59000,0.00000,3466.08154,0.00000,3309.06124
2026-09-03 02:30:00,NSW1,6628.17000,0.00000,1632.41648,0.00000,1632.41648
2026-09-03 02:30:00,QLD1,5312.45000,0.00000,1125.91605,0.00000,1125.91605
2026-09-03 02:30:00,SA1,1401.10000,0.00000,1725.75183,0.00000,1710.97283
2026-09-03 02:30:00,TAS1,899.74000,0.00000,400.69402,0.00000,400.69402
2026-09-03 02:30:00,VIC1,4618.74000,0.00000,3522.58249,0.00000,3207.77169
2026-09-03 02:35:00,NSW1,6627.09000,0.00000,1629.33133,0.00000,1629.33133
2026-09-03 02:35:00,QLD1,5360.73000,0.00000,1146.35133,0.00000,1146.35133
2026-09-03 02:35:00,SA1,1394.82000,0.00000,1700.52946,0.00000,1688.21546
2026-09-03 02:35:00,TAS1,896.11000,0.00000,399.34626,0.00000,399.34626
2026-09-03 02:35:00,VIC1,4618.38000,0.00000,3564.63902,0.00000,3358.02467
2026-09-03 02:40:00,NSW1,6633.16000,0.00000,1536.74775,0.00000,1536.74775
2026-09-03 02:40:00,QLD1,5386.66000,0.00000,1160.39183,0.00000,1160.39183
2026-09-03 02:40:00,SA1,1391.72000,0.00000,1716.61152,0.00000,1702.31652
2026-09-03 02:40:00,TAS1,895.03000,0.00000,401.20828,0.00000,401.20828
2026-09-03 02:40:00,VIC1,4582.91000,0.00000,3599.29859,0.00000,3299.72042
2026-09-03 02:45:00,NSW1,6600.66000,0.00000,1536.97605,0.00000,1536.97605
2026-09-03 02:45:00,QLD1,5420.93000,0.00000,1171.98349,0.00000,1171.98349
2026-09-03 02:45:00,SA1,1368.01000,0.00000,1734.42194,0.00000,1720.12694
2026-09-03 02:45:00,TAS1,895.22000,0.00000,401.57621,0.00000,401.57621
2026-09-03 02:45:00,VIC1,4583.69000,0.00000,3585.78300,0.00000,3244.14443
2026-09-03 02:50:00,NSW1,6623.64000,0.00000,1561.40674,0.00000,1561.40674
2026-09-03 02:50:00,QLD1,5374.65000,0.00000,1197.77856,0.00000,1197.77856
2026-09-03 02:50:00,SA1,1343.35000,0.00000,1729.07565,0.00000,1716.76165
2026-09-03 02:50:00,TAS1,894.18000,0.00000,398.17363,0.00000,398.17363
2026-09-03 02:50:00,VIC1,4507.74000,0.00000,3605.19505,0.00000,3067.33832
2026-09-03 02:55:00,NSW1,6574.79000,0.00000,1543.27949,0.00000,1543.27949
2026-09-03 02:55:00,QLD1,5347.84000,0.00000,1194.77363,0.00000,1194.77363
2026-09-03 02:55:00,SA1,1339.04000,0.00000,1746.12989,0.00000,1732.30089
2026-09-03 02:55:00,TAS1,900.78000,0.00000,398.93026,0.00000,398.93026
2026-09-03 02:55:00,VIC1,4540.63000,0.00000,3589.84492,0.00000,3077.66520
2026-09-03 03:00:00,NSW1,6528.56000,0.00000,1506.69534,0.00000,1506.69534
2026-09-03 03:00:00,QLD1,5291.13000,0.00000,1216.67162,0.00000,1216.67162
2026-09-03 03:00:00,SA1,1312.35000,0.00000,1739.41698,0.00000,1725.12198
2026-09-03 03:00:00,TAS1,893.86000,0.00000,400.51311,0.00000,400.51311
2026-09-03 03:00:00,VIC1,4473.69000,0.00000,3632.00015,0.00000,3060.63769
2026-09-03 03:05:00,NSW1,6515.34000,0.00000,1470.71578,0.00000,1470.71578
2026-09-03 03:05:00,QLD1,5319.83000,0.00000,1213.77203,0.00000,1213.77203
2026-09-03 03:05:00,SA1,1317.24000,0.00000,1737.85372,0.00000,1723.55872
2026-09-03 03:05:00,TAS1,896.16000,0.00000,401.94768,0.00000,401.94768
2026-09-03 03:05:00,VIC1,4481.79000,0.00000,3644.04309,0.00000,3187.95325
2026-09-03 03:10:00,NSW1,6465.71000,0.00000,1516.71529,0.00000,1516.71529
2026-09-03 03:10:00,QLD1,5380.03000,0.00000,1233.42875,0.00000,1233.42875
2026-09-03 03:10:00,SA1,1311.67000,0.00000,1778.28149,0.00000,1716.53768
2026-09-03 03:10:00,TAS1,899.77000,0.00000,400.72285,0.00000,400.72285
2026-09-03 03:10:00,VIC1,4550.71000,0.00000,3690.66910,0.00000,3180.72612
2026-09-03 03:15:00,NSW1,6475.88000,0.00000,1571.31705,0.00000,1571.31705
2026-09-03 03:15:00,QLD1,5353.21000,0.00000,1266.69165,0.00000,1266.69165
2026-09-03 03:15:00,SA1,1300.37000,0.00000,1804.18286,0.00000,1699.97318
2026-09-03 03:15:00,TAS1,899.15000,0.00000,401.31284,0.00000,401.31284
2026-09-03 03:15:00,VIC1,4445.44000,0.00000,3626.32808,0.00000,3074.23378
2026-09-03 03:20:00,NSW1,6392.48000,0.00000,1553.48201,0.00000,1553.48201
2026-09-03 03:20:00,QLD1,5316.85000,0.00000,1263.11958,0.00000,1263.11958
2026-09-03 03:20:00,SA1,1301.48000,0.00000,1792.62450,0.00000,1778.32950
2026-09-03 03:20:00,TAS1,897.19000,0.00000,401.58639,0.00000,401.58639
2026-09-03 03:20:00,VIC1,4535.25000,0.00000,3616.40357,0.00000,3055.46551
2026-09-03 03:25:00,NSW1,6378.41000,0.00000,1537.56758,0.00000,1537.56758
2026-09-03 03:25:00,QLD1,5349.41000,0.00000,1251.64294,0.00000,1251.64294
2026-09-03 03:25:00,SA1,1307.53000,0.00000,1761.68004,0.00000,1747.38504
2026-09-03 03:25:00,TAS1,904.44000,0.00000,401.11389,0.00000,401.11389
2026-09-03 03:25:00,VIC1,4509.06000,0.00000,3618.93131,0.00000,3122.48881
2026-09-03 03:30:00,NSW1,6352.52000,0.00000,1561.16309,0.00000,1561.16309
2026-09-03 03:30:00,QLD1,5313.69000,0.00000,1223.96167,0.00000,1223.96167
2026-09-03 03:30:00,SA1,1295.20000,0.00000,1741.41725,0.00000,1727.58825
2026-09-03 03:30:00,TAS1,893.89000,0.00000,401.89629,0.00000,401.89629
2026-09-03 03:30:00,VIC1,4444.32000,0.00000,3671.30458,0.00000,3002.43536
2026-09-03 03:35:00,NSW1,6332.82000,0.00000,1560.67352,0.00000,1560.67352
2026-09-03 03:35:00,QLD1,5300.77000,0.00000,1215.16565,0.00000,1215.16565
2026-09-03 03:35:00,SA1,1278.80000,0.00000,1726.53651,0.00000,1707.73189
2026-09-03 03:35:00,TAS1,897.66000,0.00000,400.92462,0.00000,400.92462
2026-09-03 03:35:00,VIC1,4478.51000,0.00000,3676.11960,0.00000,3074.58737
2026-09-03 03:40:00,NSW1,6291.44000,0.00000,1574.69862,0.00000,1574.69862
2026-09-03 03:40:00,QLD1,5344.61000,0.00000,1199.14333,0.00000,1199.14333
2026-09-03 03:40:00,SA1,1284.89000,0.00000,1721.30585,0.00000,1698.81877
2026-09-03 03:40:00,TAS1,894.99000,0.00000,401.66570,0.00000,401.66570
2026-09-03 03:40:00,VIC1,4483.55000,0.00000,3755.41889,0.00000,3089.04763
2026-09-03 03:45:00,NSW1,6275.78000,0.00000,1528.15556,0.00000,1528.15556
2026-09-03 03:45:00,QLD1,5376.87000,0.00000,1181.25186,0.00000,1181.25186
2026-09-03 03:45:00,SA1,1282.16000,0.00000,1715.31309,0.00000,1689.68444
2026-09-03 03:45:00,TAS1,892.32000,0.00000,401.75123,0.00000,401.75123
2026-09-03 03:45:00,VIC1,4415.60000,0.00000,3729.02514,0.00000,3108.71177
2026-09-03 03:50:00,NSW1,6283.58000,0.00000,1499.79670,0.00000,1499.79670
2026-09-03 03:50:00,QLD1,5353.28000,0.00000,1160.35844,0.00000,1160.35844
2026-09-03 03:50:00,SA1,1278.68000,0.00000,1712.80203,0.00000,1685.87162
2026-09-03 03:50:00,TAS1,892.94000,0.00000,401.67285,0.00000,401.67285
2026-09-03 03:50:00,VIC1,4389.28000,0.00000,3769.70695,0.00000,3089.16192
2026-09-03 03:55:00,NSW1,6276.51000,0.00000,1411.83729,0.00000,1411.83729
2026-09-03 03:55:00,QLD1,5357.51000,0.00000,1162.13065,0.00000,1162.13065
2026-09-03 03:55:00,SA1,1266.16000,0.00000,1725.76690,0.00000,1699.57789
2026-09-03 03:55:00,TAS1,897.00000,0.00000,402.16602,0.00000,402.16602
2026-09-03 03:55:00,VIC1,4476.03000,0.00000,3758.13743,0.00000,3147.91599
2026-09-03 04:00:00,NSW1,6358.00000,0.00000,1318.31608,0.00000,1318.31608
2026-09-03 04:00:00,QLD1,5360.35000,0.00000,1136.25758,0.00000,1136.25758
2026-09-03 04:00:00,SA1,1248.32000,0.00000,1730.45148,0.00000,1600.85108
2026-09-03 04:00:00,TAS1,897.83000,0.00000,400.89800,0.00000,400.89800
2026-09-03 04:00:00,VIC1,4492.61000,0.00000,3766.16070,0.00000,3168.89272
2026-09-03 04:05:00,NSW1,6342.62000,0.00000,1283.75092,0.00000,1283.75092
2026-09-03 04:05:00,QLD1,5403.08000,0.00000,1127.33359,0.00000,1127.33359
2026-09-03 04:05:00,SA1,1258.21000,0.00000,1731.14450,0.00000,1667.91450
2026-09-03 04:05:00,TAS1,898.39000,0.00000,401.12678,0.00000,401.12678
2026-09-03 04:05:00,VIC1,4493.15000,0.00000,3773.71066,0.00000,3120.23823
2026-09-03 04:10:00,NSW1,6414.30000,0.00000,1303.35362,0.00000,1303.35362
2026-09-03 04:10:00,QLD1,5399.94000,0.00000,1126.54924,0.00000,1126.54924
2026-09-03 04:10:00,SA1,1244.70000,0.00000,1717.41339,0.00000,1664.33439
2026-09-03 04:10:00,TAS1,907.80000,0.00000,401.21733,0.00000,401.21733
2026-09-03 04:10:00,VIC1,4467.39000,0.00000,3753.19309,0.00000,3326.26538
2026-09-03 04:15:00,NSW1,6355.45000,0.00000,1359.54000,0.00000,1359.54000
2026-09-03 04:15:00,QLD1,5449.14000,0.00000,1125.66793,0.00000,1125.66793
2026-09-03 04:15:00,SA1,1248.85000,0.00000,1737.48698,0.00000,1700.76782
2026-09-03 04:15:00,TAS1,911.52000,0.00000,401.50253,0.00000,401.50253
2026-09-03 04:15:00,VIC1,4526.89000,0.00000,3725.04400,0.00000,3128.81589
2026-09-03 04:20:00,NSW1,6359.27000,0.00000,1335.67359,0.00000,1335.67359
2026-09-03 04:20:00,QLD1,5480.19000,0.00000,1117.63979,0.00000,1117.63979
2026-09-03 04:20:00,SA1,1236.60000,0.00000,1752.21485,0.00000,1717.11532
2026-09-03 04:20:00,TAS1,919.53000,0.00000,401.23386,0.00000,401.23386
2026-09-03 04:20:00,VIC1,4522.06000,0.00000,3724.83491,0.00000,2899.33859
2026-09-03 04:25:00,NSW1,6361.81000,0.00000,1326.18454,0.00000,1326.18454
2026-09-03 04:25:00,QLD1,5466.04000,0.00000,1125.23647,0.00000,1125.23647
2026-09-03 04:25:00,SA1,1235.26000,0.00000,1753.83942,0.00000,1708.17524
2026-09-03 04:25:00,TAS1,919.92000,0.00000,398.95698,0.00000,398.95698
2026-09-03 04:25:00,VIC1,4482.39000,0.00000,3686.31817,0.00000,2863.45873
2026-09-03 04:30:00,NSW1,6364.07000,0.00000,1308.98675,0.00000,1308.98675
2026-09-03 04:30:00,QLD1,5462.96000,0.00000,1104.60917,0.00000,1104.60917
2026-09-03 04:30:00,SA1,1231.15000,0.00000,1737.08387,0.00000,1703.07827
2026-09-03 04:30:00,TAS1,913.06000,0.00000,399.85387,0.00000,399.85387
2026-09-03 04:30:00,VIC1,4501.77000,0.00000,3667.31401,0.00000,2936.90781
2026-09-03 04:35:00,NSW1,6370.99000,0.00000,1300.91011,0.00000,1300.91011
2026-09-03 04:35:00,QLD1,5463.59000,0.00000,1067.57297,0.00000,1067.57297
2026-09-03 04:35:00,SA1,1233.00000,0.00000,1725.91083,0.00000,1688.48492
2026-09-03 04:35:00,TAS1,912.99000,0.00000,401.55296,0.00000,401.55296
2026-09-03 04:35:00,VIC1,4577.73000,0.00000,3616.84261,0.00000,2904.22485
2026-09-03 04:40:00,NSW1,6426.49000,0.00000,1290.93335,0.00000,1290.93335
2026-09-03 04:40:00,QLD1,5575.12000,0.00000,1030.03976,0.00000,1030.03976
2026-09-03 04:40:00,SA1,1243.67000,0.00000,1707.83690,0.00000,1671.51492
2026-09-03 04:40:00,TAS1,910.06000,0.00000,400.60830,0.00000,400.60830
2026-09-03 04:40:00,VIC1,4615.79000,0.00000,3623.69346,0.00000,2950.41841
2026-09-03 04:45:00,NSW1,6427.60000,0.00000,1366.87056,0.00000,1366.87056
2026-09-03 04:45:00,QLD1,5542.86000,0.00000,1031.17588,0.00000,1031.17588
2026-09-03 04:45:00,SA1,1243.81000,0.00000,1683.80479,0.00000,1665.49886
2026-09-03 04:45:00,TAS1,921.67000,0.00000,399.53782,0.00000,399.53782
2026-09-03 04:45:00,VIC1,4606.34000,0.00000,3610.10954,0.00000,2934.39377
2026-09-03 04:50:00,NSW1,6459.30000,0.00000,1462.21508,0.00000,1462.21508
2026-09-03 04:50:00,QLD1,5554.64000,0.00000,1039.77904,0.00000,1039.77904
2026-09-03 04:50:00,SA1,1226.08000,0.00000,1667.77927,0.00000,1650.78227
2026-09-03 04:50:00,TAS1,920.54000,0.00000,400.66329,0.00000,400.66329
2026-09-03 04:50:00,VIC1,4620.64000,0.00000,3617.62223,0.00000,2965.81753
2026-09-03 04:55:00,NSW1,6503.92000,0.00000,1547.02523,0.00000,1547.02523
2026-09-03 04:55:00,QLD1,5529.14000,0.00000,1046.99752,0.00000,1046.99752
2026-09-03 04:55:00,SA1,1239.86000,0.00000,1667.67728,0.00000,1654.98628
2026-09-03 04:55:00,TAS1,922.85000,0.00000,399.93584,0.00000,399.93584
2026-09-03 04:55:00,VIC1,4665.82000,0.00000,3668.38197,0.00000,3036.92007
2026-09-03 05:00:00,NSW1,6495.76000,0.00000,1588.43049,0.00000,1588.43049
2026-09-03 05:00:00,QLD1,5576.66000,0.06000,1026.87596,0.06000,1026.87596
2026-09-03 05:00:00,SA1,1243.21000,0.00000,1686.43023,0.00000,1663.99923
2026-09-03 05:00:00,TAS1,924.50000,0.00000,399.45980,0.00000,399.45980
2026-09-03 05:00:00,VIC1,4686.29000,0.00000,3667.45670,0.00000,3000.30197
2026-09-03 05:05:00,NSW1,6512.78000,0.00000,1629.27509,0.00000,1629.27509
2026-09-03 05:05:00,QLD1,5612.60000,0.06000,991.41927,0.06000,991.41927
2026-09-03 05:05:00,SA1,1246.91000,0.00000,1674.91911,0.00000,1655.03086
2026-09-03 05:05:00,TAS1,922.38000,0.00000,397.59276,0.00000,397.59276
2026-09-03 05:05:00,VIC1,4731.12000,0.00000,3671.24828,0.00000,3020.87447
2026-09-03 05:10:00,NSW1,6564.80000,0.00000,1639.16159,0.00000,1639.16159
2026-09-03 05:10:00,QLD1,5665.32000,0.06000,977.85520,0.06000,977.85520
2026-09-03 05:10:00,SA1,1251.93000,0.00000,1673.19749,0.00000,1648.69696
2026-09-03 05:10:00,TAS1,947.11000,0.00000,401.14438,0.00000,401.14438
2026-09-03 05:10:00,VIC1,4711.50000,0.00000,3701.63955,0.00000,3126.19629
2026-09-03 05:15:00,NSW1,6641.78000,0.00000,1653.39461,0.00000,1653.39461
2026-09-03 05:15:00,QLD1,5735.45000,0.06000,952.36606,0.06000,952.36606
2026-09-03 05:15:00,SA1,1246.57000,0.00000,1667.28821,0.00000,1633.76517
2026-09-03 05:15:00,TAS1,961.41000,0.00000,399.29992,0.00000,399.29992
2026-09-03 05:15:00,VIC1,4802.13000,0.00000,3735.58107,0.00000,3158.76184
2026-09-03 05:20:00,NSW1,6756.97000,0.00000,1670.72197,0.00000,1670.72197
2026-09-03 05:20:00,QLD1,5745.21000,0.06000,952.58609,0.06000,952.58609
2026-09-03 05:20:00,SA1,1256.39000,0.00000,1651.70451,0.00000,1624.94397
2026-09-03 05:20:00,TAS1,979.36000,0.00000,394.80876,0.00000,394.80876
2026-09-03 05:20:00,VIC1,4884.27000,0.00000,3758.96170,0.00000,3268.57961
2026-09-03 05:25:00,NSW1,6775.50000,0.00500,1704.36371,0.00500,1704.36371
2026-09-03 05:25:00,QLD1,5801.67000,0.06000,932.60967,0.06000,932.60967
2026-09-03 05:25:00,SA1,1258.37000,0.00000,1644.12354,0.00000,1612.68562
2026-09-03 05:25:00,TAS1,989.53000,0.00000,390.83344,0.00000,390.83344
2026-09-03 05:25:00,VIC1,4809.83000,0.00000,3768.98110,0.00000,3215.11547
2026-09-03 05:30:00,NSW1,6747.83000,0.00000,1706.94655,0.00000,1706.94655
2026-09-03 05:30:00,QLD1,5816.79000,0.06000,976.79911,0.06000,976.79911
2026-09-03 05:30:00,SA1,1252.88000,0.00000,1618.97142,0.00000,1597.76683
2026-09-03 05:30:00,TAS1,965.81000,0.00000,394.76930,0.00000,394.76930
2026-09-03 05:30:00,VIC1,4936.67000,0.00000,3780.69072,0.00000,3288.98583
2026-09-03 05:35:00,NSW1,6815.05000,0.00000,1714.84071,0.00000,1714.84071
2026-09-03 05:35:00,QLD1,5840.50000,0.06000,974.78430,0.06000,974.78430
2026-09-03 05:35:00,SA1,1275.53000,0.00000,1608.34621,0.00000,1585.10634
2026-09-03 05:35:00,TAS1,965.28000,0.00000,398.18679,0.00000,398.18679
2026-09-03 05:35:00,VIC1,4999.06000,0.00000,3819.95000,0.00000,3327.47344
2026-09-03 05:40:00,NSW1,6908.20000,0.00000,1675.50019,0.00000,1675.50019
2026-09-03 05:40:00,QLD1,5896.94000,0.06000,936.86989,0.06000,936.86989
2026-09-03 05:40:00,SA1,1309.93000,0.00000,1576.97640,0.00000,1558.37140
2026-09-03 05:40:00,TAS1,975.27000,0.00000,398.06499,0.00000,398.06499
2026-09-03 05:40:00,VIC1,4954.29000,0.00000,3832.99130,0.00000,3323.00009
2026-09-03 05:45:00,NSW1,6911.67000,0.00000,1663.84548,0.00000,1663.84548
2026-09-03 05:45:00,QLD1,5900.82000,0.06000,921.17740,0.06000,921.17740
2026-09-03 05:45:00,SA1,1311.73000,0.00000,1556.96721,0.00000,1538.59521
2026-09-03 05:45:00,TAS1,994.79000,0.00000,399.62213,0.00000,399.62213
2026-09-03 05:45:00,VIC1,5034.20000,0.00000,3826.06307,0.00000,3371.15884
2026-09-03 05:50:00,NSW1,6935.07000,0.00000,1650.23081,0.00000,1650.23081
2026-09-03 05:50:00,QLD1,5956.25000,0.06000,945.72784,0.06000,945.72784
2026-09-03 05:50:00,SA1,1313.84000,0.00000,1563.41414,0.00000,1536.17114
2026-09-03 05:50:00,TAS1,997.73000,0.00000,399.68552,0.00000,399.68552
2026-09-03 05:50:00,VIC1,5149.88000,0.00000,3828.91595,0.00000,3481.82109
2026-09-03 05:55:00,NSW1,7044.17000,0.00000,1677.21564,0.00000,1677.21564
2026-09-03 05:55:00,QLD1,5959.26000,0.06000,926.93546,0.06000,926.93546
2026-09-03 05:55:00,SA1,1333.86000,0.00000,1571.74558,0.00000,1552.91158
2026-09-03 05:55:00,TAS1,1009.42000,0.00000,399.33180,0.00000,399.33180
2026-09-03 05:55:00,VIC1,5182.59000,0.00000,3869.69266,0.00000,3562.26001
2026-09-03 06:00:00,NSW1,7031.86000,0.00500,1684.58119,0.00500,1684.58119
2026-09-03 06:00:00,QLD1,6037.31000,0.06000,916.92411,0.06000,916.92411
2026-09-03 06:00:00,SA1,1335.74000,0.00000,1560.88352,0.00000,1535.84552
2026-09-03 06:00:00,TAS1,1015.77000,0.00000,399.84262,0.00000,399.84262
2026-09-03 06:00:00,VIC1,5174.08000,0.00000,3816.24714,0.00000,3592.51776
2026-09-03 06:05:00,NSW1,7093.62000,0.00000,1737.73368,0.00000,1737.73368
2026-09-03 06:05:00,QLD1,6044.44000,0.06000,915.17914,0.06000,915.17914
2026-09-03 06:05:00,SA1,1332.14000,0.00000,1555.19085,0.00000,1536.52585
2026-09-03 06:05:00,TAS1,1029.51000,0.00000,399.25085,0.00000,399.25085
2026-09-03 06:05:00,VIC1,5244.03000,0.00000,3820.65485,0.00000,3657.37905
2026-09-03 06:10:00,NSW1,7195.29000,0.00000,1719.41523,0.00000,1719.41523
2026-09-03 06:10:00,QLD1,6141.93000,0.66700,920.59934,0.66700,920.59934
2026-09-03 06:10:00,SA1,1326.08000,0.00000,1543.50884,0.00000,1524.43584
2026-09-03 06:10:00,TAS1,1048.66000,0.00000,397.12794,0.00000,397.12794
2026-09-03 06:10:00,VIC1,5435.09000,0.00000,3825.03256,0.00000,3660.53376
2026-09-03 06:15:00,NSW1,7249.31000,0.31000,1678.29260,0.31000,1678.29260
2026-09-03 06:15:00,QLD1,6164.79000,2.54881,916.16668,2.54881,916.16668
2026-09-03 06:15:00,SA1,1343.35000,0.00000,1535.60655,0.00000,1516.76455
2026-09-03 06:15:00,TAS1,1080.18000,0.00000,373.78250,0.00000,373.78250
2026-09-03 06:15:00,VIC1,5478.93000,0.00000,3818.39921,0.00000,3654.83341
2026-09-03 06:20:00,NSW1,7271.84000,4.09000,1615.61978,4.09000,1615.61978
2026-09-03 06:20:00,QLD1,6220.00000,8.14455,897.76825,8.14455,897.76825
2026-09-03 06:20:00,SA1,1359.01000,0.00000,1548.68866,0.00000,1521.66266
2026-09-03 06:20:00,TAS1,1098.45000,0.00000,370.90540,0.00000,370.90540
2026-09-03 06:20:00,VIC1,5542.38000,0.00000,3814.49212,0.00000,3651.96132
2026-09-03 06:25:00,NSW1,7407.92000,14.63276,1586.85823,14.63276,1586.85823
2026-09-03 06:25:00,QLD1,6200.30000,38.79208,877.04978,38.79208,877.04978
2026-09-03 06:25:00,SA1,1352.62000,0.00000,1555.73966,0.00000,1536.61366
2026-09-03 06:25:00,TAS1,1100.18000,0.00000,363.60858,0.00000,363.60858
2026-09-03 06:25:00,VIC1,5680.94000,0.00000,3799.99734,0.00000,3636.06254
2026-09-03 06:30:00,NSW1,7388.11000,15.47489,1618.50997,15.47489,1618.50997
2026-09-03 06:30:00,QLD1,6246.26000,93.25808,871.23927,93.25808,871.23927
2026-09-03 06:30:00,SA1,1351.07000,0.00000,1563.40004,0.00000,1544.56104
2026-09-03 06:30:00,TAS1,1104.68000,0.00000,353.96475,0.00000,353.96475
2026-09-03 06:30:00,VIC1,5706.80000,0.00000,3844.05236,0.00000,3679.07656
2026-09-03 06:35:00,NSW1,7428.86000,52.53594,1639.42694,52.53594,1639.42694
2026-09-03 06:35:00,QLD1,6242.22000,147.06889,851.50069,147.06889,851.50069
2026-09-03 06:35:00,SA1,1387.87000,0.00000,1589.85611,0.00000,1560.39211
2026-09-03 06:35:00,TAS1,1118.02000,0.00000,355.71729,0.00000,355.71729
2026-09-03 06:35:00,VIC1,5791.92000,0.06200,3838.18681,0.06200,3673.42301
2026-09-03 06:40:00,NSW1,7517.28000,116.41986,1646.52072,116.41986,1646.52072
2026-09-03 06:40:00,QLD1,6259.45000,212.61978,841.90903,212.61978,841.90903
2026-09-03 06:40:00,SA1,1399.48000,0.00000,1577.42514,0.00000,1556.61514
2026-09-03 06:40:00,TAS1,1124.71000,0.00000,357.30117,0.00000,357.30117
2026-09-03 06:40:00,VIC1,5894.52000,1.74500,3851.50267,1.74500,3687.11787
2026-09-03 06:45:00,NSW1,7413.48000,175.52007,1641.22725,175.52007,1641.22725
2026-09-03 06:45:00,QLD1,6284.25000,409.08180,840.32592,409.08180,840.32592
2026-09-03 06:45:00,SA1,1402.12000,0.00000,1576.59752,0.00000,1550.84052
2026-09-03 06:45:00,TAS1,1132.89000,0.00000,365.94405,0.00000,365.94405
2026-09-03 06:45:00,VIC1,5959.05000,5.12741,3829.70226,5.12741,3666.22746
2026-09-03 06:50:00,NSW1,7493.26000,291.96389,1662.41470,291.96389,1662.41470
2026-09-03 06:50:00,QLD1,6240.87000,569.15327,845.16402,569.15327,845.16402
2026-09-03 06:50:00,SA1,1426.55000,0.00000,1585.92668,0.00000,1566.76868
2026-09-03 06:50:00,TAS1,1140.05000,0.00000,372.18123,0.00000,372.18123
2026-09-03 06:50:00,VIC1,6025.18000,11.79003,3842.44795,11.79003,3678.18315
2026-09-03 06:55:00,NSW1,7465.78000,318.48229,1656.10205,318.48229,1656.10205
2026-09-03 06:55:00,QLD1,6200.42000,732.65330,854.99980,732.65330,854.99980
2026-09-03 06:55:00,SA1,1453.55000,0.00000,1576.38268,0.00000,1557.63868
2026-09-03 06:55:00,TAS1,1151.14000,0.00000,371.49936,0.00000,371.49936
2026-09-03 06:55:00,VIC1,6066.81000,26.90633,3850.13240,26.90633,3685.75760
2026-09-03 07:00:00,NSW1,7495.77000,433.36209,1630.12815,433.36209,1630.12815
2026-09-03 07:00:00,QLD1,6138.11000,890.35615,842.58985,890.35615,842.58985
2026-09-03 07:00:00,SA1,1471.19000,0.00000,1582.50984,0.00000,1564.08384
2026-09-03 07:00:00,TAS1,1157.70000,0.00000,374.52914,0.00000,374.52914
2026-09-03 07:00:00,VIC1,6161.49000,40.68210,3827.70419,40.68210,3664.03939
2026-09-03 07:05:00,NSW1,7444.77000,446.72165,1647.06619,446.72165,1647.06619
2026-09-03 07:05:00,QLD1,6113.78000,1110.29770,847.49239,1110.29770,847.49239
2026-09-03 07:05:00,SA1,1469.18000,0.00000,1582.06659,0.00000,1554.64159
2026-09-03 07:05:00,TAS1,1143.37000,0.00000,373.48322,0.00000,373.48322
2026-09-03 07:05:00,VIC1,6271.28000,62.39601,3802.82633,62.21901,3639.34853
2026-09-03 07:10:00,NSW1,7477.91000,651.63606,1622.53302,651.63606,1622.53302
2026-09-03 07:10:00,QLD1,6132.40000,1290.10182,847.47173,1290.10182,847.47173
2026-09-03 07:10:00,SA1,1484.61000,1.22427,1567.66967,1.22427,1542.92667
2026-09-03 07:10:00,TAS1,1136.83000,0.00000,372.05799,0.00000,372.05799
2026-09-03 07:10:00,VIC1,6212.64000,105.72903,3788.18343,105.72903,3623.80763
2026-09-03 07:15:00,NSW1,7460.55000,925.71404,1627.34185,925.71404,1627.34185
2026-09-03 07:15:00,QLD1,6101.09000,1487.44480,846.10069,1487.44480,846.10069
2026-09-03 07:15:00,SA1,1483.08000,1.84591,1559.08551,1.84591,1535.24151
2026-09-03 07:15:00,TAS1,1148.57000,0.00000,370.85991,0.00000,370.85991
2026-09-03 07:15:00,VIC1,6373.85000,152.61239,3730.16463,152.61239,3566.99683
2026-09-03 07:20:00,NSW1,7442.51000,1036.99794,1602.61621,1036.99794,1602.61621
2026-09-03 07:20:00,QLD1,6019.27000,1682.71551,803.03919,1682.71551,803.03919
2026-09-03 07:20:00,SA1,1493.59000,7.28782,1566.49561,7.28782,1542.35261
2026-09-03 07:20:00,TAS1,1148.64000,0.00000,367.62439,0.00000,367.62439
2026-09-03 07:20:00,VIC1,6432.72000,158.54926,3698.56548,157.31626,3535.19468
2026-09-03 07:25:00,NSW1,7353.46000,1187.88148,1597.24779,1187.88148,1597.24779
2026-09-03 07:25:00,QLD1,5938.38000,1875.39135,748.71856,1841.38916,748.71856
2026-09-03 07:25:00,SA1,1503.32000,12.60627,1580.53224,12.60627,1557.15424
2026-09-03 07:25:00,TAS1,1150.42000,0.00000,369.51225,0.00000,369.51225
2026-09-03 07:25:00,VIC1,6442.96000,216.49159,3657.15575,215.30959,3494.73795
2026-09-03 07:30:00,NSW1,7298.00000,1402.43676,1616.09335,1402.43676,1616.09335
2026-09-03 07:30:00,QLD1,5909.68000,2041.50325,699.41671,1894.81714,699.41671
2026-09-03 07:30:00,SA1,1514.39000,18.06827,1608.00372,18.06827,1584.16572
2026-09-03 07:30:00,TAS1,1156.56000,0.00000,368.01675,0.00000,368.01675
2026-09-03 07:30:00,VIC1,6428.29000,298.97288,3665.14096,298.97288,3077.91344
2026-09-03 07:35:00,NSW1,7275.62000,1538.33784,1602.09197,1538.33784,1602.09197
2026-09-03 07:35:00,QLD1,5810.74000,2239.53191,652.41157,2078.20965,652.41157
2026-09-03 07:35:00,SA1,1532.46000,39.10546,1582.25226,39.10546,1561.41326
2026-09-03 07:35:00,TAS1,1155.68000,0.00000,372.52220,0.00000,372.52220
2026-09-03 07:35:00,VIC1,6326.29000,318.30951,3661.99171,318.09551,3501.26691
2026-09-03 07:40:00,NSW1,7204.36000,1776.95070,1606.82122,1773.89046,1606.82122
2026-09-03 07:40:00,QLD1,5768.80000,2425.74574,629.78858,2193.40317,629.78858
2026-09-03 07:40:00,SA1,1535.59000,62.53490,1551.00262,62.53490,1530.62962
2026-09-03 07:40:00,TAS1,1177.75000,0.00000,375.82652,0.00000,375.82652
2026-09-03 07:40:00,VIC1,6385.20000,389.84781,3664.54732,389.84781,3201.57210
2026-09-03 07:45:00,NSW1,7228.86000,2043.55058,1606.62384,2024.17812,1606.62384
2026-09-03 07:45:00,QLD1,5641.57000,2579.42169,570.44387,2327.48034,570.44387
2026-09-03 07:45:00,SA1,1562.90000,73.06382,1554.23146,73.06382,1533.85346
2026-09-03 07:45:00,TAS1,1194.34000,0.00000,376.88991,0.00000,376.88991
2026-09-03 07:45:00,VIC1,6366.30000,462.76884,3648.45122,462.76884,3484.99642
2026-09-03 07:50:00,NSW1,7128.86000,2317.76892,1573.40297,2262.29129,1573.40297
2026-09-03 07:50:00,QLD1,5553.48000,2632.93285,558.34686,2448.05907,490.52510
2026-09-03 07:50:00,SA1,1557.58000,90.24255,1558.50157,90.24255,1537.66857
2026-09-03 07:50:00,TAS1,1195.73000,0.00000,377.68688,0.00000,377.68688
2026-09-03 07:50:00,VIC1,6325.17000,515.31154,3640.96680,513.80954,3468.91273
2026-09-03 07:55:00,NSW1,7082.10000,2482.71517,1520.09834,2449.99296,1520.09834
2026-09-03 07:55:00,QLD1,5407.13000,2829.22495,523.59940,2461.40410,449.55340
2026-09-03 07:55:00,SA1,1565.27000,105.27991,1559.23236,105.27991,1538.86236
2026-09-03 07:55:00,TAS1,1195.96000,0.00000,377.02350,0.00000,377.02350
2026-09-03 07:55:00,VIC1,6286.33000,516.84940,3644.91549,516.84940,2992.12286
2026-09-03 08:00:00,NSW1,6980.74000,2771.12961,1550.39380,2743.03596,1545.09198
2026-09-03 08:00:00,QLD1,5360.46000,2945.74295,500.14350,2529.68932,399.74450
2026-09-03 08:00:00,SA1,1557.40000,105.09173,1554.26137,105.09173,1532.51737
2026-09-03 08:00:00,TAS1,1191.97000,0.00000,374.64512,0.00000,374.64512
2026-09-03 08:00:00,VIC1,6208.29000,626.83098,3582.60232,626.83098,2619.49539
2026-09-03 08:05:00,NSW1,6908.07000,2968.51034,1600.49309,2881.64579,1552.68732
2026-09-03 08:05:00,QLD1,5242.63000,3012.04775,456.03320,2640.29072,330.94500
2026-09-03 08:05:00,SA1,1559.46000,119.86591,1552.22225,101.44491,1424.55835
2026-09-03 08:05:00,TAS1,1158.79000,0.00000,376.30017,0.00000,376.30017
2026-09-03 08:05:00,VIC1,6161.72000,737.31245,3573.24380,720.95045,2696.48540
2026-09-03 08:10:00,NSW1,6822.76000,3191.64516,1637.10961,3065.07012,1595.95351
2026-09-03 08:10:00,QLD1,5212.10000,3051.13003,444.32720,2627.91594,319.22700
2026-09-03 08:10:00,SA1,1566.94000,156.80900,1550.30778,111.91400,1401.95221
2026-09-03 08:10:00,TAS1,1154.14000,0.00000,373.10857,0.00000,373.10857
2026-09-03 08:10:00,VIC1,6162.18000,808.09096,3566.37548,712.52296,2647.14158
2026-09-03 08:15:00,NSW1,6728.53000,3312.18130,1604.92555,3018.86113,1510.66922
2026-09-03 08:15:00,QLD1,5146.57000,3100.08217,413.97380,2673.02637,293.19800
2026-09-03 08:15:00,SA1,1563.87000,163.16827,1529.36300,120.94627,1348.74518
2026-09-03 08:15:00,TAS1,1143.63000,0.00000,373.58357,0.00000,373.58357
2026-09-03 08:15:00,VIC1,6071.39000,844.79970,3619.10563,760.56970,2719.51673
2026-09-03 08:20:00,NSW1,6718.52000,3325.90125,1654.20867,3023.37314,1578.08151
2026-09-03 08:20:00,QLD1,5084.04000,3150.12085,384.15400,2896.95647,269.81500
2026-09-03 08:20:00,SA1,1529.77000,181.55619,1516.72043,136.25546,1277.99069
2026-09-03 08:20:00,TAS1,1130.35000,0.00000,374.21718,0.00000,374.21718
2026-09-03 08:20:00,VIC1,5980.86000,863.50227,3613.33379,840.26327,2760.67703
2026-09-03 08:25:00,NSW1,6635.70000,3354.17798,1722.09840,3057.38862,1590.40280
2026-09-03 08:25:00,QLD1,5053.81000,3206.56164,354.85680,2835.18898,239.07300
2026-09-03 08:25:00,SA1,1519.39000,228.12354,1499.19758,191.41054,1247.78028
2026-09-03 08:25:00,TAS1,1136.62000,0.00000,375.02030,0.00000,375.02030
2026-09-03 08:25:00,VIC1,5980.08000,867.66596,3542.38856,844.11996,2732.49696
2026-09-03 08:30:00,NSW1,6576.35000,3356.29922,1722.49158,3038.90735,1617.82756
2026-09-03 08:30:00,QLD1,4995.54000,3223.60015,336.08180,2740.02621,228.24700
2026-09-03 08:30:00,SA1,1491.75000,259.67282,1436.77485,227.42582,1203.71805
2026-09-03 08:30:00,TAS1,1125.01000,0.00000,376.41939,0.00000,376.41939
2026-09-03 08:30:00,VIC1,5952.49000,925.63977,3478.13420,900.25777,2694.36760
2026-09-03 08:35:00,NSW1,6527.12000,3415.14722,1738.04488,3098.01390,1738.04488
2026-09-03 08:35:00,QLD1,4837.31000,3222.55151,322.80680,2919.02959,221.91700
2026-09-03 08:35:00,SA1,1453.79000,297.22938,1474.00007,297.22938,1279.69701
2026-09-03 08:35:00,TAS1,1102.86000,0.00000,366.11935,0.00000,366.11935
2026-09-03 08:35:00,VIC1,5888.32000,983.93159,3443.24729,983.93159,2909.69565
2026-09-03 08:40:00,NSW1,6435.29000,3467.82132,1692.44682,3047.80435,1663.12152
2026-09-03 08:40:00,QLD1,4759.36000,3233.13223,295.55170,2874.70570,206.81700
2026-09-03 08:40:00,SA1,1425.65000,310.61073,1477.44717,310.61073,1403.15504
2026-09-03 08:40:00,TAS1,1104.34000,0.00000,334.48072,0.00000,334.48072
2026-09-03 08:40:00,VIC1,5851.32000,929.09257,3215.37303,929.09257,2939.88363
2026-09-03 08:45:00,NSW1,6343.02000,3546.69735,1794.23234,3040.42924,1763.55624
2026-09-03 08:45:00,QLD1,4640.04000,3234.92788,273.75580,2577.54062,166.69500
2026-09-03 08:45:00,SA1,1432.13000,276.22356,1424.61246,276.22356,1381.66726
2026-09-03 08:45:00,TAS1,1097.46000,0.00000,349.78567,0.00000,349.78567
2026-09-03 08:45:00,VIC1,5915.76000,980.21828,3321.14334,958.92612,2358.98030
2026-09-03 08:50:00,NSW1,6213.74000,3605.74770,1773.01202,3038.08878,1719.83527
2026-09-03 08:50:00,QLD1,4712.06000,3255.18869,243.50970,2456.79853,149.33600
2026-09-03 08:50:00,SA1,1403.30000,279.39172,1392.53700,279.39172,1339.35332
2026-09-03 08:50:00,TAS1,1078.83000,0.00000,375.37755,0.00000,375.37755
2026-09-03 08:50:00,VIC1,5852.42000,807.28554,3257.26465,780.60254,2293.16565
2026-09-03 08:55:00,NSW1,6256.66000,3502.41246,1816.11502,2904.32064,1712.90822
2026-09-03 08:55:00,QLD1,4667.53000,3302.07403,240.98060,2538.44512,145.30800
2026-09-03 08:55:00,SA1,1395.53000,285.18072,1377.55291,285.18072,1339.78671
2026-09-03 08:55:00,TAS1,1063.75000,0.00000,369.16963,0.00000,369.16963
2026-09-03 08:55:00,VIC1,5808.57000,834.30760,3249.49977,834.30760,2164.22603
2026-09-03 09:00:00,NSW1,6206.54000,3590.54752,1806.43573,2992.24130,1528.33113
2026-09-03 09:00:00,QLD1,4563.18000,3292.98343,244.07680,2668.60525,142.48700
2026-09-03 09:00:00,SA1,1387.03000,306.14982,1356.98704,306.14982,1318.27984
2026-09-03 09:00:00,TAS1,1079.03000,0.00000,363.46749,0.00000,363.46749
2026-09-03 09:00:00,VIC1,5825.45000,826.33935,3330.33127,826.33935,2257.52114
2026-09-03 09:05:00,NSW1,6137.55000,3602.96368,1834.92763,3036.94147,1634.59703
2026-09-03 09:05:00,QLD1,4497.89000,3348.51542,227.50300,2630.38119,148.51400
2026-09-03 09:05:00,SA1,1361.17000,317.89355,1342.79544,317.89355,1300.61559
2026-09-03 09:05:00,TAS1,1056.48000,0.00000,365.11220,0.00000,365.11220
2026-09-03 09:05:00,VIC1,5901.94000,850.17435,3414.65615,824.40770,2305.63967
2026-09-03 09:10:00,NSW1,5999.98000,3588.44030,1764.64160,2848.99786,1515.14450
2026-09-03 09:10:00,QLD1,4425.05000,3344.98326,229.21100,2671.19316,140.75100
2026-09-03 09:10:00,SA1,1353.13000,328.75018,1313.01309,280.90900,1049.84749
2026-09-03 09:10:00,TAS1,1051.97000,0.00000,373.32043,0.00000,373.32043
2026-09-03 09:10:00,VIC1,5941.04000,1005.53451,3491.24201,987.27087,2599.38465
2026-09-03 09:15:00,NSW1,5977.71000,3492.57575,1777.06702,2826.60496,1748.35611
2026-09-03 09:15:00,QLD1,4405.27000,3359.29789,227.70650,2599.05206,145.80000
2026-09-03 09:15:00,SA1,1333.07000,323.51618,1275.11475,323.51618,1115.62560
2026-09-03 09:15:00,TAS1,1038.40000,0.00000,363.04205,0.00000,363.04205
2026-09-03 09:15:00,VIC1,5949.74000,969.75359,3422.49705,920.19269,2736.96474
2026-09-03 09:20:00,NSW1,5939.09000,3532.07919,1795.08783,2729.21192,1626.58203
2026-09-03 09:20:00,QLD1,4348.57000,3357.52446,225.17660,2587.88558,147.30700
2026-09-03 09:20:00,SA1,1322.20000,322.22545,1248.66598,288.94690,1012.73468
2026-09-03 09:20:00,TAS1,1039.10000,0.00000,364.78005,0.00000,364.78005
2026-09-03 09:20:00,VIC1,6048.25000,1001.15158,3474.47865,791.38011,2989.22542
2026-09-03 09:25:00,NSW1,5578.42000,3535.34883,1792.40923,2637.13076,1631.68873
2026-09-03 09:25:00,QLD1,4305.90000,3345.52824,220.79950,2542.69379,142.42600
2026-09-03 09:25:00,SA1,1306.25000,313.54426,1235.08163,228.12826,987.50634
2026-09-03 09:25:00,TAS1,1028.07000,0.00000,370.97944,0.00000,370.97944
2026-09-03 09:25:00,VIC1,5970.35000,987.10464,3507.24104,731.11258,3174.64720
2026-09-03 09:30:00,NSW1,5433.31000,3533.29275,1827.46928,2688.25113,1684.70512
2026-09-03 09:30:00,QLD1,4263.57000,3360.36913,228.68540,2521.97734,153.80400
2026-09-03 09:30:00,SA1,1308.89000,338.20999,1280.19143,236.85199,941.55121
2026-09-03 09:30:00,TAS1,1011.64000,0.00000,382.05423,0.00000,382.05423
2026-09-03 09:30:00,VIC1,5952.34000,991.15107,3482.31107,778.75698,3129.14098
2026-09-03 09:35:00,NSW1,5423.78000,3652.17895,1819.40020,2731.28147,1686.06074
2026-09-03 09:35:00,QLD1,4165.77000,3371.49761,232.30440,2482.08028,156.47100
2026-09-03 09:35:00,SA1,1299.75000,339.96982,1190.10598,251.59236,852.51328
2026-09-03 09:35:00,TAS1,1004.73000,0.00000,382.54927,0.00000,382.54927
2026-09-03 09:35:00,VIC1,5862.46000,982.16420,3517.62906,798.00884,3148.59826
2026-09-03 09:40:00,NSW1,5446.82000,3786.29595,1821.19318,2825.55632,1713.59572
2026-09-03 09:40:00,QLD1,4076.79000,3382.16828,238.27300,2500.17155,166.72700
2026-09-03 09:40:00,SA1,1319.29000,342.92910,1142.88411,226.97910,781.28072
2026-09-03 09:40:00,TAS1,990.84000,0.00000,377.60486,0.00000,377.60486
2026-09-03 09:40:00,VIC1,5828.00000,936.18078,3534.41495,846.12405,3133.00141
2026-09-03 09:45:00,NSW1,5364.59000,3775.78784,1824.23228,2702.42104,1642.49830
2026-09-03 09:45:00,QLD1,4046.03000,3396.71159,227.21100,2393.96745,164.46100
2026-09-03 09:45:00,SA1,1339.01000,347.16418,1127.29439,237.28889,635.67823
2026-09-03 09:45:00,TAS1,996.81000,0.00000,378.86253,0.00000,378.86253
2026-09-03 09:45:00,VIC1,5884.29000,969.58992,3137.89668,866.20402,2604.44586
2026-09-03 09:50:00,NSW1,5425.55000,3546.47733,1825.47696,2550.52527,1684.10992
2026-09-03 09:50:00,QLD1,3953.71000,3388.95355,234.05520,2477.44468,160.40200
2026-09-03 09:50:00,SA1,1337.26000,326.94645,1095.79013,233.35218,580.06632
2026-09-03 09:50:00,TAS1,1001.99000,0.00000,375.95586,0.00000,375.95586
2026-09-03 09:50:00,VIC1,5865.64000,919.20902,3103.37205,798.08270,2535.88778
2026-09-03 09:55:00,NSW1,5334.43000,3616.48179,1830.92916,2729.05101,1665.19596
2026-09-03 09:55:00,QLD1,3908.80000,3368.18033,220.67300,2411.94203,150.41400
2026-09-03 09:55:00,SA1,1334.28000,324.24763,1086.72779,233.90009,659.83305
2026-09-03 09:55:00,TAS1,982.29000,0.00000,375.81738,0.00000,375.81738
2026-09-03 09:55:00,VIC1,5761.33000,950.45518,3113.08724,802.13479,2569.02014
2026-09-03 10:00:00,NSW1,5203.28000,3628.96215,1833.25247,2622.19234,1657.80357
2026-09-03 10:00:00,QLD1,3909.14000,3401.58593,234.96220,2327.23670,160.34500
2026-09-03 10:00:00,SA1,1303.89000,342.91454,1155.83902,245.65954,623.06611
2026-09-03 10:00:00,TAS1,981.51000,0.00000,373.10418,0.00000,373.10418
2026-09-03 10:00:00,VIC1,5784.79000,958.99683,3158.01473,811.22019,2558.54337
2026-09-03 10:05:00,NSW1,5124.04000,3498.79787,1838.32275,2662.90726,1672.39974
2026-09-03 10:05:00,QLD1,3829.29000,3385.64536,237.73700,2467.73592,165.38600
2026-09-03 10:05:00,SA1,1309.46000,327.00063,1060.93106,198.27481,563.70417
2026-09-03 10:05:00,TAS1,981.52000,0.00000,372.90944,0.00000,372.90944
2026-09-03 10:05:00,VIC1,5751.41000,982.98209,3089.26790,824.74473,2537.92010
2026-09-03 10:10:00,NSW1,5177.26000,3632.14024,1894.13876,2413.76465,1719.53196
2026-09-03 10:10:00,QLD1,3784.29000,3400.10193,245.57020,2388.30074,168.62800
2026-09-03 10:10:00,SA1,1318.12000,329.85680,1084.57667,211.84562,590.03069
2026-09-03 10:10:00,TAS1,969.74000,0.00000,370.61799,0.00000,370.61799
2026-09-03 10:10:00,VIC1,5798.01000,1022.33852,3157.63837,843.22416,2595.65640
2026-09-03 10:15:00,NSW1,5115.13000,3661.73404,1895.41784,2554.63258,1722.41424
2026-09-03 10:15:00,QLD1,3791.55000,3426.42529,239.25290,2185.94548,157.56600
2026-09-03 10:15:00,SA1,1326.22000,333.28491,1117.61838,213.60336,675.54785
2026-09-03 10:15:00,TAS1,965.12000,0.00000,363.40577,0.00000,363.40577
2026-09-03 10:15:00,VIC1,5809.98000,1050.04209,3169.30275,885.02655,2573.69372
2026-09-03 10:20:00,NSW1,5079.76000,3479.74953,1853.52419,2463.37152,1688.55549
2026-09-03 10:20:00,QLD1,3773.63000,3433.59830,238.34640,2217.35273,152.99200
2026-09-03 10:20:00,SA1,1315.56000,326.04355,1170.02672,195.41919,623.00184
2026-09-03 10:20:00,TAS1,951.00000,0.00000,363.18519,0.00000,363.18519
2026-09-03 10:20:00,VIC1,5666.27000,1128.12328,3221.23808,900.60845,2712.34334
2026-09-03 10:25:00,NSW1,5035.52000,3525.29574,1881.89086,2671.33157,1691.61886
2026-09-03 10:25:00,QLD1,3755.62000,3398.48501,249.14030,2089.86859,162.01300
2026-09-03 10:25:00,SA1,1305.67000,325.94309,1156.10889,197.30154,611.98023
2026-09-03 10:25:00,TAS1,967.21000,0.00000,354.73663,0.00000,354.73663
2026-09-03 10:25:00,VIC1,5606.66000,1148.22913,3252.33245,904.45710,2637.70191
2026-09-03 10:30:00,NSW1,4974.94000,3250.22539,1884.39532,2647.64985,1690.06064
2026-09-03 10:30:00,QLD1,3707.14000,3439.95704,240.53030,2000.48246,150.04500
2026-09-03 10:30:00,SA1,1272.60000,324.24027,1171.07916,194.80245,645.19226
2026-09-03 10:30:00,TAS1,967.75000,0.00000,353.69321,0.00000,353.69321
2026-09-03 10:30:00,VIC1,5551.12000,1032.59250,3225.69082,872.47663,2639.14034
2026-09-03 10:35:00,NSW1,5109.13000,3370.02660,1900.72845,2530.32080,1571.68915
2026-09-03 10:35:00,QLD1,3683.01000,3483.15924,246.04570,2277.43364,144.62700
2026-09-03 10:35:00,SA1,1268.59000,342.03345,1220.01328,194.67800,683.80032
2026-09-03 10:35:00,TAS1,956.66000,0.00000,358.69215,0.00000,358.69215
2026-09-03 10:35:00,VIC1,5526.88000,1009.52373,3277.91416,869.30812,2660.45440
2026-09-03 10:40:00,NSW1,5151.33000,3158.02858,1887.52289,2346.46630,1592.03709
2026-09-03 10:40:00,QLD1,3686.33000,3478.18355,244.15350,2117.81673,143.82300
2026-09-03 10:40:00,SA1,1332.70000,339.52272,1231.35537,194.73818,662.92942
2026-09-03 10:40:00,TAS1,941.86000,0.00000,352.21556,0.00000,352.21556
2026-09-03 10:40:00,VIC1,5460.04000,993.07822,3253.36138,877.03307,2715.04049
2026-09-03 10:45:00,NSW1,5115.32000,3155.54318,1897.22979,2251.14395,1587.33319
2026-09-03 10:45:00,QLD1,3651.39000,3465.62480,231.05430,2270.51848,131.09800
2026-09-03 10:45:00,SA1,1359.36000,316.61954,1227.25513,223.19936,699.68109
2026-09-03 10:45:00,TAS1,938.32000,0.00000,363.42102,0.00000,363.42102
2026-09-03 10:45:00,VIC1,5385.46000,992.56386,3247.17350,900.42319,2788.58380
2026-09-03 10:50:00,NSW1,5084.84000,3233.49519,1918.07066,2196.16126,1590.48606
2026-09-03 10:50:00,QLD1,3581.37000,3423.40820,216.27630,2272.73671,119.93900
2026-09-03 10:50:00,SA1,1349.15000,373.92054,1200.01982,221.41936,677.95692
2026-09-03 10:50:00,TAS1,925.79000,0.00000,362.31825,0.00000,362.31825
2026-09-03 10:50:00,VIC1,5334.29000,1020.61178,3646.38043,930.92728,2641.16737
2026-09-03 10:55:00,NSW1,5071.75000,3251.78634,1915.34443,2285.46486,1711.63409
2026-09-03 10:55:00,QLD1,3665.74000,3485.84390,229.00060,2418.99673,137.97900
2026-09-03 10:55:00,SA1,1399.18000,419.79065,1256.71607,212.88283,611.77265
2026-09-03 10:55:00,TAS1,908.98000,0.00000,355.31961,0.00000,355.31961
2026-09-03 10:55:00,VIC1,5277.26000,1057.54225,3854.38315,911.37381,2800.43508
2026-09-03 11:00:00,NSW1,5012.41000,3051.07189,1918.62020,2208.93349,1718.80590
2026-09-03 11:00:00,QLD1,3616.24000,3414.63048,232.42720,2314.47303,145.58500
2026-09-03 11:00:00,SA1,1410.75000,292.98637,1249.81620,154.04109,666.95089
2026-09-03 11:00:00,TAS1,903.52000,0.00000,369.38410,0.00000,369.38410
2026-09-03 11:00:00,VIC1,5088.00000,1019.33126,3863.39724,853.08865,2604.88247
2026-09-03 11:05:00,NSW1,4935.80000,3069.43563,1933.43152,2517.58177,1733.61442
2026-09-03 11:05:00,QLD1,3628.70000,3497.85354,231.16930,2451.50618,140.46500
2026-09-03 11:05:00,SA1,1414.31000,258.63191,1186.36968,125.29364,771.19998
2026-09-03 11:05:00,TAS1,891.03000,0.00000,366.00885,0.00000,366.00885
2026-09-03 11:05:00,VIC1,5064.90000,953.16178,3786.00376,684.22329,2910.36991
2026-09-03 11:10:00,NSW1,5031.65000,3221.09994,1954.71462,2541.55886,1743.09045
2026-09-03 11:10:00,QLD1,3717.70000,3421.30695,233.72600,2408.33420,139.91700
2026-09-03 11:10:00,SA1,1353.17000,248.16218,1103.28982,114.41100,690.60506
2026-09-03 11:10:00,TAS1,891.09000,0.00000,361.25090,0.00000,361.25090
2026-09-03 11:10:00,VIC1,5137.94000,858.85849,3653.79347,721.11799,3065.74704
2026-09-03 11:15:00,NSW1,5005.71000,3187.32683,1972.81513,2573.37869,1759.34526
2026-09-03 11:15:00,QLD1,3702.36000,3508.45021,234.32200,2505.55005,148.99600
2026-09-03 11:15:00,SA1,1351.25000,276.90427,1131.79119,116.80745,622.54266
2026-09-03 11:15:00,TAS1,889.81000,0.00000,358.19839,0.00000,358.19839
2026-09-03 11:15:00,VIC1,5089.65000,843.97043,3678.56105,715.96789,2744.46761
2026-09-03 11:20:00,NSW1,4963.98000,3247.02153,1936.07429,2609.87995,1723.95386
2026-09-03 11:20:00,QLD1,3636.03000,3461.74079,244.23200,2463.22983,154.07600
2026-09-03 11:20:00,SA1,1330.46000,271.34673,1162.05522,124.08782,692.40871
2026-09-03 11:20:00,TAS1,885.53000,0.00000,360.51489,0.00000,360.51489
2026-09-03 11:20:00,VIC1,5062.95000,813.17941,3613.58405,713.05876,2842.73931
2026-09-03 11:25:00,NSW1,4933.95000,3281.56009,1966.26106,2467.76029,1755.26616
2026-09-03 11:25:00,QLD1,3720.26000,3520.44548,258.50200,2464.28217,161.44100
2026-09-03 11:25:00,SA1,1287.28000,253.47201,1055.45777,131.87173,640.70561
2026-09-03 11:25:00,TAS1,886.53000,0.00000,355.30415,0.00000,355.30415
2026-09-03 11:25:00,VIC1,5071.36000,890.20571,3627.99049,761.49384,2809.88034
2026-09-03 11:30:00,NSW1,4881.55000,3401.80217,1957.16684,2461.95827,1737.09323
2026-09-03 11:30:00,QLD1,3729.37000,3533.38404,237.83550,2434.95860,152.21300
2026-09-03 11:30:00,SA1,1276.86000,291.36773,1023.94410,148.62382,558.29657
2026-09-03 11:30:00,TAS1,869.36000,0.00000,358.97566,0.00000,358.97566
2026-09-03 11:30:00,VIC1,5158.86000,828.35820,3643.56284,686.31230,3161.50626
2026-09-03 11:35:00,NSW1,4852.60000,3370.95080,1941.99417,2388.49429,1735.56863
2026-09-03 11:35:00,QLD1,3678.31000,3496.61296,231.06200,2310.59686,146.90500
2026-09-03 11:35:00,SA1,1227.37000,302.82864,990.29268,162.95197,700.95168
2026-09-03 11:35:00,TAS1,852.58000,0.00000,354.06197,0.00000,354.06197
2026-09-03 11:35:00,VIC1,5210.26000,814.22957,3709.73881,677.52848,3357.12006
2026-09-03 11:40:00,NSW1,4879.43000,3336.13555,1979.26792,2430.10696,1759.74282
2026-09-03 11:40:00,QLD1,3696.96000,3483.42563,229.78500,2285.16900,148.32400
2026-09-03 11:40:00,SA1,1216.11000,322.81499,1005.57859,153.03807,658.65109
2026-09-03 11:40:00,TAS1,862.52000,0.00000,359.70148,0.00000,359.70148
2026-09-03 11:40:00,VIC1,5377.56000,853.73249,3726.29009,735.08556,3335.83780
2026-09-03 11:45:00,NSW1,4792.98000,3284.86448,2005.78293,2421.88937,1758.85583
2026-09-03 11:45:00,QLD1,3726.80000,3474.99587,239.89800,2252.27255,160.59800
2026-09-03 11:45:00,SA1,1192.35000,331.99873,1036.78553,132.15000,575.24899
2026-09-03 11:45:00,TAS1,871.35000,0.00000,359.25223,0.00000,359.25223
2026-09-03 11:45:00,VIC1,5418.58000,818.56336,3783.13963,730.49043,3364.44290
2026-09-03 11:50:00,NSW1,4760.32000,3443.15722,1996.75193,2447.54024,1725.55644
2026-09-03 11:50:00,QLD1,3673.13000,3482.81372,241.10230,2223.48536,161.27500
2026-09-03 11:50:00,SA1,1170.80000,356.91528,1027.98977,128.89746,687.60995
2026-09-03 11:50:00,TAS1,855.25000,0.00000,358.46042,0.00000,358.46042
2026-09-03 11:50:00,VIC1,5473.12000,860.92042,3811.91655,724.09525,3337.28282
2026-09-03 11:55:00,NSW1,4676.89000,3267.99650,2015.79014,2357.13682,1745.00001
2026-09-03 11:55:00,QLD1,3750.25000,3484.72947,234.13700,2245.38176,158.89100
2026-09-03 11:55:00,SA1,1146.94000,330.74809,1021.99216,211.16557,696.99896
2026-09-03 11:55:00,TAS1,845.24000,0.00000,359.49477,0.00000,359.49477
2026-09-03 11:55:00,VIC1,5498.05000,896.21932,3494.34493,735.41465,2888.92879
2026-09-03 12:00:00,NSW1,4664.44000,3435.46781,1997.05027,2296.02809,1741.10223
2026-09-03 12:00:00,QLD1,3747.02000,3465.93597,269.39120,2236.16554,191.49400
2026-09-03 12:00:00,SA1,1139.85000,310.35946,1003.50140,201.00639,719.32550
2026-09-03 12:00:00,TAS1,833.76000,0.00000,352.91993,0.00000,352.91993
2026-09-03 12:00:00,VIC1,5373.61000,846.57824,3410.53156,737.58850,2793.65077
2026-09-03 12:05:00,NSW1,4653.45000,3366.71232,2022.71312,2335.22776,1779.63765
2026-09-03 12:05:00,QLD1,3740.55000,3456.22777,261.89560,2268.38670,183.00100
2026-09-03 12:05:00,SA1,1108.91000,344.77181,957.41232,161.45247,709.84622
2026-09-03 12:05:00,TAS1,843.16000,0.00000,355.84088,0.00000,355.84088
2026-09-03 12:05:00,VIC1,5329.63000,924.19834,3134.23612,724.43434,2607.15638
2026-09-03 12:10:00,NSW1,4664.90000,3314.98373,2016.60959,2430.83113,1771.54851
2026-09-03 12:10:00,QLD1,3743.87000,3493.30838,274.00030,2190.06168,200.95100
2026-09-03 12:10:00,SA1,1150.90000,371.54908,1036.90471,262.97976,733.61941
2026-09-03 12:10:00,TAS1,848.33000,0.00000,353.62783,0.00000,353.62783
2026-09-03 12:10:00,VIC1,5426.50000,876.45491,3094.67703,721.65055,2607.92378
2026-09-03 12:15:00,NSW1,4674.85000,2998.79434,2001.32907,2037.90032,1779.85679
2026-09-03 12:15:00,QLD1,3708.55000,3459.95027,279.82650,2352.42033,196.39400
2026-09-03 12:15:00,SA1,1084.74000,446.27519,958.97763,368.25937,804.69317
2026-09-03 12:15:00,TAS1,851.21000,0.00000,344.86260,0.00000,344.86260
2026-09-03 12:15:00,VIC1,5446.16000,815.19595,3126.07775,687.95277,2677.53510
2026-09-03 12:20:00,NSW1,4592.84000,3329.57464,1997.06984,2353.93515,1763.97149
2026-09-03 12:20:00,QLD1,3684.23000,3459.40289,270.86200,2160.84943,188.01900
2026-09-03 12:20:00,SA1,1094.22000,430.38012,979.32871,372.42002,808.12463
2026-09-03 12:20:00,TAS1,859.98000,0.00000,342.68773,0.00000,342.68773
2026-09-03 12:20:00,VIC1,5279.62000,851.71819,3181.35322,704.61819,2549.27419
2026-09-03 12:25:00,NSW1,4578.55000,3252.04364,1979.57339,2256.10879,1742.12429
2026-09-03 12:25:00,QLD1,3586.91000,3479.66554,292.69550,2193.65697,198.90400
2026-09-03 12:25:00,SA1,1048.66000,369.26308,1043.01680,294.03508,820.85710
2026-09-03 12:25:00,TAS1,862.87000,0.00000,340.18277,0.00000,340.18277
2026-09-03 12:25:00,VIC1,5293.34000,740.47140,3160.15442,613.91058,2607.02542
2026-09-03 12:30:00,NSW1,4634.82000,3248.79979,2012.26465,2256.37508,1765.56955
2026-09-03 12:30:00,QLD1,3575.44000,3435.50338,266.12340,2210.28262,199.79300
2026-09-03 12:30:00,SA1,1061.02000,364.47646,958.23173,301.93746,790.16313
2026-09-03 12:30:00,TAS1,863.73000,0.00000,335.04619,0.00000,335.04619
2026-09-03 12:30:00,VIC1,5237.47000,700.46984,3074.82743,590.14311,2632.94914
2026-09-03 12:35:00,NSW1,4595.03000,3254.16754,2005.72858,2364.70185,1723.97856
2026-09-03 12:35:00,QLD1,3629.48000,3418.40551,285.34390,2125.34037,204.28600
2026-09-03 12:35:00,SA1,1037.54000,386.95500,915.40844,325.36409,768.47434
2026-09-03 12:35:00,TAS1,881.52000,0.00000,341.97608,0.00000,341.97608
2026-09-03 12:35:00,VIC1,5210.58000,726.31869,3146.93663,589.48805,2658.29245
2026-09-03 12:40:00,NSW1,4603.76000,3286.25273,1977.27689,2282.23611,1727.54692
2026-09-03 12:40:00,QLD1,3570.20000,3461.12910,289.09250,2065.86373,212.25400
2026-09-03 12:40:00,SA1,1008.56000,418.30882,908.04860,416.34682,664.60250
2026-09-03 12:40:00,TAS1,912.67000,0.00000,349.43913,0.00000,349.43913
2026-09-03 12:40:00,VIC1,5130.91000,732.58277,3080.68216,605.08977,2589.95180
2026-09-03 12:45:00,NSW1,4550.09000,3365.81178,2020.56132,2137.39561,1748.53107
2026-09-03 12:45:00,QLD1,3615.24000,3479.41958,310.97000,2083.84517,234.61800
2026-09-03 12:45:00,SA1,1008.93000,372.02009,782.70995,368.42709,602.55285
2026-09-03 12:45:00,TAS1,926.68000,0.00000,346.40054,0.00000,346.40054
2026-09-03 12:45:00,VIC1,5091.68000,779.03874,3137.85189,648.88083,2610.39727
2026-09-03 12:50:00,NSW1,4614.58000,3062.83135,2012.79438,2001.30266,1757.33428
2026-09-03 12:50:00,QLD1,3666.85000,3487.71807,326.83570,2036.72453,238.57400
2026-09-03 12:50:00,SA1,999.16000,381.13398,737.52304,378.63298,616.78823
2026-09-03 12:50:00,TAS1,919.18000,0.00000,360.62699,0.00000,360.62699
2026-09-03 12:50:00,VIC1,5089.94000,718.88521,3156.03371,445.65131,2788.88905
2026-09-03 12:55:00,NSW1,4638.61000,2924.82281,2041.75124,2007.47694,1776.61770
2026-09-03 12:55:00,QLD1,3675.38000,3381.15415,343.01750,2036.18215,247.92500
2026-09-03 12:55:00,SA1,997.63000,361.01119,713.31417,356.22519,540.51326
2026-09-03 12:55:00,TAS1,908.63000,0.00000,365.32858,0.00000,365.32858
2026-09-03 12:55:00,VIC1,5048.11000,552.59016,3117.07096,327.32789,2785.95611
2026-09-03 13:00:00,NSW1,4573.28000,2779.33975,2042.61494,1933.01872,1799.38684
2026-09-03 13:00:00,QLD1,3668.56000,3480.30885,347.55870,2057.51073,259.38900
2026-09-03 13:00:00,SA1,952.14000,404.60628,834.71490,384.13341,709.18158
2026-09-03 13:00:00,TAS1,888.49000,0.00000,367.11260,0.00000,367.11260
2026-09-03 13:00:00,VIC1,4940.18000,424.54684,3160.35515,302.40284,2760.26601
2026-09-03 13:05:00,NSW1,4605.88000,3010.50556,2034.95878,2153.38731,1747.64633
2026-09-03 13:05:00,QLD1,3661.93000,3506.17792,344.83500,1819.42584,250.40700
2026-09-03 13:05:00,SA1,1007.38000,386.32465,802.15279,215.33147,440.27109
2026-09-03 13:05:00,TAS1,874.28000,0.00000,370.04486,0.00000,370.04486
2026-09-03 13:05:00,VIC1,4854.28000,490.20888,3063.18196,372.89518,2906.91316
2026-09-03 13:10:00,NSW1,4651.82000,3050.18537,2032.82527,2141.78118,1757.25575
2026-09-03 13:10:00,QLD1,3688.33000,3360.40817,340.75190,1881.63125,240.24700
2026-09-03 13:10:00,SA1,1044.04000,359.02299,771.77511,258.44455,548.75241
2026-09-03 13:10:00,TAS1,856.94000,0.00000,367.12900,0.00000,367.12900
2026-09-03 13:10:00,VIC1,4668.92000,434.35219,3037.18653,367.30400,2907.58373
2026-09-03 13:15:00,NSW1,4707.01000,3104.02963,2022.99084,2240.11840,1735.21896
2026-09-03 13:15:00,QLD1,3747.19000,3484.18379,345.26300,1812.17484,254.08300
2026-09-03 13:15:00,SA1,1021.11000,380.11164,660.98041,378.92864,611.10943
2026-09-03 13:15:00,TAS1,864.79000,0.00000,360.81721,0.00000,360.81721
2026-09-03 13:15:00,VIC1,4506.23000,468.09240,2972.68289,421.45603,2890.72809
2026-09-03 13:20:00,NSW1,4713.33000,3108.09405,2022.22891,2061.82112,1750.75835
2026-09-03 13:20:00,QLD1,3801.89000,3505.65321,336.30690,1824.28655,251.03800
2026-09-03 13:20:00,SA1,1029.33000,372.32900,764.30213,311.66199,557.92503
2026-09-03 13:20:00,TAS1,869.54000,0.00000,361.45434,0.00000,361.45434
2026-09-03 13:20:00,VIC1,4426.13000,483.05327,2987.20380,408.49818,2918.93300
2026-09-03 13:25:00,NSW1,4756.47000,3232.44736,2007.68100,2246.66476,1711.82777
2026-09-03 13:25:00,QLD1,3838.22000,3503.33676,306.29130,1759.23807,225.09100
2026-09-03 13:25:00,SA1,1063.08000,386.95819,674.18094,229.56273,391.76704
2026-09-03 13:25:00,TAS1,869.39000,0.00000,364.25432,0.00000,364.25432
2026-09-03 13:25:00,VIC1,4320.21000,496.33409,3009.18121,314.00862,2960.47641
2026-09-03 13:30:00,NSW1,4758.46000,3153.39670,1999.93645,2143.38588,1699.37902
2026-09-03 13:30:00,QLD1,3833.55000,3503.26503,344.88110,1731.68762,259.27200
2026-09-03 13:30:00,SA1,1104.42000,381.04509,580.23851,295.93122,426.89691
2026-09-03 13:30:00,TAS1,875.62000,0.00000,368.57796,0.00000,368.57796
2026-09-03 13:30:00,VIC1,4292.91000,567.52017,3012.38469,343.71489,2959.54780
2026-09-03 13:35:00,NSW1,4834.41000,3262.90741,1998.23102,2124.12230,1679.78193
2026-09-03 13:35:00,QLD1,3881.79000,3420.42308,362.64060,1631.91180,273.95100
2026-09-03 13:35:00,SA1,1086.85000,388.10828,581.85352,274.29319,409.09792
2026-09-03 13:35:00,TAS1,882.61000,0.00000,367.32474,0.00000,367.32474
2026-09-03 13:35:00,VIC1,4289.79000,467.12819,3055.09394,320.45092,2932.68936
2026-09-03 13:40:00,NSW1,4943.15000,3196.07590,1989.11641,2178.61838,1684.66254
2026-09-03 13:40:00,QLD1,3874.58000,3508.06207,400.11200,1784.07718,305.38300
2026-09-03 13:40:00,SA1,1080.74000,352.51828,546.71572,314.12737,410.65700
2026-09-03 13:40:00,TAS1,917.21000,0.00000,367.93196,0.00000,367.93196
2026-09-03 13:40:00,VIC1,4189.59000,496.18525,3077.28296,355.83952,2859.36994
2026-09-03 13:45:00,NSW1,4834.26000,3278.40608,2016.41463,2365.81404,1703.31928
2026-09-03 13:45:00,QLD1,3945.68000,3493.86556,370.40700,1692.40127,274.15100
2026-09-03 13:45:00,SA1,1065.18000,319.78663,530.72373,258.51820,389.97533
2026-09-03 13:45:00,TAS1,935.03000,0.00000,369.13064,0.00000,369.13064
2026-09-03 13:45:00,VIC1,4325.41000,526.99136,3138.31818,341.98981,2852.37197
2026-09-03 13:50:00,NSW1,4908.71000,3246.53312,2002.06574,2564.08238,1705.48517
2026-09-03 13:50:00,QLD1,3947.39000,3460.18491,381.95460,1725.63081,276.65500
2026-09-03 13:50:00,SA1,1066.69000,371.57507,571.43077,276.28906,391.41047
2026-09-03 13:50:00,TAS1,950.67000,0.00000,367.82807,0.00000,367.82807
2026-09-03 13:50:00,VIC1,4330.80000,530.04993,3205.49562,313.09775,2982.16432
2026-09-03 13:55:00,NSW1,4979.67000,3167.17804,2028.87282,2555.37239,1711.26457
2026-09-03 13:55:00,QLD1,4055.80000,3478.41253,348.41260,1923.92889,257.88800
2026-09-03 13:55:00,SA1,1037.49000,314.40300,526.57579,268.63400,395.54819
2026-09-03 13:55:00,TAS1,950.52000,0.00000,360.08495,0.00000,360.08495
2026-09-03 13:55:00,VIC1,4395.90000,524.96424,3191.92283,389.72052,2980.41323
2026-09-03 14:00:00,NSW1,5075.04000,3044.93073,2033.77479,2410.59740,1735.67334
2026-09-03 14:00:00,QLD1,4051.39000,3499.92109,378.86950,1997.11036,272.94600
2026-09-03 14:00:00,SA1,1011.30000,312.37963,517.37772,270.47745,391.41344
2026-09-03 14:00:00,TAS1,947.91000,0.00000,347.46989,0.00000,347.46989
2026-09-03 14:00:00,VIC1,4326.27000,521.47376,3190.52642,409.64176,2919.44308
2026-09-03 14:05:00,NSW1,5116.90000,3138.33137,2029.17409,2451.68175,1721.10987
2026-09-03 14:05:00,QLD1,4140.47000,3492.26907,390.23510,1881.96642,292.98200
2026-09-03 14:05:00,SA1,1003.91000,473.50581,585.24217,246.21539,365.30237
2026-09-03 14:05:00,TAS1,968.09000,0.00000,351.79937,0.00000,351.79937
2026-09-03 14:05:00,VIC1,4139.60000,721.73638,3132.53340,589.01075,2368.49928
2026-09-03 14:10:00,NSW1,5216.75000,3120.00633,1999.55306,2576.57469,1703.53078
2026-09-03 14:10:00,QLD1,4163.88000,3362.13750,404.39790,1929.79437,297.56500
2026-09-03 14:10:00,SA1,1005.41000,461.99154,520.36820,292.10748,352.62080
2026-09-03 14:10:00,TAS1,1015.64000,0.00000,349.95953,0.00000,349.95953
2026-09-03 14:10:00,VIC1,4201.66000,790.93895,3053.53450,640.94513,2350.04600
2026-09-03 14:15:00,NSW1,5257.88000,2869.87235,2024.83576,2663.27242,1758.08341
2026-09-03 14:15:00,QLD1,4265.47000,3437.31930,389.58630,1975.95105,270.49300
2026-09-03 14:15:00,SA1,1023.01000,439.17345,517.92136,188.87272,367.80330
2026-09-03 14:15:00,TAS1,1052.22000,0.00000,351.80839,0.00000,351.80839
2026-09-03 14:15:00,VIC1,4173.36000,679.07591,3079.22369,585.84519,2332.30684
2026-09-03 14:20:00,NSW1,5211.17000,3175.22683,2020.23660,2523.51482,1706.61276
2026-09-03 14:20:00,QLD1,4294.22000,3469.75836,405.79440,1811.71644,287.01500
2026-09-03 14:20:00,SA1,980.67000,393.40964,571.32526,182.01345,360.31143
2026-09-03 14:20:00,TAS1,1043.69000,0.00000,369.43137,0.00000,369.43137
2026-09-03 14:20:00,VIC1,4038.81000,567.02115,2926.66144,477.93024,2489.43347
2026-09-03 14:25:00,NSW1,5210.89000,2927.28351,2033.41406,2415.94410,1745.10613
2026-09-03 14:25:00,QLD1,4378.42000,3481.93203,420.46050,1908.89282,296.44200
2026-09-03 14:25:00,SA1,983.03000,309.92228,517.47836,176.54627,344.82576
2026-09-03 14:25:00,TAS1,1010.60000,0.00000,366.34868,0.00000,366.34868
2026-09-03 14:25:00,VIC1,4124.39000,652.56360,2983.68805,518.53660,2526.18487
2026-09-03 14:30:00,NSW1,5405.59000,2997.41196,2023.71772,2567.19791,1995.80330
2026-09-03 14:30:00,QLD1,4381.42000,3424.58184,409.91760,1719.49399,293.55900
2026-09-03 14:30:00,SA1,996.32000,330.20137,517.98258,198.88420,321.42658
2026-09-03 14:30:00,TAS1,1025.52000,0.00000,364.16738,0.00000,364.16738
2026-09-03 14:30:00,VIC1,3973.42000,646.94998,2924.04890,518.86498,2269.69391
2026-09-03 14:35:00,NSW1,5509.57000,2974.73278,2008.61252,2676.87276,1871.80801
2026-09-03 14:35:00,QLD1,4254.55000,3347.44436,394.14650,1517.83938,293.46900
2026-09-03 14:35:00,SA1,977.90000,344.90344,521.12325,238.94292,313.25865
2026-09-03 14:35:00,TAS1,1026.69000,0.00000,354.79301,0.00000,354.79301
2026-09-03 14:35:00,VIC1,3952.06000,722.41111,2942.23616,544.70511,2218.24667
2026-09-03 14:40:00,NSW1,5548.30000,3033.05246,1995.23618,2800.66433,1953.56307
2026-09-03 14:40:00,QLD1,4266.44000,3421.39015,435.63500,1295.24743,315.89358
2026-09-03 14:40:00,SA1,941.11000,402.65946,488.57230,242.66398,295.02400
2026-09-03 14:40:00,TAS1,1032.86000,0.00000,349.23195,0.00000,349.23195
2026-09-03 14:40:00,VIC1,3953.65000,869.49225,3027.55976,658.30925,2099.17739
2026-09-03 14:45:00,NSW1,5562.18000,2990.95235,2003.27563,2523.77712,1840.33217
2026-09-03 14:45:00,QLD1,4344.30000,3404.39448,467.56400,1452.00723,352.48000
2026-09-03 14:45:00,SA1,962.99000,336.14673,523.61974,195.60478,318.63914
2026-09-03 14:45:00,TAS1,1034.64000,0.00000,353.68923,0.00000,353.68923
2026-09-03 14:45:00,VIC1,3882.98000,825.98594,2992.30644,679.45994,2008.17053
2026-09-03 14:50:00,NSW1,5718.83000,2974.30599,2000.58699,2672.54582,1833.05096
2026-09-03 14:50:00,QLD1,4383.75000,3462.84881,412.90200,1614.47908,309.14900
2026-09-03 14:50:00,SA1,981.66000,381.93155,541.46727,182.26700,281.83817
2026-09-03 14:50:00,TAS1,1041.84000,0.00000,350.06030,0.00000,350.06030
2026-09-03 14:50:00,VIC1,3858.86000,902.01699,2991.62191,577.62399,2096.71874
2026-09-03 14:55:00,NSW1,5733.71000,2969.07177,1988.01546,2638.50522,1740.00415
2026-09-03 14:55:00,QLD1,4436.88000,3425.59693,392.73400,1756.10405,296.29300
2026-09-03 14:55:00,SA1,1010.59000,310.42800,517.71589,163.87737,321.46459
2026-09-03 14:55:00,TAS1,1033.23000,0.00000,369.72348,0.00000,369.72348
2026-09-03 14:55:00,VIC1,3981.85000,774.72972,2951.40181,567.97572,2084.31855
2026-09-03 15:00:00,NSW1,5857.49000,2928.85607,1979.84569,2669.63447,1770.38676
2026-09-03 15:00:00,QLD1,4505.48000,3418.89178,441.32670,1851.25872,330.94200
2026-09-03 15:00:00,SA1,1018.60000,279.37818,491.06268,172.35180,307.35398
2026-09-03 15:00:00,TAS1,1035.54000,0.00000,366.31046,0.00000,366.31046
2026-09-03 15:00:00,VIC1,3984.52000,880.78944,2881.14166,575.48872,2091.20022
2026-09-03 15:05:00,NSW1,5935.75000,2997.52846,2002.70149,2763.29231,1938.84282
2026-09-03 15:05:00,QLD1,4568.47000,3344.94637,463.11170,1535.83983,325.04100
2026-09-03 15:05:00,SA1,1076.21000,262.51464,493.54907,164.25155,286.03714
2026-09-03 15:05:00,TAS1,1047.21000,0.00000,350.07854,0.00000,350.07854
2026-09-03 15:05:00,VIC1,3932.50000,899.58800,2779.73943,547.81710,1931.13404
2026-09-03 15:10:00,NSW1,6028.21000,2939.84299,1986.10494,2498.20279,1931.04518
2026-09-03 15:10:00,QLD1,4649.13000,3405.70001,459.35990,1559.34218,326.93700
2026-09-03 15:10:00,SA1,1049.13000,354.67137,456.72305,280.74055,284.84655
2026-09-03 15:10:00,TAS1,1056.70000,0.00000,357.06927,0.00000,357.06927
2026-09-03 15:10:00,VIC1,4017.96000,712.66264,2762.84415,452.05000,2099.82610
2026-09-03 15:15:00,NSW1,6038.26000,3010.51149,1970.16749,2473.90321,1918.18347
2026-09-03 15:15:00,QLD1,4759.02000,3351.24082,479.62550,1593.36071,349.34900
2026-09-03 15:15:00,SA1,1026.55000,388.33945,464.62839,336.64181,294.38899
2026-09-03 15:15:00,TAS1,1069.97000,0.00000,357.82198,0.00000,357.82198
2026-09-03 15:15:00,VIC1,4051.62000,921.15285,2744.37415,559.91504,1926.19911
2026-09-03 15:20:00,NSW1,6266.98000,2988.98055,1940.28957,2465.18674,1924.53619
2026-09-03 15:20:00,QLD1,4771.60000,3328.67433,513.22860,1692.91501,367.24800
2026-09-03 15:20:00,SA1,1064.08000,333.37983,477.27302,266.70710,442.88427
2026-09-03 15:20:00,TAS1,1077.87000,0.00000,358.23500,0.00000,358.23500
2026-09-03 15:20:00,VIC1,4231.14000,986.47041,2754.33385,669.71804,1848.20857
2026-09-03 15:25:00,NSW1,6305.79000,2861.88979,1953.25701,2472.49297,1685.74288
2026-09-03 15:25:00,QLD1,4901.98000,3311.15590,543.75770,1911.89768,418.84100
2026-09-03 15:25:00,SA1,1054.73000,337.48600,449.31315,299.64964,413.14375
2026-09-03 15:25:00,TAS1,1078.24000,0.00000,358.69776,0.00000,358.69776
2026-09-03 15:25:00,VIC1,4269.58000,1006.54337,2699.15352,811.12522,2004.98187
2026-09-03 15:30:00,NSW1,6423.92000,2757.33536,1933.97018,2530.64416,1831.62469
2026-09-03 15:30:00,QLD1,4999.87000,3276.76640,545.72270,1823.58549,404.77114
2026-09-03 15:30:00,SA1,1034.22000,411.50026,504.74947,323.77300,465.24107
2026-09-03 15:30:00,TAS1,1066.16000,0.00000,358.05656,0.00000,358.05656
2026-09-03 15:30:00,VIC1,4151.57000,1058.06376,2673.04390,737.23631,1932.82926
2026-09-03 15:35:00,NSW1,6562.30000,2765.15092,1947.21078,2462.54712,1800.50717
2026-09-03 15:35:00,QLD1,5079.84000,3160.76756,522.03160,1815.09647,384.32000
2026-09-03 15:35:00,SA1,1030.18000,456.85299,495.97292,456.85299,464.21802
2026-09-03 15:35:00,TAS1,1081.57000,0.00000,312.09664,0.00000,312.09664
2026-09-03 15:35:00,VIC1,4255.59000,925.63802,2689.50657,641.95611,1820.25659
2026-09-03 15:40:00,NSW1,6664.38000,2666.14084,1905.89342,2383.42428,1767.23144
2026-09-03 15:40:00,QLD1,5165.04000,3197.19925,561.73390,1915.55633,420.36100
2026-09-03 15:40:00,SA1,1027.15000,410.88636,466.86599,410.88636,466.86599
2026-09-03 15:40:00,TAS1,1096.03000,0.00000,343.30658,0.00000,343.30658
2026-09-03 15:40:00,VIC1,4427.28000,982.10594,2650.18842,705.91739,1850.62135
2026-09-03 15:45:00,NSW1,6826.47000,2763.13819,1918.54082,2453.67050,1656.23255
2026-09-03 15:45:00,QLD1,5386.39000,3091.95005,526.78260,2263.23296,406.94800
2026-09-03 15:45:00,SA1,1017.51000,364.79617,504.18802,364.79617,504.18802
2026-09-03 15:45:00,TAS1,1100.84000,0.00000,347.11418,0.00000,347.11418
2026-09-03 15:45:00,VIC1,4492.52000,988.82417,2693.63580,724.42062,1843.63438
2026-09-03 15:50:00,NSW1,6865.04000,2789.02077,1867.81250,2532.69042,1601.62354
2026-09-03 15:50:00,QLD1,5573.22000,3068.25527,512.96510,2543.22514,417.12100
2026-09-03 15:50:00,SA1,1022.50000,328.45528,503.31173,328.45528,503.31173
2026-09-03 15:50:00,TAS1,1118.18000,0.00000,353.50720,0.00000,353.50720
2026-09-03 15:50:00,VIC1,4521.41000,1024.20488,2647.03641,714.98088,1835.44284
2026-09-03 15:55:00,NSW1,6989.44000,2746.94429,1889.38268,2584.12777,1613.77335
2026-09-03 15:55:00,QLD1,5766.46000,3044.23785,529.58840,2569.03389,429.96200
2026-09-03 15:55:00,SA1,1009.75000,285.97037,477.19389,285.97037,477.19389
2026-09-03 15:55:00,TAS1,1117.39000,0.00000,360.18948,0.00000,360.18948
2026-09-03 15:55:00,VIC1,4622.90000,995.74173,2610.15819,890.89973,1806.83528
2026-09-03 16:00:00,NSW1,7103.93000,2623.50378,1871.82373,2539.76996,1785.71225
2026-09-03 16:00:00,QLD1,5966.07000,2868.74152,524.03350,2672.18891,427.25400
2026-09-03 16:00:00,SA1,1063.15000,273.04882,469.06817,273.04882,469.06817
2026-09-03 16:00:00,TAS1,1110.64000,0.00000,359.35366,0.00000,359.35366
2026-09-03 16:00:00,VIC1,4749.10000,959.13738,2562.81364,959.13738,2286.62701
2026-09-03 16:05:00,NSW1,7175.14000,2451.99371,1897.50383,2422.58710,1810.30578
2026-09-03 16:05:00,QLD1,6074.77000,2749.83384,515.56100,2669.65088,477.33100
2026-09-03 16:05:00,SA1,1086.14000,241.59583,427.73338,241.59583,406.44828
2026-09-03 16:05:00,TAS1,1117.80000,0.00000,360.68540,0.00000,360.68540
2026-09-03 16:05:00,VIC1,4759.80000,934.75710,2542.65344,931.70010,2223.22060
2026-09-03 16:10:00,NSW1,7375.33000,2632.98547,1858.78237,2553.22683,1790.61722
2026-09-03 16:10:00,QLD1,6115.01000,2645.23553,552.80330,2619.34127,552.80330
2026-09-03 16:10:00,SA1,1149.73000,323.43473,428.72022,323.43473,410.60062
2026-09-03 16:10:00,TAS1,1122.65000,0.00000,361.18892,0.00000,361.18892
2026-09-03 16:10:00,VIC1,4709.14000,771.56589,2396.67993,771.56589,2198.57732
2026-09-03 16:15:00,NSW1,7424.68000,2690.23519,1856.53388,2606.02644,1856.53388
2026-09-03 16:15:00,QLD1,6204.15000,2556.08975,541.17580,2556.08975,541.17580
2026-09-03 16:15:00,SA1,1157.07000,305.69647,431.37610,305.69647,412.42297
2026-09-03 16:15:00,TAS1,1133.50000,0.00000,362.61734,0.00000,362.61734
2026-09-03 16:15:00,VIC1,4829.76000,764.41324,2323.61369,764.41324,1984.76299
2026-09-03 16:20:00,NSW1,7596.33000,2604.68704,1826.13862,2511.13121,1826.13862
2026-09-03 16:20:00,QLD1,6338.46000,2469.34529,516.97940,2469.34529,516.97940
2026-09-03 16:20:00,SA1,1234.03000,314.09958,404.79261,299.85856,307.71371
2026-09-03 16:20:00,TAS1,1136.07000,0.00000,356.55079,0.00000,356.55079
2026-09-03 16:20:00,VIC1,4944.54000,984.56647,2332.87543,984.56647,1879.48223
2026-09-03 16:25:00,NSW1,7669.67000,2147.31595,1800.43266,2110.04798,1790.70574
2026-09-03 16:25:00,QLD1,6419.37000,2281.13005,521.04816,2281.13005,521.04816
2026-09-03 16:25:00,SA1,1239.31000,262.43619,377.07594,262.43619,377.07594
2026-09-03 16:25:00,TAS1,1138.19000,0.00000,352.44083,0.00000,352.44083
2026-09-03 16:25:00,VIC1,5059.59000,747.17396,2458.00597,747.17396,2458.00597
2026-09-03 16:30:00,NSW1,7792.73000,2075.32788,1782.23860,2043.33177,1782.23860
2026-09-03 16:30:00,QLD1,6551.90000,2059.92818,512.46296,2059.92818,512.46296
2026-09-03 16:30:00,SA1,1267.60000,236.71310,363.51235,236.71310,363.51235
2026-09-03 16:30:00,TAS1,1143.90000,0.00000,358.65672,0.00000,358.65672
2026-09-03 16:30:00,VIC1,5068.43000,811.76187,2380.89924,811.76187,2380.89924
2026-09-03 16:35:00,NSW1,7857.46000,1921.67805,1774.83330,1907.70496,1769.35774
2026-09-03 16:35:00,QLD1,6682.48000,1865.80445,537.02100,1865.80445,537.02100
2026-09-03 16:35:00,SA1,1309.96000,233.30019,348.95451,233.30019,348.95451
2026-09-03 16:35:00,TAS1,1140.51000,0.00000,354.39502,0.00000,354.39502
2026-09-03 16:35:00,VIC1,5242.78000,669.45828,2191.25997,669.45828,2191.25997
2026-09-03 16:40:00,NSW1,7975.13000,1645.76070,1708.46548,1645.76070,1708.46548
2026-09-03 16:40:00,QLD1,6709.45000,1806.65397,522.54580,1678.98440,522.54580
2026-09-03 16:40:00,SA1,1292.00000,228.65673,323.97838,228.65673,323.97838
2026-09-03 16:40:00,TAS1,1142.97000,0.00000,344.59714,0.00000,344.59714
2026-09-03 16:40:00,VIC1,5353.57000,735.83764,2056.67053,735.57764,2056.67053
2026-09-03 16:45:00,NSW1,8020.47000,1563.02668,1703.35152,1563.02668,1703.35152
2026-09-03 16:45:00,QLD1,6808.93000,1605.08233,526.51470,1584.75704,526.51470
2026-09-03 16:45:00,SA1,1282.37000,235.96082,326.68656,235.96082,326.68656
2026-09-03 16:45:00,TAS1,1149.54000,0.00000,338.90040,0.00000,338.90040
2026-09-03 16:45:00,VIC1,5521.95000,728.42888,1989.76313,728.42888,1989.76313
2026-09-03 16:50:00,NSW1,7963.00000,1395.08257,1656.62327,1395.08257,1656.62327
2026-09-03 16:50:00,QLD1,6866.38000,1488.69437,571.15880,1462.50463,571.15880
2026-09-03 16:50:00,SA1,1251.15000,186.49846,359.01879,186.49846,359.01879
2026-09-03 16:50:00,TAS1,1153.28000,0.00000,323.71963,0.00000,323.71963
2026-09-03 16:50:00,VIC1,5516.51000,633.12035,1948.63661,633.10035,1948.63661
2026-09-03 16:55:00,NSW1,8128.28000,1119.71997,1674.61304,1119.71997,1674.61304
2026-09-03 16:55:00,QLD1,6890.49000,1289.05411,573.85230,1289.05411,573.85230
2026-09-03 16:55:00,SA1,1293.09000,176.63619,367.69215,176.63619,367.69215
2026-09-03 16:55:00,TAS1,1171.65000,0.00000,335.45380,0.00000,335.45380
2026-09-03 16:55:00,VIC1,5600.16000,488.13261,1969.34109,488.13261,1969.34109
2026-09-03 17:00:00,NSW1,8251.34000,1015.61618,1667.95265,1015.61618,1667.95265
2026-09-03 17:00:00,QLD1,7020.31000,1118.80095,579.36860,1118.80095,579.36860
2026-09-03 17:00:00,SA1,1297.87000,137.24164,346.18852,137.24164,346.18852
2026-09-03 17:00:00,TAS1,1175.37000,0.00000,349.95342,0.00000,349.95342
2026-09-03 17:00:00,VIC1,5678.59000,401.10422,1964.41337,395.75422,1964.41337
2026-09-03 17:05:00,NSW1,8305.57000,900.07402,1650.49523,900.07402,1650.49523
2026-09-03 17:05:00,QLD1,7005.69000,946.50695,583.75600,946.50695,583.75600
2026-09-03 17:05:00,SA1,1333.38000,159.68472,332.32763,159.68472,332.32763
2026-09-03 17:05:00,TAS1,1177.37000,0.00000,366.29239,0.00000,366.29239
2026-09-03 17:05:00,VIC1,5815.66000,297.07238,1900.15810,297.07238,1900.15810
2026-09-03 17:10:00,NSW1,8247.43000,653.65247,1600.42872,653.65247,1600.42872
2026-09-03 17:10:00,QLD1,7039.80000,790.60157,590.52370,790.60157,590.52370
2026-09-03 17:10:00,SA1,1371.01000,169.82710,345.86513,169.82710,345.86513
2026-09-03 17:10:00,TAS1,1201.24000,0.00000,359.16404,0.00000,359.16404
2026-09-03 17:10:00,VIC1,5844.81000,265.84525,1864.69436,265.84525,1864.69436
2026-09-03 17:15:00,NSW1,8364.77000,530.03784,1601.11934,530.03784,1601.11934
2026-09-03 17:15:00,QLD1,7052.92000,614.99890,564.95530,614.99890,564.95530
2026-09-03 17:15:00,SA1,1387.01000,195.43199,381.70990,195.43199,381.70990
2026-09-03 17:15:00,TAS1,1200.62000,0.00000,360.82845,0.00000,360.82845
2026-09-03 17:15:00,VIC1,5922.56000,235.04294,1796.79023,235.04294,1796.79023
2026-09-03 17:20:00,NSW1,8414.81000,399.20262,1604.01789,399.20262,1604.01789
2026-09-03 17:20:00,QLD1,7160.00000,444.07033,527.58397,444.07033,527.58397
2026-09-03 17:20:00,SA1,1387.34000,140.28054,357.89884,140.28054,357.89884
2026-09-03 17:20:00,TAS1,1216.08000,0.00000,345.33745,0.00000,345.33745
2026-09-03 17:20:00,VIC1,6036.73000,220.09432,1791.44592,220.09432,1791.44592
2026-09-03 17:25:00,NSW1,8496.28000,260.96069,1594.65038,260.96069,1594.65038
2026-09-03 17:25:00,QLD1,7187.25000,278.88336,522.98059,278.88336,522.98059
2026-09-03 17:25:00,SA1,1419.09000,125.48091,271.19901,125.48091,271.19901
2026-09-03 17:25:00,TAS1,1227.80000,0.00000,341.85700,0.00000,341.85700
2026-09-03 17:25:00,VIC1,6161.92000,222.49939,1803.54399,222.49939,1803.54399
2026-09-03 17:30:00,NSW1,8538.06000,197.55464,1610.12277,197.55464,1610.12277
2026-09-03 17:30:00,QLD1,7278.64000,175.62886,531.51812,175.62886,531.51812
2026-09-03 17:30:00,SA1,1453.16000,77.46345,239.75472,77.46345,239.75472
2026-09-03 17:30:00,TAS1,1235.56000,0.00000,340.52841,0.00000,340.52841
2026-09-03 17:30:00,VIC1,6231.25000,163.37990,1773.88155,163.37990,1773.88155
2026-09-03 17:35:00,NSW1,8612.44000,150.40555,1610.68102,150.40555,1610.68102
2026-09-03 17:35:00,QLD1,7331.20000,103.16608,499.73585,103.16608,499.73585
2026-09-03 17:35:00,SA1,1486.71000,85.67591,210.89591,85.67591,210.89591
2026-09-03 17:35:00,TAS1,1244.27000,0.00000,325.06496,0.00000,325.06496
2026-09-03 17:35:00,VIC1,6261.83000,113.85578,1763.36270,113.85578,1763.36270
2026-09-03 17:40:00,NSW1,8662.76000,87.98754,1622.44612,87.98754,1622.44612
2026-09-03 17:40:00,QLD1,7358.31000,62.35829,492.35771,62.35829,492.35771
2026-09-03 17:40:00,SA1,1544.08000,67.23064,246.26903,67.23064,246.26903
2026-09-03 17:40:00,TAS1,1253.65000,0.00000,332.72832,0.00000,332.72832
2026-09-03 17:40:00,VIC1,6390.36000,63.69251,1686.86197,63.69251,1686.86197
2026-09-03 17:45:00,NSW1,8689.50000,43.09415,1615.26825,43.09415,1615.26825
2026-09-03 17:45:00,QLD1,7329.51000,27.92550,493.49135,27.92550,493.49135
2026-09-03 17:45:00,SA1,1590.62000,55.05090,241.64413,55.05090,241.64413
2026-09-03 17:45:00,TAS1,1269.22000,0.00000,341.07261,0.00000,341.07261
2026-09-03 17:45:00,VIC1,6437.66000,46.74265,1654.77459,46.74265,1654.77459
2026-09-03 17:50:00,NSW1,8603.70000,13.66446,1610.75590,13.66446,1610.75590
2026-09-03 17:50:00,QLD1,7417.75000,12.89671,488.82343,12.89671,488.82343
2026-09-03 17:50:00,SA1,1611.44000,50.54591,246.62025,50.54591,246.62025
2026-09-03 17:50:00,TAS1,1276.38000,0.00000,362.77900,0.00000,362.77900
2026-09-03 17:50:00,VIC1,6450.94000,37.22205,1653.31366,37.22205,1653.31366
2026-09-03 17:55:00,NSW1,8822.65000,8.39300,1584.46786,8.39300,1575.55787
2026-09-03 17:55:00,QLD1,7475.61000,6.15199,479.12507,6.15199,479.12507
2026-09-03 17:55:00,SA1,1642.97000,39.45572,228.59596,39.45572,228.59596
2026-09-03 17:55:00,TAS1,1277.13000,0.00000,367.13534,0.00000,367.13534
2026-09-03 17:55:00,VIC1,6565.37000,8.43867,1570.53236,8.43867,1570.53236
2026-09-03 18:00:00,NSW1,8738.45000,3.36236,1500.19417,3.36236,1500.19417
2026-09-03 18:00:00,QLD1,7523.59000,3.17500,473.51421,3.17500,473.51421
2026-09-03 18:00:00,SA1,1654.25000,34.67718,240.00648,34.67718,240.00648
2026-09-03 18:00:00,TAS1,1278.83000,0.00000,360.41772,0.00000,360.41772
2026-09-03 18:00:00,VIC1,6676.37000,3.30440,1592.88014,3.30440,1592.88014
2026-09-03 18:05:00,NSW1,8885.64000,1.13700,1507.44300,1.13700,1507.44300
2026-09-03 18:05:00,QLD1,7501.15000,0.83000,465.32809,0.83000,465.32809
2026-09-03 18:05:00,SA1,1677.29000,10.10518,233.94973,10.10518,233.94973
2026-09-03 18:05:00,TAS1,1281.46000,0.00000,337.58292,0.00000,337.58292
2026-09-03 18:05:00,VIC1,6720.70000,3.52100,1554.78656,3.52100,1554.78656
2026-09-03 18:10:00,NSW1,8836.99000,0.44400,1512.02302,0.44400,1512.02302
2026-09-03 18:10:00,QLD1,7486.95000,0.00000,467.32801,0.00000,467.32801
2026-09-03 18:10:00,SA1,1709.52000,4.76310,234.92001,4.76310,234.92001
2026-09-03 18:10:00,TAS1,1289.16000,0.00000,320.81780,0.00000,320.81780
2026-09-03 18:10:00,VIC1,6693.97000,0.60000,1563.95173,0.60000,1563.95173
2026-09-03 18:15:00,NSW1,8851.12000,0.00000,1489.24393,0.00000,1489.24393
2026-09-03 18:15:00,QLD1,7444.16000,0.00000,489.50181,0.00000,489.50181
2026-09-03 18:15:00,SA1,1735.16000,5.36982,234.39647,5.36982,234.39647
2026-09-03 18:15:00,TAS1,1302.22000,0.00000,337.52124,0.00000,337.52124
2026-09-03 18:15:00,VIC1,6665.20000,0.30000,1522.76398,0.30000,1522.76398
2026-09-03 18:20:00,NSW1,8749.49000,0.00000,1432.75740,0.00000,1432.75740
2026-09-03 18:20:00,QLD1,7472.11000,0.00000,507.90250,0.00000,507.90250
2026-09-03 18:20:00,SA1,1735.72000,4.59400,243.66861,4.59400,243.66861
2026-09-03 18:20:00,TAS1,1303.77000,0.00000,342.87262,0.00000,342.87262
2026-09-03 18:20:00,VIC1,6797.06000,0.00000,1439.83768,0.00000,1439.83768
2026-09-03 18:25:00,NSW1,8752.33000,0.00000,1415.16228,0.00000,1415.16228
2026-09-03 18:25:00,QLD1,7471.75000,0.00000,512.79389,0.00000,512.79389
2026-09-03 18:25:00,SA1,1724.28000,0.54091,220.54235,0.54091,220.54235
2026-09-03 18:25:00,TAS1,1309.56000,0.00000,367.14348,0.00000,367.14348
2026-09-03 18:25:00,VIC1,6880.36000,0.00000,1460.86074,0.00000,1460.86074
2026-09-03 18:30:00,NSW1,8753.69000,0.00000,1401.36283,0.00000,1401.36283
2026-09-03 18:30:00,QLD1,7520.03000,0.00000,530.41110,0.00000,530.41110
2026-09-03 18:30:00,SA1,1775.46000,0.75600,209.34053,0.75600,209.34053
2026-09-03 18:30:00,TAS1,1302.53000,0.00000,365.28791,0.00000,365.28791
2026-09-03 18:30:00,VIC1,6856.36000,0.00000,1394.63961,0.00000,1394.63961
2026-09-03 18:35:00,NSW1,8704.09000,0.00000,1410.83715,0.00000,1410.83715
2026-09-03 18:35:00,QLD1,7508.77000,0.00000,541.58667,0.00000,541.58667
2026-09-03 18:35:00,SA1,1732.77000,0.11100,193.45198,0.11100,193.45198
2026-09-03 18:35:00,TAS1,1302.49000,0.00000,365.14293,0.00000,365.14293
2026-09-03 18:35:00,VIC1,6976.09000,0.00000,1353.63674,0.00000,1353.63674
2026-09-03 18:40:00,NSW1,8791.67000,0.00000,1400.10673,0.00000,1400.10673
2026-09-03 18:40:00,QLD1,7475.52000,0.00000,579.81137,0.00000,579.81137
2026-09-03 18:40:00,SA1,1810.16000,0.03500,182.04495,0.03500,182.04495
2026-09-03 18:40:00,TAS1,1302.32000,0.00000,365.59383,0.00000,365.59383
2026-09-03 18:40:00,VIC1,6997.68000,0.00000,1348.20155,0.00000,1348.20155
2026-09-03 18:45:00,NSW1,8750.50000,0.00000,1373.58565,0.00000,1373.58565
2026-09-03 18:45:00,QLD1,7479.26000,0.00000,581.52047,0.00000,581.52047
2026-09-03 18:45:00,SA1,1814.81000,0.03500,158.48386,0.03500,158.48386
2026-09-03 18:45:00,TAS1,1309.80000,0.00000,397.34234,0.00000,397.34234
2026-09-03 18:45:00,VIC1,6976.73000,0.00000,1265.50098,0.00000,1265.50098
2026-09-03 18:50:00,NSW1,8668.48000,0.00000,1356.48097,0.00000,1356.48097
2026-09-03 18:50:00,QLD1,7454.81000,0.00000,596.98283,0.00000,596.98283
2026-09-03 18:50:00,SA1,1766.66000,0.03500,151.52243,0.03500,151.52243
2026-09-03 18:50:00,TAS1,1298.54000,0.00000,391.74628,0.00000,391.74628
2026-09-03 18:50:00,VIC1,6915.95000,0.00000,1262.22153,0.00000,1262.22153
2026-09-03 18:55:00,NSW1,8709.55000,0.00000,1320.27337,0.00000,1320.27337
2026-09-03 18:55:00,QLD1,7408.71000,0.00000,608.43537,0.00000,608.43537
2026-09-03 18:55:00,SA1,1763.67000,0.03500,161.82921,0.03500,161.82921
2026-09-03 18:55:00,TAS1,1287.97000,0.00000,395.45282,0.00000,395.45282
2026-09-03 18:55:00,VIC1,6867.15000,0.00000,1264.51127,0.00000,1264.51127
2026-09-03 19:00:00,NSW1,8676.90000,0.00000,1272.02721,0.00000,1272.02721
2026-09-03 19:00:00,QLD1,7446.38000,0.00000,630.95474,0.00000,630.95474
2026-09-03 19:00:00,SA1,1815.16000,0.03500,139.40572,0.03500,139.40572
2026-09-03 19:00:00,TAS1,1289.15000,0.00000,375.52597,0.00000,375.52597
2026-09-03 19:00:00,VIC1,6968.76000,0.00000,1220.40785,0.00000,1220.40785
2026-09-03 19:05:00,NSW1,8704.16000,0.00000,1289.16765,0.00000,1289.16765
2026-09-03 19:05:00,QLD1,7327.32000,0.00000,633.65062,0.00000,633.65062
2026-09-03 19:05:00,SA1,1775.70000,0.03500,107.25797,0.03500,107.25797
2026-09-03 19:05:00,TAS1,1301.32000,0.00000,370.57544,0.00000,370.57544
2026-09-03 19:05:00,VIC1,6934.86000,0.00000,1188.81262,0.00000,1188.81262
2026-09-03 19:10:00,NSW1,8609.70000,0.00000,1258.36077,0.00000,1258.36077
2026-09-03 19:10:00,QLD1,7353.64000,0.00000,633.78691,0.00000,633.78691
2026-09-03 19:10:00,SA1,1767.37000,0.00000,104.59247,0.00000,104.59247
2026-09-03 19:10:00,TAS1,1299.03000,0.00000,374.07927,0.00000,374.07927
2026-09-03 19:10:00,VIC1,6877.30000,0.00000,1165.08987,0.00000,1165.08987
2026-09-03 19:15:00,NSW1,8636.76000,0.00000,1281.12364,0.00000,1281.12364
2026-09-03 19:15:00,QLD1,7239.83000,0.00000,635.85455,0.00000,635.85455
2026-09-03 19:15:00,SA1,1782.56000,0.00000,110.62842,0.00000,110.62842
2026-09-03 19:15:00,TAS1,1292.50000,0.00000,375.80115,0.00000,375.80115
2026-09-03 19:15:00,VIC1,6892.41000,0.00000,1196.42893,0.00000,1196.42893
2026-09-03 19:20:00,NSW1,8457.53000,0.00000,1250.09025,0.00000,1250.09025
2026-09-03 19:20:00,QLD1,7279.27000,0.00000,649.30334,0.00000,649.30334
2026-09-03 19:20:00,SA1,1759.00000,0.00000,111.19083,0.00000,111.19083
2026-09-03 19:20:00,TAS1,1294.47000,0.00000,360.66834,0.00000,360.66834
2026-09-03 19:20:00,VIC1,6892.77000,0.00000,1205.13918,0.00000,1205.13918
2026-09-03 19:25:00,NSW1,8561.61000,0.00000,1289.25892,0.00000,1289.25892
2026-09-03 19:25:00,QLD1,7137.36000,0.00000,662.47221,0.00000,662.47221
2026-09-03 19:25:00,SA1,1744.18000,0.00000,146.68626,0.00000,146.68626
2026-09-03 19:25:00,TAS1,1304.49000,0.00000,317.94205,0.00000,317.94205
2026-09-03 19:25:00,VIC1,6873.91000,0.00000,1208.30307,0.00000,1208.30307
2026-09-03 19:30:00,NSW1,8478.89000,0.00000,1292.22471,0.00000,1292.22471
2026-09-03 19:30:00,QLD1,7210.76000,0.00000,666.22062,0.00000,666.22062
2026-09-03 19:30:00,SA1,1732.68000,0.00000,164.82759,0.00000,164.82759
2026-09-03 19:30:00,TAS1,1309.03000,0.00000,291.80365,0.00000,291.80365
2026-09-03 19:30:00,VIC1,6855.30000,0.00000,1168.03454,0.00000,1168.03454
2026-09-03 19:35:00,NSW1,8338.79000,0.00000,1295.53115,0.00000,1295.53115
2026-09-03 19:35:00,QLD1,7187.15000,0.00000,668.73530,0.00000,668.73530
2026-09-03 19:35:00,SA1,1721.51000,0.00000,138.39588,0.00000,138.39588
2026-09-03 19:35:00,TAS1,1302.43000,0.00000,288.18529,0.00000,288.18529
2026-09-03 19:35:00,VIC1,6836.14000,0.00000,1148.91054,0.00000,1148.91054
2026-09-03 19:40:00,NSW1,8483.11000,0.00000,1304.78855,0.00000,1304.78855
2026-09-03 19:40:00,QLD1,7148.82000,0.00000,696.49433,0.00000,696.49433
2026-09-03 19:40:00,SA1,1771.91000,0.00000,133.51703,0.00000,133.51703
2026-09-03 19:40:00,TAS1,1300.05000,0.00000,322.09490,0.00000,322.09490
2026-09-03 19:40:00,VIC1,6808.34000,0.00000,1177.27028,0.00000,1177.27028
2026-09-03 19:45:00,NSW1,8486.00000,0.00000,1300.42131,0.00000,1300.42131
2026-09-03 19:45:00,QLD1,7167.96000,0.00000,697.29660,0.00000,697.29660
2026-09-03 19:45:00,SA1,1727.87000,0.00000,134.41716,0.00000,134.41716
2026-09-03 19:45:00,TAS1,1288.20000,0.00000,342.72409,0.00000,342.72409
2026-09-03 19:45:00,VIC1,6872.53000,0.00000,1148.35170,0.00000,1148.35170
2026-09-03 19:50:00,NSW1,8328.36000,0.00000,1310.44217,0.00000,1310.44217
2026-09-03 19:50:00,QLD1,7100.06000,0.00000,675.74110,0.00000,675.74110
2026-09-03 19:50:00,SA1,1740.67000,0.00000,117.62413,0.00000,117.62413
2026-09-03 19:50:00,TAS1,1258.22000,0.00000,362.50531,0.00000,362.50531
2026-09-03 19:50:00,VIC1,6820.26000,0.00000,1144.69483,0.00000,1144.69483
2026-09-03 19:55:00,NSW1,8312.68000,0.00000,1334.20856,0.00000,1334.20856
2026-09-03 19:55:00,QLD1,7076.46000,0.00000,676.27900,0.00000,676.27900
2026-09-03 19:55:00,SA1,1736.40000,0.00000,114.10195,0.00000,114.10195
2026-09-03 19:55:00,TAS1,1269.05000,0.00000,382.01766,0.00000,382.01766
2026-09-03 19:55:00,VIC1,6827.30000,0.00000,1197.38270,0.00000,1197.38270
2026-09-03 20:00:00,NSW1,8346.35000,0.00000,1334.53080,0.00000,1334.53080
2026-09-03 20:00:00,QLD1,7074.14000,0.00000,690.56540,0.00000,690.56540
2026-09-03 20:00:00,SA1,1743.62000,0.00000,100.01371,0.00000,100.01371
2026-09-03 20:00:00,TAS1,1272.96000,0.00000,393.31986,0.00000,393.31986
2026-09-03 20:00:00,VIC1,6852.52000,0.00000,1220.07784,0.00000,1220.07784
2026-09-03 20:05:00,NSW1,8320.05000,0.00000,1276.84222,0.00000,1276.84222
2026-09-03 20:05:00,QLD1,7047.16000,0.00000,704.62190,0.00000,704.62190
2026-09-03 20:05:00,SA1,1725.16000,0.00000,86.67580,0.00000,86.67580
2026-09-03 20:05:00,TAS1,1265.68000,0.00000,398.44865,0.00000,398.44865
2026-09-03 20:05:00,VIC1,6831.74000,0.00000,1234.39727,0.00000,1234.39727
2026-09-03 20:10:00,NSW1,8369.97000,0.00000,1286.12540,0.00000,1286.12540
2026-09-03 20:10:00,QLD1,7037.61000,0.00000,718.96860,0.00000,718.96860
2026-09-03 20:10:00,SA1,1734.16000,0.00000,104.04012,0.00000,104.04012
2026-09-03 20:10:00,TAS1,1268.05000,0.00000,399.70999,0.00000,399.70999
2026-09-03 20:10:00,VIC1,6851.31000,0.00000,1240.20000,0.00000,1240.20000
2026-09-03 20:15:00,NSW1,8356.62000,0.00000,1254.74861,0.00000,1254.74861
2026-09-03 20:15:00,QLD1,6974.14000,0.00000,735.51750,0.00000,735.51750
2026-09-03 20:15:00,SA1,1746.48000,0.00000,123.06232,0.00000,123.06232
2026-09-03 20:15:00,TAS1,1261.11000,0.00000,399.50231,0.00000,399.50231
2026-09-03 20:15:00,VIC1,6790.99000,0.00000,1272.88336,0.00000,1272.88336
2026-09-03 20:20:00,NSW1,8295.95000,0.00000,1159.59009,0.00000,1159.59009
2026-09-03 20:20:00,QLD1,6949.20000,0.00000,743.27910,0.00000,743.27910
2026-09-03 20:20:00,SA1,1747.67000,0.00000,140.90628,0.00000,140.90628
2026-09-03 20:20:00,TAS1,1269.01000,0.00000,396.83235,0.00000,396.83235
2026-09-03 20:20:00,VIC1,6711.33000,0.00000,1298.43659,0.00000,1298.43659
2026-09-03 20:25:00,NSW1,8212.87000,0.00000,1163.64319,0.00000,1163.64319
2026-09-03 20:25:00,QLD1,6947.56000,0.00000,751.79550,0.00000,751.79550
2026-09-03 20:25:00,SA1,1747.16000,0.00000,170.33951,0.00000,170.33951
2026-09-03 20:25:00,TAS1,1262.27000,0.00000,397.43601,0.00000,397.43601
2026-09-03 20:25:00,VIC1,6755.42000,0.00000,1348.96357,0.00000,1348.96357
2026-09-03 20:30:00,NSW1,8291.91000,0.00000,1176.77586,0.00000,1176.77586
2026-09-03 20:30:00,QLD1,6898.48000,0.00000,760.35230,0.00000,760.35230
2026-09-03 20:30:00,SA1,1746.62000,0.00000,153.35944,0.00000,153.35944
2026-09-03 20:30:00,TAS1,1260.98000,0.00000,397.94613,0.00000,397.94613
2026-09-03 20:30:00,VIC1,6700.36000,0.00000,1351.26812,0.00000,1351.26812
2026-09-03 20:35:00,NSW1,8142.99000,0.00000,1137.98178,0.00000,1137.98178
2026-09-03 20:35:00,QLD1,6864.12000,0.00000,767.73230,0.00000,767.73230
2026-09-03 20:35:00,SA1,1746.53000,0.00000,137.64814,0.00000,137.64814
2026-09-03 20:35:00,TAS1,1253.48000,0.00000,394.70003,0.00000,394.70003
2026-09-03 20:35:00,VIC1,6720.89000,0.00000,1378.32746,0.00000,1378.32746
2026-09-03 20:40:00,NSW1,8214.14000,0.00000,1122.97148,0.00000,1122.97148
2026-09-03 20:40:00,QLD1,7023.21000,0.00000,783.88480,0.00000,783.88480
2026-09-03 20:40:00,SA1,1743.85000,0.00000,108.04480,0.00000,108.04480
2026-09-03 20:40:00,TAS1,1248.27000,0.00000,395.03926,0.00000,395.03926
2026-09-03 20:40:00,VIC1,6712.90000,0.00000,1362.67347,0.00000,1362.67347
2026-09-03 20:45:00,NSW1,8229.58000,0.00000,1120.44430,0.00000,1120.44430
2026-09-03 20:45:00,QLD1,6955.68000,0.00000,786.88520,0.00000,786.88520
2026-09-03 20:45:00,SA1,1743.52000,0.00000,104.76000,0.00000,104.76000
2026-09-03 20:45:00,TAS1,1245.98000,0.00000,391.93943,0.00000,391.93943
2026-09-03 20:45:00,VIC1,6665.99000,0.00000,1382.39826,0.00000,1382.39826
2026-09-03 20:50:00,NSW1,8072.57000,0.00000,1100.53673,0.00000,1100.53673
2026-09-03 20:50:00,QLD1,6913.55000,0.00000,825.90690,0.00000,825.90690
2026-09-03 20:50:00,SA1,1730.88000,0.00000,103.18150,0.00000,103.18150
2026-09-03 20:50:00,TAS1,1267.13000,0.00000,382.43475,0.00000,382.43475
2026-09-03 20:50:00,VIC1,6650.65000,0.00000,1440.59143,0.00000,1440.59143
2026-09-03 20:55:00,NSW1,7968.11000,0.00000,1132.83139,0.00000,1132.83139
2026-09-03 20:55:00,QLD1,6972.27000,0.00000,845.78790,0.00000,845.78790
2026-09-03 20:55:00,SA1,1714.52000,0.00000,104.30060,0.00000,104.30060
2026-09-03 20:55:00,TAS1,1257.41000,0.00000,381.72489,0.00000,381.72489
2026-09-03 20:55:00,VIC1,6639.16000,0.00000,1428.79338,0.00000,1428.79338
2026-09-03 21:00:00,NSW1,8101.65000,0.00000,1135.01365,0.00000,1135.01365
2026-09-03 21:00:00,QLD1,6904.24000,0.00000,865.00030,0.00000,865.00030
2026-09-03 21:00:00,SA1,1710.84000,0.00000,103.48630,0.00000,103.48630
2026-09-03 21:00:00,TAS1,1228.39000,0.00000,377.22926,0.00000,377.22926
2026-09-03 21:00:00,VIC1,6607.89000,0.00000,1353.40271,0.00000,1353.40271
2026-09-03 21:05:00,NSW1,8095.98000,0.00000,1122.49638,0.00000,1122.49638
2026-09-03 21:05:00,QLD1,6901.85000,0.00000,902.10850,0.00000,902.10850
2026-09-03 21:05:00,SA1,1702.19000,0.00000,104.87771,0.00000,104.87771
2026-09-03 21:05:00,TAS1,1228.88000,0.00000,368.17034,0.00000,368.17034
2026-09-03 21:05:00,VIC1,6493.73000,0.00000,1318.76586,0.00000,1318.76586
2026-09-03 21:10:00,NSW1,7983.80000,0.00000,1115.44238,0.00000,1115.44238
2026-09-03 21:10:00,QLD1,6850.11000,0.00000,909.39950,0.00000,909.39950
2026-09-03 21:10:00,SA1,1665.97000,0.00000,104.28277,0.00000,104.28277
2026-09-03 21:10:00,TAS1,1234.42000,0.00000,376.58624,0.00000,376.58624
2026-09-03 21:10:00,VIC1,6533.96000,0.00000,1304.06503,0.00000,1304.06503
2026-09-03 21:15:00,NSW1,7901.78000,0.00000,1082.25330,0.00000,1082.25330
2026-09-03 21:15:00,QLD1,6806.02000,0.00000,958.84860,0.00000,958.84860
2026-09-03 21:15:00,SA1,1645.19000,0.00000,97.67132,0.00000,97.67132
2026-09-03 21:15:00,TAS1,1223.97000,0.00000,399.96902,0.00000,399.96902
2026-09-03 21:15:00,VIC1,6484.02000,0.00000,1312.33689,0.00000,1312.33689
2026-09-03 21:20:00,NSW1,7928.97000,0.00000,1105.02313,0.00000,1105.02313
2026-09-03 21:20:00,QLD1,6764.51000,0.00000,971.18540,0.00000,971.18540
2026-09-03 21:20:00,SA1,1645.53000,0.00000,83.18281,0.00000,83.18281
2026-09-03 21:20:00,TAS1,1216.21000,0.00000,393.51528,0.00000,393.51528
2026-09-03 21:20:00,VIC1,6404.82000,0.00000,1266.54806,0.00000,1266.54806
2026-09-03 21:25:00,NSW1,7902.02000,0.00000,1117.46565,0.00000,1117.46565
2026-09-03 21:25:00,QLD1,6797.88000,0.00000,989.37850,0.00000,989.37850
2026-09-03 21:25:00,SA1,1661.50000,0.00000,81.81947,0.00000,81.81947
2026-09-03 21:25:00,TAS1,1211.82000,0.00000,371.99782,0.00000,371.99782
2026-09-03 21:25:00,VIC1,6438.60000,0.00000,1273.28384,0.00000,1273.28384
2026-09-03 21:30:00,NSW1,7802.55000,0.00000,1085.19799,0.00000,1085.19799
2026-09-03 21:30:00,QLD1,6810.94000,0.00000,1003.57590,0.00000,1003.57590
2026-09-03 21:30:00,SA1,1633.12000,0.00000,75.68672,0.00000,75.68672
2026-09-03 21:30:00,TAS1,1207.20000,0.00000,364.31758,0.00000,364.31758
2026-09-03 21:30:00,VIC1,6434.26000,0.00000,1283.26459,0.00000,1283.26459
2026-09-03 21:35:00,NSW1,7745.17000,0.00000,1084.93902,0.00000,1084.93902
2026-09-03 21:35:00,QLD1,6790.11000,0.00000,1003.12080,0.00000,1003.12080
2026-09-03 21:35:00,SA1,1628.12000,0.00000,69.71577,0.00000,69.71577
2026-09-03 21:35:00,TAS1,1203.04000,0.00000,367.25174,0.00000,367.25174
2026-09-03 21:35:00,VIC1,6401.68000,0.00000,1316.94929,0.00000,1316.94929
2026-09-03 21:40:00,NSW1,7819.88000,0.00000,1079.37413,0.00000,1079.37413
2026-09-03 21:40:00,QLD1,6742.60000,0.00000,1012.44320,0.00000,1012.44320
2026-09-03 21:40:00,SA1,1624.60000,0.00000,62.15540,0.00000,62.15540
2026-09-03 21:40:00,TAS1,1193.91000,0.00000,369.80002,0.00000,369.80002
2026-09-03 21:40:00,VIC1,6363.24000,0.00000,1327.77307,0.00000,1327.77307
2026-09-03 21:45:00,NSW1,7789.01000,0.00000,1060.23109,0.00000,1060.23109
2026-09-03 21:45:00,QLD1,6639.84000,0.00000,1024.44080,0.00000,1024.44080
2026-09-03 21:45:00,SA1,1615.73000,0.00000,66.29507,0.00000,66.29507
2026-09-03 21:45:00,TAS1,1185.60000,0.00000,386.67375,0.00000,386.67375
2026-09-03 21:45:00,VIC1,6246.19000,0.00000,1322.24422,0.00000,1322.24422
2026-09-03 21:50:00,NSW1,7796.31000,0.00000,1059.63994,0.00000,1059.63994
2026-09-03 21:50:00,QLD1,6645.00000,0.00000,1009.54470,0.00000,1009.54470
2026-09-03 21:50:00,SA1,1626.23000,0.00000,63.66686,0.00000,63.66686
2026-09-03 21:50:00,TAS1,1174.70000,0.00000,386.93667,0.00000,386.93667
2026-09-03 21:50:00,VIC1,6213.36000,0.00000,1316.56650,0.00000,1316.56650
2026-09-03 21:55:00,NSW1,7731.05000,0.00000,1048.51960,0.00000,1048.51960
2026-09-03 21:55:00,QLD1,6596.93000,0.00000,1009.34460,0.00000,1009.34460
2026-09-03 21:55:00,SA1,1609.68000,0.00000,61.96337,0.00000,61.96337
2026-09-03 21:55:00,TAS1,1168.66000,0.00000,371.99896,0.00000,371.99896
2026-09-03 21:55:00,VIC1,6135.33000,0.00000,1354.33802,0.00000,1354.33802
2026-09-03 22:00:00,NSW1,7651.02000,0.00000,1042.95307,0.00000,1042.95307
2026-09-03 22:00:00,QLD1,6607.16000,0.00000,1013.54350,0.00000,1013.54350
2026-09-03 22:00:00,SA1,1583.41000,0.00000,70.38089,0.00000,70.38089
2026-09-03 22:00:00,TAS1,1164.35000,0.00000,317.48854,0.00000,317.48854
2026-09-03 22:00:00,VIC1,6185.54000,0.00000,1439.43765,0.00000,1439.43765
2026-09-03 22:05:00,NSW1,7632.03000,0.00000,1024.49717,0.00000,1024.49717
2026-09-03 22:05:00,QLD1,6509.06000,0.00000,1016.03770,0.00000,1016.03770
2026-09-03 22:05:00,SA1,1590.11000,0.00000,70.96876,0.00000,70.96876
2026-09-03 22:05:00,TAS1,1157.14000,0.00000,289.86454,0.00000,289.86454
2026-09-03 22:05:00,VIC1,6143.77000,0.00000,1471.26713,0.00000,1471.26713
2026-09-03 22:10:00,NSW1,7755.88000,0.00000,1034.00126,0.00000,1034.00126
2026-09-03 22:10:00,QLD1,6461.09000,0.00000,1019.85420,0.00000,1019.85420
2026-09-03 22:10:00,SA1,1577.01000,0.00000,76.77480,0.00000,76.77480
2026-09-03 22:10:00,TAS1,1154.02000,0.00000,319.89858,0.00000,319.89858
2026-09-03 22:10:00,VIC1,6109.84000,0.00000,1530.54161,0.00000,1530.54161
2026-09-03 22:15:00,NSW1,7768.52000,0.00000,1031.61061,0.00000,1031.61061
2026-09-03 22:15:00,QLD1,6504.73000,0.00000,1026.32850,0.00000,1026.32850
2026-09-03 22:15:00,SA1,1546.41000,0.00000,82.25700,0.00000,82.25700
2026-09-03 22:15:00,TAS1,1137.95000,0.00000,306.21093,0.00000,306.21093
2026-09-03 22:15:00,VIC1,6067.32000,0.00000,1554.09498,0.00000,1554.09498
2026-09-03 22:20:00,NSW1,7752.74000,0.00000,1015.29008,0.00000,1015.29008
2026-09-03 22:20:00,QLD1,6481.61000,0.00000,1023.22640,0.00000,1023.22640
2026-09-03 22:20:00,SA1,1531.22000,0.00000,83.79870,0.00000,83.79870
2026-09-03 22:20:00,TAS1,1135.30000,0.00000,311.60543,0.00000,311.60543
2026-09-03 22:20:00,VIC1,6045.04000,0.00000,1555.49540,0.00000,1555.49540
2026-09-03 22:25:00,NSW1,7699.56000,0.00000,999.97694,0.00000,999.97694
2026-09-03 22:25:00,QLD1,6390.16000,0.00000,1016.14740,0.00000,1016.14740
2026-09-03 22:25:00,SA1,1541.70000,0.00000,101.33354,0.00000,101.33354
2026-09-03 22:25:00,TAS1,1124.56000,0.00000,303.86461,0.00000,303.86461
2026-09-03 22:25:00,VIC1,6022.84000,0.00000,1499.67134,0.00000,1499.67134
2026-09-03 22:30:00,NSW1,7731.26000,0.00000,979.24256,0.00000,979.24256
2026-09-03 22:30:00,QLD1,6286.02000,0.00000,1017.46970,0.00000,1017.46970
2026-09-03 22:30:00,SA1,1533.05000,0.00000,80.16867,0.00000,80.16867
2026-09-03 22:30:00,TAS1,1117.35000,0.00000,328.63532,0.00000,328.63532
2026-09-03 22:30:00,VIC1,5918.22000,0.00000,1446.75782,0.00000,1446.75782
2026-09-03 22:35:00,NSW1,7681.78000,0.00000,1018.67488,0.00000,1018.67488
2026-09-03 22:35:00,QLD1,6258.45000,0.00000,999.00150,0.00000,999.00150
2026-09-03 22:35:00,SA1,1524.71000,0.00000,89.82617,0.00000,89.82617
2026-09-03 22:35:00,TAS1,1109.80000,0.00000,321.20870,0.00000,321.20870
2026-09-03 22:35:00,VIC1,5937.78000,0.00000,1461.41590,0.00000,1461.41590
2026-09-03 22:40:00,NSW1,7641.56000,0.00000,1021.96674,0.00000,1021.96674
2026-09-03 22:40:00,QLD1,6219.93000,0.00000,982.60700,0.00000,982.60700
2026-09-03 22:40:00,SA1,1513.12000,0.00000,93.05820,0.00000,93.05820
2026-09-03 22:40:00,TAS1,1104.80000,0.00000,339.15087,0.00000,339.15087
2026-09-03 22:40:00,VIC1,5861.47000,0.00000,1444.69516,0.00000,1444.69516
2026-09-03 22:45:00,NSW1,7555.06000,0.00000,980.22914,0.00000,980.22914
2026-09-03 22:45:00,QLD1,6215.92000,0.00000,975.94470,0.00000,975.94470
2026-09-03 22:45:00,SA1,1484.00000,0.00000,86.44672,0.00000,86.44672
2026-09-03 22:45:00,TAS1,1094.74000,0.00000,364.90831,0.00000,364.90831
2026-09-03 22:45:00,VIC1,5891.73000,0.00000,1482.23777,0.00000,1482.23777
2026-09-03 22:50:00,NSW1,7555.13000,0.00000,983.09171,0.00000,983.09171
2026-09-03 22:50:00,QLD1,6196.21000,0.00000,967.79250,0.00000,967.79250
2026-09-03 22:50:00,SA1,1475.44000,0.00000,86.52027,0.00000,86.52027
2026-09-03 22:50:00,TAS1,1081.88000,0.00000,366.52653,0.00000,366.52653
2026-09-03 22:50:00,VIC1,5804.96000,0.00000,1484.03452,0.00000,1484.03452
2026-09-03 22:55:00,NSW1,7584.40000,0.00000,973.08588,0.00000,973.08588
2026-09-03 22:55:00,QLD1,6144.92000,0.00000,964.93184,0.00000,964.93184
2026-09-03 22:55:00,SA1,1464.05000,0.00000,93.28504,0.00000,93.28504
2026-09-03 22:55:00,TAS1,1078.30000,0.00000,386.15198,0.00000,386.15198
2026-09-03 22:55:00,VIC1,5710.10000,0.00000,1514.70234,0.00000,1514.70234
2026-09-03 23:00:00,NSW1,7533.93000,0.00000,973.05395,0.00000,973.05395
2026-09-03 23:00:00,QLD1,6081.39000,0.00000,967.22810,0.00000,967.22810
2026-09-03 23:00:00,SA1,1454.91000,0.00000,100.19953,0.00000,100.19953
2026-09-03 23:00:00,TAS1,1067.23000,0.00000,386.26084,0.00000,386.26084
2026-09-03 23:00:00,VIC1,5762.32000,0.00000,1515.22848,0.00000,1515.22848
2026-09-03 23:05:00,NSW1,7429.85000,0.00000,980.36269,0.00000,980.36269
2026-09-03 23:05:00,QLD1,6094.20000,0.00000,960.74740,0.00000,960.74740
2026-09-03 23:05:00,SA1,1439.28000,0.00000,113.92986,0.00000,113.92986
2026-09-03 23:05:00,TAS1,1060.30000,0.00000,376.29519,0.00000,376.29519
2026-09-03 23:05:00,VIC1,5772.36000,0.00000,1495.59287,0.00000,1495.59287
2026-09-03 23:10:00,NSW1,7481.18000,0.00000,950.87398,0.00000,950.87398
2026-09-03 23:10:00,QLD1,6068.70000,0.00000,925.28170,0.00000,925.28170
2026-09-03 23:10:00,SA1,1426.37000,0.00000,126.54673,0.00000,126.54673
2026-09-03 23:10:00,TAS1,1058.74000,0.00000,363.51970,0.00000,363.51970
2026-09-03 23:10:00,VIC1,5863.41000,0.00000,1508.62730,0.00000,1508.62730
2026-09-03 23:15:00,NSW1,7425.08000,0.00000,934.28425,0.00000,934.28425
2026-09-03 23:15:00,QLD1,6115.71000,0.00000,910.48940,0.00000,910.48940
2026-09-03 23:15:00,SA1,1404.76000,0.00000,170.55951,0.00000,170.55951
2026-09-03 23:15:00,TAS1,1051.91000,0.00000,361.61818,0.00000,361.61818
2026-09-03 23:15:00,VIC1,5840.27000,0.00000,1483.67135,0.00000,1483.67135
2026-09-03 23:20:00,NSW1,7370.45000,0.00000,925.70380,0.00000,925.70380
2026-09-03 23:20:00,QLD1,6078.10000,0.00000,910.57550,0.00000,910.57550
2026-09-03 23:20:00,SA1,1389.14000,0.00000,171.44160,0.00000,171.44160
2026-09-03 23:20:00,TAS1,1050.48000,0.00000,372.72357,0.00000,372.72357
2026-09-03 23:20:00,VIC1,5786.35000,0.00000,1515.80245,0.00000,1515.80245
2026-09-03 23:25:00,NSW1,7418.96000,0.00000,924.19300,0.00000,924.19300
2026-09-03 23:25:00,QLD1,6038.78000,0.00000,915.65880,0.00000,915.65880
2026-09-03 23:25:00,SA1,1388.57000,0.00000,153.29444,0.00000,153.29444
2026-09-03 23:25:00,TAS1,1047.63000,0.00000,393.09643,0.00000,393.09643
2026-09-03 23:25:00,VIC1,5790.43000,0.00000,1554.93306,0.00000,1554.93306
2026-09-03 23:30:00,NSW1,7307.39000,0.00000,912.43529,0.00000,912.43529
2026-09-03 23:30:00,QLD1,6049.27000,0.00000,911.74600,0.00000,911.74600
2026-09-03 23:30:00,SA1,1404.66000,0.00000,149.69074,0.00000,149.69074
2026-09-03 23:30:00,TAS1,1046.61000,0.00000,392.48267,0.00000,392.48267
2026-09-03 23:30:00,VIC1,5739.46000,0.00000,1550.37000,0.00000,1550.37000
2026-09-03 23:35:00,NSW1,7330.29000,0.00000,907.95734,0.00000,907.95734
2026-09-03 23:35:00,QLD1,6062.23000,0.00000,916.56880,0.00000,916.56880
2026-09-03 23:35:00,SA1,1417.20000,0.00000,153.13943,0.00000,153.13943
2026-09-03 23:35:00,TAS1,1034.25000,0.00000,395.73242,0.00000,395.73242
2026-09-03 23:35:00,VIC1,5752.00000,0.00000,1540.37367,0.00000,1540.37367
2026-09-03 23:40:00,NSW1,7316.65000,0.00000,879.53358,0.00000,879.53358
2026-09-03 23:40:00,QLD1,6054.59000,0.00000,937.67640,0.00000,937.67640
2026-09-03 23:40:00,SA1,1439.10000,0.00000,156.69548,0.00000,156.69548
2026-09-03 23:40:00,TAS1,1034.27000,0.00000,399.14686,0.00000,399.14686
2026-09-03 23:40:00,VIC1,5741.13000,0.00000,1533.54380,0.00000,1533.54380
2026-09-03 23:45:00,NSW1,7317.67000,0.00000,854.92877,0.00000,854.92877
2026-09-03 23:45:00,QLD1,6024.83000,0.00000,948.73933,0.00000,948.73933
2026-09-03 23:45:00,SA1,1426.92000,0.00000,168.39431,0.00000,168.39431
2026-09-03 23:45:00,TAS1,1031.51000,0.00000,398.66938,0.00000,398.66938
2026-09-03 23:45:00,VIC1,5695.16000,0.00000,1472.17512,0.00000,1472.17512
2026-09-03 23:50:00,NSW1,7249.64000,0.00000,844.43973,0.00000,844.43973
2026-09-03 23:50:00,QLD1,6035.99000,0.00000,959.55960,0.00000,959.55960
2026-09-03 23:50:00,SA1,1415.84000,0.00000,185.01953,0.00000,185.01953
2026-09-03 23:50:00,TAS1,1026.24000,0.00000,398.40132,0.00000,398.40132
2026-09-03 23:50:00,VIC1,5615.46000,0.00000,1454.49350,0.00000,1454.49350
2026-09-03 23:55:00,NSW1,7277.12000,0.00000,829.25104,0.00000,829.25104
2026-09-03 23:55:00,QLD1,5941.20000,0.00000,939.74700,0.00000,939.74700
2026-09-03 23:55:00,SA1,1401.53000,0.00000,195.67515,0.00000,195.67515
2026-09-03 23:55:00,TAS1,1016.71000,0.00000,396.95669,0.00000,396.95669
2026-09-03 23:55:00,VIC1,5624.57000,0.00000,1467.88538,0.00000,1467.88538
2026-09-04 00:00:00,NSW1,7244.75000,0.00000,816.22730,0.00000,816.22730
2026-09-04 00:00:00,QLD1,5914.84000,0.00000,925.30080,0.00000,925.30080
2026-09-04 00:00:00,SA1,1398.50000,0.00000,206.71420,0.00000,206.71420
2026-09-04 00:00:00,TAS1,1011.82000,0.00000,392.90875,0.00000,392.90875
2026-09-04 00:00:00,VIC1,5619.32000,0.00000,1445.81794,0.00000,1445.81794
2026-09-04 00:05:00,NSW1,7185.24000,0.00000,819.80721,0.00000,819.80721
2026-09-04 00:05:00,QLD1,5880.32000,0.00000,926.86580,0.00000,926.86580
2026-09-04 00:05:00,SA1,1399.77000,0.00000,187.81471,0.00000,187.81471
2026-09-04 00:05:00,TAS1,1012.81000,0.00000,392.71443,0.00000,392.71443
2026-09-04 00:05:00,VIC1,5605.15000,0.00000,1436.05031,0.00000,1436.05031
2026-09-04 00:10:00,NSW1,7362.05000,0.00000,780.03341,0.00000,780.03341
2026-09-04 00:10:00,QLD1,5883.06000,0.00000,913.85101,0.00000,913.85101
2026-09-04 00:10:00,SA1,1383.39000,0.00000,171.12758,0.00000,171.12758
2026-09-04 00:10:00,TAS1,1012.36000,0.00000,392.53873,0.00000,392.53873
2026-09-04 00:10:00,VIC1,5591.91000,0.00000,1440.48434,0.00000,1440.48434
2026-09-04 00:15:00,NSW1,7348.26000,0.00000,744.38057,0.00000,744.38057
2026-09-04 00:15:00,QLD1,5832.85000,0.00000,886.71950,0.00000,886.71950
2026-09-04 00:15:00,SA1,1378.59000,0.00000,171.78625,0.00000,171.78625
2026-09-04 00:15:00,TAS1,999.23000,0.00000,390.43164,0.00000,390.43164
2026-09-04 00:15:00,VIC1,5511.84000,0.00000,1405.48533,0.00000,1405.48533
2026-09-04 00:20:00,NSW1,7351.27000,0.00000,701.62287,0.00000,701.62287
2026-09-04 00:20:00,QLD1,5805.91000,0.00000,876.54450,0.00000,876.54450
2026-09-04 00:20:00,SA1,1411.08000,0.00000,163.85724,0.00000,163.85724
2026-09-04 00:20:00,TAS1,1003.31000,0.00000,392.47810,0.00000,392.47810
2026-09-04 00:20:00,VIC1,5506.19000,0.00000,1405.98616,0.00000,1405.98616
2026-09-04 00:25:00,NSW1,7350.00000,0.00000,668.45055,0.00000,668.45055
2026-09-04 00:25:00,QLD1,5785.96000,0.00000,853.93970,0.00000,853.93970
2026-09-04 00:25:00,SA1,1411.30000,0.00000,182.61632,0.00000,182.61632
2026-09-04 00:25:00,TAS1,1005.57000,0.00000,389.43394,0.00000,389.43394
2026-09-04 00:25:00,VIC1,5525.89000,0.00000,1386.47063,0.00000,1386.47063
2026-09-04 00:30:00,NSW1,7330.44000,0.00000,646.96501,0.00000,646.96501
2026-09-04 00:30:00,QLD1,5729.50000,0.00000,857.15460,0.00000,857.15460
2026-09-04 00:30:00,SA1,1381.65000,0.00000,190.78273,0.00000,190.78273
2026-09-04 00:30:00,TAS1,996.77000,0.00000,380.41025,0.00000,380.41025
2026-09-04 00:30:00,VIC1,5479.92000,0.00000,1427.51874,0.00000,1427.51874
2026-09-04 00:35:00,NSW1,7299.54000,0.00000,633.62039,0.00000,633.62039
2026-09-04 00:35:00,QLD1,5736.30000,0.00000,841.20160,0.00000,841.20160
2026-09-04 00:35:00,SA1,1383.65000,0.00000,209.70021,0.00000,209.70021
2026-09-04 00:35:00,TAS1,994.05000,0.00000,367.61506,0.00000,367.61506
2026-09-04 00:35:00,VIC1,5388.26000,0.00000,1429.40613,0.00000,1429.40613
2026-09-04 00:40:00,NSW1,7193.43000,0.00000,634.62478,0.00000,634.62478
2026-09-04 00:40:00,QLD1,5768.58000,0.00000,872.05750,0.00000,872.05750
2026-09-04 00:40:00,SA1,1395.59000,0.00000,226.82988,0.00000,226.82988
2026-09-04 00:40:00,TAS1,995.79000,0.00000,363.05509,0.00000,363.05509
2026-09-04 00:40:00,VIC1,5413.71000,0.00000,1435.42234,0.00000,1435.42234
2026-09-04 00:45:00,NSW1,7204.25000,0.00000,623.26494,0.00000,623.26494
2026-09-04 00:45:00,QLD1,5728.16000,0.00000,872.47430,0.00000,872.47430
2026-09-04 00:45:00,SA1,1388.84000,0.00000,263.50547,0.00000,263.50547
2026-09-04 00:45:00,TAS1,987.97000,0.00000,361.53662,0.00000,361.53662
2026-09-04 00:45:00,VIC1,5399.42000,0.00000,1419.45145,0.00000,1419.45145
2026-09-04 00:50:00,NSW1,7088.95000,0.00000,612.11193,0.00000,612.11193
2026-09-04 00:50:00,QLD1,5702.21000,0.00000,856.81320,0.00000,856.81320
2026-09-04 00:50:00,SA1,1369.95000,0.00000,264.64010,0.00000,264.64010
2026-09-04 00:50:00,TAS1,992.25000,0.00000,355.97728,0.00000,355.97728
2026-09-04 00:50:00,VIC1,5362.05000,0.00000,1411.76239,0.00000,1411.76239
2026-09-04 00:55:00,NSW1,7089.69000,0.00000,628.65182,0.00000,628.65182
2026-09-04 00:55:00,QLD1,5681.20000,0.00000,876.59140,0.00000,876.59140
2026-09-04 00:55:00,SA1,1400.73000,0.00000,293.08925,0.00000,293.08925
2026-09-04 00:55:00,TAS1,995.83000,0.00000,320.08890,0.00000,320.08890
2026-09-04 00:55:00,VIC1,5330.64000,0.00000,1410.27488,0.00000,1410.27488
2026-09-04 01:00:00,NSW1,7087.06000,0.00000,633.29286,0.00000,633.29286
2026-09-04 01:00:00,QLD1,5648.57000,0.00000,876.07610,0.00000,876.07610
2026-09-04 01:00:00,SA1,1393.25000,0.00000,318.80221,0.00000,318.80221
2026-09-04 01:00:00,TAS1,1002.87000,0.00000,303.55654,0.00000,303.55654
2026-09-04 01:00:00,VIC1,5233.28000,0.00000,1447.90175,0.00000,1447.90175
2026-09-04 01:05:00,NSW1,7052.73000,0.00000,649.91518,0.00000,649.91518
2026-09-04 01:05:00,QLD1,5609.29000,0.00000,883.07810,0.00000,883.07810
2026-09-04 01:05:00,SA1,1375.67000,0.00000,340.41314,0.00000,340.41314
2026-09-04 01:05:00,TAS1,999.48000,0.00000,289.92985,0.00000,289.92985
2026-09-04 01:05:00,VIC1,5208.99000,0.00000,1448.74590,0.00000,1448.74590
2026-09-04 01:10:00,NSW1,7041.79000,0.00000,649.37346,0.00000,649.37346
2026-09-04 01:10:00,QLD1,5652.71000,0.00000,882.65559,0.00000,882.65559
2026-09-04 01:10:00,SA1,1366.69000,0.00000,322.10081,0.00000,322.10081
2026-09-04 01:10:00,TAS1,988.63000,0.00000,295.13544,0.00000,295.13544
2026-09-04 01:10:00,VIC1,5233.21000,0.00000,1475.46879,0.00000,1475.46879
2026-09-04 01:15:00,NSW1,6980.82000,0.00000,623.56870,0.00000,623.56870
2026-09-04 01:15:00,QLD1,5642.66000,0.00000,886.41793,0.00000,886.41793
2026-09-04 01:15:00,SA1,1370.78000,0.00000,346.67789,0.00000,346.67789
2026-09-04 01:15:00,TAS1,987.35000,0.00000,301.65491,0.00000,301.65491
2026-09-04 01:15:00,VIC1,5226.05000,0.00000,1467.31964,0.00000,1467.31964
2026-09-04 01:20:00,NSW1,6991.48000,0.00000,608.95276,0.00000,608.95276
2026-09-04 01:20:00,QLD1,5590.16000,0.00000,896.19662,0.00000,896.19662
2026-09-04 01:20:00,SA1,1355.09000,0.00000,352.99109,0.00000,352.99109
2026-09-04 01:20:00,TAS1,1000.05000,0.00000,331.14180,0.00000,331.14180
2026-09-04 01:20:00,VIC1,5135.81000,0.00000,1476.74996,0.00000,1476.74996
2026-09-04 01:25:00,NSW1,6958.44000,0.00000,590.93019,0.00000,590.93019
2026-09-04 01:25:00,QLD1,5556.32000,0.00000,910.94172,0.00000,910.94172
2026-09-04 01:25:00,SA1,1350.80000,0.00000,367.29746,0.00000,367.29746
2026-09-04 01:25:00,TAS1,982.50000,0.00000,314.94664,0.00000,314.94664
2026-09-04 01:25:00,VIC1,5210.60000,0.00000,1459.51690,0.00000,1459.51690
2026-09-04 01:30:00,NSW1,6921.82000,0.00000,560.55717,0.00000,560.55717
2026-09-04 01:30:00,QLD1,5502.30000,0.00000,899.80149,0.00000,899.80149
2026-09-04 01:30:00,SA1,1353.15000,0.00000,391.33234,0.00000,391.33234
2026-09-04 01:30:00,TAS1,981.45000,0.00000,361.26663,0.00000,361.26663
2026-09-04 01:30:00,VIC1,5202.02000,0.00000,1445.32593,0.00000,1445.32593
2026-09-04 01:35:00,NSW1,6865.83000,0.00000,552.72392,0.00000,552.72392
2026-09-04 01:35:00,QLD1,5556.38000,0.00000,906.13925,0.00000,906.13925
2026-09-04 01:35:00,SA1,1351.14000,0.00000,393.38249,0.00000,393.38249
2026-09-04 01:35:00,TAS1,964.35000,0.00000,377.87749,0.00000,377.87749
2026-09-04 01:35:00,VIC1,5184.35000,0.00000,1468.66263,0.00000,1468.66263
2026-09-04 01:40:00,NSW1,6863.08000,0.00000,542.65720,0.00000,542.65720
2026-09-04 01:40:00,QLD1,5515.97000,0.00000,926.36967,0.00000,926.36967
2026-09-04 01:40:00,SA1,1353.99000,0.00000,377.00210,0.00000,377.00210
2026-09-04 01:40:00,TAS1,950.86000,0.00000,381.56034,0.00000,381.56034
2026-09-04 01:40:00,VIC1,5155.78000,0.00000,1506.26993,0.00000,1506.26993
2026-09-04 01:45:00,NSW1,6811.15000,0.00000,525.46246,0.00000,525.46246
2026-09-04 01:45:00,QLD1,5502.89000,0.00000,926.96607,0.00000,926.96607
2026-09-04 01:45:00,SA1,1348.29000,0.00000,387.81648,0.00000,387.81648
2026-09-04 01:45:00,TAS1,954.31000,0.00000,376.33775,0.00000,376.33775
2026-09-04 01:45:00,VIC1,5062.27000,0.00000,1495.08169,0.00000,1495.08169
2026-09-04 01:50:00,NSW1,6806.75000,0.00000,539.20423,0.00000,539.20423
2026-09-04 01:50:00,QLD1,5517.49000,0.00000,947.75637,0.00000,947.75637
2026-09-04 01:50:00,SA1,1351.19000,0.00000,395.64875,0.00000,395.64875
2026-09-04 01:50:00,TAS1,963.28000,0.00000,358.98034,0.00000,358.98034
2026-09-04 01:50:00,VIC1,5093.34000,0.00000,1504.67893,0.00000,1504.67893
2026-09-04 01:55:00,NSW1,6808.95000,0.00000,514.13406,0.00000,514.13406
2026-09-04 01:55:00,QLD1,5462.32000,0.00000,957.22622,0.00000,957.22622
2026-09-04 01:55:00,SA1,1334.99000,0.00000,386.89147,0.00000,386.89147
2026-09-04 01:55:00,TAS1,970.37000,0.00000,352.51414,0.00000,352.51414
2026-09-04 01:55:00,VIC1,5068.73000,0.00000,1494.08830,0.00000,1494.08830
2026-09-04 02:00:00,NSW1,6801.86000,0.00000,476.22754,0.00000,476.22754
2026-09-04 02:00:00,QLD1,5460.18000,0.00000,980.30325,0.00000,980.30325
2026-09-04 02:00:00,SA1,1341.48000,0.00000,375.54537,0.00000,375.54537
2026-09-04 02:00:00,TAS1,962.36000,0.00000,347.06350,0.00000,347.06350
2026-09-04 02:00:00,VIC1,4988.80000,0.00000,1506.51371,0.00000,1506.51371
2026-09-04 02:05:00,NSW1,6791.23000,0.00000,470.15739,0.00000,470.15739
2026-09-04 02:05:00,QLD1,5443.20000,0.00000,1006.50020,0.00000,1006.50020
2026-09-04 02:05:00,SA1,1328.77000,0.00000,369.82473,0.00000,369.82473
2026-09-04 02:05:00,TAS1,967.07000,0.00000,351.49123,0.00000,351.49123
2026-09-04 02:05:00,VIC1,5026.41000,0.00000,1521.99160,0.00000,1521.99160
2026-09-04 02:10:00,NSW1,6767.58000,0.00000,469.11788,0.00000,469.11788
2026-09-04 02:10:00,QLD1,5463.22000,0.00000,1035.51027,0.00000,1035.51027
2026-09-04 02:10:00,SA1,1326.93000,0.00000,384.37843,0.00000,384.37843
2026-09-04 02:10:00,TAS1,962.59000,0.00000,358.70939,0.00000,358.70939
2026-09-04 02:10:00,VIC1,5034.01000,0.00000,1540.16347,0.00000,1540.16347
2026-09-04 02:15:00,NSW1,6752.32000,0.00000,467.08038,0.00000,467.08038
2026-09-04 02:15:00,QLD1,5465.28000,0.00000,1089.26947,0.00000,1089.26947
2026-09-04 02:15:00,SA1,1311.05000,0.00000,404.73558,0.00000,404.73558
2026-09-04 02:15:00,TAS1,951.89000,0.00000,364.52434,0.00000,364.52434
2026-09-04 02:15:00,VIC1,5031.88000,0.00000,1525.70408,0.00000,1525.70408
2026-09-04 02:20:00,NSW1,6717.39000,0.00000,447.10679,0.00000,447.10679
2026-09-04 02:20:00,QLD1,5417.39000,0.00000,1141.66239,0.00000,1141.66239
2026-09-04 02:20:00,SA1,1304.85000,0.00000,402.10270,0.00000,402.10270
2026-09-04 02:20:00,TAS1,955.68000,0.00000,358.53553,0.00000,358.53553
2026-09-04 02:20:00,VIC1,5028.48000,0.00000,1517.62800,0.00000,1517.62800
2026-09-04 02:25:00,NSW1,6699.07000,0.00000,453.16303,0.00000,453.16303
2026-09-04 02:25:00,QLD1,5444.32000,0.00000,1182.57567,0.00000,1182.57567
2026-09-04 02:25:00,SA1,1308.46000,0.00000,411.70736,0.00000,411.70736
2026-09-04 02:25:00,TAS1,951.03000,0.00000,347.55469,0.00000,347.55469
2026-09-04 02:25:00,VIC1,4945.15000,0.00000,1485.08639,0.00000,1485.08639
2026-09-04 02:30:00,NSW1,6682.95000,0.00000,432.17661,0.00000,432.17661
2026-09-04 02:30:00,QLD1,5399.83000,0.00000,1204.07902,0.00000,1204.07902
2026-09-04 02:30:00,SA1,1308.45000,0.00000,444.79366,0.00000,444.79366
2026-09-04 02:30:00,TAS1,954.27000,0.00000,335.43764,0.00000,335.43764
2026-09-04 02:30:00,VIC1,4923.91000,0.00000,1489.55851,0.00000,1489.55851
2026-09-04 02:35:00,NSW1,6673.70000,0.00000,426.98162,0.00000,426.98162
2026-09-04 02:35:00,QLD1,5413.10000,0.00000,1227.81753,0.00000,1227.81753
2026-09-04 02:35:00,SA1,1284.93000,0.00000,455.26974,0.00000,455.26974
2026-09-04 02:35:00,TAS1,955.58000,0.00000,329.55101,0.00000,329.55101
2026-09-04 02:35:00,VIC1,4980.65000,0.00000,1483.70502,0.00000,1483.70502
2026-09-04 02:40:00,NSW1,6642.92000,0.00000,408.17442,0.00000,408.17442
2026-09-04 02:40:00,QLD1,5376.38000,0.00000,1259.40819,0.00000,1259.40819
2026-09-04 02:40:00,SA1,1288.28000,0.00000,467.24118,0.00000,467.24118
2026-09-04 02:40:00,TAS1,953.68000,0.00000,364.00338,0.00000,364.00338
2026-09-04 02:40:00,VIC1,4958.70000,0.00000,1489.96774,0.00000,1489.96774
2026-09-04 02:45:00,NSW1,6618.11000,0.00000,404.66277,0.00000,404.66277
2026-09-04 02:45:00,QLD1,5392.91000,0.00000,1308.51144,0.00000,1308.51144
2026-09-04 02:45:00,SA1,1288.84000,0.00000,514.47661,0.00000,514.47661
2026-09-04 02:45:00,TAS1,949.13000,0.00000,373.83480,0.00000,373.83480
2026-09-04 02:45:00,VIC1,4947.76000,0.00000,1497.22316,0.00000,1497.22316
2026-09-04 02:50:00,NSW1,6609.56000,0.00000,394.88639,0.00000,394.88639
2026-09-04 02:50:00,QLD1,5335.59000,0.00000,1322.40313,0.00000,1322.40313
2026-09-04 02:50:00,SA1,1278.14000,0.00000,535.72374,0.00000,535.72374
2026-09-04 02:50:00,TAS1,947.10000,0.00000,383.39534,0.00000,383.39534
2026-09-04 02:50:00,VIC1,4956.51000,0.00000,1513.50590,0.00000,1513.50590
2026-09-04 02:55:00,NSW1,6544.06000,0.00000,403.65540,0.00000,403.65540
2026-09-04 02:55:00,QLD1,5384.21000,0.00000,1313.52345,0.00000,1313.52345
2026-09-04 02:55:00,SA1,1278.28000,0.00000,527.78096,0.00000,527.78096
2026-09-04 02:55:00,TAS1,964.24000,0.00000,389.22171,0.00000,389.22171
2026-09-04 02:55:00,VIC1,4929.50000,0.00000,1524.53847,0.00000,1524.53847
2026-09-04 03:00:00,NSW1,6520.20000,0.00000,395.77525,0.00000,395.77525
2026-09-04 03:00:00,QLD1,5367.52000,0.00000,1290.34740,0.00000,1290.34740
2026-09-04 03:00:00,SA1,1273.94000,0.00000,540.50875,0.00000,540.50875
2026-09-04 03:00:00,TAS1,962.12000,0.00000,387.73859,0.00000,387.73859
2026-09-04 03:00:00,VIC1,4912.44000,0.00000,1531.90303,0.00000,1531.90303
2026-09-04 03:05:00,NSW1,6567.90000,0.00000,379.51955,0.00000,379.51955
2026-09-04 03:05:00,QLD1,5370.81000,0.00000,1243.95452,0.00000,1243.95452
2026-09-04 03:05:00,SA1,1288.41000,0.00000,530.93485,0.00000,530.93485
2026-09-04 03:05:00,TAS1,971.83000,0.00000,383.11484,0.00000,383.11484
2026-09-04 03:05:00,VIC1,4852.90000,0.00000,1504.73638,0.00000,1504.73638
2026-09-04 03:10:00,NSW1,6561.68000,0.00000,390.03075,0.00000,390.03075
2026-09-04 03:10:00,QLD1,5411.39000,0.00000,1200.65315,0.00000,1200.65315
2026-09-04 03:10:00,SA1,1300.32000,0.00000,513.50622,0.00000,513.50622
2026-09-04 03:10:00,TAS1,975.07000,0.00000,379.50189,0.00000,379.50189
2026-09-04 03:10:00,VIC1,4920.82000,0.00000,1555.16291,0.00000,1555.16291
2026-09-04 03:15:00,NSW1,6597.08000,0.00000,403.64191,0.00000,403.64191
2026-09-04 03:15:00,QLD1,5430.10000,0.00000,1161.24996,0.00000,1161.24996
2026-09-04 03:15:00,SA1,1272.66000,0.00000,536.73278,0.00000,536.73278
2026-09-04 03:15:00,TAS1,976.12000,0.00000,383.43944,0.00000,383.43944
2026-09-04 03:15:00,VIC1,4845.90000,0.00000,1559.66245,0.00000,1559.66245
2026-09-04 03:20:00,NSW1,6547.26000,0.00000,396.62892,0.00000,396.62892
2026-09-04 03:20:00,QLD1,5410.60000,0.00000,1129.42806,0.00000,1129.42806
2026-09-04 03:20:00,SA1,1271.06000,0.00000,549.19350,0.00000,549.19350
2026-09-04 03:20:00,TAS1,956.24000,0.00000,380.35090,0.00000,380.35090
2026-09-04 03:20:00,VIC1,4864.25000,0.00000,1545.78717,0.00000,1545.78717
2026-09-04 03:25:00,NSW1,6532.79000,0.00000,382.14914,0.00000,382.14914
2026-09-04 03:25:00,QLD1,5415.51000,0.00000,1093.51932,0.00000,1093.51932
2026-09-04 03:25:00,SA1,1267.39000,0.00000,531.46629,0.00000,531.46629
2026-09-04 03:25:00,TAS1,962.30000,0.00000,373.02887,0.00000,373.02887
2026-09-04 03:25:00,VIC1,4933.12000,0.00000,1497.36647,0.00000,1497.36647
2026-09-04 03:30:00,NSW1,6567.60000,0.00000,379.08609,0.00000,379.08609
2026-09-04 03:30:00,QLD1,5417.73000,0.00000,1083.74965,0.00000,1083.74965
2026-09-04 03:30:00,SA1,1262.11000,0.00000,569.61680,0.00000,569.61680
2026-09-04 03:30:00,TAS1,961.92000,0.00000,380.44730,0.00000,380.44730
2026-09-04 03:30:00,VIC1,4947.49000,0.00000,1511.51004,0.00000,1511.51004
2026-09-04 03:35:00,NSW1,6551.46000,0.00000,380.19455,0.00000,380.19455
2026-09-04 03:35:00,QLD1,5467.55000,0.00000,1041.07701,0.00000,1041.07701
2026-09-04 03:35:00,SA1,1247.64000,0.00000,608.80943,0.00000,608.80943
2026-09-04 03:35:00,TAS1,964.96000,0.00000,384.79279,0.00000,384.79279
2026-09-04 03:35:00,VIC1,4936.24000,0.00000,1453.75509,0.00000,1453.75509
2026-09-04 03:40:00,NSW1,6650.16000,0.00000,383.56098,0.00000,383.56098
2026-09-04 03:40:00,QLD1,5443.69000,0.00000,1043.22658,0.00000,1043.22658
2026-09-04 03:40:00,SA1,1263.16000,0.00000,617.12792,0.00000,617.12792
2026-09-04 03:40:00,TAS1,954.13000,0.00000,380.05088,0.00000,380.05088
2026-09-04 03:40:00,VIC1,4941.28000,0.00000,1394.64340,0.00000,1394.64340
2026-09-04 03:45:00,NSW1,6592.53000,0.00000,386.65492,0.00000,386.65492
2026-09-04 03:45:00,QLD1,5458.28000,0.00000,1041.33260,0.00000,1041.33260
2026-09-04 03:45:00,SA1,1281.02000,0.00000,645.69736,0.00000,645.69736
2026-09-04 03:45:00,TAS1,963.82000,0.00000,372.76624,0.00000,372.76624
2026-09-04 03:45:00,VIC1,4940.86000,0.00000,1392.66701,0.00000,1392.66701
2026-09-04 03:50:00,NSW1,6699.22000,0.00000,381.06112,0.00000,381.06112
2026-09-04 03:50:00,QLD1,5516.47000,0.00000,1022.46460,0.00000,1022.46460
2026-09-04 03:50:00,SA1,1245.48000,0.00000,627.43870,0.00000,627.43870
2026-09-04 03:50:00,TAS1,964.54000,0.00000,370.56930,0.00000,370.56930
2026-09-04 03:50:00,VIC1,4967.82000,0.00000,1352.70689,0.00000,1352.70689
2026-09-04 03:55:00,NSW1,6718.05000,0.00000,370.35224,0.00000,370.35224
2026-09-04 03:55:00,QLD1,5493.34000,0.00000,1007.56700,0.00000,1007.56700
2026-09-04 03:55:00,SA1,1268.79000,0.00000,698.07981,0.00000,698.07981
2026-09-04 03:55:00,TAS1,960.17000,0.00000,371.73482,0.00000,371.73482
2026-09-04 03:55:00,VIC1,4939.06000,0.00000,1375.43420,0.00000,1375.43420
2026-09-04 04:00:00,NSW1,6711.07000,0.00000,372.76934,0.00000,372.76934
2026-09-04 04:00:00,QLD1,5476.08000,0.00000,1038.20140,0.00000,1038.20140
2026-09-04 04:00:00,SA1,1279.56000,0.00000,752.20691,0.00000,752.20691
2026-09-04 04:00:00,TAS1,958.17000,0.00000,369.55407,0.00000,369.55407
2026-09-04 04:00:00,VIC1,4879.03000,0.00000,1342.29021,0.00000,1342.29021
2026-09-04 04:05:00,NSW1,6654.22000,0.00000,361.04623,0.00000,361.04623
2026-09-04 04:05:00,QLD1,5494.72000,0.00000,1018.43220,0.00000,1018.43220
2026-09-04 04:05:00,SA1,1277.41000,0.00000,699.56041,0.00000,638.71641
2026-09-04 04:05:00,TAS1,949.51000,0.00000,356.12066,0.00000,356.12066
2026-09-04 04:05:00,VIC1,4888.18000,0.00000,1337.38432,0.00000,1337.38432
2026-09-04 04:10:00,NSW1,6677.99000,0.00000,327.68127,0.00000,327.68127
2026-09-04 04:10:00,QLD1,5535.79000,0.00000,1022.41350,0.00000,1022.41350
2026-09-04 04:10:00,SA1,1274.87000,0.00000,763.22525,0.00000,763.22525
2026-09-04 04:10:00,TAS1,955.11000,0.00000,353.85644,0.00000,353.85644
2026-09-04 04:10:00,VIC1,4982.33000,0.00000,1297.02721,0.00000,1297.02721
2026-09-04 04:15:00,NSW1,6708.82000,0.00000,323.89106,0.00000,323.89106
2026-09-04 04:15:00,QLD1,5553.68000,0.00000,1020.30590,0.00000,1020.30590
2026-09-04 04:15:00,SA1,1261.25000,0.00000,797.83475,0.00000,797.83475
2026-09-04 04:15:00,TAS1,948.70000,0.00000,345.55905,0.00000,345.55905
2026-09-04 04:15:00,VIC1,4983.92000,0.00000,1309.32133,0.00000,1309.32133
2026-09-04 04:20:00,NSW1,6714.51000,0.00000,336.62875,0.00000,336.62875
2026-09-04 04:20:00,QLD1,5542.51000,0.00000,967.39309,0.00000,967.39309
2026-09-04 04:20:00,SA1,1251.05000,0.00000,834.30667,0.00000,834.30667
2026-09-04 04:20:00,TAS1,955.12000,0.00000,351.51756,0.00000,351.51756
2026-09-04 04:20:00,VIC1,5021.01000,0.00000,1308.33914,0.00000,1308.33914
2026-09-04 04:25:00,NSW1,6688.61000,0.00000,340.29949,0.00000,340.29949
2026-09-04 04:25:00,QLD1,5596.35000,0.00000,942.63530,0.00000,942.63530
2026-09-04 04:25:00,SA1,1250.37000,0.00000,845.15865,0.00000,845.15865
2026-09-04 04:25:00,TAS1,966.07000,0.00000,352.87174,0.00000,352.87174
2026-09-04 04:25:00,VIC1,5033.21000,0.00000,1281.10457,0.00000,1281.10457
2026-09-04 04:30:00,NSW1,6670.35000,0.00000,324.77314,0.00000,324.77314
2026-09-04 04:30:00,QLD1,5579.58000,0.00000,903.84140,0.00000,903.84140
2026-09-04 04:30:00,SA1,1261.26000,0.00000,853.72915,0.00000,853.72915
2026-09-04 04:30:00,TAS1,961.06000,0.00000,354.21126,0.00000,354.21126
2026-09-04 04:30:00,VIC1,5058.20000,0.00000,1245.48686,0.00000,1245.48686
2026-09-04 04:35:00,NSW1,6607.56000,0.00000,303.93264,0.00000,303.93264
2026-09-04 04:35:00,QLD1,5617.32000,0.00000,901.90330,0.00000,901.90330
2026-09-04 04:35:00,SA1,1252.18000,0.00000,880.88632,0.00000,880.88632
2026-09-04 04:35:00,TAS1,974.41000,0.00000,356.15367,0.00000,356.15367
2026-09-04 04:35:00,VIC1,5042.97000,0.00000,1223.49458,0.00000,1223.49458
2026-09-04 04:40:00,NSW1,6615.65000,0.00000,298.90770,0.00000,298.90770
2026-09-04 04:40:00,QLD1,5647.11000,0.00000,882.15100,0.00000,882.15100
2026-09-04 04:40:00,SA1,1268.78000,0.00000,925.57661,0.00000,925.57661
2026-09-04 04:40:00,TAS1,984.64000,0.00000,357.54589,0.00000,357.54589
2026-09-04 04:40:00,VIC1,5028.52000,0.00000,1245.11716,0.00000,1245.11716
2026-09-04 04:45:00,NSW1,6737.61000,0.00000,302.38748,0.00000,302.38748
2026-09-04 04:45:00,QLD1,5639.44000,0.00000,849.33700,0.00000,849.33700
2026-09-04 04:45:00,SA1,1269.14000,0.00000,996.67305,0.00000,996.67305
2026-09-04 04:45:00,TAS1,987.00000,0.00000,351.52846,0.00000,351.52846
2026-09-04 04:45:00,VIC1,5047.16000,0.00000,1272.86643,0.00000,1272.86643
2026-09-04 04:50:00,NSW1,6731.78000,0.00000,294.49860,0.00000,294.49860
2026-09-04 04:50:00,QLD1,5671.39000,0.00000,805.81000,0.00000,805.81000
2026-09-04 04:50:00,SA1,1260.25000,0.00000,995.77698,0.00000,995.77698
2026-09-04 04:50:00,TAS1,981.13000,0.00000,390.91623,0.00000,390.91623
2026-09-04 04:50:00,VIC1,5098.83000,0.00000,1189.62692,0.00000,1189.62692
2026-09-04 04:55:00,NSW1,6748.78000,0.00000,284.18401,0.00000,284.18401
2026-09-04 04:55:00,QLD1,5709.30000,0.00000,776.61790,0.00000,776.61790
2026-09-04 04:55:00,SA1,1265.02000,0.00000,962.13092,0.00000,962.13092
2026-09-04 04:55:00,TAS1,992.63000,0.00000,383.30889,0.00000,383.30889
2026-09-04 04:55:00,VIC1,5120.02000,0.00000,1150.48477,0.00000,1150.48477
2026-09-04 05:00:00,NSW1,6732.07000,0.00000,263.40165,0.00000,263.40165
2026-09-04 05:00:00,QLD1,5715.65000,0.00000,766.11100,0.00000,766.11100
2026-09-04 05:00:00,SA1,1262.26000,0.00000,913.43893,0.00000,913.43893
2026-09-04 05:00:00,TAS1,979.16000,0.00000,356.44708,0.00000,356.44708
2026-09-04 05:00:00,VIC1,5120.27000,0.00000,1154.67092,0.00000,1154.67092
2026-09-04 05:05:00,NSW1,6796.92000,0.00000,247.33779,0.00000,247.33779
2026-09-04 05:05:00,QLD1,5716.01000,0.00000,767.60400,0.00000,767.60400
2026-09-04 05:05:00,SA1,1254.82000,0.00000,920.63070,0.00000,920.63070
2026-09-04 05:05:00,TAS1,986.86000,0.00000,336.78234,0.00000,336.78234
2026-09-04 05:05:00,VIC1,5163.71000,0.00000,1148.99217,0.00000,1148.99217
2026-09-04 05:10:00,NSW1,6870.37000,0.00000,234.06188,0.00000,234.06188
2026-09-04 05:10:00,QLD1,5787.71000,0.00000,756.47670,0.00000,756.47670
2026-09-04 05:10:00,SA1,1269.58000,0.00000,943.32905,0.00000,943.32905
2026-09-04 05:10:00,TAS1,1015.76000,0.00000,339.03001,0.00000,339.03001
2026-09-04 05:10:00,VIC1,5256.72000,0.00000,1115.05718,0.00000,1115.05718
2026-09-04 05:15:00,NSW1,6972.82000,0.00000,230.97522,0.00000,230.97522
2026-09-04 05:15:00,QLD1,5837.49000,0.00000,743.35500,0.00000,743.35500
2026-09-04 05:15:00,SA1,1262.88000,0.00000,969.54807,0.00000,969.54807
2026-09-04 05:15:00,TAS1,1012.71000,0.00000,351.92370,0.00000,351.92370
2026-09-04 05:15:00,VIC1,5303.59000,0.00000,1122.34947,0.00000,1122.34947
2026-09-04 05:20:00,NSW1,6970.96000,0.00000,237.70437,0.00000,237.70437
2026-09-04 05:20:00,QLD1,5905.56000,0.00000,715.72600,0.00000,715.72600
2026-09-04 05:20:00,SA1,1234.42000,0.00000,940.85096,0.00000,940.85096
2026-09-04 05:20:00,TAS1,1018.29000,0.00000,345.31893,0.00000,345.31893
2026-09-04 05:20:00,VIC1,5254.02000,0.00000,1077.15798,0.00000,1077.15798
2026-09-04 05:25:00,NSW1,7061.58000,0.00000,244.12646,0.00000,244.12646
2026-09-04 05:25:00,QLD1,5924.03000,0.00000,699.53100,0.00000,699.53100
2026-09-04 05:25:00,SA1,1248.79000,0.00000,967.23596,0.00000,967.23596
2026-09-04 05:25:00,TAS1,1031.15000,0.00000,341.19932,0.00000,341.19932
2026-09-04 05:25:00,VIC1,5276.15000,0.00000,1070.68653,0.00000,1070.68653
2026-09-04 05:30:00,NSW1,7007.99000,0.00000,247.39529,0.00000,247.39529
2026-09-04 05:30:00,QLD1,5926.69000,0.00000,676.77200,0.00000,676.77200
2026-09-04 05:30:00,SA1,1249.44000,0.00000,1022.04069,0.00000,1022.04069
2026-09-04 05:30:00,TAS1,1025.59000,0.00000,336.16034,0.00000,336.16034
2026-09-04 05:30:00,VIC1,5358.61000,0.00000,1064.91526,0.00000,1064.91526
2026-09-04 05:35:00,NSW1,7160.10000,0.00000,259.20342,0.00000,259.20342
2026-09-04 05:35:00,QLD1,5896.55000,0.00000,668.15500,0.00000,668.15500
2026-09-04 05:35:00,SA1,1225.68000,0.00000,1071.42724,0.00000,1071.42724
2026-09-04 05:35:00,TAS1,1032.92000,0.00000,337.67641,0.00000,337.67641
2026-09-04 05:35:00,VIC1,5429.58000,0.00000,1079.24914,0.00000,1079.24914
2026-09-04 05:40:00,NSW1,7128.79000,0.00000,250.74002,0.00000,250.74002
2026-09-04 05:40:00,QLD1,5914.28000,0.00000,648.46200,0.00000,648.46200
2026-09-04 05:40:00,SA1,1291.63000,0.00000,1152.47723,0.00000,1152.47723
2026-09-04 05:40:00,TAS1,1040.79000,0.00000,368.86125,0.00000,368.86125
2026-09-04 05:40:00,VIC1,5521.37000,0.00000,1074.25877,0.00000,1074.25877
2026-09-04 05:45:00,NSW1,7096.51000,0.00000,261.67247,0.00000,261.67247
2026-09-04 05:45:00,QLD1,6008.82000,0.00000,631.38600,0.00000,631.38600
2026-09-04 05:45:00,SA1,1292.10000,0.00000,1153.55296,0.00000,1153.55296
2026-09-04 05:45:00,TAS1,1054.52000,0.00000,385.20773,0.00000,385.20773
2026-09-04 05:45:00,VIC1,5547.57000,0.00000,1049.69112,0.00000,1049.69112
2026-09-04 05:50:00,NSW1,7279.22000,0.00000,265.26298,0.00000,265.26298
2026-09-04 05:50:00,QLD1,5997.04000,0.00000,623.04640,0.00000,623.04640
2026-09-04 05:50:00,SA1,1307.70000,0.00000,1132.40152,0.00000,1132.40152
2026-09-04 05:50:00,TAS1,1045.72000,0.00000,379.55574,0.00000,379.55574
2026-09-04 05:50:00,VIC1,5639.05000,0.00000,1031.93244,0.00000,1031.93244
2026-09-04 05:55:00,NSW1,7292.62000,0.00000,269.65121,0.00000,269.65121
2026-09-04 05:55:00,QLD1,5961.75000,0.00000,611.53120,0.00000,611.53120
2026-09-04 05:55:00,SA1,1303.62000,0.00000,1164.62273,0.00000,1164.62273
2026-09-04 05:55:00,TAS1,1048.36000,0.00000,342.19094,0.00000,342.19094
2026-09-04 05:55:00,VIC1,5696.32000,0.00000,1036.81410,0.00000,1036.81410
2026-09-04 06:00:00,NSW1,7281.99000,0.00000,292.13737,0.00000,292.13737
2026-09-04 06:00:00,QLD1,6049.65000,0.00000,575.40760,0.00000,575.40760
2026-09-04 06:00:00,SA1,1313.88000,0.00000,1204.29196,0.00000,1204.29196
2026-09-04 06:00:00,TAS1,1054.90000,0.00000,330.43701,0.00000,330.43701
2026-09-04 06:00:00,VIC1,5694.93000,0.00000,1070.45566,0.00000,1070.45566
2026-09-04 06:05:00,NSW1,7372.37000,0.00000,307.28565,0.00000,307.28565
2026-09-04 06:05:00,QLD1,6034.89000,0.00000,570.68440,0.00000,570.68440
2026-09-04 06:05:00,SA1,1321.42000,0.00000,1255.75825,0.00000,1255.75825
2026-09-04 06:05:00,TAS1,1063.45000,0.00000,322.20774,0.00000,322.20774
2026-09-04 06:05:00,VIC1,5771.64000,0.00000,1066.91570,0.00000,1066.91570
2026-09-04 06:10:00,NSW1,7531.94000,0.00000,303.96432,0.00000,303.96432
2026-09-04 06:10:00,QLD1,6052.59000,1.73300,567.34000,1.73300,567.34000
2026-09-04 06:10:00,SA1,1353.75000,0.00000,1274.55241,0.00000,1274.55241
2026-09-04 06:10:00,TAS1,1079.66000,0.00000,310.98380,0.00000,310.98380
2026-09-04 06:10:00,VIC1,5812.31000,0.00000,1071.43158,0.00000,1071.43158
2026-09-04 06:15:00,NSW1,7579.13000,4.55500,291.63683,4.55500,291.63683
2026-09-04 06:15:00,QLD1,6116.57000,2.52618,559.73980,2.52618,559.73980
2026-09-04 06:15:00,SA1,1349.69000,0.00000,1291.75489,0.00000,1291.75489
2026-09-04 06:15:00,TAS1,1098.37000,0.00000,313.52450,0.00000,313.52450
2026-09-04 06:15:00,VIC1,5901.06000,0.00000,1087.06660,0.00000,1087.06660
2026-09-04 06:20:00,NSW1,7613.68000,14.88100,275.91704,14.88100,275.91704
2026-09-04 06:20:00,QLD1,6107.40000,13.05726,551.03700,13.05726,551.03700
2026-09-04 06:20:00,SA1,1363.93000,0.00000,1390.58658,0.00000,1374.53635
2026-09-04 06:20:00,TAS1,1113.39000,0.00000,311.19244,0.00000,311.19244
2026-09-04 06:20:00,VIC1,5958.50000,0.00000,1056.43459,0.00000,1056.43459
2026-09-04 06:25:00,NSW1,7712.14000,37.62658,276.16755,37.62658,276.16755
2026-09-04 06:25:00,QLD1,6072.50000,53.50094,555.38840,53.50094,555.38840
2026-09-04 06:25:00,SA1,1389.80000,0.00000,1403.63554,0.00000,1400.85654
2026-09-04 06:25:00,TAS1,1111.71000,0.00000,302.70794,0.00000,302.70794
2026-09-04 06:25:00,VIC1,6068.74000,0.00000,1113.10799,0.00000,1113.10799
2026-09-04 06:30:00,NSW1,7672.94000,61.08785,267.62796,61.08785,267.62796
2026-09-04 06:30:00,QLD1,6148.28000,132.63249,541.88480,132.63249,541.88480
2026-09-04 06:30:00,SA1,1388.25000,0.00000,1386.97298,0.00000,1386.97298
2026-09-04 06:30:00,TAS1,1123.36000,0.00000,284.65757,0.00000,284.65757
2026-09-04 06:30:00,VIC1,6101.02000,0.00000,1147.68935,0.00000,1147.68935
2026-09-04 06:35:00,NSW1,7688.92000,110.08552,247.43569,110.08552,247.43569
2026-09-04 06:35:00,QLD1,6130.08000,197.78670,516.38150,197.78670,516.38150
2026-09-04 06:35:00,SA1,1397.00000,0.00000,1430.27712,0.00000,1427.49812
2026-09-04 06:35:00,TAS1,1124.96000,0.00000,282.90218,0.00000,282.90218
2026-09-04 06:35:00,VIC1,6165.88000,0.00000,1210.87283,0.00000,1210.87283
2026-09-04 06:40:00,NSW1,7627.62000,176.20627,227.99802,176.20627,227.99802
2026-09-04 06:40:00,QLD1,6214.39000,336.48442,495.11080,336.48442,495.11080
2026-09-04 06:40:00,SA1,1417.56000,0.00000,1408.62084,0.00000,1408.62084
2026-09-04 06:40:00,TAS1,1145.29000,0.00000,282.68638,0.00000,282.68638
2026-09-04 06:40:00,VIC1,6345.01000,1.48700,1231.23589,1.48700,1231.23589
2026-09-04 06:45:00,NSW1,7660.54000,237.98213,215.48577,237.98213,215.48577
2026-09-04 06:45:00,QLD1,6152.39000,520.94747,487.33600,520.94747,487.33600
2026-09-04 06:45:00,SA1,1420.92000,0.00000,1407.43267,0.00000,1407.43267
2026-09-04 06:45:00,TAS1,1149.35000,0.00000,297.90320,0.00000,297.90320
2026-09-04 06:45:00,VIC1,6398.98000,3.47354,1217.26567,3.47354,1217.26567
2026-09-04 06:50:00,NSW1,7734.07000,330.40622,204.25091,330.40622,204.25091
2026-09-04 06:50:00,QLD1,6069.39000,692.32413,476.59500,692.32413,476.59500
2026-09-04 06:50:00,SA1,1422.05000,0.00000,1468.55397,0.00000,1468.55397
2026-09-04 06:50:00,TAS1,1158.95000,0.00000,303.66915,0.00000,303.66915
2026-09-04 06:50:00,VIC1,6537.02000,8.73710,1266.69638,8.73710,1266.69638
2026-09-04 06:55:00,NSW1,7743.32000,446.26962,205.33518,446.26962,205.33518
2026-09-04 06:55:00,QLD1,6111.73000,857.25128,455.41840,857.25128,455.41840
2026-09-04 06:55:00,SA1,1417.13000,0.00000,1487.14562,0.00000,1487.14562
2026-09-04 06:55:00,TAS1,1182.06000,0.00000,299.67352,0.00000,299.67352
2026-09-04 06:55:00,VIC1,6587.28000,23.66519,1358.72299,23.66519,1358.72299
2026-09-04 07:00:00,NSW1,7759.89000,582.97052,205.49248,582.97052,205.49248
2026-09-04 07:00:00,QLD1,6105.64000,1053.05286,436.39770,1053.05286,436.39770
2026-09-04 07:00:00,SA1,1444.00000,0.00000,1492.95831,0.00000,1492.95831
2026-09-04 07:00:00,TAS1,1190.77000,0.00000,296.44084,0.00000,296.44084
2026-09-04 07:00:00,VIC1,6671.69000,36.91482,1394.27336,36.91482,1394.27336
2026-09-04 07:05:00,NSW1,7777.61000,747.77638,198.09796,747.77638,198.09796
2026-09-04 07:05:00,QLD1,5980.75000,1247.63085,430.38110,1247.63085,430.38110
2026-09-04 07:05:00,SA1,1447.61000,0.00000,1454.57750,0.00000,1454.57750
2026-09-04 07:05:00,TAS1,1209.97000,0.00000,294.33195,0.00000,294.33195
2026-09-04 07:05:00,VIC1,6721.86000,57.98336,1435.74810,57.98336,1435.74810
2026-09-04 07:10:00,NSW1,7775.95000,919.13250,174.57795,919.13250,174.57795
2026-09-04 07:10:00,QLD1,5967.87000,1446.96083,400.28010,1446.96083,400.28010
2026-09-04 07:10:00,SA1,1436.20000,0.40909,1396.97618,0.40909,1396.97618
2026-09-04 07:10:00,TAS1,1211.55000,0.00000,285.53569,0.00000,285.53569
2026-09-04 07:10:00,VIC1,6699.43000,92.27426,1402.20124,92.27426,1402.20124
2026-09-04 07:15:00,NSW1,7798.46000,1090.24000,174.54854,1090.24000,174.54854
2026-09-04 07:15:00,QLD1,5973.24000,1623.18311,390.07060,1496.52911,378.32064
2026-09-04 07:15:00,SA1,1455.14000,0.16309,1386.99792,0.16309,1386.99792
2026-09-04 07:15:00,TAS1,1230.55000,0.00000,286.44050,0.00000,286.44050
2026-09-04 07:15:00,VIC1,6755.04000,129.87127,1365.90486,129.87127,1365.90486
2026-09-04 07:20:00,NSW1,7783.09000,1313.15704,175.12663,1313.15704,175.12663
2026-09-04 07:20:00,QLD1,5898.85000,1814.78535,375.77700,1596.09705,341.41379
2026-09-04 07:20:00,SA1,1466.12000,1.25145,1399.47803,1.25145,1399.47803
2026-09-04 07:20:00,TAS1,1249.25000,0.00000,297.19991,0.00000,297.19991
2026-09-04 07:20:00,VIC1,6867.60000,183.04682,1387.24557,183.04682,1387.24557
2026-09-04 07:25:00,NSW1,7727.26000,1520.14847,172.37787,1520.14847,172.37787
2026-09-04 07:25:00,QLD1,5875.35000,2041.91951,346.20090,1835.45872,258.22641
2026-09-04 07:25:00,SA1,1471.97000,6.04173,1443.08302,6.04173,1443.08302
2026-09-04 07:25:00,TAS1,1241.16000,0.00000,300.87228,0.00000,300.87228
2026-09-04 07:25:00,VIC1,6891.13000,205.56883,1393.61756,205.29183,1393.61756
2026-09-04 07:30:00,NSW1,7637.55000,1650.08150,158.32297,1650.08150,158.32297
2026-09-04 07:30:00,QLD1,5772.99000,2247.14458,345.34400,2070.30696,268.92900
2026-09-04 07:30:00,SA1,1486.11000,9.54964,1508.41964,9.54964,1508.41964
2026-09-04 07:30:00,TAS1,1243.29000,0.00000,314.17122,0.00000,314.17122
2026-09-04 07:30:00,VIC1,6907.21000,215.24350,1472.52925,214.66350,1472.52925
2026-09-04 07:35:00,NSW1,7604.67000,1846.79494,147.82266,1846.79494,147.82266
2026-09-04 07:35:00,QLD1,5738.19000,2429.20355,338.52100,2291.95547,319.52929
2026-09-04 07:35:00,SA1,1478.92000,10.26691,1525.18526,10.26691,1525.18526
2026-09-04 07:35:00,TAS1,1241.27000,0.00000,295.25235,0.00000,295.25235
2026-09-04 07:35:00,VIC1,6868.72000,299.48108,1468.78732,299.48108,1468.78732
2026-09-04 07:40:00,NSW1,7494.77000,2002.60134,149.25985,2002.60134,149.25985
2026-09-04 07:40:00,QLD1,5615.25000,2579.85108,324.66700,2456.95398,324.66700
2026-09-04 07:40:00,SA1,1513.81000,17.45400,1517.00197,17.45400,1517.00197
2026-09-04 07:40:00,TAS1,1247.35000,0.00000,305.83090,0.00000,305.83090
2026-09-04 07:40:00,VIC1,6907.58000,376.44789,1429.15735,376.44789,1429.15735
2026-09-04 07:45:00,NSW1,7433.72000,2092.12000,146.56993,2077.40950,146.56993
2026-09-04 07:45:00,QLD1,5551.76000,2645.67777,306.71874,2599.99417,306.71874
2026-09-04 07:45:00,SA1,1517.12000,22.26390,1597.43306,22.26390,1597.43306
2026-09-04 07:45:00,TAS1,1272.22000,0.00000,286.04678,0.00000,286.04678
2026-09-04 07:45:00,VIC1,6915.58000,384.21097,1357.76019,384.21097,1357.76019
2026-09-04 07:50:00,NSW1,7316.14000,2269.47724,141.54345,2184.96491,141.54345
2026-09-04 07:50:00,QLD1,5507.21000,2768.25633,295.12862,2697.30048,295.12862
2026-09-04 07:50:00,SA1,1535.25000,16.75473,1610.77853,16.75473,1610.77853
2026-09-04 07:50:00,TAS1,1283.71000,0.00000,283.45887,0.00000,283.45887
2026-09-04 07:50:00,VIC1,6895.77000,484.05780,1312.86504,484.05780,1312.86504
2026-09-04 07:55:00,NSW1,7252.81000,2490.90319,138.05914,2388.87566,138.05914
2026-09-04 07:55:00,QLD1,5383.28000,2888.76157,287.41758,2691.37678,276.23858
2026-09-04 07:55:00,SA1,1501.16000,14.12309,1623.63493,14.12309,1623.63493
2026-09-04 07:55:00,TAS1,1274.45000,0.00000,268.36116,0.00000,268.36116
2026-09-04 07:55:00,VIC1,6798.59000,435.01544,1272.92368,435.01544,1272.92368
2026-09-04 08:00:00,NSW1,7175.58000,2750.97970,142.91605,2403.29114,142.91605
2026-09-04 08:00:00,QLD1,5314.15000,3075.69396,282.06400,2804.23358,187.46700
2026-09-04 08:00:00,SA1,1497.58000,22.36500,1635.99178,22.36500,1635.99178
2026-09-04 08:00:00,TAS1,1268.48000,0.00000,253.52093,0.00000,253.52093
2026-09-04 08:00:00,VIC1,6767.36000,404.37480,1222.52092,404.37480,1222.52092
2026-09-04 08:05:00,NSW1,7168.34000,2848.73942,150.56067,2780.13690,150.56067
2026-09-04 08:05:00,QLD1,5219.54000,3118.70802,247.42800,2848.42868,247.42800
2026-09-04 08:05:00,SA1,1523.88000,37.31799,1665.49767,37.31799,1665.49767
2026-09-04 08:05:00,TAS1,1262.46000,0.00000,244.84475,0.00000,244.84475
2026-09-04 08:05:00,VIC1,6762.60000,415.24051,1255.53069,415.05351,1255.53069
2026-09-04 08:10:00,NSW1,7121.12000,2851.35582,135.98897,2572.48071,135.98897
2026-09-04 08:10:00,QLD1,5261.31000,3121.66073,252.08697,2892.02832,252.08697
2026-09-04 08:10:00,SA1,1523.86000,47.24345,1656.88646,47.24345,1656.88646
2026-09-04 08:10:00,TAS1,1255.45000,0.00000,247.80187,0.00000,247.80187
2026-09-04 08:10:00,VIC1,6697.71000,378.93940,1172.00786,378.93940,1172.00786
2026-09-04 08:15:00,NSW1,7050.13000,2971.90219,143.03346,2676.72104,143.03346
2026-09-04 08:15:00,QLD1,5254.95000,3216.34191,234.13187,2922.25491,224.82537
2026-09-04 08:15:00,SA1,1552.83000,40.70373,1709.47584,40.70373,1709.47584
2026-09-04 08:15:00,TAS1,1250.59000,0.00000,249.95094,0.00000,249.95094
2026-09-04 08:15:00,VIC1,6648.20000,392.23501,1197.56121,392.23501,1197.56121
2026-09-04 08:20:00,NSW1,6893.44000,3065.18904,134.25230,2689.26372,134.25230
2026-09-04 08:20:00,QLD1,5167.28000,3231.81836,214.85626,2904.75588,213.45626
2026-09-04 08:20:00,SA1,1540.07000,36.20018,1683.16840,36.20018,1683.16840
2026-09-04 08:20:00,TAS1,1234.18000,0.00000,250.25758,0.00000,250.25758
2026-09-04 08:20:00,VIC1,6599.14000,552.66887,1167.47147,552.28487,1167.47147
2026-09-04 08:25:00,NSW1,6940.92000,3250.32166,134.26730,2858.78650,134.26730
2026-09-04 08:25:00,QLD1,5109.16000,3303.37021,204.03617,2898.75203,197.49177
2026-09-04 08:25:00,SA1,1567.56000,35.18291,1630.05331,35.18291,1630.05331
2026-09-04 08:25:00,TAS1,1227.43000,0.00000,246.47038,0.00000,246.47038
2026-09-04 08:25:00,VIC1,6540.97000,703.56167,1175.04731,703.56167,1175.04731
2026-09-04 08:30:00,NSW1,6737.45000,3347.05343,125.33906,2930.02053,125.33906
2026-09-04 08:30:00,QLD1,5060.50000,3228.49060,207.84804,2861.13074,196.64565
2026-09-04 08:30:00,SA1,1561.39000,43.81173,1621.15105,43.81173,1621.15105
2026-09-04 08:30:00,TAS1,1203.29000,0.00000,259.50447,0.00000,259.50447
2026-09-04 08:30:00,VIC1,6486.08000,693.69667,1168.36955,693.69667,1168.36955
2026-09-04 08:35:00,NSW1,6729.56000,3235.66531,126.51883,2814.68684,126.51883
2026-09-04 08:35:00,QLD1,5008.17000,3318.69040,220.28692,2972.55964,202.38352
2026-09-04 08:35:00,SA1,1522.25000,53.55918,1681.53840,53.55918,1651.57040
2026-09-04 08:35:00,TAS1,1201.13000,0.00000,248.74626,0.00000,248.74626
2026-09-04 08:35:00,VIC1,6336.45000,682.04265,1131.55050,682.04265,1131.55050
2026-09-04 08:40:00,NSW1,6592.15000,3200.04662,123.21035,2757.75308,123.21035
2026-09-04 08:40:00,QLD1,4939.31000,3369.67246,219.61500,2809.43268,202.92469
2026-09-04 08:40:00,SA1,1494.03000,61.12073,1676.05305,61.12073,1658.43205
2026-09-04 08:40:00,TAS1,1186.61000,0.00000,236.42991,0.00000,236.42991
2026-09-04 08:40:00,VIC1,6270.96000,668.95981,1192.58345,668.72981,1192.58345
2026-09-04 08:45:00,NSW1,6500.10000,3284.69578,116.27323,2856.60484,116.27323
2026-09-04 08:45:00,QLD1,4858.96000,3362.53835,217.18600,3086.96240,111.49500
2026-09-04 08:45:00,SA1,1502.35000,62.73818,1630.93266,62.73818,1602.83766
2026-09-04 08:45:00,TAS1,1172.91000,0.00000,231.51065,0.00000,231.51065
2026-09-04 08:45:00,VIC1,6213.43000,733.54565,1152.01431,733.54565,1152.01431
2026-09-04 08:50:00,NSW1,6338.13000,3270.11455,112.90349,2822.02875,112.90349
2026-09-04 08:50:00,QLD1,4805.30000,3345.42437,196.21100,2997.82999,165.07100
2026-09-04 08:50:00,SA1,1537.33000,51.35709,1607.08920,51.35709,1579.28320
2026-09-04 08:50:00,TAS1,1181.91000,0.00000,212.29080,0.00000,212.29080
2026-09-04 08:50:00,VIC1,6111.50000,802.89152,1127.43024,802.27352,1127.43024
2026-09-04 08:55:00,NSW1,6237.06000,3282.33092,126.74257,2827.87480,126.74257
2026-09-04 08:55:00,QLD1,4799.90000,3390.01031,210.80130,3028.87890,197.31430
2026-09-04 08:55:00,SA1,1543.96000,41.81346,1637.56974,41.81346,1610.62974
2026-09-04 08:55:00,TAS1,1165.54000,0.00000,224.23471,0.00000,224.23471
2026-09-04 08:55:00,VIC1,6090.47000,845.22615,1115.52644,835.57342,1115.52644
2026-09-04 09:00:00,NSW1,6122.02000,3261.61612,139.75772,2796.49504,139.75772
2026-09-04 09:00:00,QLD1,4770.66000,3378.02470,197.50400,2929.78487,161.65600
2026-09-04 09:00:00,SA1,1507.92000,44.17600,1645.71962,44.17600,1617.91362
2026-09-04 09:00:00,TAS1,1149.84000,0.00000,229.67755,0.00000,229.67755
2026-09-04 09:00:00,VIC1,6025.35000,822.25503,1069.72560,819.50103,1069.72560
2026-09-04 09:05:00,NSW1,6174.65000,3324.93056,152.21733,2701.54205,152.21733
2026-09-04 09:05:00,QLD1,4713.48000,3382.18045,172.74000,2868.25304,160.73400
2026-09-04 09:05:00,SA1,1482.32000,56.55018,1610.99551,56.55018,1589.95951
2026-09-04 09:05:00,TAS1,1136.71000,0.00000,247.10826,0.00000,247.10826
2026-09-04 09:05:00,VIC1,5927.96000,879.35857,1063.54079,861.55276,1063.54079
2026-09-04 09:10:00,NSW1,6076.66000,3312.69237,166.38168,2783.01094,166.38168
2026-09-04 09:10:00,QLD1,4646.47000,3415.37968,164.13370,3001.39676,80.26200
2026-09-04 09:10:00,SA1,1434.41000,66.14664,1592.10233,66.14664,1566.46433
2026-09-04 09:10:00,TAS1,1107.92000,0.00000,243.64753,0.00000,243.64753
2026-09-04 09:10:00,VIC1,5909.24000,912.86474,1076.53144,894.18702,1076.53144
2026-09-04 09:15:00,NSW1,5955.43000,3339.97532,177.93117,2980.48040,177.93117
2026-09-04 09:15:00,QLD1,4611.51000,3370.27923,154.47400,2964.93772,154.47400
2026-09-04 09:15:00,SA1,1404.70000,59.42336,1533.76319,59.42336,1502.28119
2026-09-04 09:15:00,TAS1,1094.65000,0.00000,241.97657,0.00000,241.97657
2026-09-04 09:15:00,VIC1,5810.47000,930.47331,1062.01705,911.68096,1062.01705
2026-09-04 09:20:00,NSW1,5920.09000,3809.81507,189.12729,3175.01162,189.12729
2026-09-04 09:20:00,QLD1,4518.74000,3409.90646,187.57963,2760.63079,187.57963
2026-09-04 09:20:00,SA1,1420.15000,48.36600,1532.30141,48.36600,1503.26941
2026-09-04 09:20:00,TAS1,1080.18000,0.00000,228.74494,0.00000,228.74494
2026-09-04 09:20:00,VIC1,5766.91000,784.98905,981.10865,767.98478,981.10865
2026-09-04 09:25:00,NSW1,5893.91000,3659.00065,199.33134,3244.47756,199.33134
2026-09-04 09:25:00,QLD1,4480.36000,3468.06450,187.91400,3009.60080,92.05000
2026-09-04 09:25:00,SA1,1418.49000,53.10599,1566.80326,53.10599,1538.70826
2026-09-04 09:25:00,TAS1,1063.57000,0.00000,221.64523,0.00000,221.64523
2026-09-04 09:25:00,VIC1,5727.23000,805.36047,992.00338,786.53502,992.00338
2026-09-04 09:30:00,NSW1,5742.90000,3711.79372,205.77311,3532.37506,205.77311
2026-09-04 09:30:00,QLD1,4457.05000,3361.55163,181.20800,2966.45622,181.20800
2026-09-04 09:30:00,SA1,1348.70000,49.78137,1585.25767,49.78137,1554.07167
2026-09-04 09:30:00,TAS1,1057.69000,0.00000,231.95931,0.00000,231.95931
2026-09-04 09:30:00,VIC1,5584.13000,812.25948,990.90816,793.13949,990.90816
2026-09-04 09:35:00,NSW1,5823.99000,3691.23808,215.85621,3518.04106,215.85621
2026-09-04 09:35:00,QLD1,4308.61000,3386.80092,203.06193,2914.50822,202.47363
2026-09-04 09:35:00,SA1,1356.87000,56.20618,1602.31693,56.20618,1568.94593
2026-09-04 09:35:00,TAS1,1038.58000,0.00000,212.64228,0.00000,212.64228
2026-09-04 09:35:00,VIC1,5463.41000,1102.67602,1019.21995,1082.00329,910.92075
2026-09-04 09:40:00,NSW1,5760.17000,3817.13478,246.19747,3502.37451,246.19747
2026-09-04 09:40:00,QLD1,4273.84000,3449.92711,206.95470,2931.60298,206.95470
2026-09-04 09:40:00,SA1,1357.55000,62.20127,1627.96307,62.20127,1610.90207
2026-09-04 09:40:00,TAS1,1024.37000,0.00000,223.07332,0.00000,223.07332
2026-09-04 09:40:00,VIC1,5274.86000,1084.86663,1022.56183,1055.48163,940.95953
2026-09-04 09:45:00,NSW1,5769.54000,3693.48280,261.17086,3463.53886,261.17086
2026-09-04 09:45:00,QLD1,4216.48000,3489.45182,222.49410,2941.79708,216.90000
2026-09-04 09:45:00,SA1,1348.40000,69.19636,1574.33113,69.19636,1564.42613
2026-09-04 09:45:00,TAS1,1032.97000,0.00000,249.14086,0.00000,249.14086
2026-09-04 09:45:00,VIC1,5138.81000,939.18720,1084.54909,929.79920,906.43472
2026-09-04 09:50:00,NSW1,5637.93000,3652.91982,286.99288,3196.90152,286.99288
2026-09-04 09:50:00,QLD1,4163.36000,3517.06824,227.26250,2981.59738,216.39700
2026-09-04 09:50:00,SA1,1353.28000,81.62582,1612.79812,81.62582,1586.22112
2026-09-04 09:50:00,TAS1,1022.09000,0.00000,242.74217,0.00000,242.74217
2026-09-04 09:50:00,VIC1,5054.07000,1017.65053,1157.48523,1017.65053,991.40693
2026-09-04 09:55:00,NSW1,5593.03000,3711.65800,282.46518,3217.34482,163.49398
2026-09-04 09:55:00,QLD1,4148.07000,3530.34091,226.90800,2967.76461,119.71200
2026-09-04 09:55:00,SA1,1318.21000,91.22418,1578.11543,91.22418,1564.55983
2026-09-04 09:55:00,TAS1,1024.90000,0.00000,230.81222,0.00000,230.81222
2026-09-04 09:55:00,VIC1,4978.79000,1043.47870,1159.30836,1040.47688,1040.02457
2026-09-04 10:00:00,NSW1,5612.02000,3685.28002,299.24324,3485.20427,176.16314
2026-09-04 10:00:00,QLD1,4114.03000,3494.73205,219.42580,2960.36959,122.52300
2026-09-04 10:00:00,SA1,1320.91000,104.23227,1535.13670,102.30527,1514.19330
2026-09-04 10:00:00,TAS1,1025.98000,0.00000,200.12765,0.00000,200.12765
2026-09-04 10:00:00,VIC1,4844.09000,1083.55706,1190.39432,1071.05806,987.83346
2026-09-04 10:05:00,NSW1,5460.37000,3819.98899,325.43153,3573.37686,325.43153
2026-09-04 10:05:00,QLD1,4080.02000,3463.35590,262.27500,2881.81229,146.46500
2026-09-04 10:05:00,SA1,1327.16000,112.13600,1506.81979,112.13600,1473.03689
2026-09-04 10:05:00,TAS1,1022.58000,0.00000,184.93298,0.00000,184.93298
2026-09-04 10:05:00,VIC1,4767.53000,1056.35372,1171.97005,1020.51917,955.26004
2026-09-04 10:10:00,NSW1,5400.99000,3713.56775,330.86305,3547.51798,213.68055
2026-09-04 10:10:00,QLD1,4066.63000,3475.05015,252.57530,2926.34772,130.78400
2026-09-04 10:10:00,SA1,1359.62000,129.67409,1534.78556,129.67409,1492.22256
2026-09-04 10:10:00,TAS1,1020.31000,0.00000,188.21446,0.00000,188.21446
2026-09-04 10:10:00,VIC1,4756.04000,973.09345,1248.40916,963.34294,1105.03334
2026-09-04 10:15:00,NSW1,5456.62000,3668.21157,338.31387,3413.51579,211.58347
2026-09-04 10:15:00,QLD1,4021.85000,3520.51969,280.41670,2851.83510,149.40900
2026-09-04 10:15:00,SA1,1367.98000,119.75837,1541.69096,119.57437,1507.68056
2026-09-04 10:15:00,TAS1,1017.26000,0.00000,192.94207,0.00000,192.94207
2026-09-04 10:15:00,VIC1,4724.86000,1053.50125,1295.13383,1042.71425,1134.31933
2026-09-04 10:20:00,NSW1,5303.15000,3727.18443,348.51604,3389.51388,224.75504
2026-09-04 10:20:00,QLD1,4025.82000,3459.22408,287.81300,2817.67652,150.30000
2026-09-04 10:20:00,SA1,1380.18000,107.42219,1556.27223,107.42219,1526.84123
2026-09-04 10:20:00,TAS1,1015.52000,0.00000,220.76431,0.00000,220.76431
2026-09-04 10:20:00,VIC1,4590.85000,1024.11046,1361.12853,1011.38046,1171.06523
2026-09-04 10:25:00,NSW1,5199.99000,3811.00586,339.81807,3350.93204,243.66537
2026-09-04 10:25:00,QLD1,4042.21000,3502.10328,283.57440,2874.55362,151.42700
2026-09-04 10:25:00,SA1,1414.19000,148.14544,1539.59443,142.40832,1320.50882
2026-09-04 10:25:00,TAS1,987.92000,0.00000,237.39818,0.00000,237.39818
2026-09-04 10:25:00,VIC1,4499.85000,1153.74156,1355.40936,1117.62856,1109.64775
2026-09-04 10:30:00,NSW1,5151.04000,3907.13034,356.88501,3277.16352,247.78141
2026-09-04 10:30:00,QLD1,3907.85000,3503.30116,268.42970,2762.13203,152.57800
2026-09-04 10:30:00,SA1,1402.35000,132.25519,1490.29294,131.16119,1473.20033
2026-09-04 10:30:00,TAS1,989.72000,0.00000,235.35491,0.00000,235.35491
2026-09-04 10:30:00,VIC1,4449.25000,1073.89413,1328.42352,1064.74613,1068.87590
2026-09-04 10:35:00,NSW1,5235.95000,3795.51682,356.66786,3474.66052,243.95266
2026-09-04 10:35:00,QLD1,3960.97000,3559.80459,241.18260,2838.64444,142.28600
2026-09-04 10:35:00,SA1,1456.32000,130.96927,1428.96774,130.96927,1400.31374
2026-09-04 10:35:00,TAS1,1001.52000,0.00000,235.19397,0.00000,235.19397
2026-09-04 10:35:00,VIC1,4493.92000,1032.13048,1295.13799,1032.13048,1295.13799
2026-09-04 10:40:00,NSW1,5069.19000,3934.38438,327.54473,3386.04783,327.54473
2026-09-04 10:40:00,QLD1,3874.82000,3486.40393,264.18000,2762.39000,168.65900
2026-09-04 10:40:00,SA1,1495.17000,145.13300,1402.56237,145.13300,1351.60837
2026-09-04 10:40:00,TAS1,1019.55000,0.00000,246.15938,0.00000,246.15938
2026-09-04 10:40:00,VIC1,4543.84000,981.67557,1322.72055,981.67557,1322.72055
2026-09-04 10:45:00,NSW1,5048.35000,3804.20770,308.39367,3491.95585,308.39367
2026-09-04 10:45:00,QLD1,3821.46000,3515.16461,238.35600,2828.18593,152.29900
2026-09-04 10:45:00,SA1,1515.12000,161.34873,1396.26887,161.34873,1335.67987
2026-09-04 10:45:00,TAS1,1033.67000,0.00000,238.89842,0.00000,238.89842
2026-09-04 10:45:00,VIC1,4408.07000,913.49766,1282.47158,913.49766,1282.47158
2026-09-04 10:50:00,NSW1,5092.61000,4139.34847,309.51505,3571.89838,309.51505
2026-09-04 10:50:00,QLD1,3841.61000,3496.67403,229.68900,2712.49412,156.64800
2026-09-04 10:50:00,SA1,1544.42000,143.65800,1450.28931,143.65800,1376.27131
2026-09-04 10:50:00,TAS1,1030.27000,0.00000,246.33476,0.00000,246.33476
2026-09-04 10:50:00,VIC1,4487.96000,1079.60235,1250.58042,1040.48053,1250.58042
2026-09-04 10:55:00,NSW1,4983.72000,3991.36631,292.70606,3536.34046,292.70606
2026-09-04 10:55:00,QLD1,3898.69000,3542.56160,266.97200,2854.32025,177.03000
2026-09-04 10:55:00,SA1,1476.26000,160.66827,1410.82065,160.66827,1365.05565
2026-09-04 10:55:00,TAS1,1026.59000,0.00000,263.25194,0.00000,263.25194
2026-09-04 10:55:00,VIC1,4418.24000,1019.99458,1355.83161,1008.04731,1339.82177
2026-09-04 11:00:00,NSW1,4936.68000,3936.94661,317.76639,3489.90839,317.76639
2026-09-04 11:00:00,QLD1,3903.73000,3517.78560,282.72780,2883.40621,180.50400
2026-09-04 11:00:00,SA1,1488.69000,132.78609,1482.77650,132.78609,1430.78850
2026-09-04 11:00:00,TAS1,1022.30000,0.00000,257.27603,0.00000,257.27603
2026-09-04 11:00:00,VIC1,4386.05000,1084.81539,1435.43345,1077.92084,1351.68823
2026-09-04 11:05:00,NSW1,4819.68000,3917.17902,318.29307,3400.61085,318.29307
2026-09-04 11:05:00,QLD1,3888.56000,3521.41975,316.44120,2966.78531,193.64000
2026-09-04 11:05:00,SA1,1492.51000,129.17983,1539.19623,128.94283,1480.18823
2026-09-04 11:05:00,TAS1,1014.49000,0.00000,261.78518,0.00000,261.78518
2026-09-04 11:05:00,VIC1,4312.15000,1064.85187,1467.33863,1043.52278,1368.20823
2026-09-04 11:10:00,NSW1,5023.90000,4001.35370,338.31965,3460.90335,338.31965
2026-09-04 11:10:00,QLD1,3908.31000,3528.80463,320.79060,3016.03335,192.72700
2026-09-04 11:10:00,SA1,1511.99000,130.60518,1517.69974,130.60518,1460.97174
2026-09-04 11:10:00,TAS1,1005.23000,0.00000,269.61448,0.00000,269.61448
2026-09-04 11:10:00,VIC1,4350.13000,1058.65090,1531.52507,1058.65090,1531.52507
2026-09-04 11:15:00,NSW1,4944.10000,4055.75872,360.85035,3463.83880,360.85035
2026-09-04 11:15:00,QLD1,3913.82000,3573.43157,344.34200,2940.94756,223.80700
2026-09-04 11:15:00,SA1,1596.33000,136.97037,1577.69878,136.97037,1512.76378
2026-09-04 11:15:00,TAS1,994.96000,0.00000,293.52716,0.00000,293.52716
2026-09-04 11:15:00,VIC1,4323.07000,1010.67730,1602.77388,1006.11730,1567.28334
2026-09-04 11:20:00,NSW1,4878.01000,4125.50939,361.46621,3410.48351,361.46621
2026-09-04 11:20:00,QLD1,3937.34000,3528.53077,355.04920,2885.63461,226.51400
2026-09-04 11:20:00,SA1,1627.14000,139.43045,1628.42117,139.43045,1579.15717
2026-09-04 11:20:00,TAS1,976.92000,0.00000,276.94212,0.00000,276.94212
2026-09-04 11:20:00,VIC1,4254.87000,1002.67701,1620.09964,990.67753,1366.14548
2026-09-04 11:25:00,NSW1,4913.35000,4100.20482,386.08376,3480.63033,386.08376
2026-09-04 11:25:00,QLD1,3948.77000,3552.00258,365.99700,2881.15456,225.57097
2026-09-04 11:25:00,SA1,1686.49000,135.48719,1615.38398,135.48719,1557.72998
2026-09-04 11:25:00,TAS1,975.02000,0.00000,292.43220,0.00000,292.43220
2026-09-04 11:25:00,VIC1,4300.87000,951.62520,1569.57031,939.37164,1569.57031
2026-09-04 11:30:00,NSW1,4771.40000,4001.66994,412.24904,3429.14009,412.24904
2026-09-04 11:30:00,QLD1,3936.93000,3528.29303,384.44310,2846.47745,260.10300
2026-09-04 11:30:00,SA1,1702.24000,120.23064,1667.60588,120.23064,1612.43888
2026-09-04 11:30:00,TAS1,961.02000,0.00000,278.46816,0.00000,278.46816
2026-09-04 11:30:00,VIC1,4330.53000,976.28085,1590.10516,957.49721,1590.10516
2026-09-04 11:35:00,NSW1,4814.82000,4054.24334,424.70997,3519.31869,424.70997
2026-09-04 11:35:00,QLD1,3889.79000,3564.45352,388.76720,2875.65454,234.47331
2026-09-04 11:35:00,SA1,1714.33000,92.33773,1695.20033,92.33773,1618.81733
2026-09-04 11:35:00,TAS1,962.66000,0.00000,275.63554,0.00000,275.63554
2026-09-04 11:35:00,VIC1,4309.56000,1008.00939,1593.10054,975.52113,1479.31595
2026-09-04 11:40:00,NSW1,4796.56000,3910.91024,475.68409,3547.88882,475.68409
2026-09-04 11:40:00,QLD1,3939.45000,3540.30828,379.27830,2771.19185,225.65440
2026-09-04 11:40:00,SA1,1768.76000,109.51473,1677.29633,109.51473,1600.03272
2026-09-04 11:40:00,TAS1,951.97000,0.00000,322.75655,0.00000,322.75655
2026-09-04 11:40:00,VIC1,4339.76000,954.40031,1533.22854,953.33122,1461.48884
2026-09-04 11:45:00,NSW1,4852.01000,3895.99179,509.31618,3513.66382,498.50868
2026-09-04 11:45:00,QLD1,3926.92000,3548.58156,390.78900,2767.47949,206.58000
2026-09-04 11:45:00,SA1,1792.06000,100.99264,1696.83218,100.99264,1599.17078
2026-09-04 11:45:00,TAS1,939.52000,0.00000,317.81068,0.00000,317.81068
2026-09-04 11:45:00,VIC1,4313.61000,930.60516,1504.27592,918.59243,1486.52376
2026-09-04 11:50:00,NSW1,4813.66000,3720.75726,540.83287,3542.18830,534.79147
2026-09-04 11:50:00,QLD1,3860.75000,3537.28953,397.32800,2671.41442,246.85100
2026-09-04 11:50:00,SA1,1762.65000,85.47382,1677.30114,85.47382,1589.20054
2026-09-04 11:50:00,TAS1,948.46000,0.00000,311.00082,0.00000,311.00082
2026-09-04 11:50:00,VIC1,4196.22000,855.11532,1498.97716,841.63366,1443.04966
2026-09-04 11:55:00,NSW1,4685.49000,3651.55754,580.22261,3548.82681,580.22261
2026-09-04 11:55:00,QLD1,3872.40000,3553.89049,431.15680,2641.75519,256.20100
2026-09-04 11:55:00,SA1,1748.57000,85.84436,1711.63727,85.84436,1620.89027
2026-09-04 11:55:00,TAS1,940.26000,0.00000,295.67822,0.00000,295.67822
2026-09-04 11:55:00,VIC1,4153.77000,848.80439,1591.53773,848.25439,1421.61165
2026-09-04 12:00:00,NSW1,4689.86000,3820.70383,571.26033,3424.64782,563.53153
2026-09-04 12:00:00,QLD1,3910.46000,3544.57160,457.24550,2796.90333,275.38500
2026-09-04 12:00:00,SA1,1725.29000,88.51000,1729.89416,88.51000,1629.66216
2026-09-04 12:00:00,TAS1,945.66000,0.00000,275.70811,0.00000,275.70811
2026-09-04 12:00:00,VIC1,4053.13000,815.65481,1671.50722,815.65481,1537.10076
2026-09-04 12:05:00,NSW1,4638.51000,3887.93828,616.54342,3469.26950,608.81462
2026-09-04 12:05:00,QLD1,3850.56000,3551.22272,502.67100,2711.51224,271.10100
2026-09-04 12:05:00,SA1,1742.27000,108.57982,1755.43572,108.57982,1633.06662
2026-09-04 12:05:00,TAS1,949.34000,0.00000,299.84286,0.00000,299.84286
2026-09-04 12:05:00,VIC1,4091.00000,759.26335,1729.18251,757.13335,1554.50761
2026-09-04 12:10:00,NSW1,4548.07000,3812.95648,591.21849,3474.25175,588.50819
2026-09-04 12:10:00,QLD1,3931.60000,3563.33086,535.42930,2587.84367,290.36100
2026-09-04 12:10:00,SA1,1769.41000,98.01300,1750.72177,98.01300,1616.09387
2026-09-04 12:10:00,TAS1,939.82000,0.00000,292.93577,0.00000,292.93577
2026-09-04 12:10:00,VIC1,4172.09000,730.30013,1702.17520,708.45591,1521.29953
2026-09-04 12:15:00,NSW1,4600.59000,3921.77415,614.91026,3528.60555,605.16346
2026-09-04 12:15:00,QLD1,3943.91000,3560.39421,538.34880,2610.43798,259.08300
2026-09-04 12:15:00,SA1,1736.59000,95.87182,1757.29156,95.87182,1607.49766
2026-09-04 12:15:00,TAS1,940.99000,0.00000,278.22018,0.00000,278.22018
2026-09-04 12:15:00,VIC1,4224.72000,790.66576,1749.13589,772.70848,1749.13589
2026-09-04 12:20:00,NSW1,4493.97000,3764.31666,621.13042,3509.78672,621.13042
2026-09-04 12:20:00,QLD1,3902.49000,3572.91694,547.17120,2592.15929,267.75400
2026-09-04 12:20:00,SA1,1652.43000,107.11891,1769.50817,105.88591,1562.01917
2026-09-04 12:20:00,TAS1,938.73000,0.00000,278.44794,0.00000,278.44794
2026-09-04 12:20:00,VIC1,4208.56000,852.82440,1918.56520,833.37403,1622.45594
2026-09-04 12:25:00,NSW1,4547.39000,3567.14743,621.13926,3236.82537,609.23026
2026-09-04 12:25:00,QLD1,3881.50000,3570.78288,548.69800,2400.55565,263.97300
2026-09-04 12:25:00,SA1,1576.02000,123.29119,1838.11413,123.29119,1666.87613
2026-09-04 12:25:00,TAS1,922.61000,0.00000,273.47483,0.00000,273.47483
2026-09-04 12:25:00,VIC1,4180.81000,850.11424,1906.00853,820.83379,1495.15542
2026-09-04 12:30:00,NSW1,4700.87000,3752.71053,652.36911,3459.27975,634.68191
2026-09-04 12:30:00,QLD1,3954.20000,3576.37469,541.34290,2341.37132,248.84200
2026-09-04 12:30:00,SA1,1483.38000,135.29846,1878.62836,135.29846,1687.67766
2026-09-04 12:30:00,TAS1,927.69000,0.00000,265.42692,0.00000,265.42692
2026-09-04 12:30:00,VIC1,4246.63000,785.26495,1850.24403,748.68622,1533.66193
2026-09-04 12:35:00,NSW1,4687.08000,3790.81838,613.40961,3595.73283,613.40961
2026-09-04 12:35:00,QLD1,3935.15000,3535.06557,550.12910,2393.85884,250.16800
2026-09-04 12:35:00,SA1,1405.70000,139.84873,1838.64602,136.05573,1673.35042
2026-09-04 12:35:00,TAS1,936.43000,0.00000,271.11384,0.00000,271.11384
2026-09-04 12:35:00,VIC1,4242.09000,859.14277,1927.22181,832.88277,1593.29141
2026-09-04 12:40:00,NSW1,4665.30000,3694.12937,581.98187,3440.09899,566.75927
2026-09-04 12:40:00,QLD1,3951.73000,3581.13490,520.59970,2392.08744,248.70700
2026-09-04 12:40:00,SA1,1388.99000,146.00309,1829.09199,145.84709,1651.05819
2026-09-04 12:40:00,TAS1,928.41000,0.00000,289.84072,0.00000,289.84072
2026-09-04 12:40:00,VIC1,4262.38000,759.32335,1983.03765,738.91791,1718.16095
2026-09-04 12:45:00,NSW1,4668.35000,3652.85237,596.36497,3598.40886,596.36497
2026-09-04 12:45:00,QLD1,3913.42000,3596.83592,484.80520,2398.96241,213.53700
2026-09-04 12:45:00,SA1,1407.35000,104.55290,1803.65482,104.55290,1622.21422
2026-09-04 12:45:00,TAS1,918.82000,0.00000,288.92058,0.00000,288.92058
2026-09-04 12:45:00,VIC1,4235.67000,765.23386,2026.50353,739.56653,1702.97513
2026-09-04 12:50:00,NSW1,4590.56000,3599.51184,580.30130,3479.21915,580.30130
2026-09-04 12:50:00,QLD1,3951.24000,3593.83700,493.31820,2372.49900,213.83300
2026-09-04 12:50:00,SA1,1449.33000,93.04927,1775.55810,93.04927,1612.13600
2026-09-04 12:50:00,TAS1,885.70000,0.00000,309.66680,0.00000,309.66680
2026-09-04 12:50:00,VIC1,4284.82000,823.80522,2089.05906,823.80522,1896.26786
2026-09-04 12:55:00,NSW1,4609.73000,3555.48208,559.73327,3431.61536,559.73327
2026-09-04 12:55:00,QLD1,3956.35000,3579.67213,476.03940,2284.33611,210.01400
2026-09-04 12:55:00,SA1,1410.04000,90.21100,1798.12328,90.21100,1618.87608
2026-09-04 12:55:00,TAS1,884.00000,0.00000,288.42193,0.00000,288.42193
2026-09-04 12:55:00,VIC1,4352.65000,879.23851,2207.38657,879.23851,2164.45505
2026-09-04 13:00:00,NSW1,4609.17000,3597.79660,531.72550,3556.45385,531.72550
2026-09-04 13:00:00,QLD1,3956.37000,3557.91211,480.13800,2417.58779,203.63400
2026-09-04 13:00:00,SA1,1278.53000,109.01909,1839.86201,109.01909,1649.08841
2026-09-04 13:00:00,TAS1,907.63000,0.00000,295.31709,0.00000,295.31709
2026-09-04 13:00:00,VIC1,4258.24000,768.71942,2258.78460,768.71942,2115.41396
2026-09-04 13:05:00,NSW1,4611.76000,3722.23277,520.91264,3591.18379,519.85259
2026-09-04 13:05:00,QLD1,3964.75000,3579.77774,472.30340,2461.98348,210.38500
2026-09-04 13:05:00,SA1,1157.90000,133.76263,1871.89684,133.76263,1667.52564
2026-09-04 13:05:00,TAS1,928.32000,0.00000,278.91583,0.00000,278.91583
2026-09-04 13:05:00,VIC1,4305.62000,786.66036,2343.21660,785.34336,2271.35685
2026-09-04 13:10:00,NSW1,4655.32000,3798.96530,540.25450,3574.66811,497.26960
2026-09-04 13:10:00,QLD1,3948.96000,3585.81913,520.44510,2293.65644,232.06400
2026-09-04 13:10:00,SA1,1015.38000,149.65082,1902.57458,149.30282,1711.69688
2026-09-04 13:10:00,TAS1,943.20000,0.00000,275.46690,0.00000,275.46690
2026-09-04 13:10:00,VIC1,4312.85000,730.39299,2473.66049,718.94401,2126.76388
2026-09-04 13:15:00,NSW1,4560.27000,3808.43566,553.22342,3529.53529,499.09842
2026-09-04 13:15:00,QLD1,4006.51000,3565.02671,521.87210,2296.71140,230.69300
2026-09-04 13:15:00,SA1,1022.42000,164.63863,1953.32888,164.39663,1721.45979
2026-09-04 13:15:00,TAS1,940.47000,0.00000,248.13692,0.00000,248.13692
2026-09-04 13:15:00,VIC1,4279.56000,810.69657,2556.21649,797.48339,2167.58720
2026-09-04 13:20:00,NSW1,4595.56000,3547.06271,549.67913,3410.41554,549.67913
2026-09-04 13:20:00,QLD1,4106.77000,3549.60252,521.05790,2361.84950,233.66900
2026-09-04 13:20:00,SA1,1148.50000,243.00864,1876.35466,243.00864,1668.70956
2026-09-04 13:20:00,TAS1,947.15000,0.00000,262.76930,0.00000,262.76930
2026-09-04 13:20:00,VIC1,4184.97000,839.73061,2487.80823,834.03789,2123.39103
2026-09-04 13:25:00,NSW1,4607.61000,3448.23419,525.84819,3248.15874,525.84819
2026-09-04 13:25:00,QLD1,4043.15000,3550.33695,487.77160,2354.09256,227.50500
2026-09-04 13:25:00,SA1,1190.35000,305.92292,1849.43828,305.92292,1666.09088
2026-09-04 13:25:00,TAS1,961.23000,0.00000,274.12463,0.00000,274.12463
2026-09-04 13:25:00,VIC1,4360.99000,896.35986,2474.60996,896.35986,2474.60996
2026-09-04 13:30:00,NSW1,4563.31000,3494.15129,499.90077,3336.04080,499.90077
2026-09-04 13:30:00,QLD1,4113.66000,3544.91072,469.78530,2402.82077,236.09200
2026-09-04 13:30:00,SA1,1195.76000,314.70446,1824.62309,314.70446,1673.34069
2026-09-04 13:30:00,TAS1,946.23000,0.00000,263.11156,0.00000,263.11156
2026-09-04 13:30:00,VIC1,4355.81000,894.74524,2586.19088,894.74524,2318.47731
2026-09-04 13:35:00,NSW1,4591.76000,3485.79675,493.52912,3326.23366,493.52912
2026-09-04 13:35:00,QLD1,4136.24000,3556.17950,467.51430,2427.19866,234.20300
2026-09-04 13:35:00,SA1,1202.11000,240.14746,1864.45588,239.03846,1687.74348
2026-09-04 13:35:00,TAS1,953.33000,0.00000,254.88297,0.00000,254.88297
2026-09-04 13:35:00,VIC1,4350.67000,855.25790,2487.20604,848.10790,2477.94427
2026-09-04 13:40:00,NSW1,4687.44000,3362.72201,490.36916,3189.67159,490.36916
2026-09-04 13:40:00,QLD1,4178.71000,3598.69444,467.06630,2520.63819,222.69797
2026-09-04 13:40:00,SA1,1274.29000,173.51355,1871.73546,172.43555,1697.99526
2026-09-04 13:40:00,TAS1,948.64000,0.00000,266.92630,0.00000,266.92630
2026-09-04 13:40:00,VIC1,4434.57000,823.75018,2567.47996,823.75018,2567.47996
2026-09-04 13:45:00,NSW1,4651.46000,3114.72150,542.35610,3046.56385,542.35610
2026-09-04 13:45:00,QLD1,4198.83000,3469.12857,460.38830,2533.91567,220.75900
2026-09-04 13:45:00,SA1,1360.52000,148.35192,1893.95083,148.35192,1717.84023
2026-09-04 13:45:00,TAS1,941.02000,0.00000,290.45809,0.00000,290.45809
2026-09-04 13:45:00,VIC1,4397.19000,856.07399,2524.20957,851.61399,2524.20957
2026-09-04 13:50:00,NSW1,4731.04000,3091.81647,547.69230,2926.44152,547.69230
2026-09-04 13:50:00,QLD1,4257.99000,3552.26535,447.05750,2542.18092,220.63297
2026-09-04 13:50:00,SA1,1468.60000,129.86554,1917.19064,129.86554,1776.32474
2026-09-04 13:50:00,TAS1,936.02000,0.00000,299.48590,0.00000,299.48590
2026-09-04 13:50:00,VIC1,4457.26000,741.72201,2576.65572,741.72201,2576.65572
2026-09-04 13:55:00,NSW1,4823.73000,2977.94773,570.54865,2914.36535,570.54865
2026-09-04 13:55:00,QLD1,4255.11000,3531.49629,469.92490,2594.82366,234.01800
2026-09-04 13:55:00,SA1,1518.09000,167.92227,1949.52891,167.92227,1809.23051
2026-09-04 13:55:00,TAS1,928.99000,0.00000,303.58299,0.00000,303.58299
2026-09-04 13:55:00,VIC1,4404.09000,723.49256,2659.75295,723.40256,2659.75295
2026-09-04 14:00:00,NSW1,4802.15000,3040.32170,551.70924,2981.81619,551.70924
2026-09-04 14:00:00,QLD1,4350.03000,3562.88406,491.89850,2592.05824,249.87900
2026-09-04 14:00:00,SA1,1502.35000,193.87937,2009.21174,193.87937,1853.97664
2026-09-04 14:00:00,TAS1,917.83000,0.00000,309.05639,0.00000,309.05639
2026-09-04 14:00:00,VIC1,4353.83000,658.80137,2744.98231,658.80137,2672.54871
2026-09-04 14:05:00,NSW1,4927.76000,3149.02781,530.40158,2939.34159,530.40158
2026-09-04 14:05:00,QLD1,4405.87000,3618.06468,552.00630,2630.14897,296.32100
2026-09-04 14:05:00,SA1,1499.14000,211.52300,2024.35786,211.52300,1862.40166
2026-09-04 14:05:00,TAS1,922.65000,0.00000,302.50743,0.00000,302.50743
2026-09-04 14:05:00,VIC1,4362.78000,615.83750,2723.17181,615.83750,2723.17181
2026-09-04 14:10:00,NSW1,5004.59000,2997.01752,588.37636,2944.30536,588.37636
2026-09-04 14:10:00,QLD1,4426.58000,3592.13322,510.60000,2529.56873,278.92400
2026-09-04 14:10:00,SA1,1466.63000,166.14974,2024.03597,166.14974,1838.86257
2026-09-04 14:10:00,TAS1,923.34000,0.00000,345.30449,0.00000,345.30449
2026-09-04 14:10:00,VIC1,4303.58000,672.25791,2717.60212,672.25791,2709.10495
2026-09-04 14:15:00,NSW1,4980.08000,3142.18713,615.19853,2792.31714,615.19853
2026-09-04 14:15:00,QLD1,4565.22000,3558.41483,575.54410,2755.18924,325.42100
2026-09-04 14:15:00,SA1,1444.30000,133.72437,1997.84684,133.72437,1833.77234
2026-09-04 14:15:00,TAS1,895.85000,0.00000,334.10653,0.00000,334.10653
2026-09-04 14:15:00,VIC1,4381.62000,567.69891,2714.46582,567.37891,2714.46582
2026-09-04 14:20:00,NSW1,4864.41000,3068.87412,618.77450,2714.95333,618.77450
2026-09-04 14:20:00,QLD1,4627.39000,3540.60959,587.69110,2542.22031,332.21600
2026-09-04 14:20:00,SA1,1402.62000,159.83802,2004.00319,159.83802,1870.80379
2026-09-04 14:20:00,TAS1,895.47000,0.00000,335.37605,0.00000,335.37605
2026-09-04 14:20:00,VIC1,4526.90000,527.04998,2710.20434,527.04998,2710.18534
2026-09-04 14:25:00,NSW1,4984.71000,3251.47137,647.95996,2912.47323,647.95996
2026-09-04 14:25:00,QLD1,4624.68000,3524.60773,576.83310,2531.64462,325.58100
2026-09-04 14:25:00,SA1,1406.28000,171.64145,2010.09568,163.88047,1874.98032
2026-09-04 14:25:00,TAS1,905.50000,0.00000,325.59919,0.00000,325.59919
2026-09-04 14:25:00,VIC1,4614.84000,512.02830,2733.74182,512.02830,2476.52156
2026-09-04 14:30:00,NSW1,5029.08000,3309.34165,670.73806,2971.27365,670.73806
2026-09-04 14:30:00,QLD1,4703.54000,3538.19220,651.74590,2485.48971,348.62800
2026-09-04 14:30:00,SA1,1424.57000,152.85573,1982.71405,152.85573,1884.46680
2026-09-04 14:30:00,TAS1,921.91000,0.00000,318.24670,0.00000,318.24670
2026-09-04 14:30:00,VIC1,4690.59000,497.49703,2732.64975,494.80703,2566.77390
2026-09-04 14:35:00,NSW1,5235.28000,3304.79951,682.51016,2964.90678,682.51016
2026-09-04 14:35:00,QLD1,4731.44000,3532.19855,672.90310,2449.37421,363.23200
2026-09-04 14:35:00,SA1,1430.82000,135.69991,1984.45579,135.69991,1919.84139
2026-09-04 14:35:00,TAS1,951.78000,0.00000,316.65648,0.00000,316.65648
2026-09-04 14:35:00,VIC1,4702.02000,416.73983,2931.26842,416.73983,2677.55890
2026-09-04 14:40:00,NSW1,5319.44000,3362.89573,689.90644,3033.71163,689.90644
2026-09-04 14:40:00,QLD1,4835.02000,3533.37472,625.48750,2502.84032,403.96500
2026-09-04 14:40:00,SA1,1422.24000,121.08937,1974.91040,121.08937,1918.50030
2026-09-04 14:40:00,TAS1,948.47000,0.00000,323.47492,0.00000,323.47492
2026-09-04 14:40:00,VIC1,4813.12000,409.98448,2932.01353,409.98448,2932.01353
2026-09-04 14:45:00,NSW1,5350.44000,3266.78040,698.55420,2836.55759,698.55420
2026-09-04 14:45:00,QLD1,4869.31000,3516.17914,573.52320,2497.73845,378.26000
2026-09-04 14:45:00,SA1,1379.53000,125.03609,2006.87697,125.03609,1948.29987
2026-09-04 14:45:00,TAS1,968.72000,0.00000,326.37254,0.00000,326.37254
2026-09-04 14:45:00,VIC1,4896.40000,453.96013,3085.08596,453.96013,2940.31265
2026-09-04 14:50:00,NSW1,5374.07000,3303.30467,706.34654,2849.26605,706.34654
2026-09-04 14:50:00,QLD1,4939.31000,3519.02892,621.53580,2616.26212,376.04000
2026-09-04 14:50:00,SA1,1314.35000,93.58345,1991.07756,93.58345,1936.43716
2026-09-04 14:50:00,TAS1,972.26000,0.00000,324.87020,0.00000,324.87020
2026-09-04 14:50:00,VIC1,4909.54000,437.78453,3081.78135,437.38453,2878.40715
2026-09-04 14:55:00,NSW1,5479.96000,3265.45579,722.18860,2843.53267,722.18860
2026-09-04 14:55:00,QLD1,5012.65000,3468.09993,663.72110,2657.05849,400.84400
2026-09-04 14:55:00,SA1,1381.67000,88.47682,2033.89372,88.47682,1930.06643
2026-09-04 14:55:00,TAS1,961.98000,0.00000,293.68795,0.00000,293.68795
2026-09-04 14:55:00,VIC1,5038.67000,453.67325,3181.87832,453.67325,3144.66699
2026-09-04 15:00:00,NSW1,5558.49000,3113.06620,698.57856,2722.98347,698.57856
2026-09-04 15:00:00,QLD1,5028.18000,3498.03599,646.35040,2683.91707,374.96200
2026-09-04 15:00:00,SA1,1313.76000,93.72954,2020.64220,93.72954,1923.65580
2026-09-04 15:00:00,TAS1,966.22000,0.00000,279.25494,0.00000,279.25494
2026-09-04 15:00:00,VIC1,5105.16000,409.37758,3301.93107,409.37758,3285.14048
2026-09-04 15:05:00,NSW1,5702.13000,3132.09016,671.11680,2741.76245,671.11680
2026-09-04 15:05:00,QLD1,5204.17000,3477.75365,677.72500,2795.08037,367.54400
2026-09-04 15:05:00,SA1,1241.21000,110.23955,2018.85408,107.41034,1845.85398
2026-09-04 15:05:00,TAS1,971.76000,0.00000,282.06551,0.00000,282.06551
2026-09-04 15:05:00,VIC1,5137.42000,366.67531,3307.99428,366.67531,3079.20775
2026-09-04 15:10:00,NSW1,5756.68000,3170.75921,673.74777,2882.55170,650.60527
2026-09-04 15:10:00,QLD1,5221.06000,3443.44384,631.66760,2749.08385,348.31500
2026-09-04 15:10:00,SA1,1183.77000,101.64564,1981.73199,81.04864,1725.73029
2026-09-04 15:10:00,TAS1,982.98000,0.00000,293.54698,0.00000,293.54698
2026-09-04 15:10:00,VIC1,5029.99000,305.26513,3403.02138,305.26513,2935.14255
2026-09-04 15:15:00,NSW1,5941.51000,3134.57038,723.31484,2740.91305,697.41074
2026-09-04 15:15:00,QLD1,5267.33000,3443.84555,604.32740,2770.12038,319.31800
2026-09-04 15:15:00,SA1,1091.12000,122.25772,1970.04844,95.65572,1540.74355
2026-09-04 15:15:00,TAS1,980.40000,0.00000,278.84550,0.00000,278.84550
2026-09-04 15:15:00,VIC1,5067.47000,305.01240,3497.94375,305.01240,3136.74639
2026-09-04 15:20:00,NSW1,5975.56000,3189.49431,752.44055,2812.08591,713.36455
2026-09-04 15:20:00,QLD1,5456.64000,3427.46933,625.87860,2783.99016,321.73700
2026-09-04 15:20:00,SA1,1084.74000,136.13700,2018.82147,109.51000,1535.09117
2026-09-04 15:20:00,TAS1,1008.59000,0.00000,300.45668,0.00000,300.45668
2026-09-04 15:20:00,VIC1,5098.46000,265.00733,3562.12269,257.99733,3076.79830
2026-09-04 15:25:00,NSW1,6109.85000,3223.50597,756.81423,2851.35755,721.13303
2026-09-04 15:25:00,QLD1,5517.64000,3388.49976,630.93130,2676.67166,349.96000
2026-09-04 15:25:00,SA1,1027.43000,131.69818,2006.68702,111.48618,1526.01108
2026-09-04 15:25:00,TAS1,1014.88000,0.00000,325.73427,0.00000,325.73427
2026-09-04 15:25:00,VIC1,5185.12000,238.26700,3515.83502,210.68433,3165.15894
2026-09-04 15:30:00,NSW1,6179.25000,3169.17205,773.41016,2793.50693,719.85306
2026-09-04 15:30:00,QLD1,5647.80000,3393.28162,646.71840,2852.06799,363.93700
2026-09-04 15:30:00,SA1,1013.29000,117.28818,2046.10398,109.57718,1616.58011
2026-09-04 15:30:00,TAS1,1017.99000,0.00000,298.51807,0.00000,298.51807
2026-09-04 15:30:00,VIC1,5222.96000,238.68471,3553.07676,238.48871,3009.34674
2026-09-04 15:35:00,NSW1,6235.00000,3065.24350,776.76559,2707.84483,703.73869
2026-09-04 15:35:00,QLD1,5770.29000,3356.32453,632.46140,2856.26143,350.54300
2026-09-04 15:35:00,SA1,1058.25000,121.31482,2007.60444,121.31482,1761.15281
2026-09-04 15:35:00,TAS1,1029.07000,0.00000,288.91008,0.00000,288.91008
2026-09-04 15:35:00,VIC1,5174.89000,211.35500,3544.02430,211.35500,2988.26030
2026-09-04 15:40:00,NSW1,6343.36000,3020.25642,778.96769,2664.21169,699.65666
2026-09-04 15:40:00,QLD1,5756.10000,3271.71125,628.23440,2787.44840,472.01741
2026-09-04 15:40:00,SA1,1078.06000,109.21154,2020.61056,109.21154,1859.53393
2026-09-04 15:40:00,TAS1,1025.81000,0.00000,268.22134,0.00000,268.22134
2026-09-04 15:40:00,VIC1,5281.07000,198.27423,3750.22717,198.27423,2971.36337
2026-09-04 15:45:00,NSW1,6457.01000,2871.44817,763.62307,2546.70461,690.80242
2026-09-04 15:45:00,QLD1,5900.26000,3224.62174,634.78610,2760.77282,575.85510
2026-09-04 15:45:00,SA1,1091.80000,113.43154,2059.57601,113.43154,1838.91854
2026-09-04 15:45:00,TAS1,1045.35000,0.00000,242.79086,0.00000,242.79086
2026-09-04 15:45:00,VIC1,5306.87000,209.68866,3831.96662,209.68866,2784.39690
2026-09-04 15:50:00,NSW1,6680.24000,2730.66667,782.87230,2416.42053,741.84755
2026-09-04 15:50:00,QLD1,6015.87000,3193.87953,679.44410,2801.04583,619.15604
2026-09-04 15:50:00,SA1,1106.64000,107.64137,2042.64545,107.64137,1935.35785
2026-09-04 15:50:00,TAS1,1053.67000,0.00000,246.00437,0.00000,246.00437
2026-09-04 15:50:00,VIC1,5397.15000,214.96609,3936.38137,214.96609,2975.23158
2026-09-04 15:55:00,NSW1,6724.59000,2503.36653,830.22910,2210.46486,830.22910
2026-09-04 15:55:00,QLD1,6150.19000,3146.10304,699.18120,2954.68490,592.73102
2026-09-04 15:55:00,SA1,1125.00000,105.73873,2029.95295,96.49873,1788.44149
2026-09-04 15:55:00,TAS1,1060.59000,0.00000,270.71158,0.00000,270.71158
2026-09-04 15:55:00,VIC1,5425.92000,193.38672,3862.80728,193.38672,3239.11904
2026-09-04 16:00:00,NSW1,6911.23000,2395.74965,804.85571,2150.75969,804.85571
2026-09-04 16:00:00,QLD1,6206.45000,3056.03401,655.34170,2866.02766,601.93370
2026-09-04 16:00:00,SA1,1154.35000,99.67000,1989.09104,99.67000,1802.42216
2026-09-04 16:00:00,TAS1,1056.08000,0.00000,252.05231,0.00000,252.05231
2026-09-04 16:00:00,VIC1,5468.06000,198.17707,3825.37471,198.17707,3333.88578
2026-09-04 16:05:00,NSW1,6933.07000,2340.24678,760.42094,2217.64468,760.42094
2026-09-04 16:05:00,QLD1,6292.06000,2945.14338,645.44570,2729.47370,560.18070
2026-09-04 16:05:00,SA1,1200.88000,113.05191,2004.17243,107.36991,1768.63653
2026-09-04 16:05:00,TAS1,1071.81000,0.00000,238.50987,0.00000,238.50987
2026-09-04 16:05:00,VIC1,5557.12000,198.33536,3803.61206,198.33536,3170.72725
2026-09-04 16:10:00,NSW1,7027.08000,2336.19695,777.16897,2126.37468,777.16897
2026-09-04 16:10:00,QLD1,6304.85000,2828.84398,616.82800,2721.71643,543.76700
2026-09-04 16:10:00,SA1,1213.41000,125.31536,1991.10352,125.31536,1939.49552
2026-09-04 16:10:00,TAS1,1062.67000,0.00000,264.89979,0.00000,264.89979
2026-09-04 16:10:00,VIC1,5694.32000,166.12943,3671.63871,166.12943,3288.78581
2026-09-04 16:15:00,NSW1,7238.93000,2185.85021,733.72001,2037.74167,733.72001
2026-09-04 16:15:00,QLD1,6394.05000,2667.98128,641.77510,2644.82551,559.67110
2026-09-04 16:15:00,SA1,1236.89000,126.36445,2042.19352,126.36445,1906.19881
2026-09-04 16:15:00,TAS1,1059.72000,0.00000,254.78186,0.00000,254.78186
2026-09-04 16:15:00,VIC1,5662.03000,188.87457,3683.48440,188.87457,3291.79150
2026-09-04 16:20:00,NSW1,7336.00000,2037.78107,713.02555,1970.95965,713.02555
2026-09-04 16:20:00,QLD1,6460.15000,2541.81085,660.72680,2488.03967,575.44580
2026-09-04 16:20:00,SA1,1340.46000,117.59682,2073.92619,117.59682,1971.76836
2026-09-04 16:20:00,TAS1,1068.27000,0.00000,239.45066,0.00000,239.45066
2026-09-04 16:20:00,VIC1,5811.06000,173.16645,3563.57095,173.16645,3189.61405
2026-09-04 16:25:00,NSW1,7354.71000,1688.75429,751.24809,1688.75429,751.24809
2026-09-04 16:25:00,QLD1,6561.05000,2429.09416,636.93620,2424.33739,556.73720
2026-09-04 16:25:00,SA1,1412.40000,119.38728,2125.93482,119.38728,2034.27094
2026-09-04 16:25:00,TAS1,1090.83000,0.00000,236.76500,0.00000,236.76500
2026-09-04 16:25:00,VIC1,5836.19000,193.56331,3451.81114,193.56331,3085.81224
2026-09-04 16:30:00,NSW1,7562.01000,1664.47516,722.40106,1664.47516,722.40106
2026-09-04 16:30:00,QLD1,6616.21000,2249.51301,625.64500,2226.99111,555.09200
2026-09-04 16:30:00,SA1,1422.65000,109.78373,2196.71855,109.78373,2004.99841
2026-09-04 16:30:00,TAS1,1102.99000,0.00000,227.55092,0.00000,227.55092
2026-09-04 16:30:00,VIC1,5880.64000,208.09922,3418.93966,208.09922,3088.19212
2026-09-04 16:35:00,NSW1,7505.70000,1596.56440,727.32130,1596.56440,727.32130
2026-09-04 16:35:00,QLD1,6675.72000,2101.25810,630.98710,2101.25810,619.06455
2026-09-04 16:35:00,SA1,1462.21000,114.45464,2221.01002,108.46264,1945.29597
2026-09-04 16:35:00,TAS1,1092.23000,0.00000,241.31576,0.00000,241.31576
2026-09-04 16:35:00,VIC1,5864.27000,252.32700,3523.34330,252.32700,3045.95079
2026-09-04 16:40:00,NSW1,7609.17000,1467.15157,737.30001,1467.15157,737.30001
2026-09-04 16:40:00,QLD1,6681.55000,1956.63886,646.30750,1956.63886,646.30750
2026-09-04 16:40:00,SA1,1446.02000,96.00064,2231.51392,96.00064,2072.79009
2026-09-04 16:40:00,TAS1,1082.80000,0.00000,234.06042,0.00000,234.06042
2026-09-04 16:40:00,VIC1,5933.71000,188.33904,3528.14564,188.33904,3062.17325
2026-09-04 16:45:00,NSW1,7671.11000,1193.48900,722.55268,1193.48900,722.55268
2026-09-04 16:45:00,QLD1,6888.32000,1666.92268,629.09071,1666.92268,629.09071
2026-09-04 16:45:00,SA1,1468.39000,92.63046,2218.90168,92.63046,2081.95794
2026-09-04 16:45:00,TAS1,1095.39000,0.00000,223.22835,0.00000,223.22835
2026-09-04 16:45:00,VIC1,6001.15000,102.32480,3540.07549,102.32480,3186.09659
2026-09-04 16:50:00,NSW1,7927.97000,977.11070,739.03960,977.11070,739.03960
2026-09-04 16:50:00,QLD1,6870.80000,1444.77064,626.97935,1444.77064,626.97935
2026-09-04 16:50:00,SA1,1421.10000,76.22282,2190.81480,76.22282,2028.15092
2026-09-04 16:50:00,TAS1,1111.11000,0.00000,215.87662,0.00000,215.87662
2026-09-04 16:50:00,VIC1,6051.50000,87.27960,3575.45653,87.27960,3167.84593
2026-09-04 16:55:00,NSW1,8008.74000,911.46710,716.09443,911.46710,716.09443
2026-09-04 16:55:00,QLD1,6989.08000,1249.55686,591.09360,1249.55686,591.09360
2026-09-04 16:55:00,SA1,1433.19000,59.10700,2118.09531,59.10700,1967.23322
2026-09-04 16:55:00,TAS1,1131.87000,0.00000,203.29266,0.00000,203.29266
2026-09-04 16:55:00,VIC1,6129.85000,94.82963,3556.47200,94.82963,3187.47560
2026-09-04 17:00:00,NSW1,8011.35000,725.82005,681.72161,725.82005,681.72161
2026-09-04 17:00:00,QLD1,7072.32000,1071.08756,572.56987,1071.08756,572.56987
2026-09-04 17:00:00,SA1,1408.80000,53.94291,2089.77939,53.94291,1991.91932
2026-09-04 17:00:00,TAS1,1141.50000,0.00000,202.09573,0.00000,202.09573
2026-09-04 17:00:00,VIC1,6169.14000,87.62791,3564.61454,87.62791,3234.15464
2026-09-04 17:05:00,NSW1,8141.98000,653.81262,663.83056,653.81262,663.83056
2026-09-04 17:05:00,QLD1,7122.74000,890.05122,558.49426,890.05122,558.49426
2026-09-04 17:05:00,SA1,1452.16000,49.92300,2066.01039,49.79900,1774.16869
2026-09-04 17:05:00,TAS1,1155.85000,0.00000,194.37395,0.00000,194.37395
2026-09-04 17:05:00,VIC1,6229.51000,74.30092,3626.42306,73.51792,3234.53963
2026-09-04 17:10:00,NSW1,8110.87000,470.24088,688.88313,470.24088,688.88313
2026-09-04 17:10:00,QLD1,7038.61000,704.20663,549.85100,704.20663,549.85100
2026-09-04 17:10:00,SA1,1433.19000,54.34882,2050.98560,54.34882,1935.05120
2026-09-04 17:10:00,TAS1,1162.15000,0.00000,223.08726,0.00000,223.08726
2026-09-04 17:10:00,VIC1,6295.64000,56.36813,3655.77655,56.36813,3422.90035
2026-09-04 17:15:00,NSW1,8073.46000,340.04383,675.51189,340.04383,675.51189
2026-09-04 17:15:00,QLD1,7091.56000,535.02440,533.28706,535.02440,533.28706
2026-09-04 17:15:00,SA1,1456.99000,40.10372,2028.68889,39.73772,1674.64652
2026-09-04 17:15:00,TAS1,1136.06000,0.00000,209.84210,0.00000,209.84210
2026-09-04 17:15:00,VIC1,6334.79000,71.99943,3745.82102,71.99943,3505.73894
2026-09-04 17:20:00,NSW1,8165.54000,235.95885,670.02043,235.95885,670.02043
2026-09-04 17:20:00,QLD1,7111.79000,420.69484,505.24784,420.69484,505.24784
2026-09-04 17:20:00,SA1,1523.67000,38.43590,2028.87424,34.93290,1791.16362
2026-09-04 17:20:00,TAS1,1136.75000,0.00000,228.11122,0.00000,228.11122
2026-09-04 17:20:00,VIC1,6428.58000,68.05883,3795.60426,68.05883,3547.88823
2026-09-04 17:25:00,NSW1,8247.73000,149.50339,685.87502,149.50339,685.87502
2026-09-04 17:25:00,QLD1,7093.69000,279.54365,473.66357,279.54365,473.66357
2026-09-04 17:25:00,SA1,1546.68000,32.70136,2052.96570,31.15936,1839.38156
2026-09-04 17:25:00,TAS1,1156.15000,0.00000,245.88222,0.00000,245.88222
2026-09-04 17:25:00,VIC1,6466.98000,63.15846,3770.72907,63.15846,3465.94325
2026-09-04 17:30:00,NSW1,8377.68000,92.17331,707.96721,92.17331,707.96721
2026-09-04 17:30:00,QLD1,7233.63000,170.08902,469.85740,170.08902,469.85740
2026-09-04 17:30:00,SA1,1580.19000,28.43081,2074.76490,26.64781,1802.35295
2026-09-04 17:30:00,TAS1,1161.14000,0.00000,276.12188,0.00000,276.12188
2026-09-04 17:30:00,VIC1,6511.87000,67.59609,3634.30564,67.59609,3299.23974
2026-09-04 17:35:00,NSW1,8319.65000,49.42257,726.32582,49.42257,726.32582
2026-09-04 17:35:00,QLD1,7216.17000,102.02413,462.56337,102.02413,462.56337
2026-09-04 17:35:00,SA1,1609.44000,21.69182,2081.06949,20.10082,1908.32009
2026-09-04 17:35:00,TAS1,1165.48000,0.00000,281.81937,0.00000,281.81937
2026-09-04 17:35:00,VIC1,6583.08000,34.20215,3629.28498,34.20215,3260.77414
2026-09-04 17:40:00,NSW1,8446.41000,31.89524,733.36247,31.89524,733.36247
2026-09-04 17:40:00,QLD1,7147.75000,63.50518,481.03344,63.50518,481.03344
2026-09-04 17:40:00,SA1,1611.61000,17.35001,2075.56029,17.35001,1968.40028
2026-09-04 17:40:00,TAS1,1177.57000,0.00000,285.22466,0.00000,285.22466
2026-09-04 17:40:00,VIC1,6670.26000,34.37838,3723.02265,34.37838,3491.67975
2026-09-04 17:45:00,NSW1,8403.18000,18.71882,743.07840,18.71882,743.07840
2026-09-04 17:45:00,QLD1,7193.26000,28.04841,448.47545,28.04841,448.47545
2026-09-04 17:45:00,SA1,1649.03000,15.03900,2088.37340,14.52200,1802.45125
2026-09-04 17:45:00,TAS1,1188.17000,0.00000,272.41452,0.00000,272.41452
2026-09-04 17:45:00,VIC1,6628.47000,14.34855,3716.36493,14.34855,3485.90803
2026-09-04 17:50:00,NSW1,8469.69000,5.79818,761.54566,5.79818,761.54566
2026-09-04 17:50:00,QLD1,7252.62000,13.35166,453.44266,13.35166,453.44266
2026-09-04 17:50:00,SA1,1651.14000,14.92400,2112.67718,9.81200,1777.68974
2026-09-04 17:50:00,TAS1,1218.34000,0.00000,276.66970,0.00000,276.66970
2026-09-04 17:50:00,VIC1,6632.46000,17.69267,3725.78003,15.30567,3449.87441
2026-09-04 17:55:00,NSW1,8515.57000,0.60091,775.65953,0.60091,775.65953
2026-09-04 17:55:00,QLD1,7277.44000,4.84699,431.17491,4.84699,431.17491
2026-09-04 17:55:00,SA1,1683.87000,12.49309,2117.16420,12.08209,1828.66306
2026-09-04 17:55:00,TAS1,1226.62000,0.00000,272.24583,0.00000,272.24583
2026-09-04 17:55:00,VIC1,6731.26000,2.86405,3664.23634,2.86405,3139.87493
2026-09-04 18:00:00,NSW1,8527.88000,0.14500,813.47725,0.14500,813.47725
2026-09-04 18:00:00,QLD1,7272.72000,2.73500,439.27901,2.73500,439.27901
2026-09-04 18:00:00,SA1,1674.52000,8.83991,2100.60960,8.83991,1960.49203
2026-09-04 18:00:00,TAS1,1221.09000,0.00000,282.80511,0.00000,282.80511
2026-09-04 18:00:00,VIC1,6769.20000,7.04488,3586.57582,7.04488,2994.39019
2026-09-04 18:05:00,NSW1,8594.14000,0.00000,818.32818,0.00000,818.32818
2026-09-04 18:05:00,QLD1,7247.19000,0.77900,447.64004,0.77900,447.64004
2026-09-04 18:05:00,SA1,1688.88000,4.23964,2108.01716,3.72964,1839.94312
2026-09-04 18:05:00,TAS1,1251.77000,0.00000,271.02231,0.00000,271.02231
2026-09-04 18:05:00,VIC1,6779.45000,1.73982,3694.27970,1.73982,3381.73120
2026-09-04 18:10:00,NSW1,8532.59000,0.00000,812.76180,0.00000,812.76180
2026-09-04 18:10:00,QLD1,7222.69000,0.06000,494.11440,0.06000,494.11440
2026-09-04 18:10:00,SA1,1694.66000,2.65572,2024.05961,1.59027,1607.67393
2026-09-04 18:10:00,TAS1,1255.81000,0.00000,281.79078,0.00000,281.79078
2026-09-04 18:10:00,VIC1,6770.80000,0.33000,3744.52429,0.33000,3496.09439
2026-09-04 18:15:00,NSW1,8403.42000,0.00000,843.45608,0.00000,843.45608
2026-09-04 18:15:00,QLD1,7231.19000,0.06000,514.05817,0.06000,514.05817
2026-09-04 18:15:00,SA1,1709.49000,1.49873,2053.98534,1.49873,1826.48559
2026-09-04 18:15:00,TAS1,1278.43000,0.00000,277.91197,0.00000,277.91197
2026-09-04 18:15:00,VIC1,6770.58000,0.00000,3869.48941,0.00000,3047.83182
2026-09-04 18:20:00,NSW1,8484.02000,0.00000,857.52087,0.00000,857.52087
2026-09-04 18:20:00,QLD1,7205.87000,0.16800,515.84944,0.16800,515.84944
2026-09-04 18:20:00,SA1,1706.94000,0.40991,2051.52283,0.40991,1732.21745
2026-09-04 18:20:00,TAS1,1300.98000,0.00000,287.37434,0.00000,287.37434
2026-09-04 18:20:00,VIC1,6834.42000,0.00000,4032.60357,0.00000,3468.49750
2026-09-04 18:25:00,NSW1,8469.97000,0.00000,844.04079,0.00000,844.04079
2026-09-04 18:25:00,QLD1,7217.01000,0.16800,523.82864,0.16800,523.82864
2026-09-04 18:25:00,SA1,1724.93000,0.10491,2041.62649,0.10491,1653.45221
2026-09-04 18:25:00,TAS1,1306.93000,0.00000,291.66565,0.00000,291.66565
2026-09-04 18:25:00,VIC1,6969.63000,0.00000,4109.40430,0.00000,3738.04169
2026-09-04 18:30:00,NSW1,8442.35000,0.00000,844.22241,0.00000,844.22241
2026-09-04 18:30:00,QLD1,7229.52000,0.16800,537.34876,0.16800,537.34876
2026-09-04 18:30:00,SA1,1741.83000,0.02700,2023.96082,0.02700,1605.60152
2026-09-04 18:30:00,TAS1,1303.82000,0.00000,306.22621,0.00000,306.22621
2026-09-04 18:30:00,VIC1,6956.82000,0.00000,4096.94570,0.00000,3673.06193
2026-09-04 18:35:00,NSW1,8374.39000,0.00000,852.22236,0.00000,852.22236
2026-09-04 18:35:00,QLD1,7200.49000,0.16800,529.32706,0.16800,529.32706
2026-09-04 18:35:00,SA1,1748.12000,0.03100,2009.63791,0.03100,1617.73753
2026-09-04 18:35:00,TAS1,1305.69000,0.00000,308.78330,0.00000,308.78330
2026-09-04 18:35:00,VIC1,6932.91000,0.00000,4084.62300,0.00000,3697.32710
2026-09-04 18:40:00,NSW1,8366.08000,0.00000,874.15318,0.00000,874.15318
2026-09-04 18:40:00,QLD1,7199.86000,0.16800,534.81402,0.16800,534.81402
2026-09-04 18:40:00,SA1,1744.49000,0.03100,2049.99700,0.03100,1651.90940
2026-09-04 18:40:00,TAS1,1300.95000,0.00000,317.53161,0.00000,317.53161
2026-09-04 18:40:00,VIC1,6913.95000,0.00000,4010.62096,0.00000,3514.20976
2026-09-04 18:45:00,NSW1,8380.74000,0.00000,898.33009,0.00000,898.33009
2026-09-04 18:45:00,QLD1,7214.71000,0.16800,537.07227,0.16800,537.07227
2026-09-04 18:45:00,SA1,1744.19000,0.03100,2009.46467,0.03100,1755.66167
2026-09-04 18:45:00,TAS1,1292.82000,0.00000,314.05108,0.00000,314.05108
2026-09-04 18:45:00,VIC1,6955.05000,0.00000,4015.20644,0.00000,3368.56054
2026-09-04 18:50:00,NSW1,8455.22000,0.00000,905.82453,0.00000,905.82453
2026-09-04 18:50:00,QLD1,7195.22000,0.16800,546.85386,0.16800,546.85386
2026-09-04 18:50:00,SA1,1748.25000,0.03100,2059.99390,0.03100,1625.77560
2026-09-04 18:50:00,TAS1,1283.65000,0.00000,299.20135,0.00000,299.20135
2026-09-04 18:50:00,VIC1,6906.78000,0.00000,4040.97763,0.00000,3575.02073
2026-09-04 18:55:00,NSW1,8365.07000,0.00000,898.39441,0.00000,898.39441
2026-09-04 18:55:00,QLD1,7144.63000,0.16800,571.75686,0.16800,571.75686
2026-09-04 18:55:00,SA1,1758.40000,0.03100,2004.71654,0.03100,1574.62315
2026-09-04 18:55:00,TAS1,1287.69000,0.00000,311.51316,0.00000,311.51316
2026-09-04 18:55:00,VIC1,6874.79000,0.00000,4139.77002,0.00000,3744.40737
2026-09-04 19:00:00,NSW1,8295.03000,0.00000,883.92793,0.00000,883.92793
2026-09-04 19:00:00,QLD1,7045.37000,0.16800,594.78998,0.16800,594.78998
2026-09-04 19:00:00,SA1,1746.72000,0.03100,2003.59140,0.03100,1527.51230
2026-09-04 19:00:00,TAS1,1289.53000,0.00000,312.09042,0.00000,312.09042
2026-09-04 19:00:00,VIC1,6768.75000,0.00000,4205.05437,0.00000,3781.63291
2026-09-04 19:05:00,NSW1,8388.02000,0.00000,931.21096,0.00000,931.21096
2026-09-04 19:05:00,QLD1,7082.70000,0.16800,609.80279,0.16800,609.80279
2026-09-04 19:05:00,SA1,1751.22000,0.03100,2014.06526,0.03100,1509.18110
2026-09-04 19:05:00,TAS1,1285.90000,0.00000,304.03403,0.00000,304.03403
2026-09-04 19:05:00,VIC1,6753.13000,0.00000,4216.35689,0.00000,3769.61893
2026-09-04 19:10:00,NSW1,8352.69000,0.00000,924.72458,0.00000,924.72458
2026-09-04 19:10:00,QLD1,7066.68000,0.16800,612.09299,0.16800,612.09299
2026-09-04 19:10:00,SA1,1737.64000,0.00000,1988.83071,0.00000,1900.12786
2026-09-04 19:10:00,TAS1,1265.17000,0.00000,302.09994,0.00000,302.09994
2026-09-04 19:10:00,VIC1,6781.58000,0.00000,4223.16773,0.00000,3176.82453
2026-09-04 19:15:00,NSW1,8327.93000,0.00000,952.44568,0.00000,952.44568
2026-09-04 19:15:00,QLD1,6992.92000,0.10800,635.95279,0.10800,635.95279
2026-09-04 19:15:00,SA1,1713.31000,0.00000,2054.07578,0.00000,1810.62259
2026-09-04 19:15:00,TAS1,1259.60000,0.00000,276.41210,0.00000,276.41210
2026-09-04 19:15:00,VIC1,6831.16000,0.00000,4158.50628,0.00000,3474.92470
2026-09-04 19:20:00,NSW1,8146.50000,0.00000,929.86517,0.00000,929.86517
2026-09-04 19:20:00,QLD1,6987.85000,0.10800,646.82302,0.10800,646.82302
2026-09-04 19:20:00,SA1,1717.47000,0.00000,2038.63120,0.00000,1383.53890
2026-09-04 19:20:00,TAS1,1262.40000,0.00000,256.51759,0.00000,256.51759
2026-09-04 19:20:00,VIC1,6739.77000,0.00000,4235.99983,0.00000,3792.92611
2026-09-04 19:25:00,NSW1,8139.36000,0.00000,970.44397,0.00000,970.44397
2026-09-04 19:25:00,QLD1,6907.11000,0.16800,644.00732,0.16800,644.00732
2026-09-04 19:25:00,SA1,1726.70000,0.00000,2002.78952,0.00000,1364.59202
2026-09-04 19:25:00,TAS1,1268.50000,0.00000,246.64768,0.00000,246.64768
2026-09-04 19:25:00,VIC1,6736.78000,0.00000,4245.67673,0.00000,3772.49383
2026-09-04 19:30:00,NSW1,8269.84000,0.00000,983.59372,0.00000,983.59372
2026-09-04 19:30:00,QLD1,6910.31000,0.16800,642.67639,0.16800,642.67639
2026-09-04 19:30:00,SA1,1711.34000,0.00000,2053.20453,0.00000,1815.96231
2026-09-04 19:30:00,TAS1,1271.43000,0.00000,258.57483,0.00000,258.57483
2026-09-04 19:30:00,VIC1,6713.04000,0.00000,4287.04492,0.00000,3161.54142
2026-09-04 19:35:00,NSW1,8246.66000,0.00000,983.87782,0.00000,983.87782
2026-09-04 19:35:00,QLD1,6955.00000,0.16800,642.57400,0.16800,642.57400
2026-09-04 19:35:00,SA1,1702.25000,0.00000,2061.09048,0.00000,1358.44790
2026-09-04 19:35:00,TAS1,1271.57000,0.00000,263.62225,0.00000,263.62225
2026-09-04 19:35:00,VIC1,6697.65000,0.00000,4327.33616,0.00000,3873.30336
2026-09-04 19:40:00,NSW1,8175.53000,0.00000,996.35571,0.00000,996.35571
2026-09-04 19:40:00,QLD1,6861.82000,0.10800,642.11851,0.10800,642.11851
2026-09-04 19:40:00,SA1,1679.37000,0.00000,2034.26480,0.00000,1727.05512
2026-09-04 19:40:00,TAS1,1257.94000,0.00000,249.63309,0.00000,249.63309
2026-09-04 19:40:00,VIC1,6723.21000,0.00000,4314.30778,0.00000,3344.66719
2026-09-04 19:45:00,NSW1,8198.37000,0.00000,1029.33909,0.00000,1029.33909
2026-09-04 19:45:00,QLD1,6846.61000,0.16800,652.69594,0.16800,652.69594
2026-09-04 19:45:00,SA1,1681.26000,0.00000,2070.44881,0.00000,1935.21031
2026-09-04 19:45:00,TAS1,1270.75000,0.00000,271.09242,0.00000,271.09242
2026-09-04 19:45:00,VIC1,6666.99000,0.00000,4306.22668,0.00000,3659.96974
2026-09-04 19:50:00,NSW1,8130.72000,0.00000,1016.02030,0.00000,1016.02030
2026-09-04 19:50:00,QLD1,6840.89000,0.16800,662.66506,0.16800,662.66506
2026-09-04 19:50:00,SA1,1681.80000,0.00000,2051.65438,0.00000,1945.73290
2026-09-04 19:50:00,TAS1,1248.84000,0.00000,284.74075,0.00000,284.74075
2026-09-04 19:50:00,VIC1,6594.32000,0.00000,4321.45824,0.00000,3363.83562
2026-09-04 19:55:00,NSW1,8184.49000,0.00000,1040.39256,0.00000,1040.39256
2026-09-04 19:55:00,QLD1,6820.67000,0.16800,651.07196,0.16800,651.07196
2026-09-04 19:55:00,SA1,1645.82000,0.00000,2060.81012,0.00000,1819.61303
2026-09-04 19:55:00,TAS1,1256.59000,0.00000,296.01038,0.00000,296.01038
2026-09-04 19:55:00,VIC1,6623.67000,0.00000,4390.76538,0.00000,3047.42340
2026-09-04 20:00:00,NSW1,8063.52000,0.00000,1055.98015,0.00000,1055.98015
2026-09-04 20:00:00,QLD1,6784.16000,0.16800,655.09827,0.16800,655.09827
2026-09-04 20:00:00,SA1,1639.64000,0.00000,2093.80272,0.00000,1953.26734
2026-09-04 20:00:00,TAS1,1252.03000,0.00000,292.62279,0.00000,292.62279
2026-09-04 20:00:00,VIC1,6769.10000,0.00000,4401.42264,0.00000,3136.96209
2026-09-04 20:05:00,NSW1,8030.80000,0.00000,1070.90972,0.00000,1070.90972
2026-09-04 20:05:00,QLD1,6785.53000,0.16800,656.38326,0.16800,656.38326
2026-09-04 20:05:00,SA1,1648.55000,0.00000,2115.80298,0.00000,2034.24459
2026-09-04 20:05:00,TAS1,1243.82000,0.00000,279.96539,0.00000,279.96539
2026-09-04 20:05:00,VIC1,6676.03000,0.00000,4428.54951,0.00000,3553.91643
2026-09-04 20:10:00,NSW1,8111.68000,0.00000,1065.89371,0.00000,1065.89371
2026-09-04 20:10:00,QLD1,6750.43000,0.16800,645.43720,0.16800,645.43720
2026-09-04 20:10:00,SA1,1636.37000,0.00000,2138.42527,0.00000,2042.37471
2026-09-04 20:10:00,TAS1,1235.08000,0.00000,276.34538,0.00000,276.34538
2026-09-04 20:10:00,VIC1,6711.61000,0.00000,4435.17124,0.00000,3094.66404
2026-09-04 20:15:00,NSW1,8067.93000,0.00000,1080.82377,0.00000,1080.82377
2026-09-04 20:15:00,QLD1,6734.01000,0.16800,638.53242,0.16800,638.53242
2026-09-04 20:15:00,SA1,1639.05000,0.00000,2167.75425,0.00000,2062.28475
2026-09-04 20:15:00,TAS1,1240.49000,0.00000,281.03683,0.00000,281.03683
2026-09-04 20:15:00,VIC1,6655.59000,0.00000,4367.04361,0.00000,3210.67200
2026-09-04 20:20:00,NSW1,8054.02000,0.00000,1078.67591,0.00000,1078.67591
2026-09-04 20:20:00,QLD1,6702.27000,0.16800,630.32393,0.16800,630.32393
2026-09-04 20:20:00,SA1,1649.57000,0.00000,2147.04779,0.00000,2076.03459
2026-09-04 20:20:00,TAS1,1229.20000,0.00000,284.17728,0.00000,284.17728
2026-09-04 20:20:00,VIC1,6651.46000,0.00000,4428.16193,0.00000,2988.95648
2026-09-04 20:25:00,NSW1,8058.91000,0.00000,1052.13063,0.00000,1052.13063
2026-09-04 20:25:00,QLD1,6676.14000,0.16800,630.99073,0.16800,630.99073
2026-09-04 20:25:00,SA1,1630.40000,0.00000,2152.40561,0.00000,2058.41251
2026-09-04 20:25:00,TAS1,1210.32000,0.00000,293.73842,0.00000,293.73842
2026-09-04 20:25:00,VIC1,6651.34000,0.00000,4427.55678,0.00000,3151.46761
2026-09-04 20:30:00,NSW1,8070.89000,0.00000,1064.97136,0.00000,1064.97136
2026-09-04 20:30:00,QLD1,6657.18000,0.16800,643.38660,0.16800,643.38660
2026-09-04 20:30:00,SA1,1608.03000,0.00000,2172.11746,0.00000,1898.16989
2026-09-04 20:30:00,TAS1,1204.57000,0.00000,292.31932,0.00000,292.31932
2026-09-04 20:30:00,VIC1,6584.61000,0.00000,4392.19674,0.00000,3227.62482
2026-09-04 20:35:00,NSW1,8088.26000,0.00000,1056.64542,0.00000,1056.64542
2026-09-04 20:35:00,QLD1,6685.36000,0.10800,641.05566,0.10800,641.05566
2026-09-04 20:35:00,SA1,1596.41000,0.00000,2166.70460,0.00000,1948.04433
2026-09-04 20:35:00,TAS1,1204.08000,0.00000,292.49355,0.00000,292.49355
2026-09-04 20:35:00,VIC1,6553.51000,0.00000,4412.53279,0.00000,3090.00993
2026-09-04 20:40:00,NSW1,7971.83000,0.00000,1050.57949,0.00000,1050.57949
2026-09-04 20:40:00,QLD1,6782.73000,0.16800,642.85091,0.16800,642.85091
2026-09-04 20:40:00,SA1,1601.00000,0.00000,2179.64233,0.00000,2026.71556
2026-09-04 20:40:00,TAS1,1189.90000,0.00000,306.31619,0.00000,306.31619
2026-09-04 20:40:00,VIC1,6544.60000,0.00000,4370.69782,0.00000,2898.39401
2026-09-04 20:45:00,NSW1,7986.05000,0.00000,1016.33854,0.00000,1016.33854
2026-09-04 20:45:00,QLD1,6748.12000,0.16800,645.91435,0.16800,645.91435
2026-09-04 20:45:00,SA1,1577.33000,0.00000,2146.67033,0.00000,2008.60817
2026-09-04 20:45:00,TAS1,1197.32000,0.00000,286.28695,0.00000,286.28695
2026-09-04 20:45:00,VIC1,6451.84000,0.00000,4441.65733,0.00000,2912.83491
2026-09-04 20:50:00,NSW1,7878.43000,0.00000,977.60693,0.00000,977.60693
2026-09-04 20:50:00,QLD1,6678.59000,0.16800,622.19290,0.16800,622.19290
2026-09-04 20:50:00,SA1,1570.82000,0.00000,2113.70227,0.00000,1903.78601
2026-09-04 20:50:00,TAS1,1203.25000,0.00000,291.23417,0.00000,291.23417
2026-09-04 20:50:00,VIC1,6235.92000,0.00000,4431.50766,0.00000,3020.21612
2026-09-04 20:55:00,NSW1,7929.16000,0.00000,992.12019,0.00000,992.12019
2026-09-04 20:55:00,QLD1,6722.94000,0.16800,605.01107,0.16800,605.01107
2026-09-04 20:55:00,SA1,1569.26000,0.00000,2105.45149,0.00000,2017.07985
2026-09-04 20:55:00,TAS1,1201.61000,0.00000,299.23488,0.00000,299.23488
2026-09-04 20:55:00,VIC1,6285.79000,0.00000,4476.49753,0.00000,2802.43317
2026-09-04 21:00:00,NSW1,8023.05000,0.00000,958.83237,0.00000,958.83237
2026-09-04 21:00:00,QLD1,6699.11000,0.06000,606.17019,0.06000,606.17019
2026-09-04 21:00:00,SA1,1562.89000,0.00000,2144.59244,0.00000,2019.76444
2026-09-04 21:00:00,TAS1,1205.97000,0.00000,290.98042,0.00000,290.98042
2026-09-04 21:00:00,VIC1,6233.76000,0.00000,4430.08281,0.00000,2848.29529
2026-09-04 21:05:00,NSW1,7844.57000,0.00000,928.42900,0.00000,928.42900
2026-09-04 21:05:00,QLD1,6657.81000,0.00000,610.62250,0.00000,610.62250
2026-09-04 21:05:00,SA1,1536.25000,0.00000,2119.17526,0.00000,1949.43876
2026-09-04 21:05:00,TAS1,1201.69000,0.00000,301.39557,0.00000,301.39557
2026-09-04 21:05:00,VIC1,6206.93000,0.00000,4425.36390,0.00000,2849.30077
2026-09-04 21:10:00,NSW1,7839.92000,0.00000,908.86611,0.00000,908.86611
2026-09-04 21:10:00,QLD1,6710.79000,0.06000,591.15324,0.06000,591.15324
2026-09-04 21:10:00,SA1,1540.21000,0.00000,2126.37876,0.00000,2032.48162
2026-09-04 21:10:00,TAS1,1203.71000,0.00000,299.39291,0.00000,299.39291
2026-09-04 21:10:00,VIC1,6233.82000,0.00000,4465.33744,0.00000,3022.44976
2026-09-04 21:15:00,NSW1,7869.00000,0.00000,910.02442,0.00000,910.02442
2026-09-04 21:15:00,QLD1,6642.05000,0.06000,595.41961,0.06000,595.41961
2026-09-04 21:15:00,SA1,1574.61000,0.00000,2087.11429,0.00000,2036.91878
2026-09-04 21:15:00,TAS1,1185.51000,0.00000,316.89932,0.00000,316.89932
2026-09-04 21:15:00,VIC1,6249.71000,0.00000,4452.79510,0.00000,2962.32964
2026-09-04 21:20:00,NSW1,7849.30000,0.00000,921.61180,0.00000,921.61180
2026-09-04 21:20:00,QLD1,6608.96000,0.00000,583.64706,0.00000,583.64706
2026-09-04 21:20:00,SA1,1559.05000,0.00000,2071.73842,0.00000,2029.97850
2026-09-04 21:20:00,TAS1,1184.76000,0.00000,300.10532,0.00000,300.10532
2026-09-04 21:20:00,VIC1,6217.51000,0.00000,4434.61928,0.00000,2888.79683
2026-09-04 21:25:00,NSW1,7880.53000,0.00000,912.21030,0.00000,912.21030
2026-09-04 21:25:00,QLD1,6646.88000,0.00000,592.75200,0.00000,592.75200
2026-09-04 21:25:00,SA1,1536.04000,0.00000,2057.85860,0.00000,2030.73153
2026-09-04 21:25:00,TAS1,1174.47000,0.00000,292.00805,0.00000,292.00805
2026-09-04 21:25:00,VIC1,6155.94000,0.00000,4454.06749,0.00000,2895.64321
2026-09-04 21:30:00,NSW1,7797.12000,0.00000,901.28880,0.00000,901.28880
2026-09-04 21:30:00,QLD1,6589.62000,0.06000,587.81173,0.06000,587.81173
2026-09-04 21:30:00,SA1,1546.52000,0.00000,2071.00187,0.00000,2026.96576
2026-09-04 21:30:00,TAS1,1168.94000,0.00000,291.90990,0.00000,291.90990
2026-09-04 21:30:00,VIC1,6011.54000,0.00000,4378.13984,0.00000,2765.73106
2026-09-04 21:35:00,NSW1,7777.56000,0.00000,878.96599,0.00000,878.96599
2026-09-04 21:35:00,QLD1,6617.05000,0.06000,583.59214,0.06000,583.59214
2026-09-04 21:35:00,SA1,1534.65000,0.00000,2050.95056,0.00000,1905.85966
2026-09-04 21:35:00,TAS1,1160.81000,0.00000,284.86133,0.00000,284.86133
2026-09-04 21:35:00,VIC1,5996.69000,0.00000,4520.05962,0.00000,2997.74008
2026-09-04 21:40:00,NSW1,7803.00000,0.00000,868.76601,0.00000,868.76601
2026-09-04 21:40:00,QLD1,6536.09000,0.06000,581.13945,0.06000,581.13945
2026-09-04 21:40:00,SA1,1545.96000,0.00000,2001.75404,0.00000,1915.11927
2026-09-04 21:40:00,TAS1,1142.30000,0.00000,271.28661,0.00000,271.28661
2026-09-04 21:40:00,VIC1,6004.32000,0.00000,4553.80725,0.00000,3132.91247
2026-09-04 21:45:00,NSW1,7763.77000,0.00000,890.38360,0.00000,890.38360
2026-09-04 21:45:00,QLD1,6541.61000,0.06000,568.61702,0.06000,568.61702
2026-09-04 21:45:00,SA1,1527.11000,0.00000,2040.37694,0.00000,1912.80648
2026-09-04 21:45:00,TAS1,1158.92000,0.00000,273.99014,0.00000,273.99014
2026-09-04 21:45:00,VIC1,5944.69000,0.00000,4506.05683,0.00000,2874.58834
2026-09-04 21:50:00,NSW1,7756.59000,0.00000,877.99118,0.00000,877.99118
2026-09-04 21:50:00,QLD1,6501.20000,0.06000,561.72983,0.06000,561.72983
2026-09-04 21:50:00,SA1,1536.64000,0.00000,2082.30305,0.00000,1934.07756
2026-09-04 21:50:00,TAS1,1151.19000,0.00000,286.33498,0.00000,286.33498
2026-09-04 21:50:00,VIC1,5904.44000,0.00000,4530.30895,0.00000,2893.08453
2026-09-04 21:55:00,NSW1,7727.39000,0.00000,888.78939,0.00000,888.78939
2026-09-04 21:55:00,QLD1,6486.26000,0.06000,549.52068,0.06000,549.52068
2026-09-04 21:55:00,SA1,1524.26000,0.00000,2115.96894,0.00000,1977.67252
2026-09-04 21:55:00,TAS1,1130.25000,0.00000,295.72385,0.00000,295.72385
2026-09-04 21:55:00,VIC1,5910.80000,0.00000,4525.54822,0.00000,2774.31255
2026-09-04 22:00:00,NSW1,7648.26000,0.00000,894.69016,0.00000,894.69016
2026-09-04 22:00:00,QLD1,6402.36000,0.06000,528.58988,0.06000,528.58988
2026-09-04 22:00:00,SA1,1494.34000,0.00000,2103.84181,0.00000,2017.05598
2026-09-04 22:00:00,TAS1,1123.44000,0.00000,281.49732,0.00000,281.49732
2026-09-04 22:00:00,VIC1,5861.35000,0.00000,4524.12445,0.00000,2801.05666
2026-09-04 22:05:00,NSW1,7550.74000,0.00000,896.27549,0.00000,896.27549
2026-09-04 22:05:00,QLD1,6365.34000,0.06000,542.12321,0.06000,542.12321
2026-09-04 22:05:00,SA1,1472.02000,0.00000,2049.58518,0.00000,1874.11874
2026-09-04 22:05:00,TAS1,1117.17000,0.00000,269.04579,0.00000,269.04579
2026-09-04 22:05:00,VIC1,5763.88000,0.00000,4561.64418,0.00000,3021.53918
2026-09-04 22:10:00,NSW1,7699.77000,0.00000,883.52436,0.00000,883.52436
2026-09-04 22:10:00,QLD1,6269.54000,0.06000,537.48549,0.06000,537.48549
2026-09-04 22:10:00,SA1,1508.12000,0.00000,2066.39157,0.00000,1875.47574
2026-09-04 22:10:00,TAS1,1107.32000,0.00000,284.01100,0.00000,284.01100
2026-09-04 22:10:00,VIC1,5662.66000,0.00000,4463.37005,0.00000,3089.21116
2026-09-04 22:15:00,NSW1,7713.01000,0.00000,878.40361,0.00000,878.40361
2026-09-04 22:15:00,QLD1,6334.82000,0.06000,531.38956,0.06000,531.38956
2026-09-04 22:15:00,SA1,1509.83000,0.00000,2084.73121,0.00000,1971.44300
2026-09-04 22:15:00,TAS1,1097.44000,0.00000,280.23106,0.00000,280.23106
2026-09-04 22:15:00,VIC1,5754.63000,0.00000,4567.95686,0.00000,3189.55990
2026-09-04 22:20:00,NSW1,7788.42000,0.00000,837.46820,0.00000,837.46820
2026-09-04 22:20:00,QLD1,6253.62000,0.06000,535.80347,0.06000,535.80347
2026-09-04 22:20:00,SA1,1500.77000,0.00000,2102.38878,0.00000,2021.94600
2026-09-04 22:20:00,TAS1,1088.78000,0.00000,280.99213,0.00000,280.99213
2026-09-04 22:20:00,VIC1,5678.62000,0.00000,4623.00144,0.00000,3147.82010
2026-09-04 22:25:00,NSW1,7739.47000,0.00000,808.20807,0.00000,808.20807
2026-09-04 22:25:00,QLD1,6172.39000,0.06000,541.75905,0.06000,541.75905
2026-09-04 22:25:00,SA1,1500.15000,0.00000,2102.64731,0.00000,2024.24900
2026-09-04 22:25:00,TAS1,1085.20000,0.00000,265.28952,0.00000,265.28952
2026-09-04 22:25:00,VIC1,5551.59000,0.00000,4634.96307,0.00000,3087.03615
2026-09-04 22:30:00,NSW1,7769.33000,0.00000,862.85910,0.00000,862.85910
2026-09-04 22:30:00,QLD1,6155.44000,0.06000,535.07717,0.06000,535.07717
2026-09-04 22:30:00,SA1,1463.01000,0.00000,2111.76678,0.00000,2007.04374
2026-09-04 22:30:00,TAS1,1064.00000,0.00000,256.48765,0.00000,256.48765
2026-09-04 22:30:00,VIC1,5587.59000,0.00000,4662.35488,0.00000,3233.38100
2026-09-04 22:35:00,NSW1,7753.26000,0.00000,838.58505,0.00000,838.58505
2026-09-04 22:35:00,QLD1,6108.40000,0.06000,525.94835,0.06000,525.94835
2026-09-04 22:35:00,SA1,1493.31000,0.00000,2120.24450,0.00000,2030.24353
2026-09-04 22:35:00,TAS1,1059.62000,0.00000,251.64910,0.00000,251.64910
2026-09-04 22:35:00,VIC1,5537.11000,0.00000,4671.86316,0.00000,3369.88906
2026-09-04 22:40:00,NSW1,7658.25000,0.00000,886.77662,0.00000,886.77662
2026-09-04 22:40:00,QLD1,6086.32000,0.06000,527.70837,0.06000,527.70837
2026-09-04 22:40:00,SA1,1491.23000,0.00000,2131.70401,0.00000,2032.34536
2026-09-04 22:40:00,TAS1,1055.39000,0.00000,223.03566,0.00000,223.03566
2026-09-04 22:40:00,VIC1,5520.28000,0.00000,4642.23835,0.00000,3305.42081
2026-09-04 22:45:00,NSW1,7648.52000,0.00000,917.76149,0.00000,917.76149
2026-09-04 22:45:00,QLD1,6064.52000,0.06000,516.41078,0.06000,516.41078
2026-09-04 22:45:00,SA1,1463.83000,0.00000,2131.27995,0.00000,2032.14436
2026-09-04 22:45:00,TAS1,1045.60000,0.00000,222.79328,0.00000,222.79328
2026-09-04 22:45:00,VIC1,5501.37000,0.00000,4596.66851,0.00000,3486.21136
2026-09-04 22:50:00,NSW1,7644.15000,0.00000,920.10027,0.00000,920.10027
2026-09-04 22:50:00,QLD1,6030.16000,0.06000,522.87156,0.06000,522.87156
2026-09-04 22:50:00,SA1,1456.19000,0.00000,2109.55322,0.00000,2025.29942
2026-09-04 22:50:00,TAS1,1036.31000,0.00000,229.70581,0.00000,229.70581
2026-09-04 22:50:00,VIC1,5391.08000,0.00000,4601.99856,0.00000,3441.41314
2026-09-04 22:55:00,NSW1,7509.69000,0.00000,908.34630,0.00000,908.34630
2026-09-04 22:55:00,QLD1,6043.10000,0.06000,527.38505,0.06000,527.38505
2026-09-04 22:55:00,SA1,1444.62000,0.00000,2150.98238,0.00000,2022.09911
2026-09-04 22:55:00,TAS1,1034.31000,0.00000,234.40903,0.00000,234.40903
2026-09-04 22:55:00,VIC1,5327.08000,0.00000,4585.65844,0.00000,3307.06601
2026-09-04 23:00:00,NSW1,7593.74000,0.00000,963.89684,0.00000,963.89684
2026-09-04 23:00:00,QLD1,6009.68000,0.06000,535.81381,0.06000,535.81381
2026-09-04 23:00:00,SA1,1426.81000,0.00000,2157.91493,0.00000,1991.86246
2026-09-04 23:00:00,TAS1,1026.20000,0.00000,238.46105,0.00000,238.46105
2026-09-04 23:00:00,VIC1,5340.75000,0.00000,4618.64012,0.00000,3344.48969
2026-09-04 23:05:00,NSW1,7498.11000,0.00000,1004.44032,0.00000,1004.44032
2026-09-04 23:05:00,QLD1,6012.10000,0.06000,546.18427,0.06000,546.18427
2026-09-04 23:05:00,SA1,1424.59000,0.00000,2165.30386,0.00000,2033.44645
2026-09-04 23:05:00,TAS1,1022.60000,0.00000,233.02821,0.00000,233.02821
2026-09-04 23:05:00,VIC1,5392.21000,0.00000,4637.46858,0.00000,3372.22129
2026-09-04 23:10:00,NSW1,7525.69000,0.00000,982.26401,0.00000,982.26401
2026-09-04 23:10:00,QLD1,6038.91000,0.06000,563.45445,0.06000,563.45445
2026-09-04 23:10:00,SA1,1416.45000,0.00000,2172.67699,0.00000,2006.20365
2026-09-04 23:10:00,TAS1,1006.29000,0.00000,227.76112,0.00000,227.76112
2026-09-04 23:10:00,VIC1,5426.98000,0.00000,4618.66423,0.00000,3431.51623
2026-09-04 23:15:00,NSW1,7450.34000,0.00000,1009.66916,0.00000,1009.66916
2026-09-04 23:15:00,QLD1,6048.04000,0.06000,578.07176,0.06000,578.07176
2026-09-04 23:15:00,SA1,1399.28000,0.00000,2123.23534,0.00000,2018.20284
2026-09-04 23:15:00,TAS1,1015.16000,0.00000,226.52172,0.00000,226.52172
2026-09-04 23:15:00,VIC1,5486.06000,0.00000,4653.09906,0.00000,3607.31839
2026-09-04 23:20:00,NSW1,7346.27000,0.00000,1040.05724,0.00000,1040.05724
2026-09-04 23:20:00,QLD1,6079.32000,0.06000,592.01649,0.06000,592.01649
2026-09-04 23:20:00,SA1,1382.65000,0.00000,2060.68745,0.00000,1961.59985
2026-09-04 23:20:00,TAS1,1003.63000,0.00000,222.80153,0.00000,222.80153
2026-09-04 23:20:00,VIC1,5515.14000,0.00000,4696.38719,0.00000,3601.74957
2026-09-04 23:25:00,NSW1,7369.11000,0.00000,1097.36975,0.00000,1097.36975
2026-09-04 23:25:00,QLD1,5994.04000,0.06000,587.24726,0.06000,587.24726
2026-09-04 23:25:00,SA1,1381.26000,0.00000,2086.19068,0.00000,1982.60738
2026-09-04 23:25:00,TAS1,1009.92000,0.00000,223.20866,0.00000,223.20866
2026-09-04 23:25:00,VIC1,5493.51000,0.00000,4759.61556,0.00000,3375.33606
2026-09-04 23:30:00,NSW1,7412.27000,0.00000,1126.18863,0.00000,1126.18863
2026-09-04 23:30:00,QLD1,5957.69000,0.06000,597.48147,0.06000,597.48147
2026-09-04 23:30:00,SA1,1387.12000,0.00000,2121.67255,0.00000,1984.15600
2026-09-04 23:30:00,TAS1,1014.31000,0.00000,220.42223,0.00000,220.42223
2026-09-04 23:30:00,VIC1,5461.02000,0.00000,4703.10579,0.00000,3396.91759
2026-09-04 23:35:00,NSW1,7362.66000,0.00000,1141.20777,0.00000,1141.20777
2026-09-04 23:35:00,QLD1,5971.91000,0.06000,601.13873,0.06000,601.13873
2026-09-04 23:35:00,SA1,1406.27000,0.00000,2087.75167,0.00000,1878.22377
2026-09-04 23:35:00,TAS1,1009.74000,0.00000,210.68487,0.00000,210.68487
2026-09-04 23:35:00,VIC1,5350.34000,0.00000,4678.33426,0.00000,3510.90227
2026-09-04 23:40:00,NSW1,7400.43000,0.00000,1135.35266,0.00000,1135.35266
2026-09-04 23:40:00,QLD1,5975.23000,0.06000,597.58200,0.06000,597.58200
2026-09-04 23:40:00,SA1,1433.23000,0.00000,2043.91564,0.00000,1940.16014
2026-09-04 23:40:00,TAS1,1013.15000,0.00000,211.77899,0.00000,211.77899
2026-09-04 23:40:00,VIC1,5419.91000,0.00000,4674.33782,0.00000,3664.14815
2026-09-04 23:45:00,NSW1,7366.97000,0.00000,1137.74084,0.00000,1137.74084
2026-09-04 23:45:00,QLD1,5967.17000,0.06000,600.01831,0.06000,600.01831
2026-09-04 23:45:00,SA1,1418.43000,0.00000,2088.23091,0.00000,1977.83871
2026-09-04 23:45:00,TAS1,1001.61000,0.00000,205.50040,0.00000,205.50040
2026-09-04 23:45:00,VIC1,5307.29000,0.00000,4716.82822,0.00000,3499.38484
2026-09-04 23:50:00,NSW1,7366.84000,0.00000,1155.33359,0.00000,1155.33359
2026-09-04 23:50:00,QLD1,5903.39000,0.06000,614.94742,0.06000,614.94742
2026-09-04 23:50:00,SA1,1406.93000,0.00000,2029.12514,0.00000,1909.33194
2026-09-04 23:50:00,TAS1,1002.95000,0.00000,196.79491,0.00000,196.79491
2026-09-04 23:50:00,VIC1,5297.38000,0.00000,4623.77518,0.00000,3534.82981
2026-09-04 23:55:00,NSW1,7240.88000,0.00000,1209.46256,0.00000,1209.46256
2026-09-04 23:55:00,QLD1,5895.30000,0.06000,623.39538,0.06000,623.39538
2026-09-04 23:55:00,SA1,1389.83000,0.00000,2007.97625,0.00000,1874.48795
2026-09-04 23:55:00,TAS1,1005.43000,0.00000,205.21590,0.00000,205.21590
2026-09-04 23:55:00,VIC1,5264.49000,0.00000,4675.14777,0.00000,3497.63077
2026-09-05 00:00:00,NSW1,7321.90000,0.00000,1212.10110,0.00000,1212.10110
2026-09-05 00:00:00,QLD1,5815.60000,0.00000,643.55681,0.00000,643.55681
2026-09-05 00:00:00,SA1,1388.12000,0.00000,1909.11586,0.00000,1776.06646
2026-09-05 00:00:00,TAS1,1005.11000,0.00000,202.94221,0.00000,202.94221
2026-09-05 00:00:00,VIC1,5232.08000,0.00000,4659.69846,0.00000,3566.48088
2026-09-05 00:05:00,NSW1,7294.36000,0.00000,1227.62185,0.00000,1227.62185
2026-09-05 00:05:00,QLD1,5766.32000,0.06000,658.32428,0.06000,658.32428
2026-09-05 00:05:00,SA1,1395.07000,0.00000,1940.25325,0.00000,1805.58465
2026-09-05 00:05:00,TAS1,991.12000,0.00000,204.31793,0.00000,204.31793
2026-09-05 00:05:00,VIC1,5229.29000,0.00000,4660.27217,0.00000,3525.14514
2026-09-05 00:10:00,NSW1,7376.28000,0.00000,1246.72760,0.00000,1246.72760
2026-09-05 00:10:00,QLD1,5790.09000,0.06000,660.09176,0.06000,660.09176
2026-09-05 00:10:00,SA1,1376.64000,0.00000,1867.50030,0.00000,1737.07450
2026-09-05 00:10:00,TAS1,989.40000,0.00000,209.32279,0.00000,209.32279
2026-09-05 00:10:00,VIC1,5254.83000,0.00000,4624.25821,0.00000,3583.69908
2026-09-05 00:15:00,NSW1,7290.13000,0.00000,1289.66539,0.00000,1289.66539
2026-09-05 00:15:00,QLD1,5716.88000,0.06000,667.00483,0.06000,667.00483
2026-09-05 00:15:00,SA1,1376.84000,0.00000,1907.15476,0.00000,1684.62146
2026-09-05 00:15:00,TAS1,984.46000,0.00000,216.17790,0.00000,216.17790
2026-09-05 00:15:00,VIC1,5252.09000,0.00000,4632.80799,0.00000,3608.28120
2026-09-05 00:20:00,NSW1,7284.51000,0.00000,1301.97190,0.00000,1301.97190
2026-09-05 00:20:00,QLD1,5726.10000,0.06000,671.02115,0.06000,671.02115
2026-09-05 00:20:00,SA1,1413.66000,0.00000,1949.84379,0.00000,1829.45349
2026-09-05 00:20:00,TAS1,979.55000,0.00000,233.62301,0.00000,233.62301
2026-09-05 00:20:00,VIC1,5142.05000,0.00000,4644.75717,0.00000,3289.25282
2026-09-05 00:25:00,NSW1,7274.30000,0.00000,1320.83642,0.00000,1320.83642
2026-09-05 00:25:00,QLD1,5704.09000,0.06000,664.99523,0.06000,664.99523
2026-09-05 00:25:00,SA1,1399.65000,0.00000,1940.55136,0.00000,1840.16576
2026-09-05 00:25:00,TAS1,975.17000,0.00000,240.76524,0.00000,240.76524
2026-09-05 00:25:00,VIC1,5177.37000,0.00000,4650.48843,0.00000,3372.60138
2026-09-05 00:30:00,NSW1,7277.41000,0.00000,1311.27773,0.00000,1311.27773
2026-09-05 00:30:00,QLD1,5646.12000,0.06000,648.79404,0.06000,648.79404
2026-09-05 00:30:00,SA1,1401.60000,0.00000,1958.92147,0.00000,1829.91467
2026-09-05 00:30:00,TAS1,968.59000,0.00000,242.59912,0.00000,242.59912
2026-09-05 00:30:00,VIC1,5139.38000,0.00000,4582.39769,0.00000,3345.12972
2026-09-05 00:35:00,NSW1,7288.71000,0.00000,1360.72291,0.00000,1360.72291
2026-09-05 00:35:00,QLD1,5660.96000,0.06000,626.30673,0.06000,626.30673
2026-09-05 00:35:00,SA1,1395.27000,0.00000,1934.26776,0.00000,1803.75290
2026-09-05 00:35:00,TAS1,964.16000,0.00000,244.68719,0.00000,244.68719
2026-09-05 00:35:00,VIC1,5033.27000,0.00000,4638.75738,0.00000,3265.81968
2026-09-05 00:40:00,NSW1,7297.67000,0.00000,1356.74838,0.00000,1356.74838
2026-09-05 00:40:00,QLD1,5584.36000,0.00000,607.61102,0.00000,607.61102
2026-09-05 00:40:00,SA1,1422.34000,0.00000,1959.81770,0.00000,1767.08950
2026-09-05 00:40:00,TAS1,962.26000,0.00000,245.96315,0.00000,245.96315
2026-09-05 00:40:00,VIC1,4995.63000,0.00000,4551.22432,0.00000,3224.67462
2026-09-05 00:45:00,NSW1,7217.79000,0.00000,1389.46053,0.00000,1389.46053
2026-09-05 00:45:00,QLD1,5600.46000,0.06000,588.32827,0.06000,588.32827
2026-09-05 00:45:00,SA1,1418.27000,0.00000,1935.77002,0.00000,1823.10352
2026-09-05 00:45:00,TAS1,964.84000,0.00000,259.80000,0.00000,259.80000
2026-09-05 00:45:00,VIC1,4986.98000,0.00000,4479.40806,0.00000,3228.40389
2026-09-05 00:50:00,NSW1,7180.83000,0.00000,1347.85435,0.00000,1347.85435
2026-09-05 00:50:00,QLD1,5595.80000,0.06000,584.08717,0.06000,584.08717
2026-09-05 00:50:00,SA1,1401.11000,0.00000,1772.38514,0.00000,1686.24014
2026-09-05 00:50:00,TAS1,963.44000,0.00000,249.68908,0.00000,249.68908
2026-09-05 00:50:00,VIC1,4977.64000,0.00000,4501.71230,0.00000,3343.55101
2026-09-05 00:55:00,NSW1,7137.13000,0.00000,1332.14065,0.00000,1332.14065
2026-09-05 00:55:00,QLD1,5532.20000,0.06000,578.05127,0.06000,578.05127
2026-09-05 00:55:00,SA1,1408.34000,0.00000,1742.68175,0.00000,1625.01685
2026-09-05 00:55:00,TAS1,974.50000,0.00000,246.42294,0.00000,246.42294
2026-09-05 00:55:00,VIC1,4911.21000,0.00000,4440.85269,0.00000,3332.50984
2026-09-05 01:00:00,NSW1,7101.39000,0.00000,1345.43785,0.00000,1345.43785
2026-09-05 01:00:00,QLD1,5552.19000,0.06000,583.93551,0.06000,583.93551
2026-09-05 01:00:00,SA1,1412.92000,0.00000,1795.57331,0.00000,1691.23351
2026-09-05 01:00:00,TAS1,978.02000,0.00000,237.81242,0.00000,237.81242
2026-09-05 01:00:00,VIC1,4831.94000,0.00000,4441.20681,0.00000,3208.02196
2026-09-05 01:05:00,NSW1,7144.99000,0.00000,1351.76421,0.00000,1351.76421
2026-09-05 01:05:00,QLD1,5515.87000,0.06000,577.86797,0.06000,577.86797
2026-09-05 01:05:00,SA1,1400.26000,0.00000,1786.72401,0.00000,1649.74605
2026-09-05 01:05:00,TAS1,985.48000,0.00000,236.26912,0.00000,236.26912
2026-09-05 01:05:00,VIC1,4760.75000,0.00000,4448.66218,0.00000,3185.25693
2026-09-05 01:10:00,NSW1,7101.57000,0.00000,1361.92674,0.00000,1361.92674
2026-09-05 01:10:00,QLD1,5503.24000,0.00000,585.96727,0.00000,585.96727
2026-09-05 01:10:00,SA1,1382.77000,0.00000,1858.86753,0.00000,1679.52333
2026-09-05 01:10:00,TAS1,989.86000,0.00000,257.09991,0.00000,257.09991
2026-09-05 01:10:00,VIC1,4713.73000,0.00000,4463.71727,0.00000,3185.06892
2026-09-05 01:15:00,NSW1,7013.20000,0.00000,1383.97153,0.00000,1383.97153
2026-09-05 01:15:00,QLD1,5471.10000,0.06000,574.84177,0.06000,574.84177
2026-09-05 01:15:00,SA1,1367.52000,0.00000,1886.75254,0.00000,1709.70844
2026-09-05 01:15:00,TAS1,988.51000,0.00000,253.91714,0.00000,253.91714
2026-09-05 01:15:00,VIC1,4679.78000,0.00000,4517.51317,0.00000,3139.05461
2026-09-05 01:20:00,NSW1,6945.80000,0.00000,1411.85158,0.00000,1411.85158
2026-09-05 01:20:00,QLD1,5448.28000,0.06000,571.20268,0.06000,571.20268
2026-09-05 01:20:00,SA1,1341.41000,0.00000,1829.83441,0.00000,1647.37801
2026-09-05 01:20:00,TAS1,982.13000,0.00000,250.93400,0.00000,250.93400
2026-09-05 01:20:00,VIC1,4672.59000,0.00000,4555.10782,0.00000,3202.47944
2026-09-05 01:25:00,NSW1,6922.19000,0.00000,1425.07386,0.00000,1425.07386
2026-09-05 01:25:00,QLD1,5454.06000,0.06000,570.76633,0.06000,570.76633
2026-09-05 01:25:00,SA1,1346.25000,0.00000,1827.23259,0.00000,1637.86319
2026-09-05 01:25:00,TAS1,978.15000,0.00000,240.83828,0.00000,240.83828
2026-09-05 01:25:00,VIC1,4749.35000,0.00000,4569.34680,0.00000,3233.47212
2026-09-05 01:30:00,NSW1,6935.90000,0.00000,1445.53689,0.00000,1445.53689
2026-09-05 01:30:00,QLD1,5419.07000,0.06000,558.06757,0.06000,558.06757
2026-09-05 01:30:00,SA1,1347.97000,0.00000,1884.70853,0.00000,1792.14123
2026-09-05 01:30:00,TAS1,981.81000,0.00000,234.61130,0.00000,234.61130
2026-09-05 01:30:00,VIC1,4676.24000,0.00000,4600.55454,0.00000,3160.28902
2026-09-05 01:35:00,NSW1,6833.73000,0.00000,1474.55208,0.00000,1474.55208
2026-09-05 01:35:00,QLD1,5446.91000,0.06000,539.46208,0.06000,539.46208
2026-09-05 01:35:00,SA1,1341.88000,0.00000,1871.23689,0.00000,1795.78599
2026-09-05 01:35:00,TAS1,990.60000,0.00000,236.84067,0.00000,236.84067
2026-09-05 01:35:00,VIC1,4646.94000,0.00000,4544.77949,0.00000,3041.93975
2026-09-05 01:40:00,NSW1,6868.48000,0.00000,1487.87561,0.00000,1487.87561
2026-09-05 01:40:00,QLD1,5381.04000,0.00000,519.47941,0.00000,519.47941
2026-09-05 01:40:00,SA1,1350.40000,0.00000,1867.76734,0.00000,1786.58174
2026-09-05 01:40:00,TAS1,993.89000,0.00000,222.45247,0.00000,222.45247
2026-09-05 01:40:00,VIC1,4591.51000,0.00000,4570.43828,0.00000,3003.00056
2026-09-05 01:45:00,NSW1,6806.57000,0.00000,1486.73317,0.00000,1486.73317
2026-09-05 01:45:00,QLD1,5408.64000,0.06000,516.87745,0.06000,516.87745
2026-09-05 01:45:00,SA1,1343.14000,0.00000,1842.28023,0.00000,1767.59883
2026-09-05 01:45:00,TAS1,994.50000,0.00000,217.39155,0.00000,217.39155
2026-09-05 01:45:00,VIC1,4624.05000,0.00000,4595.78062,0.00000,3008.88424
2026-09-05 01:50:00,NSW1,6781.51000,0.00000,1476.81543,0.00000,1476.81543
2026-09-05 01:50:00,QLD1,5463.12000,0.00000,530.27737,0.00000,530.27737
2026-09-05 01:50:00,SA1,1350.78000,0.00000,1818.13272,0.00000,1744.44152
2026-09-05 01:50:00,TAS1,997.91000,0.00000,196.52219,0.00000,196.52219
2026-09-05 01:50:00,VIC1,4580.17000,0.00000,4635.15794,0.00000,2995.00641
2026-09-05 01:55:00,NSW1,6810.11000,0.00000,1468.05302,0.00000,1468.05302
2026-09-05 01:55:00,QLD1,5385.97000,0.06000,548.71731,0.06000,548.71731
2026-09-05 01:55:00,SA1,1353.55000,0.00000,1806.75779,0.00000,1733.67449
2026-09-05 01:55:00,TAS1,1006.34000,0.00000,194.50716,0.00000,194.50716
2026-09-05 01:55:00,VIC1,4487.28000,0.00000,4572.56533,0.00000,2921.33846
2026-09-05 02:00:00,NSW1,6754.05000,0.00000,1471.05136,0.00000,1471.05136
2026-09-05 02:00:00,QLD1,5373.08000,0.00000,569.44604,0.00000,569.44604
2026-09-05 02:00:00,SA1,1341.60000,0.00000,1795.06608,0.00000,1723.96498
2026-09-05 02:00:00,TAS1,1004.27000,0.00000,204.72243,0.00000,204.72243
2026-09-05 02:00:00,VIC1,4504.62000,0.00000,4495.78471,0.00000,2926.44600
2026-09-05 02:05:00,NSW1,6718.15000,0.00000,1472.31381,0.00000,1472.31381
2026-09-05 02:05:00,QLD1,5394.63000,0.06000,581.80246,0.06000,581.80246
2026-09-05 02:05:00,SA1,1328.01000,0.00000,1777.62403,0.00000,1553.07983
2026-09-05 02:05:00,TAS1,1002.14000,0.00000,203.37198,0.00000,203.37198
2026-09-05 02:05:00,VIC1,4506.63000,0.00000,4527.51146,0.00000,3040.48433
2026-09-05 02:10:00,NSW1,6776.75000,0.00000,1476.09089,0.00000,1476.09089
2026-09-05 02:10:00,QLD1,5307.49000,0.00000,576.90979,0.00000,576.90979
2026-09-05 02:10:00,SA1,1331.62000,0.00000,1791.13973,0.00000,1488.41853
2026-09-05 02:10:00,TAS1,999.14000,0.00000,201.15747,0.00000,201.15747
2026-09-05 02:10:00,VIC1,4434.76000,0.00000,4552.15000,0.00000,3041.76605
2026-09-05 02:15:00,NSW1,6736.92000,0.00000,1484.04046,0.00000,1484.04046
2026-09-05 02:15:00,QLD1,5313.67000,0.06000,564.19825,0.06000,564.19825
2026-09-05 02:15:00,SA1,1314.54000,0.00000,1777.45164,0.00000,1479.47404
2026-09-05 02:15:00,TAS1,994.98000,0.00000,204.47674,0.00000,204.47674
2026-09-05 02:15:00,VIC1,4491.94000,0.00000,4528.40217,0.00000,3089.96790
2026-09-05 02:20:00,NSW1,6706.74000,0.00000,1475.52313,0.00000,1475.52313
2026-09-05 02:20:00,QLD1,5347.55000,0.06000,551.91471,0.06000,551.91471
2026-09-05 02:20:00,SA1,1303.24000,0.00000,1747.83003,0.00000,1469.37713
2026-09-05 02:20:00,TAS1,995.11000,0.00000,204.82341,0.00000,204.82341
2026-09-05 02:20:00,VIC1,4469.50000,0.00000,4584.91763,0.00000,3074.50338
2026-09-05 02:25:00,NSW1,6673.59000,0.00000,1504.05769,0.00000,1504.05769
2026-09-05 02:25:00,QLD1,5350.56000,0.06000,544.50887,0.06000,544.50887
2026-09-05 02:25:00,SA1,1292.14000,0.00000,1703.19800,0.00000,1427.85380
2026-09-05 02:25:00,TAS1,987.93000,0.00000,179.01434,0.00000,179.01434
2026-09-05 02:25:00,VIC1,4437.73000,0.00000,4591.34078,0.00000,3086.14247
2026-09-05 02:30:00,NSW1,6615.51000,0.00000,1492.82043,0.00000,1492.82043
2026-09-05 02:30:00,QLD1,5293.31000,0.06000,542.98037,0.06000,542.98037
2026-09-05 02:30:00,SA1,1293.67000,0.00000,1674.10715,0.00000,1394.14015
2026-09-05 02:30:00,TAS1,984.99000,0.00000,184.98760,0.00000,184.98760
2026-09-05 02:30:00,VIC1,4413.38000,0.00000,4591.94032,0.00000,3070.75786
2026-09-05 02:35:00,NSW1,6656.75000,0.00000,1489.40085,0.00000,1489.40085
2026-09-05 02:35:00,QLD1,5251.64000,0.06000,538.89519,0.06000,538.89519
2026-09-05 02:35:00,SA1,1288.15000,0.00000,1651.05945,0.00000,1359.72255
2026-09-05 02:35:00,TAS1,982.99000,0.00000,204.37312,0.00000,204.37312
2026-09-05 02:35:00,VIC1,4306.74000,0.00000,4577.97255,0.00000,2923.78692
2026-09-05 02:40:00,NSW1,6622.06000,0.00000,1470.87200,0.00000,1470.87200
2026-09-05 02:40:00,QLD1,5282.00000,0.06000,525.52885,0.06000,525.52885
2026-09-05 02:40:00,SA1,1294.18000,0.00000,1692.12380,0.00000,1391.92888
2026-09-05 02:40:00,TAS1,978.31000,0.00000,199.78247,0.00000,199.78247
2026-09-05 02:40:00,VIC1,4315.77000,0.00000,4622.62860,0.00000,2910.59321
2026-09-05 02:45:00,NSW1,6553.45000,0.00000,1469.66310,0.00000,1469.66310
2026-09-05 02:45:00,QLD1,5313.92000,0.06000,543.69588,0.06000,543.69588
2026-09-05 02:45:00,SA1,1285.18000,0.00000,1655.10787,0.00000,1414.74037
2026-09-05 02:45:00,TAS1,977.09000,0.00000,229.71648,0.00000,229.71648
2026-09-05 02:45:00,VIC1,4322.72000,0.00000,4591.84469,0.00000,2845.27343
2026-09-05 02:50:00,NSW1,6459.74000,0.00000,1471.34771,0.00000,1471.34771
2026-09-05 02:50:00,QLD1,5288.97000,0.00000,522.21472,0.00000,522.21472
2026-09-05 02:50:00,SA1,1276.45000,0.00000,1670.22915,0.00000,1410.86845
2026-09-05 02:50:00,TAS1,964.73000,0.00000,231.08859,0.00000,231.08859
2026-09-05 02:50:00,VIC1,4378.84000,0.00000,4588.81332,0.00000,2908.65139
2026-09-05 02:55:00,NSW1,6482.03000,0.00000,1450.45831,0.00000,1450.45831
2026-09-05 02:55:00,QLD1,5338.14000,0.06000,528.96322,0.06000,528.96322
2026-09-05 02:55:00,SA1,1263.22000,0.00000,1650.14420,0.00000,1409.19520
2026-09-05 02:55:00,TAS1,969.83000,0.00000,249.47053,0.00000,249.47053
2026-09-05 02:55:00,VIC1,4338.02000,0.00000,4544.79096,0.00000,2862.34493
2026-09-05 03:00:00,NSW1,6507.55000,0.00000,1454.98409,0.00000,1454.98409
2026-09-05 03:00:00,QLD1,5300.29000,0.06000,526.65120,0.06000,526.65120
2026-09-05 03:00:00,SA1,1262.49000,0.00000,1629.90398,0.00000,1385.33538
2026-09-05 03:00:00,TAS1,964.76000,0.00000,266.40908,0.00000,266.40908
2026-09-05 03:00:00,VIC1,4347.89000,0.00000,4571.11663,0.00000,2865.53089
2026-09-05 03:05:00,NSW1,6464.61000,0.00000,1487.24135,0.00000,1487.24135
2026-09-05 03:05:00,QLD1,5328.60000,0.06000,520.77280,0.06000,520.77280
2026-09-05 03:05:00,SA1,1274.86000,0.00000,1659.53229,0.00000,1403.66289
2026-09-05 03:05:00,TAS1,960.20000,0.00000,269.45146,0.00000,269.45146
2026-09-05 03:05:00,VIC1,4344.41000,0.00000,4597.81814,0.00000,2850.03350
2026-09-05 03:10:00,NSW1,6411.58000,0.00000,1489.86528,0.00000,1489.86528
2026-09-05 03:10:00,QLD1,5313.46000,0.06000,526.22167,0.06000,526.22167
2026-09-05 03:10:00,SA1,1274.57000,0.00000,1660.51427,0.00000,1410.97077
2026-09-05 03:10:00,TAS1,962.77000,0.00000,241.16189,0.00000,241.16189
2026-09-05 03:10:00,VIC1,4335.06000,0.00000,4545.84030,0.00000,2877.43471
2026-09-05 03:15:00,NSW1,6400.47000,0.00000,1503.42508,0.00000,1503.42508
2026-09-05 03:15:00,QLD1,5318.47000,0.06000,516.50243,0.06000,516.50243
2026-09-05 03:15:00,SA1,1266.05000,0.00000,1615.05572,0.00000,1393.62772
2026-09-05 03:15:00,TAS1,970.79000,0.00000,231.70144,0.00000,231.70144
2026-09-05 03:15:00,VIC1,4252.66000,0.00000,4484.07140,0.00000,2834.58527
2026-09-05 03:20:00,NSW1,6358.34000,0.00000,1510.33464,0.00000,1510.33464
2026-09-05 03:20:00,QLD1,5285.49000,0.06000,517.41451,0.06000,517.41451
2026-09-05 03:20:00,SA1,1280.53000,0.00000,1598.35803,0.00000,1352.83953
2026-09-05 03:20:00,TAS1,977.24000,0.00000,210.83115,0.00000,210.83115
2026-09-05 03:20:00,VIC1,4259.45000,0.00000,4472.78317,0.00000,2908.72703
2026-09-05 03:25:00,NSW1,6371.32000,0.00000,1515.10346,0.00000,1515.10346
2026-09-05 03:25:00,QLD1,5324.54000,0.06000,510.62074,0.06000,510.62074
2026-09-05 03:25:00,SA1,1298.58000,0.00000,1661.26241,0.00000,1402.18181
2026-09-05 03:25:00,TAS1,976.73000,0.00000,201.20182,0.00000,201.20182
2026-09-05 03:25:00,VIC1,4233.34000,0.00000,4424.71632,0.00000,2857.57241
2026-09-05 03:30:00,NSW1,6341.59000,0.00000,1511.23959,0.00000,1511.23959
2026-09-05 03:30:00,QLD1,5298.48000,0.06000,517.19534,0.06000,517.19534
2026-09-05 03:30:00,SA1,1274.28000,0.00000,1647.17666,0.00000,1373.21626
2026-09-05 03:30:00,TAS1,981.78000,0.00000,182.67550,0.00000,182.67550
2026-09-05 03:30:00,VIC1,4299.34000,0.00000,4394.56469,0.00000,2938.55598
2026-09-05 03:35:00,NSW1,6400.05000,0.00000,1497.14411,0.00000,1497.14411
2026-09-05 03:35:00,QLD1,5262.99000,0.06000,501.29414,0.06000,501.29414
2026-09-05 03:35:00,SA1,1263.73000,0.00000,1598.85331,0.00000,1362.03011
2026-09-05 03:35:00,TAS1,982.03000,0.00000,175.26942,0.00000,175.26942
2026-09-05 03:35:00,VIC1,4261.90000,0.00000,4373.62906,0.00000,2910.79054
2026-09-05 03:40:00,NSW1,6394.16000,0.00000,1510.16902,0.00000,1510.16902
2026-09-05 03:40:00,QLD1,5268.22000,0.00000,499.64392,0.00000,499.64392
2026-09-05 03:40:00,SA1,1285.54000,0.00000,1635.90072,0.00000,1416.51228
2026-09-05 03:40:00,TAS1,972.26000,0.00000,167.55843,0.00000,167.55843
2026-09-05 03:40:00,VIC1,4272.51000,0.00000,4344.95426,0.00000,2866.60266
2026-09-05 03:45:00,NSW1,6336.76000,0.00000,1530.39291,0.00000,1530.39291
2026-09-05 03:45:00,QLD1,5261.69000,0.00000,514.82804,0.00000,514.82804
2026-09-05 03:45:00,SA1,1265.25000,0.00000,1633.18802,0.00000,1413.40471
2026-09-05 03:45:00,TAS1,971.40000,0.00000,155.44108,0.00000,155.44108
2026-09-05 03:45:00,VIC1,4282.37000,0.00000,4340.06749,0.00000,2843.05828
2026-09-05 03:50:00,NSW1,6303.86000,0.00000,1538.09498,0.00000,1538.09498
2026-09-05 03:50:00,QLD1,5266.13000,0.06000,515.58993,0.06000,515.58993
2026-09-05 03:50:00,SA1,1248.27000,0.00000,1595.10878,0.00000,1403.29376
2026-09-05 03:50:00,TAS1,971.78000,0.00000,151.90079,0.00000,151.90079
2026-09-05 03:50:00,VIC1,4288.10000,0.00000,4352.83014,0.00000,2884.07367
2026-09-05 03:55:00,NSW1,6374.01000,0.00000,1556.25547,0.00000,1556.25547
2026-09-05 03:55:00,QLD1,5267.52000,0.06000,520.62340,0.06000,520.62340
2026-09-05 03:55:00,SA1,1250.37000,0.00000,1627.05264,0.00000,1413.35871
2026-09-05 03:55:00,TAS1,966.92000,0.00000,150.56648,0.00000,150.56648
2026-09-05 03:55:00,VIC1,4285.49000,0.00000,4360.35251,0.00000,2825.81610
2026-09-05 04:00:00,NSW1,6386.00000,0.00000,1542.06336,0.00000,1542.06336
2026-09-05 04:00:00,QLD1,5219.34000,0.06000,521.84873,0.06000,521.84873
2026-09-05 04:00:00,SA1,1248.46000,0.00000,1583.35782,0.00000,1378.65192
2026-09-05 04:00:00,TAS1,972.91000,0.00000,152.49218,0.00000,152.49218
2026-09-05 04:00:00,VIC1,4186.30000,0.00000,4387.29699,0.00000,2765.85536
2026-09-05 04:05:00,NSW1,6386.11000,0.00000,1551.17305,0.00000,1551.17305
2026-09-05 04:05:00,QLD1,5247.40000,0.06000,525.90475,0.06000,525.90475
2026-09-05 04:05:00,SA1,1245.38000,0.00000,1593.07928,0.00000,1292.03768
2026-09-05 04:05:00,TAS1,967.51000,0.00000,152.18909,0.00000,152.18909
2026-09-05 04:05:00,VIC1,4178.72000,0.00000,4379.09978,0.00000,2823.22668
2026-09-05 04:10:00,NSW1,6334.51000,0.00000,1564.97691,0.00000,1564.97691
2026-09-05 04:10:00,QLD1,5289.30000,0.06000,547.97282,0.06000,547.97282
2026-09-05 04:10:00,SA1,1219.90000,0.00000,1600.69294,0.00000,1300.51314
2026-09-05 04:10:00,TAS1,967.02000,0.00000,169.77720,0.00000,169.77720
2026-09-05 04:10:00,VIC1,4286.53000,0.00000,4416.74606,0.00000,2876.34990
2026-09-05 04:15:00,NSW1,6312.14000,0.00000,1563.98722,0.00000,1563.98722
2026-09-05 04:15:00,QLD1,5331.92000,0.06000,557.61405,0.06000,557.61405
2026-09-05 04:15:00,SA1,1208.78000,0.00000,1519.60829,0.00000,1286.29109
2026-09-05 04:15:00,TAS1,964.22000,0.00000,182.75389,0.00000,182.75389
2026-09-05 04:15:00,VIC1,4263.58000,0.00000,4478.13223,0.00000,2830.09003
2026-09-05 04:20:00,NSW1,6318.87000,0.00000,1568.97228,0.00000,1568.97228
2026-09-05 04:20:00,QLD1,5350.88000,0.06000,579.30679,0.06000,579.30679
2026-09-05 04:20:00,SA1,1210.45000,0.00000,1505.51688,0.00000,1246.14258
2026-09-05 04:20:00,TAS1,959.44000,0.00000,158.62656,0.00000,158.62656
2026-09-05 04:20:00,VIC1,4250.79000,0.00000,4482.38339,0.00000,2847.58866
2026-09-05 04:25:00,NSW1,6317.97000,0.00000,1593.70702,0.00000,1593.70702
2026-09-05 04:25:00,QLD1,5355.63000,0.06000,584.85883,0.06000,584.85883
2026-09-05 04:25:00,SA1,1225.55000,0.00000,1514.84513,0.00000,1249.52953
2026-09-05 04:25:00,TAS1,963.43000,0.00000,160.78306,0.00000,160.78306
2026-09-05 04:25:00,VIC1,4253.82000,0.00000,4518.82303,0.00000,2866.66614
2026-09-05 04:30:00,NSW1,6296.07000,0.00000,1614.31232,0.00000,1614.31232
2026-09-05 04:30:00,QLD1,5286.23000,0.06000,591.78176,0.06000,591.78176
2026-09-05 04:30:00,SA1,1221.73000,0.00000,1560.18074,0.00000,1267.74694
2026-09-05 04:30:00,TAS1,961.96000,0.00000,158.33694,0.00000,158.33694
2026-09-05 04:30:00,VIC1,4268.79000,0.00000,4538.58300,0.00000,2802.70640
2026-09-05 04:35:00,NSW1,6219.85000,0.00000,1639.43535,0.00000,1553.88895
2026-09-05 04:35:00,QLD1,5275.20000,0.06000,602.75751,0.06000,602.75751
2026-09-05 04:35:00,SA1,1224.67000,0.00000,1560.71974,0.00000,1207.99524
2026-09-05 04:35:00,TAS1,968.62000,0.00000,162.20603,0.00000,162.20603
2026-09-05 04:35:00,VIC1,4304.54000,0.00000,4560.12338,0.00000,2932.96148
2026-09-05 04:40:00,NSW1,6167.60000,0.00000,1598.04795,0.00000,1515.42825
2026-09-05 04:40:00,QLD1,5297.01000,0.00000,615.15329,0.00000,615.15329
2026-09-05 04:40:00,SA1,1234.25000,0.00000,1591.14685,0.00000,1217.04755
2026-09-05 04:40:00,TAS1,967.68000,0.00000,171.61568,0.00000,171.61568
2026-09-05 04:40:00,VIC1,4217.51000,0.00000,4582.62382,0.00000,2847.91302
2026-09-05 04:45:00,NSW1,6296.43000,0.00000,1594.48849,0.00000,1511.86879
2026-09-05 04:45:00,QLD1,5283.97000,0.06000,618.03079,0.06000,618.03079
2026-09-05 04:45:00,SA1,1226.01000,0.00000,1574.91222,0.00000,1216.27072
2026-09-05 04:45:00,TAS1,963.18000,0.00000,160.20472,0.00000,160.20472
2026-09-05 04:45:00,VIC1,4205.89000,0.00000,4663.02133,0.00000,2832.49857
2026-09-05 04:50:00,NSW1,6286.45000,0.00000,1613.84609,0.00000,1531.22639
2026-09-05 04:50:00,QLD1,5330.49000,0.06000,629.08359,0.06000,629.08359
2026-09-05 04:50:00,SA1,1231.21000,0.00000,1632.65269,0.00000,1227.44049
2026-09-05 04:50:00,TAS1,964.53000,0.00000,166.98082,0.00000,166.98082
2026-09-05 04:50:00,VIC1,4268.08000,0.00000,4580.15198,0.00000,2862.60772
2026-09-05 04:55:00,NSW1,6255.20000,0.00000,1561.64605,0.00000,1540.50815
2026-09-05 04:55:00,QLD1,5350.50000,0.06000,612.43386,0.06000,612.43386
2026-09-05 04:55:00,SA1,1221.91000,0.00000,1641.67183,0.00000,1236.25773
2026-09-05 04:55:00,TAS1,961.30000,0.00000,146.06877,0.00000,146.06877
2026-09-05 04:55:00,VIC1,4298.62000,0.00000,4572.77946,0.00000,2897.15691
2026-09-05 05:00:00,NSW1,6207.92000,0.00000,1554.15417,0.00000,1554.15417
2026-09-05 05:00:00,QLD1,5365.51000,0.16800,596.73806,0.16800,596.73806
2026-09-05 05:00:00,SA1,1216.29000,0.00000,1660.63772,0.00000,1259.54382
2026-09-05 05:00:00,TAS1,965.35000,0.00000,119.18051,0.00000,119.18051
2026-09-05 05:00:00,VIC1,4259.48000,0.00000,4625.21402,0.00000,2859.73870
2026-09-05 05:05:00,NSW1,6270.15000,0.00000,1561.07504,0.00000,1561.07504
2026-09-05 05:05:00,QLD1,5372.85000,0.16800,591.88188,0.16800,591.88188
2026-09-05 05:05:00,SA1,1209.41000,0.00000,1678.21193,0.00000,1256.68383
2026-09-05 05:05:00,TAS1,975.76000,0.00000,126.94831,0.00000,126.94831
2026-09-05 05:05:00,VIC1,4343.83000,0.00000,4599.93878,0.00000,2915.44415
2026-09-05 05:10:00,NSW1,6232.97000,0.00000,1567.88973,0.00000,1567.88973
2026-09-05 05:10:00,QLD1,5377.77000,0.16800,590.90137,0.16800,590.90137
2026-09-05 05:10:00,SA1,1210.59000,0.00000,1654.44866,0.00000,1254.61566
2026-09-05 05:10:00,TAS1,973.54000,0.00000,125.36863,0.00000,125.36863
2026-09-05 05:10:00,VIC1,4353.09000,0.00000,4576.25142,0.00000,2941.57466
2026-09-05 05:15:00,NSW1,6305.97000,0.00000,1570.05234,0.00000,1570.05234
2026-09-05 05:15:00,QLD1,5408.08000,0.16800,576.53141,0.16800,576.53141
2026-09-05 05:15:00,SA1,1191.59000,0.00000,1671.30609,0.00000,1274.78719
2026-09-05 05:15:00,TAS1,972.29000,0.00000,116.04626,0.00000,116.04626
2026-09-05 05:15:00,VIC1,4371.19000,0.00000,4512.94599,0.00000,2894.50386
2026-09-05 05:20:00,NSW1,6331.45000,0.00000,1552.55991,0.00000,1552.55991
2026-09-05 05:20:00,QLD1,5469.03000,0.16800,586.71827,0.16800,586.71827
2026-09-05 05:20:00,SA1,1179.08000,0.00000,1685.37723,0.00000,1286.02093
2026-09-05 05:20:00,TAS1,976.42000,0.00000,100.53757,0.00000,100.53757
2026-09-05 05:20:00,VIC1,4338.07000,0.00000,4572.97069,0.00000,2860.75441
2026-09-05 05:25:00,NSW1,6378.89000,0.00000,1527.23440,0.00000,1527.23440
2026-09-05 05:25:00,QLD1,5461.06000,0.16800,587.11155,0.16800,587.11155
2026-09-05 05:25:00,SA1,1183.64000,0.00000,1700.37488,0.00000,1315.23308
2026-09-05 05:25:00,TAS1,980.57000,0.00000,110.66252,0.00000,110.66252
2026-09-05 05:25:00,VIC1,4276.49000,0.00000,4596.87441,0.00000,2766.67116
2026-09-05 05:30:00,NSW1,6309.76000,0.00000,1535.33402,0.00000,1535.33402
2026-09-05 05:30:00,QLD1,5492.99000,0.16800,580.66000,0.16800,580.66000
2026-09-05 05:30:00,SA1,1194.24000,0.00000,1729.29526,0.00000,1324.83926
2026-09-05 05:30:00,TAS1,986.67000,0.00000,104.28006,0.00000,104.28006
2026-09-05 05:30:00,VIC1,4254.38000,0.00000,4608.67085,0.00000,2742.43095
2026-09-05 05:35:00,NSW1,6405.41000,0.00000,1521.35863,0.00000,1521.35863
2026-09-05 05:35:00,QLD1,5497.01000,0.10800,574.65540,0.10800,574.65540
2026-09-05 05:35:00,SA1,1178.83000,0.00000,1747.15450,0.00000,1324.06240
2026-09-05 05:35:00,TAS1,982.13000,0.00000,119.31498,0.00000,119.31498
2026-09-05 05:35:00,VIC1,4293.35000,0.00000,4644.15886,0.00000,2713.78337
2026-09-05 05:40:00,NSW1,6500.70000,0.00000,1530.84388,0.00000,1530.84388
2026-09-05 05:40:00,QLD1,5460.43000,0.16800,575.61012,0.16800,575.61012
2026-09-05 05:40:00,SA1,1185.75000,0.00000,1719.91810,0.00000,1315.31332
2026-09-05 05:40:00,TAS1,982.43000,0.00000,116.44306,0.00000,116.44306
2026-09-05 05:40:00,VIC1,4308.41000,0.00000,4654.98261,0.00000,2749.92078
2026-09-05 05:45:00,NSW1,6456.26000,0.00000,1500.21977,0.00000,1500.21977
2026-09-05 05:45:00,QLD1,5413.41000,0.16800,574.55367,0.16800,574.55367
2026-09-05 05:45:00,SA1,1193.18000,0.00000,1704.01438,0.00000,1315.57708
2026-09-05 05:45:00,TAS1,986.00000,0.00000,115.89987,0.00000,115.89987
2026-09-05 05:45:00,VIC1,4285.34000,0.00000,4709.23826,0.00000,2739.62839
2026-09-05 05:50:00,NSW1,6543.69000,0.00000,1511.46262,0.00000,1511.46262
2026-09-05 05:50:00,QLD1,5465.44000,0.16800,585.71875,0.16800,585.71875
2026-09-05 05:50:00,SA1,1208.61000,0.00000,1697.22521,0.00000,1300.94851
2026-09-05 05:50:00,TAS1,987.39000,0.00000,114.22551,0.00000,114.22551
2026-09-05 05:50:00,VIC1,4387.39000,0.00000,4755.01700,0.00000,2871.76350
2026-09-05 05:55:00,NSW1,6475.82000,0.00000,1497.82257,0.00000,1497.82257
2026-09-05 05:55:00,QLD1,5479.58000,0.16800,593.92807,0.16800,593.92807
2026-09-05 05:55:00,SA1,1203.33000,0.00000,1702.79297,0.00000,1308.08557
2026-09-05 05:55:00,TAS1,997.78000,0.00000,128.01673,0.00000,128.01673
2026-09-05 05:55:00,VIC1,4397.42000,0.00000,4745.43011,0.00000,2870.90090
2026-09-05 06:00:00,NSW1,6602.87000,0.00000,1522.99820,0.00000,1522.99820
2026-09-05 06:00:00,QLD1,5455.32000,0.16800,606.09385,0.16800,606.09385
2026-09-05 06:00:00,SA1,1210.62000,0.00000,1764.41038,0.00000,1335.30598
2026-09-05 06:00:00,TAS1,988.45000,0.00000,131.58893,0.00000,131.58893
2026-09-05 06:00:00,VIC1,4418.23000,0.00000,4723.52511,0.00000,2850.27004
2026-09-05 06:05:00,NSW1,6598.30000,0.00000,1542.47850,0.00000,1542.47850
2026-09-05 06:05:00,QLD1,5492.48000,0.18900,612.94630,0.18900,612.94630
2026-09-05 06:05:00,SA1,1223.11000,0.00000,1823.22501,0.00000,1367.19651
2026-09-05 06:05:00,TAS1,995.66000,0.00000,142.50510,0.00000,142.50510
2026-09-05 06:05:00,VIC1,4470.06000,0.00000,4677.49894,0.00000,2866.38852
2026-09-05 06:10:00,NSW1,6606.87000,4.16000,1551.49125,4.16000,1551.49125
2026-09-05 06:10:00,QLD1,5452.13000,1.57200,615.20475,1.57200,615.20475
2026-09-05 06:10:00,SA1,1213.36000,0.00000,1830.90206,0.00000,1397.22046
2026-09-05 06:10:00,TAS1,1000.36000,0.00000,144.89251,0.00000,144.89251
2026-09-05 06:10:00,VIC1,4426.85000,0.00000,4637.94084,0.00000,2779.92356
2026-09-05 06:15:00,NSW1,6659.81000,3.67000,1543.34681,3.67000,1543.34681
2026-09-05 06:15:00,QLD1,5526.43000,3.43800,614.22867,3.43800,614.22867
2026-09-05 06:15:00,SA1,1196.34000,0.00000,1860.50062,0.00000,1424.45622
2026-09-05 06:15:00,TAS1,1009.05000,0.00000,142.65325,0.00000,142.65325
2026-09-05 06:15:00,VIC1,4460.46000,0.00000,4627.69078,0.00000,2622.82746
2026-09-05 06:20:00,NSW1,6676.81000,20.68100,1580.00531,20.68100,1580.00531
2026-09-05 06:20:00,QLD1,5490.62000,13.89197,628.31013,13.89197,628.31013
2026-09-05 06:20:00,SA1,1222.14000,0.00000,1888.34133,0.00000,1430.10873
2026-09-05 06:20:00,TAS1,1008.89000,0.00000,142.94919,0.00000,142.94919
2026-09-05 06:20:00,VIC1,4513.70000,0.00000,4642.90672,0.00000,2676.82295
2026-09-05 06:25:00,NSW1,6625.67000,38.40575,1594.30470,38.40575,1594.30470
2026-09-05 06:25:00,QLD1,5440.68000,55.94383,633.86112,55.94383,633.86112
2026-09-05 06:25:00,SA1,1216.79000,0.00000,1880.07013,0.00000,1436.25163
2026-09-05 06:25:00,TAS1,1005.33000,0.00000,129.84024,0.00000,129.84024
2026-09-05 06:25:00,VIC1,4546.62000,0.00000,4643.55855,0.00000,2717.93263
2026-09-05 06:30:00,NSW1,6629.97000,65.54935,1602.12785,65.54935,1602.12785
2026-09-05 06:30:00,QLD1,5437.16000,96.37486,631.57987,96.37486,631.57987
2026-09-05 06:30:00,SA1,1217.25000,0.00000,1897.75350,0.00000,1438.05940
2026-09-05 06:30:00,TAS1,1018.36000,0.00000,111.91387,0.00000,111.91387
2026-09-05 06:30:00,VIC1,4645.70000,0.00000,4620.05932,0.00000,2839.21738
2026-09-05 06:35:00,NSW1,6690.71000,119.08410,1643.43975,119.08410,1643.43975
2026-09-05 06:35:00,QLD1,5426.92000,167.48758,628.46000,167.48758,628.46000
2026-09-05 06:35:00,SA1,1211.06000,0.00000,1887.56353,0.00000,1319.65133
2026-09-05 06:35:00,TAS1,1031.85000,0.00000,108.13341,0.00000,108.13341
2026-09-05 06:35:00,VIC1,4666.67000,0.00000,4635.50349,0.00000,3068.14777
2026-09-05 06:40:00,NSW1,6728.43000,200.57922,1666.61236,200.57922,1666.61236
2026-09-05 06:40:00,QLD1,5425.99000,331.54074,631.16690,331.54074,631.16690
2026-09-05 06:40:00,SA1,1193.44000,0.00000,1882.88783,0.00000,1314.66868
2026-09-05 06:40:00,TAS1,1037.20000,0.00000,107.44295,0.00000,107.44295
2026-09-05 06:40:00,VIC1,4748.80000,0.00000,4624.58047,0.00000,3121.35832
2026-09-05 06:45:00,NSW1,6715.34000,243.65017,1680.63150,243.65017,1680.63150
2026-09-05 06:45:00,QLD1,5432.56000,471.90451,633.58191,471.90451,633.58191
2026-09-05 06:45:00,SA1,1201.64000,0.00000,1881.53005,0.00000,1307.49265
2026-09-05 06:45:00,TAS1,1050.05000,0.00000,90.92749,0.00000,90.92749
2026-09-05 06:45:00,VIC1,4795.83000,0.00000,4675.60266,0.00000,3223.87231
2026-09-05 06:50:00,NSW1,6693.05000,313.24871,1675.21515,313.24871,1675.21515
2026-09-05 06:50:00,QLD1,5417.63000,637.66346,634.81126,637.66346,634.81126
2026-09-05 06:50:00,SA1,1217.09000,0.00000,1889.42227,0.00000,1305.24647
2026-09-05 06:50:00,TAS1,1046.27000,0.00000,85.70018,0.00000,85.70018
2026-09-05 06:50:00,VIC1,4721.66000,0.71646,4695.16773,0.71646,3235.44047
2026-09-05 06:55:00,NSW1,6650.51000,355.57617,1661.50943,355.43293,1661.50943
2026-09-05 06:55:00,QLD1,5349.67000,811.33603,630.47430,777.73622,630.47430
2026-09-05 06:55:00,SA1,1221.09000,0.00000,1886.50882,0.00000,1306.53452
2026-09-05 06:55:00,TAS1,1049.54000,0.00000,86.21552,0.00000,86.21552
2026-09-05 06:55:00,VIC1,4741.42000,1.81585,4663.20058,1.81585,3153.31425
2026-09-05 07:00:00,NSW1,6652.47000,438.36313,1648.66295,437.81168,1648.66295
2026-09-05 07:00:00,QLD1,5265.04000,1019.64069,626.66879,943.88186,626.66879
2026-09-05 07:00:00,SA1,1226.97000,0.00000,1886.81191,0.00000,1302.10811
2026-09-05 07:00:00,TAS1,1054.54000,0.00000,84.67421,0.00000,84.67421
2026-09-05 07:00:00,VIC1,4814.06000,3.34080,4619.89164,3.34080,3230.67995
2026-09-05 07:05:00,NSW1,6580.89000,542.77285,1648.69666,532.35667,1648.69666
2026-09-05 07:05:00,QLD1,5252.25000,1194.00587,606.32423,1104.14434,571.43183
2026-09-05 07:05:00,SA1,1217.84000,0.02500,1894.40332,0.02500,1312.92872
2026-09-05 07:05:00,TAS1,1040.30000,0.00000,75.83700,0.00000,75.83700
2026-09-05 07:05:00,VIC1,4819.68000,4.95118,4624.44048,4.95118,3192.88056
2026-09-05 07:10:00,NSW1,6501.88000,637.87768,1623.10914,622.49086,1623.10914
2026-09-05 07:10:00,QLD1,5262.47000,1395.34388,599.86618,1324.21802,573.38258
2026-09-05 07:10:00,SA1,1216.68000,1.12100,1911.60850,1.12100,1314.70720
2026-09-05 07:10:00,TAS1,1036.39000,0.00000,91.34785,0.00000,91.34785
2026-09-05 07:10:00,VIC1,4793.98000,3.78248,4628.91436,3.78248,3138.38128
2026-09-05 07:15:00,NSW1,6471.87000,731.22497,1614.06732,710.59752,1614.06732
2026-09-05 07:15:00,QLD1,5225.25000,1611.55252,608.10714,1312.82805,577.71104
2026-09-05 07:15:00,SA1,1213.75000,1.14545,1891.40734,1.14545,1307.57304
2026-09-05 07:15:00,TAS1,1042.54000,0.00000,96.99773,0.00000,96.99773
2026-09-05 07:15:00,VIC1,4917.59000,5.83730,4611.30407,5.58930,3176.56150
2026-09-05 07:20:00,NSW1,6544.43000,830.94384,1615.54317,807.34075,1615.54317
2026-09-05 07:20:00,QLD1,5264.38000,1825.81310,611.46768,1492.60139,493.15600
2026-09-05 07:20:00,SA1,1223.13000,3.95690,1924.87759,3.66690,1313.09279
2026-09-05 07:20:00,TAS1,1040.08000,0.00000,97.59675,0.00000,97.59675
2026-09-05 07:20:00,VIC1,4958.32000,8.92100,4644.00159,8.85100,3216.99206
2026-09-05 07:25:00,NSW1,6502.90000,915.76708,1612.69185,873.84508,1612.69185
2026-09-05 07:25:00,QLD1,5153.35000,2000.55624,595.46400,1676.90707,483.47900
2026-09-05 07:25:00,SA1,1217.83000,16.39991,1918.01820,15.88691,1322.02280
2026-09-05 07:25:00,TAS1,1042.67000,0.00000,106.09609,0.00000,106.09609
2026-09-05 07:25:00,VIC1,4985.93000,8.58608,4615.49192,8.50608,3133.32611
2026-09-05 07:30:00,NSW1,6386.04000,946.27009,1604.13077,918.28600,1536.83277
2026-09-05 07:30:00,QLD1,5105.93000,2187.53555,577.65200,1831.02925,469.06900
2026-09-05 07:30:00,SA1,1217.78000,33.00273,1975.62626,26.78673,1349.73986
2026-09-05 07:30:00,TAS1,1050.25000,0.00000,103.31575,0.00000,103.31575
2026-09-05 07:30:00,VIC1,5026.27000,8.31062,4652.59360,8.31062,3013.90042
2026-09-05 07:35:00,NSW1,6392.22000,986.88846,1584.85585,956.70237,1512.09085
2026-09-05 07:35:00,QLD1,5046.26000,2325.61845,559.90500,1913.79053,451.65500
2026-09-05 07:35:00,SA1,1223.98000,45.63282,2008.58063,39.31182,1379.19793
2026-09-05 07:35:00,TAS1,1075.62000,0.00000,99.31413,0.00000,99.31413
2026-09-05 07:35:00,VIC1,4982.31000,12.02170,4663.82667,12.01170,3090.08420
2026-09-05 07:40:00,NSW1,6408.98000,1071.69499,1553.50961,1033.19450,1553.50961
2026-09-05 07:40:00,QLD1,4951.36000,2428.45072,541.41700,2141.18442,435.64200
2026-09-05 07:40:00,SA1,1219.43000,64.12109,2016.77511,55.84109,1394.10911
2026-09-05 07:40:00,TAS1,1079.07000,0.00000,95.68104,0.00000,95.68104
2026-09-05 07:40:00,VIC1,5015.82000,18.18719,4712.19630,18.17719,3218.98114
2026-09-05 07:45:00,NSW1,6276.05000,1148.06375,1465.11002,1133.22449,1465.11002
2026-09-05 07:45:00,QLD1,4912.21000,2609.93585,519.20090,2277.54122,378.16605
2026-09-05 07:45:00,SA1,1205.05000,82.04564,2045.64417,71.92264,1411.31947
2026-09-05 07:45:00,TAS1,1095.78000,0.00000,104.43544,0.00000,104.43544
2026-09-05 07:45:00,VIC1,5031.53000,21.21746,4740.05273,20.80446,3245.35068
2026-09-05 07:50:00,NSW1,6271.01000,1272.79773,1533.97381,1225.97843,1460.77381
2026-09-05 07:50:00,QLD1,4853.76000,2780.39303,475.67570,2245.86078,211.31377
2026-09-05 07:50:00,SA1,1205.30000,102.30464,2047.98979,88.46764,1379.49529
2026-09-05 07:50:00,TAS1,1102.17000,0.00000,113.87808,0.00000,113.87808
2026-09-05 07:50:00,VIC1,5078.55000,27.18256,4722.14406,27.17256,3044.76632
2026-09-05 07:55:00,NSW1,6151.42000,1478.93545,1513.53108,1413.41322,1486.07361
2026-09-05 07:55:00,QLD1,4782.68000,2843.72061,419.84110,2123.87778,179.28657
2026-09-05 07:55:00,SA1,1209.93000,116.32836,2055.97840,105.66636,1359.95170
2026-09-05 07:55:00,TAS1,1099.36000,0.00000,122.58841,0.00000,122.58841
2026-09-05 07:55:00,VIC1,5083.02000,31.21559,4762.62493,30.49659,2970.07138
2026-09-05 08:00:00,NSW1,6002.85000,1529.87446,1524.16227,1459.20915,1306.59827
2026-09-05 08:00:00,QLD1,4853.62000,2896.96142,413.18500,2345.11820,236.03401
2026-09-05 08:00:00,SA1,1195.89000,145.57537,2032.66216,57.15182,1327.92046
2026-09-05 08:00:00,TAS1,1100.12000,0.00000,124.79965,0.00000,124.79965
2026-09-05 08:00:00,VIC1,5211.95000,28.17495,4767.27112,27.57695,2881.14831
2026-09-05 08:05:00,NSW1,6020.50000,1425.41621,1525.19507,1343.81286,1389.33207
2026-09-05 08:05:00,QLD1,4782.17000,2967.02917,407.77900,2487.16745,230.74956
2026-09-05 08:05:00,SA1,1171.02000,161.14583,1995.52647,66.85919,1288.44867
2026-09-05 08:05:00,TAS1,1106.73000,0.00000,135.16279,0.00000,135.16279
2026-09-05 08:05:00,VIC1,5232.48000,30.75373,4758.98244,30.55773,3045.18455
2026-09-05 08:10:00,NSW1,5995.41000,1620.75195,1525.38613,1535.46674,1395.74313
2026-09-05 08:10:00,QLD1,4726.59000,3079.21439,381.57200,2521.65208,186.85393
2026-09-05 08:10:00,SA1,1166.33000,179.09400,1968.57473,72.80309,1288.67193
2026-09-05 08:10:00,TAS1,1124.19000,0.00000,126.51100,0.00000,126.51100
2026-09-05 08:10:00,VIC1,5240.88000,36.52862,4751.65202,34.87362,3117.05953
2026-09-05 08:15:00,NSW1,6056.65000,1802.88919,1566.98266,1717.48889,1356.04066
2026-09-05 08:15:00,QLD1,4777.65000,3158.85002,355.94000,2651.77174,254.62100
2026-09-05 08:15:00,SA1,1129.05000,196.15881,1894.97521,79.05591,1256.60461
2026-09-05 08:15:00,TAS1,1125.27000,0.00000,137.83775,0.00000,137.83775
2026-09-05 08:15:00,VIC1,5283.34000,41.88393,4755.74938,40.49693,3100.89033
2026-09-05 08:20:00,NSW1,5944.63000,1821.23414,1540.39167,1732.59942,1532.61883
2026-09-05 08:20:00,QLD1,4749.55000,3165.54194,341.70400,2644.67780,239.60500
2026-09-05 08:20:00,SA1,1112.10000,217.61918,1886.06937,88.55200,1256.81557
2026-09-05 08:20:00,TAS1,1124.88000,0.00000,140.18245,0.00000,140.18245
2026-09-05 08:20:00,VIC1,5268.62000,54.78200,4765.38871,54.31200,2878.61627
2026-09-05 08:25:00,NSW1,5961.99000,1843.91505,1476.86160,1741.85325,1476.24558
2026-09-05 08:25:00,QLD1,4719.43000,3184.55160,342.09400,2668.89439,245.33800
2026-09-05 08:25:00,SA1,1082.81000,243.73682,1846.25720,100.15809,1233.00050
2026-09-05 08:25:00,TAS1,1132.16000,0.00000,157.04233,0.00000,157.04233
2026-09-05 08:25:00,VIC1,5284.98000,52.56064,4749.88072,52.16864,2986.64739
2026-09-05 08:30:00,NSW1,5967.93000,1877.80095,1465.27304,1777.09511,1434.82371
2026-09-05 08:30:00,QLD1,4576.58000,3257.16494,328.00200,2571.66683,201.78483
2026-09-05 08:30:00,SA1,1087.61000,261.75901,1820.02412,105.69555,1234.98052
2026-09-05 08:30:00,TAS1,1124.88000,0.00000,167.68734,0.00000,167.68734
2026-09-05 08:30:00,VIC1,5210.06000,58.11626,4737.05722,57.84226,2845.63787
2026-09-05 08:35:00,NSW1,5837.10000,1901.00380,1408.99490,1792.03154,1345.60756
2026-09-05 08:35:00,QLD1,4605.39000,3290.20588,301.95900,2646.86230,198.53182
2026-09-05 08:35:00,SA1,1105.60000,269.10009,1812.84143,109.28128,1231.99893
2026-09-05 08:35:00,TAS1,1127.00000,0.00000,198.41518,0.00000,198.41518
2026-09-05 08:35:00,VIC1,5217.70000,77.23787,4783.08644,75.33987,2799.28031
2026-09-05 08:40:00,NSW1,5816.33000,1901.28425,1382.59907,1795.33828,1318.37319
2026-09-05 08:40:00,QLD1,4595.29000,3271.74640,285.73600,2717.50307,130.65392
2026-09-05 08:40:00,SA1,1094.27000,287.68254,1804.93949,118.46227,1209.88349
2026-09-05 08:40:00,TAS1,1134.62000,0.00000,210.70228,0.00000,210.70228
2026-09-05 08:40:00,VIC1,5277.50000,71.73020,4779.80713,71.14320,2872.69334
2026-09-05 08:45:00,NSW1,5818.52000,1947.07521,1348.42649,1832.53197,1280.56209
2026-09-05 08:45:00,QLD1,4453.00000,3281.91374,266.84400,2728.19234,91.89800
2026-09-05 08:45:00,SA1,1082.77000,307.24536,1791.33670,126.09427,1224.46020
2026-09-05 08:45:00,TAS1,1133.85000,0.00000,211.23582,0.00000,211.23582
2026-09-05 08:45:00,VIC1,5283.65000,77.81215,4761.11170,76.73515,3164.97506
2026-09-05 08:50:00,NSW1,5755.38000,1963.84883,1297.40835,1857.75307,1218.04657
2026-09-05 08:50:00,QLD1,4435.60000,3272.30613,248.56100,2716.02073,84.19900
2026-09-05 08:50:00,SA1,1095.58000,311.41646,1806.00609,129.95600,1235.85859
2026-09-05 08:50:00,TAS1,1139.90000,0.00000,224.10623,0.00000,224.10623
2026-09-05 08:50:00,VIC1,5190.04000,89.59753,4756.74823,89.01053,3189.39731
2026-09-05 08:55:00,NSW1,5742.34000,1963.45905,1187.86395,1850.76467,1104.39003
2026-09-05 08:55:00,QLD1,4432.93000,3408.38845,258.60500,2741.41464,93.82264
2026-09-05 08:55:00,SA1,1105.28000,323.59419,1823.06795,140.60246,1252.34495
2026-09-05 08:55:00,TAS1,1137.50000,0.00000,212.86781,0.00000,212.86781
2026-09-05 08:55:00,VIC1,5235.82000,93.50144,4797.09087,93.07044,3193.77883
2026-09-05 09:00:00,NSW1,5646.88000,1992.42420,1202.86626,1876.64833,1113.40418
2026-09-05 09:00:00,QLD1,4396.16000,3385.83900,236.52700,2734.93146,78.64100
2026-09-05 09:00:00,SA1,1116.32000,340.42827,1846.87061,145.71809,1285.27961
2026-09-05 09:00:00,TAS1,1156.58000,0.00000,206.59000,0.00000,206.59000
2026-09-05 09:00:00,VIC1,5226.36000,107.48962,4822.83861,106.97462,2827.78585
2026-09-05 09:05:00,NSW1,5710.48000,1968.18372,1195.84714,1825.67021,1112.28801
2026-09-05 09:05:00,QLD1,4338.05000,3433.79212,230.76200,2718.58176,78.80900
2026-09-05 09:05:00,SA1,1115.61000,352.47891,1886.27718,104.88437,1312.76718
2026-09-05 09:05:00,TAS1,1157.74000,0.00000,216.65562,0.00000,216.65562
2026-09-05 09:05:00,VIC1,5207.41000,117.00004,4809.38740,116.08304,2951.21081
2026-09-05 09:10:00,NSW1,5713.70000,2072.03613,1142.32469,1851.44071,1052.14235
2026-09-05 09:10:00,QLD1,4274.00000,3507.93127,214.43000,2812.71896,71.20100
2026-09-05 09:10:00,SA1,1146.00000,366.17791,1857.87045,155.09230,1315.31635
2026-09-05 09:10:00,TAS1,1157.76000,0.00000,208.63175,0.00000,208.63175
2026-09-05 09:10:00,VIC1,5228.28000,128.20371,4672.11154,127.61671,3118.94802
2026-09-05 09:15:00,NSW1,5507.50000,2045.19309,1118.66493,1820.29607,1047.54916
2026-09-05 09:15:00,QLD1,4177.17000,3488.51326,202.72800,2531.13357,58.91100
2026-09-05 09:15:00,SA1,1146.57000,349.17181,1895.68330,135.27400,1450.76820
2026-09-05 09:15:00,TAS1,1164.79000,0.00000,206.05374,0.00000,206.05374
2026-09-05 09:15:00,VIC1,5124.23000,139.19614,4851.05242,138.72614,3264.81791
2026-09-05 09:20:00,NSW1,5396.96000,2030.38435,1145.00020,1801.25197,1071.46891
2026-09-05 09:20:00,QLD1,4189.60000,3510.12640,196.91200,2555.43777,95.42606
2026-09-05 09:20:00,SA1,1160.07000,349.17873,1849.71735,130.60300,1427.23535
2026-09-05 09:20:00,TAS1,1162.78000,0.00000,195.50723,0.00000,195.50723
2026-09-05 09:20:00,VIC1,5114.61000,136.37711,4852.36575,135.46011,3338.36777
2026-09-05 09:25:00,NSW1,5387.07000,1993.98127,1156.04027,1762.71190,1156.04027
2026-09-05 09:25:00,QLD1,4133.32000,3509.09658,197.71200,2559.27413,62.40400
2026-09-05 09:25:00,SA1,1144.07000,343.89464,1864.56097,118.51900,1396.70127
2026-09-05 09:25:00,TAS1,1166.28000,0.00000,188.65541,0.00000,188.65541
2026-09-05 09:25:00,VIC1,5146.41000,181.60329,4846.93925,181.17229,3228.75764
2026-09-05 09:30:00,NSW1,5400.62000,2001.67623,1135.15099,1817.79343,1135.15099
2026-09-05 09:30:00,QLD1,4057.17000,3521.55802,179.64150,2477.27687,108.97000
2026-09-05 09:30:00,SA1,1104.10000,355.66027,1886.57143,80.51100,1281.91133
2026-09-05 09:30:00,TAS1,1174.00000,0.00000,193.98821,0.00000,193.98821
2026-09-05 09:30:00,VIC1,5120.96000,209.58807,4826.74120,208.75207,2827.04069
2026-09-05 09:35:00,NSW1,5399.06000,2015.52325,1122.32536,1824.04157,1054.41324
2026-09-05 09:35:00,QLD1,3979.10000,3434.58435,192.54400,2298.19641,128.47400
2026-09-05 09:35:00,SA1,1101.34000,372.24463,1892.22249,80.82500,1278.74419
2026-09-05 09:35:00,TAS1,1171.83000,0.00000,210.16227,0.00000,210.16227
2026-09-05 09:35:00,VIC1,5053.31000,311.31053,4822.85058,290.68353,2760.03214
2026-09-05 09:40:00,NSW1,5457.46000,2128.42165,1146.34006,1880.06660,1070.66678
2026-09-05 09:40:00,QLD1,3842.29000,3483.79868,188.33650,2291.68958,124.94000
2026-09-05 09:40:00,SA1,1067.15000,319.34845,1871.64523,98.47100,1326.12019
2026-09-05 09:40:00,TAS1,1166.17000,0.00000,220.08989,0.00000,220.08989
2026-09-05 09:40:00,VIC1,5101.80000,355.85123,4802.72274,295.96223,3190.65749
2026-09-05 09:45:00,NSW1,5414.82000,2142.53338,1188.00759,1853.34678,1083.97148
2026-09-05 09:45:00,QLD1,3806.41000,3492.19586,185.41800,2264.76143,134.70600
2026-09-05 09:45:00,SA1,1039.34000,347.70465,1855.74983,78.79100,1276.47593
2026-09-05 09:45:00,TAS1,1170.78000,0.00000,227.89496,0.00000,227.89496
2026-09-05 09:45:00,VIC1,5050.85000,435.30514,4835.58548,332.57014,3112.40546
2026-09-05 09:50:00,NSW1,5466.23000,2158.18254,1213.94260,1917.95747,1088.83230
2026-09-05 09:50:00,QLD1,3669.25000,3519.27527,174.46500,2146.89940,100.74700
2026-09-05 09:50:00,SA1,1035.14000,337.06108,1912.75513,73.18400,1305.88553
2026-09-05 09:50:00,TAS1,1168.72000,0.00000,238.09280,0.00000,238.09280
2026-09-05 09:50:00,VIC1,5039.28000,482.67135,4834.02089,358.79017,3122.11797
2026-09-05 09:55:00,NSW1,5484.77000,2227.47754,1232.92185,2041.63454,1095.49289
2026-09-05 09:55:00,QLD1,3634.79000,3464.29372,188.35920,2072.83492,110.72000
2026-09-05 09:55:00,SA1,1029.74000,298.42228,1966.26750,66.26300,1347.18490
2026-09-05 09:55:00,TAS1,1158.79000,0.00000,219.49470,0.00000,219.49470
2026-09-05 09:55:00,VIC1,4969.82000,558.94114,4841.03385,360.54331,2996.88855
2026-09-05 10:00:00,NSW1,5241.59000,2177.09846,1237.82729,1961.44480,1098.90482
2026-09-05 10:00:00,QLD1,3556.08000,3509.11830,183.74020,2062.63287,110.20000
2026-09-05 10:00:00,SA1,987.86000,267.39955,2008.36206,66.22400,1385.14546
2026-09-05 10:00:00,TAS1,1173.40000,0.00000,205.92429,0.00000,205.92429
2026-09-05 10:00:00,VIC1,4888.69000,596.21535,4834.23450,374.83420,2857.58139
2026-09-05 10:05:00,NSW1,5166.34000,2127.00821,1227.79561,1814.45758,1149.08207
2026-09-05 10:05:00,QLD1,3547.67000,3518.42586,188.97800,1990.85353,120.05200
2026-09-05 10:05:00,SA1,1011.02000,315.90382,2025.13760,27.52100,1401.92200
2026-09-05 10:05:00,TAS1,1147.78000,0.00000,209.77686,0.00000,209.77686
2026-09-05 10:05:00,VIC1,4768.62000,650.12108,4845.68300,377.29153,2534.80948
2026-09-05 10:10:00,NSW1,5219.63000,2073.86138,1234.63889,1846.58752,1178.67789
2026-09-05 10:10:00,QLD1,3530.44000,3456.78740,165.21420,2063.45154,100.46200
2026-09-05 10:10:00,SA1,1044.43000,300.44318,2051.90157,43.82300,1420.56797
2026-09-05 10:10:00,TAS1,1152.70000,0.00000,200.87467,0.00000,200.87467
2026-09-05 10:10:00,VIC1,5009.27000,637.86275,4854.43007,392.42521,3099.89888
2026-09-05 10:15:00,NSW1,5043.54000,2068.15174,1292.57171,1773.85433,1236.40671
2026-09-05 10:15:00,QLD1,3462.86000,3455.53249,168.53620,2205.73450,100.94100
2026-09-05 10:15:00,SA1,1077.43000,261.19318,2070.68250,67.78600,1452.74190
2026-09-05 10:15:00,TAS1,1151.37000,0.00000,188.05027,0.00000,188.05027
2026-09-05 10:15:00,VIC1,4814.34000,598.79783,4813.89674,385.94165,2780.05562
2026-09-05 10:20:00,NSW1,5028.60000,2087.71093,1309.01544,1779.87687,1233.88145
2026-09-05 10:20:00,QLD1,3405.11000,3497.26811,167.22900,2163.84308,105.58500
2026-09-05 10:20:00,SA1,1080.29000,229.77772,2075.00381,61.00200,1456.96121
2026-09-05 10:20:00,TAS1,1164.36000,0.00000,192.49506,0.00000,192.49506
2026-09-05 10:20:00,VIC1,4811.46000,619.16056,4812.03182,403.91995,2640.39249
2026-09-05 10:25:00,NSW1,5058.69000,2176.18846,1312.81240,1990.33770,1241.72164
2026-09-05 10:25:00,QLD1,3327.26000,3498.55433,165.25300,1926.04004,106.00900
2026-09-05 10:25:00,SA1,1048.45000,164.96254,2070.81077,40.35467,1443.67017
2026-09-05 10:25:00,TAS1,1157.19000,0.00000,210.31044,0.00000,210.31044
2026-09-05 10:25:00,VIC1,4735.79000,580.39602,4816.10604,381.64262,2573.21609
2026-09-05 10:30:00,NSW1,5085.24000,2198.99374,1350.27620,1924.06379,1247.52503
2026-09-05 10:30:00,QLD1,3272.42000,3495.69208,178.80040,1911.76126,110.24700
2026-09-05 10:30:00,SA1,1047.57000,174.64345,2084.17301,64.66900,1452.96941
2026-09-05 10:30:00,TAS1,1147.33000,0.00000,208.03140,0.00000,208.03140
2026-09-05 10:30:00,VIC1,4574.68000,670.17254,4719.20653,401.32844,2444.96494
2026-09-05 10:35:00,NSW1,4959.72000,2221.85197,1369.08585,1899.83198,1257.86765
2026-09-05 10:35:00,QLD1,3281.90000,3494.11932,155.71190,2040.94121,97.43500
2026-09-05 10:35:00,SA1,954.52000,258.31391,2094.46007,42.37400,1471.98747
2026-09-05 10:35:00,TAS1,1148.11000,0.00000,209.30167,0.00000,209.30167
2026-09-05 10:35:00,VIC1,4566.30000,624.10296,4813.79327,416.97863,2180.57536
2026-09-05 10:40:00,NSW1,4806.56000,2206.21833,1380.50701,1856.29456,1255.71529
2026-09-05 10:40:00,QLD1,3319.25000,3493.46662,160.28150,1966.86112,98.03100
2026-09-05 10:40:00,SA1,842.68000,302.95754,2086.09621,39.41600,1445.44220
2026-09-05 10:40:00,TAS1,1150.06000,0.00000,199.86394,0.00000,199.86394
2026-09-05 10:40:00,VIC1,4518.25000,585.66602,4805.62698,400.02011,2195.90328
2026-09-05 10:45:00,NSW1,4802.82000,2276.09449,1364.61797,1701.35726,1263.54298
2026-09-05 10:45:00,QLD1,3247.48000,3470.95055,159.23100,1939.10159,99.72900
2026-09-05 10:45:00,SA1,743.13000,276.59337,2085.65267,42.52000,1311.52171
2026-09-05 10:45:00,TAS1,1148.65000,0.00000,213.17760,0.00000,213.17760
2026-09-05 10:45:00,VIC1,4330.79000,669.92668,4833.11628,379.40121,2180.30783
2026-09-05 10:50:00,NSW1,4816.75000,2246.65544,1377.78434,1665.11006,1321.61934
2026-09-05 10:50:00,QLD1,3155.49000,3546.50107,142.35500,1928.39192,90.20800
2026-09-05 10:50:00,SA1,662.15000,272.17082,2082.67582,41.27000,1142.02946
2026-09-05 10:50:00,TAS1,1136.25000,0.00000,251.04180,0.00000,251.04180
2026-09-05 10:50:00,VIC1,4246.04000,727.10357,4842.61508,370.75648,2194.48538
2026-09-05 10:55:00,NSW1,4743.70000,2418.43877,1402.32742,1679.57385,1317.89674
2026-09-05 10:55:00,QLD1,3219.12000,3492.16390,148.82500,2132.57382,102.73400
2026-09-05 10:55:00,SA1,696.66000,309.54436,2093.43197,37.70000,1054.66422
2026-09-05 10:55:00,TAS1,1134.13000,0.00000,221.40914,0.00000,221.40914
2026-09-05 10:55:00,VIC1,4215.74000,767.08753,4860.96833,395.10803,2204.76491
2026-09-05 11:00:00,NSW1,4731.97000,2259.01854,1378.81365,1534.47033,1315.87065
2026-09-05 11:00:00,QLD1,3230.11000,3458.79902,151.88100,2130.03494,99.83000
2026-09-05 11:00:00,SA1,762.55000,363.40227,2044.35784,37.34281,1193.49836
2026-09-05 11:00:00,TAS1,1134.86000,0.00000,228.64193,0.00000,228.64193
2026-09-05 11:00:00,VIC1,4199.48000,698.60750,4856.97598,401.84035,2195.65483
2026-09-05 11:05:00,NSW1,4579.43000,2400.77964,1390.50020,1622.75635,1333.27720
2026-09-05 11:05:00,QLD1,3137.56000,3469.92514,163.44900,2044.77059,108.27600
2026-09-05 11:05:00,SA1,791.91000,296.65774,2100.71266,28.82800,1044.48699
2026-09-05 11:05:00,TAS1,1124.20000,0.00000,250.89115,0.00000,250.89115
2026-09-05 11:05:00,VIC1,4041.57000,796.69373,4823.05953,398.88710,2183.30495
2026-09-05 11:10:00,NSW1,4668.76000,2257.12664,1445.60575,1505.17826,1379.03075
2026-09-05 11:10:00,QLD1,3235.95000,3513.51406,146.45200,2365.52259,93.65000
2026-09-05 11:10:00,SA1,783.88000,251.64618,2062.79541,30.34700,1201.61247
2026-09-05 11:10:00,TAS1,1136.38000,0.00000,260.98772,0.00000,260.98772
2026-09-05 11:10:00,VIC1,4209.76000,767.48717,4823.67812,451.83094,2175.22237
2026-09-05 11:15:00,NSW1,4598.98000,2447.37140,1507.52168,1668.85254,1442.74368
2026-09-05 11:15:00,QLD1,3261.66000,3522.58264,151.23000,2020.60208,99.98600
2026-09-05 11:15:00,SA1,686.82000,366.23782,2140.54930,32.41000,1047.15343
2026-09-05 11:15:00,TAS1,1138.58000,0.00000,273.20742,0.00000,273.20742
2026-09-05 11:15:00,VIC1,4102.69000,809.24599,4796.50477,402.56835,2167.41565
2026-09-05 11:20:00,NSW1,4645.94000,2306.74559,1543.88744,1523.67174,1471.20944
2026-09-05 11:20:00,QLD1,3176.14000,3554.57825,158.17900,2124.44622,109.47200
2026-09-05 11:20:00,SA1,630.00000,298.00382,2143.07633,32.82000,1002.58881
2026-09-05 11:20:00,TAS1,1141.99000,0.00000,278.60001,0.00000,278.60001
2026-09-05 11:20:00,VIC1,4003.81000,778.27182,4833.85794,405.19523,2168.15731
2026-09-05 11:25:00,NSW1,4669.41000,2416.37680,1548.47928,1620.85619,1475.60928
2026-09-05 11:25:00,QLD1,3213.39000,3518.83192,159.69200,1986.75405,107.53597
2026-09-05 11:25:00,SA1,574.97000,274.26809,2121.04391,35.79100,983.58120
2026-09-05 11:25:00,TAS1,1138.63000,0.00000,275.14009,0.00000,275.14009
2026-09-05 11:25:00,VIC1,3717.55000,885.77204,4816.40240,435.68173,1895.65701
2026-09-05 11:30:00,NSW1,4656.29000,2282.64037,1561.67889,1481.12465,1485.00589
2026-09-05 11:30:00,QLD1,3247.94000,3521.13972,174.89370,2156.88297,115.10600
2026-09-05 11:30:00,SA1,572.96000,315.68955,2111.99719,36.41000,973.82028
2026-09-05 11:30:00,TAS1,1140.72000,0.00000,288.50745,0.00000,288.50745
2026-09-05 11:30:00,VIC1,3669.69000,844.98026,4860.97020,419.85591,1848.91865
2026-09-05 11:35:00,NSW1,4558.71000,2370.77800,1564.36876,1595.22780,1468.41476
2026-09-05 11:35:00,QLD1,3200.86000,3504.36035,163.05400,1916.38312,105.66100
2026-09-05 11:35:00,SA1,584.07000,296.94772,2133.13445,36.79400,990.55335
2026-09-05 11:35:00,TAS1,1124.18000,0.00000,301.12551,0.00000,301.12551
2026-09-05 11:35:00,VIC1,3546.90000,919.81367,4828.14056,427.41185,2100.53007
2026-09-05 11:40:00,NSW1,4532.48000,2217.07364,1665.06455,1463.17265,1551.37955
2026-09-05 11:40:00,QLD1,3256.01000,3545.18128,159.02500,1900.70134,107.78500
2026-09-05 11:40:00,SA1,593.16000,321.51045,2070.42575,36.68600,946.51198
2026-09-05 11:40:00,TAS1,1128.34000,0.00000,281.89366,0.00000,260.35886
2026-09-05 11:40:00,VIC1,3490.84000,902.29929,4817.55299,427.25670,2094.65639
2026-09-05 11:45:00,NSW1,4567.95000,2314.70065,1735.62801,1525.38499,1609.55901
2026-09-05 11:45:00,QLD1,3284.62000,3537.57408,175.06900,1910.27783,35.73556
2026-09-05 11:45:00,SA1,645.41000,287.11809,2088.63422,36.53000,934.70150
2026-09-05 11:45:00,TAS1,1131.46000,0.00000,281.77947,0.00000,265.96062
2026-09-05 11:45:00,VIC1,3617.52000,865.87573,4833.70927,434.48763,2056.33024
2026-09-05 11:50:00,NSW1,4594.82000,2224.58732,1732.45556,1438.07691,1605.45556
2026-09-05 11:50:00,QLD1,3176.73000,3548.76729,174.70380,1913.96650,98.10623
2026-09-05 11:50:00,SA1,722.59000,288.40000,2107.07639,35.78200,977.70172
2026-09-05 11:50:00,TAS1,1131.30000,0.00000,282.78703,0.00000,282.78703
2026-09-05 11:50:00,VIC1,3681.61000,809.56979,4800.37102,451.65318,2122.91609
2026-09-05 11:55:00,NSW1,4613.89000,2238.01698,1759.71159,1485.15317,1638.51859
2026-09-05 11:55:00,QLD1,3213.05000,3559.22299,183.65910,1951.02911,122.38600
2026-09-05 11:55:00,SA1,806.59000,364.09782,2110.23348,31.25700,1323.69608
2026-09-05 11:55:00,TAS1,1121.19000,0.00000,288.60386,0.00000,288.60386
2026-09-05 11:55:00,VIC1,3831.27000,755.18642,4782.92792,549.89331,2118.65545
2026-09-05 12:00:00,NSW1,4444.91000,2209.00002,1806.53958,1446.03631,1665.17460
2026-09-05 12:00:00,QLD1,3204.91000,3528.93567,181.03300,1900.27156,37.09300
2026-09-05 12:00:00,SA1,796.13000,369.67000,2098.16378,38.33900,999.53053
2026-09-05 12:00:00,TAS1,1116.65000,0.00000,282.61374,0.00000,282.61374
2026-09-05 12:00:00,VIC1,3810.41000,968.57183,4816.55287,469.22719,2119.54123
2026-09-05 12:05:00,NSW1,4469.38000,2065.45374,1837.22360,1407.46520,1685.31260
2026-09-05 12:05:00,QLD1,3134.48000,3580.33646,183.21200,2072.85531,35.79400
2026-09-05 12:05:00,SA1,819.81000,405.54919,2105.06358,38.03200,1009.53504
2026-09-05 12:05:00,TAS1,1115.74000,0.00000,281.73589,0.00000,281.73589
2026-09-05 12:05:00,VIC1,3926.12000,945.24307,4816.88321,483.48124,2102.21666
2026-09-05 12:10:00,NSW1,4464.91000,2123.14601,1881.42236,1379.30042,1713.54836
2026-09-05 12:10:00,QLD1,3263.26000,3580.87455,172.47100,2117.14092,40.06100
2026-09-05 12:10:00,SA1,783.20000,418.33509,2109.13125,38.31700,987.73463
2026-09-05 12:10:00,TAS1,1126.45000,0.00000,281.07260,0.00000,281.07260
2026-09-05 12:10:00,VIC1,3956.40000,857.68212,4842.58267,469.60120,2112.99742
2026-09-05 12:15:00,NSW1,4557.73000,2101.56106,1890.72173,1367.51072,1722.06373
2026-09-05 12:15:00,QLD1,3169.32000,3574.71458,170.12000,2174.20032,44.37400
2026-09-05 12:15:00,SA1,746.79000,335.81901,2082.42210,30.89000,996.42221
2026-09-05 12:15:00,TAS1,1122.61000,0.00000,300.73298,0.00000,300.73298
2026-09-05 12:15:00,VIC1,3952.45000,799.94152,4880.38473,497.10243,2147.43139
2026-09-05 12:20:00,NSW1,4501.86000,2011.36867,1909.71359,1332.86211,1726.44059
2026-09-05 12:20:00,QLD1,3229.26000,3565.25311,178.24900,2077.73882,49.18100
2026-09-05 12:20:00,SA1,687.78000,416.40745,2074.45221,39.55000,979.11099
2026-09-05 12:20:00,TAS1,1122.63000,0.00000,284.83980,0.00000,284.83980
2026-09-05 12:20:00,VIC1,3845.35000,883.35462,4864.49529,503.74390,2144.00635
2026-09-05 12:25:00,NSW1,4529.20000,1944.50845,1896.82403,1170.36316,1714.19903
2026-09-05 12:25:00,QLD1,3207.01000,3544.15583,179.80470,1915.77090,45.81100
2026-09-05 12:25:00,SA1,640.28000,405.50400,2064.55173,38.95000,982.48496
2026-09-05 12:25:00,TAS1,1116.89000,0.00000,282.67673,0.00000,282.67673
2026-09-05 12:25:00,VIC1,3851.75000,1017.09404,4813.27372,615.85594,2133.65928
2026-09-05 12:30:00,NSW1,4583.75000,2018.18435,1918.68009,1362.28210,1723.42753
2026-09-05 12:30:00,QLD1,3287.79000,3577.35422,178.67800,2008.96362,45.66400
2026-09-05 12:30:00,SA1,542.89000,346.36691,2062.60090,38.78000,982.54190
2026-09-05 12:30:00,TAS1,1117.57000,0.00000,279.51845,0.00000,279.51845
2026-09-05 12:30:00,VIC1,3973.83000,974.70707,4868.92707,580.79288,2132.67616
2026-09-05 12:35:00,NSW1,4518.39000,2041.13035,1897.43597,1306.71864,1729.76283
2026-09-05 12:35:00,QLD1,3214.71000,3543.74831,176.73600,1941.00970,43.27100
2026-09-05 12:35:00,SA1,488.18000,325.35827,2061.37634,38.89000,981.09496
2026-09-05 12:35:00,TAS1,1108.23000,0.00000,276.07324,0.00000,276.07324
2026-09-05 12:35:00,VIC1,3868.64000,950.58518,4852.79745,585.59373,2119.67748
2026-09-05 12:40:00,NSW1,4537.34000,1988.55517,1918.26543,1331.61165,1740.36843
2026-09-05 12:40:00,QLD1,3230.67000,3538.94347,183.41100,1888.48074,40.28200
2026-09-05 12:40:00,SA1,510.61000,333.12718,2045.35026,37.55000,988.46184
2026-09-05 12:40:00,TAS1,1104.34000,0.00000,276.10412,0.00000,276.10412
2026-09-05 12:40:00,VIC1,3733.35000,987.71438,4854.80051,550.47565,2142.81549
2026-09-05 12:45:00,NSW1,4506.49000,1896.61380,1942.29919,1244.04319,1751.98459
2026-09-05 12:45:00,QLD1,3217.15000,3556.38964,190.51100,1915.74468,52.14800
2026-09-05 12:45:00,SA1,531.59000,297.63190,2043.89579,38.77500,990.98648
2026-09-05 12:45:00,TAS1,1084.39000,0.00000,273.44956,0.00000,273.44956
2026-09-05 12:45:00,VIC1,3729.20000,997.06036,4812.98760,527.93655,2143.97800
2026-09-05 12:50:00,NSW1,4508.38000,2265.65716,1958.35256,1396.00570,1770.91056
2026-09-05 12:50:00,QLD1,3316.15000,3569.02836,202.94400,1914.58918,50.19200
2026-09-05 12:50:00,SA1,676.99000,384.60491,2024.40830,39.08800,977.91802
2026-09-05 12:50:00,TAS1,1086.05000,0.00000,279.75369,0.00000,279.75369
2026-09-05 12:50:00,VIC1,3599.64000,1164.52445,4792.46044,561.39532,2136.29128
2026-09-05 12:55:00,NSW1,4519.09000,2326.51311,1961.53921,1417.67813,1745.53249
2026-09-05 12:55:00,QLD1,3285.88000,3517.85555,193.00070,1884.73816,46.27800
2026-09-05 12:55:00,SA1,711.77000,339.33873,2041.64129,36.84800,971.71052
2026-09-05 12:55:00,TAS1,1062.66000,0.00000,289.47131,0.00000,289.47131
2026-09-05 12:55:00,VIC1,3564.27000,959.61897,4794.36327,512.83528,2124.82312
2026-09-05 13:00:00,NSW1,4560.44000,2175.80777,1954.84248,1314.16753,1758.77798
2026-09-05 13:00:00,QLD1,3321.63000,3541.12083,193.05570,1794.19167,57.00900
2026-09-05 13:00:00,SA1,708.81000,346.11445,1996.42514,34.28100,949.55667
2026-09-05 13:00:00,TAS1,1043.13000,0.00000,291.99904,0.00000,291.99904
2026-09-05 13:00:00,VIC1,3311.35000,978.27744,4719.90231,530.92881,2065.28409
2026-09-05 13:05:00,NSW1,4609.12000,2213.96644,1952.24008,1280.55195,1767.46808
2026-09-05 13:05:00,QLD1,3330.80000,3537.83458,194.13700,1897.62749,47.61700
2026-09-05 13:05:00,SA1,693.71000,348.07819,1972.35720,41.83000,937.37590
2026-09-05 13:05:00,TAS1,1040.34000,0.00000,285.93815,0.00000,285.93815
2026-09-05 13:05:00,VIC1,3194.43000,1069.62199,4724.62105,584.92352,2079.10841
2026-09-05 13:10:00,NSW1,4724.18000,2101.25533,1987.98652,1403.20918,1788.24352
2026-09-05 13:10:00,QLD1,3344.31000,3523.56022,208.09400,1873.64515,52.64900
2026-09-05 13:10:00,SA1,640.32000,401.98801,1970.21394,41.63000,942.18662
2026-09-05 13:10:00,TAS1,1053.21000,0.00000,278.01670,0.00000,278.01670
2026-09-05 13:10:00,VIC1,3261.55000,849.23306,4813.14270,555.54226,2127.16769
2026-09-05 13:15:00,NSW1,4749.97000,2211.78686,1977.93052,1475.58885,1777.05252
2026-09-05 13:15:00,QLD1,3382.07000,3482.75384,203.17600,1841.82996,57.01500
2026-09-05 13:15:00,SA1,610.84000,356.78646,1959.76028,39.58900,944.59312
2026-09-05 13:15:00,TAS1,1060.76000,0.00000,268.99042,0.00000,268.99042
2026-09-05 13:15:00,VIC1,3302.40000,924.44345,4769.70030,658.26849,2114.61988
2026-09-05 13:20:00,NSW1,4760.14000,2183.66625,1968.77920,1354.86842,1773.09720
2026-09-05 13:20:00,QLD1,3396.42000,3447.03806,220.61610,1801.08657,59.28300
2026-09-05 13:20:00,SA1,537.51000,258.36900,1909.70897,38.61500,938.51981
2026-09-05 13:20:00,TAS1,1061.05000,0.00000,302.01867,0.00000,302.01867
2026-09-05 13:20:00,VIC1,3186.92000,871.98368,4809.44958,568.28664,2115.15840
2026-09-05 13:25:00,NSW1,4860.73000,1937.26472,1972.96646,1331.02860,1769.89746
2026-09-05 13:25:00,QLD1,3374.54000,3448.84495,211.43700,1794.70290,48.70200
2026-09-05 13:25:00,SA1,483.10000,249.41664,1999.61475,40.07600,952.99545
2026-09-05 13:25:00,TAS1,1052.69000,0.00000,327.78824,0.00000,327.78824
2026-09-05 13:25:00,VIC1,3254.25000,1117.48436,4754.56808,689.87374,2049.31496
2026-09-05 13:30:00,NSW1,4916.97000,1909.48615,1961.06236,1369.01109,1780.57386
2026-09-05 13:30:00,QLD1,3406.86000,3481.08676,208.62010,1817.16282,52.66000
2026-09-05 13:30:00,SA1,410.51000,407.65917,1994.65670,42.19000,960.51643
2026-09-05 13:30:00,TAS1,1044.57000,0.00000,323.11330,0.00000,323.11330
2026-09-05 13:30:00,VIC1,3218.94000,1205.83988,4718.84325,733.29325,2049.02773
2026-09-05 13:35:00,NSW1,4969.52000,1968.06268,1967.51628,1326.79762,1793.75018
2026-09-05 13:35:00,QLD1,3456.04000,3521.23666,238.01100,1856.83676,65.22700
2026-09-05 13:35:00,SA1,429.33000,399.41309,1963.24268,41.05400,952.74582
2026-09-05 13:35:00,TAS1,1035.81000,0.00000,345.33150,0.00000,345.33150
2026-09-05 13:35:00,VIC1,3211.26000,1136.11302,4728.28321,668.90770,2048.79163
2026-09-05 13:40:00,NSW1,4997.70000,1769.63874,1955.03302,1259.91045,1790.07542
2026-09-05 13:40:00,QLD1,3470.34000,3531.68639,242.55900,1873.69570,66.03200
2026-09-05 13:40:00,SA1,446.35000,386.74700,1958.59491,41.73000,947.07928
2026-09-05 13:40:00,TAS1,1026.87000,0.00000,341.29769,0.00000,341.29769
2026-09-05 13:40:00,VIC1,3325.85000,1131.40171,4748.26018,698.05023,2072.20584
2026-09-05 13:45:00,NSW1,4989.88000,1816.90393,1960.29031,1270.24955,1778.57231
2026-09-05 13:45:00,QLD1,3557.01000,3540.45793,222.46400,2078.99944,131.78403
2026-09-05 13:45:00,SA1,470.25000,401.78545,1963.26189,40.25000,920.76026
2026-09-05 13:45:00,TAS1,1034.43000,0.00000,370.69128,0.00000,370.69128
2026-09-05 13:45:00,VIC1,3341.53000,1074.03366,4726.46296,764.67029,2058.04548
2026-09-05 13:50:00,NSW1,5011.20000,1945.36410,1945.09223,1272.25143,1777.42623
2026-09-05 13:50:00,QLD1,3632.32000,3551.48421,234.03600,1978.11101,60.54700
2026-09-05 13:50:00,SA1,456.45000,397.79163,1899.90659,33.10800,867.23593
2026-09-05 13:50:00,TAS1,1026.48000,0.00000,371.37506,0.00000,371.37506
2026-09-05 13:50:00,VIC1,3268.48000,1129.64582,4742.02279,788.13237,2065.46865
2026-09-05 13:55:00,NSW1,5208.51000,1568.49498,1932.55747,1278.06757,1754.94547
2026-09-05 13:55:00,QLD1,3624.43000,3417.88592,239.23600,2193.94670,74.10000
2026-09-05 13:55:00,SA1,419.07000,414.15055,1902.56413,40.88300,862.02576
2026-09-05 13:55:00,TAS1,1029.70000,0.00000,359.31813,0.00000,359.31813
2026-09-05 13:55:00,VIC1,3180.11000,1063.46507,4743.02941,629.88925,2068.73615
2026-09-05 14:00:00,NSW1,5304.17000,1712.93341,1974.62042,1259.84079,1802.47342
2026-09-05 14:00:00,QLD1,3743.05000,3388.30362,229.63600,2143.30985,70.23300
2026-09-05 14:00:00,SA1,394.31000,387.17327,1903.42919,40.74000,850.61543
2026-09-05 14:00:00,TAS1,1034.81000,0.00000,346.89600,0.00000,346.89600
2026-09-05 14:00:00,VIC1,3237.29000,984.81111,4783.11126,697.90040,2116.16268
2026-09-05 14:05:00,NSW1,5417.22000,1831.09067,1919.83560,1287.65760,1742.28860
2026-09-05 14:05:00,QLD1,3759.72000,3422.83690,230.41630,2051.81630,153.75498
2026-09-05 14:05:00,SA1,413.19000,406.72563,1930.67429,41.77200,1040.26028
2026-09-05 14:05:00,TAS1,1036.38000,0.00000,328.95657,0.00000,328.95657
2026-09-05 14:05:00,VIC1,3273.84000,874.23788,4801.43793,633.69101,2114.24456
2026-09-05 14:10:00,NSW1,5466.94000,2119.17753,1907.93035,1330.70262,1719.12035
2026-09-05 14:10:00,QLD1,3774.90000,3363.47824,231.13560,2193.16251,98.08280
2026-09-05 14:10:00,SA1,395.52000,368.11936,1931.56863,41.57600,899.09766
2026-09-05 14:10:00,TAS1,1035.15000,0.00000,325.25350,0.00000,325.25350
2026-09-05 14:10:00,VIC1,3226.38000,878.45985,4781.00967,633.59594,2098.11985
2026-09-05 14:15:00,NSW1,5601.00000,1727.50109,1898.70528,1221.10715,1702.91928
2026-09-05 14:15:00,QLD1,3837.07000,3533.91348,222.14960,2315.94823,60.73700
2026-09-05 14:15:00,SA1,455.14000,409.07709,1935.19311,42.56200,865.10455
2026-09-05 14:15:00,TAS1,1035.60000,0.00000,316.10563,0.00000,316.10563
2026-09-05 14:15:00,VIC1,3091.83000,915.64543,4790.09069,668.94383,2137.68946
2026-09-05 14:20:00,NSW1,5693.38000,1831.92661,1850.14544,1289.72739,1655.08544
2026-09-05 14:20:00,QLD1,3851.13000,3446.11665,209.11960,2146.13131,58.27900
2026-09-05 14:20:00,SA1,517.48000,416.81253,1951.12082,37.81000,879.10833
2026-09-05 14:20:00,TAS1,1045.00000,0.00000,316.43485,0.00000,316.43485
2026-09-05 14:20:00,VIC1,3145.27000,862.37112,4783.05135,617.73020,2113.89716
2026-09-05 14:25:00,NSW1,5921.42000,1710.86266,1820.31200,1362.61679,1542.07700
2026-09-05 14:25:00,QLD1,4004.16000,3412.87825,213.81660,2377.71375,64.13900
2026-09-05 14:25:00,SA1,523.14000,401.85128,1911.86350,42.82000,1056.63491
2026-09-05 14:25:00,TAS1,1044.97000,0.00000,323.35420,0.00000,323.35420
2026-09-05 14:25:00,VIC1,3119.64000,964.97194,4810.87439,606.39599,2141.80414
2026-09-05 14:30:00,NSW1,6039.52000,1521.72478,1713.34240,1393.70214,1443.35240
2026-09-05 14:30:00,QLD1,4061.78000,3540.30630,220.90060,2429.36653,122.72867
2026-09-05 14:30:00,SA1,481.78000,386.09872,1912.89196,42.18600,1074.09355
2026-09-05 14:30:00,TAS1,1042.59000,0.00000,315.40124,0.00000,315.40124
2026-09-05 14:30:00,VIC1,3145.77000,913.09954,4832.92177,582.14987,2128.84410
2026-09-05 14:35:00,NSW1,6108.45000,1426.18446,1741.71352,1311.78636,1674.93952
2026-09-05 14:35:00,QLD1,4134.95000,3526.79081,219.11600,2370.22700,71.57600
2026-09-05 14:35:00,SA1,428.31000,400.84800,1922.91994,39.84800,921.63633
2026-09-05 14:35:00,TAS1,1053.54000,0.00000,318.86710,0.00000,318.86710
2026-09-05 14:35:00,VIC1,3113.71000,994.80250,4868.88162,538.05810,2130.10430
2026-09-05 14:40:00,NSW1,6214.47000,1318.03920,1690.10248,1280.24199,1624.58548
2026-09-05 14:40:00,QLD1,4247.80000,3500.49579,216.43460,2426.89724,76.57200
2026-09-05 14:40:00,SA1,485.33000,409.13873,1892.24414,9.91200,851.68974
2026-09-05 14:40:00,TAS1,834.11000,0.00000,334.62005,0.00000,262.09426
2026-09-05 14:40:00,VIC1,3091.62000,1011.18121,4841.88331,598.63576,2100.82806
2026-09-05 14:45:00,NSW1,6362.41000,1421.24416,1653.73748,1404.84488,1653.73748
2026-09-05 14:45:00,QLD1,4304.08000,3368.65932,232.81400,2243.46648,169.21600
2026-09-05 14:45:00,SA1,500.80000,389.22800,1918.61442,43.59300,874.82370
2026-09-05 14:45:00,TAS1,866.31000,0.00000,362.15085,0.00000,309.55553
2026-09-05 14:45:00,VIC1,3242.86000,1037.12988,4804.40006,590.93414,2109.36974
2026-09-05 14:50:00,NSW1,6438.17000,973.23296,1646.31766,972.56556,1646.31766
2026-09-05 14:50:00,QLD1,4370.34000,3084.33741,232.32200,2268.24332,170.80300
2026-09-05 14:50:00,SA1,549.89000,413.48690,1908.94125,41.94100,858.49432
2026-09-05 14:50:00,TAS1,938.30000,0.00000,339.38347,0.00000,339.38347
2026-09-05 14:50:00,VIC1,3367.25000,814.10192,4775.03189,476.70221,2109.34487
2026-09-05 14:55:00,NSW1,6489.28000,1234.07087,1588.62712,1213.81197,1588.62712
2026-09-05 14:55:00,QLD1,4440.81000,3071.37899,223.81900,2334.68503,164.19914
2026-09-05 14:55:00,SA1,548.80000,390.66881,1926.84281,43.84000,871.80917
2026-09-05 14:55:00,TAS1,941.31000,0.00000,343.78172,0.00000,343.78172
2026-09-05 14:55:00,VIC1,3335.42000,736.97679,4721.79049,569.42007,2061.04130
2026-09-05 15:00:00,NSW1,6569.24000,1141.50705,1528.75436,1119.28830,1528.75436
2026-09-05 15:00:00,QLD1,4509.58000,3115.14977,230.38200,2397.10135,129.55357
2026-09-05 15:00:00,SA1,528.19000,334.06382,1945.00807,27.87300,934.71145
2026-09-05 15:00:00,TAS1,941.19000,0.00000,342.13013,0.00000,342.13013
2026-09-05 15:00:00,VIC1,3492.30000,846.12368,4744.54877,675.87056,2030.13878
2026-09-05 15:05:00,NSW1,6540.00000,1310.79919,1525.52827,1290.71149,1525.52827
2026-09-05 15:05:00,QLD1,4618.88000,3211.72991,226.61200,2262.36315,100.73200
2026-09-05 15:05:00,SA1,516.34000,270.95791,1909.05759,31.06000,1030.22333
2026-09-05 15:05:00,TAS1,941.32000,0.00000,302.12814,0.00000,302.12814
2026-09-05 15:05:00,VIC1,3550.63000,782.19396,4766.18751,532.11082,2059.50388
2026-09-05 15:10:00,NSW1,6621.34000,1208.53901,1431.75705,1193.86092,1431.75705
2026-09-05 15:10:00,QLD1,4764.30000,3229.25929,230.58900,2302.39329,95.04700
2026-09-05 15:10:00,SA1,508.76000,315.96682,1932.49228,41.88529,1177.63632
2026-09-05 15:10:00,TAS1,1045.72000,0.00000,284.85688,0.00000,284.85688
2026-09-05 15:10:00,VIC1,3651.18000,898.04911,4828.84951,500.53659,2135.73458
2026-09-05 15:15:00,NSW1,6689.53000,1201.05620,1468.96596,1201.05620,1468.96596
2026-09-05 15:15:00,QLD1,4935.25000,3193.15102,207.38400,2260.02559,123.02597
2026-09-05 15:15:00,SA1,530.42000,386.58072,1991.89645,41.92900,1204.85971
2026-09-05 15:15:00,TAS1,1080.63000,0.00000,260.83761,0.00000,260.83761
2026-09-05 15:15:00,VIC1,3777.27000,1076.90003,4821.38737,718.84478,2144.28560
2026-09-05 15:20:00,NSW1,6668.95000,1359.51598,1355.23584,1359.05325,1355.23584
2026-09-05 15:20:00,QLD1,4987.18000,3182.15408,222.56800,2253.84273,193.69400
2026-09-05 15:20:00,SA1,561.77000,391.47663,1985.10323,39.10200,1154.12207
2026-09-05 15:20:00,TAS1,1069.87000,0.00000,261.46988,0.00000,261.46988
2026-09-05 15:20:00,VIC1,3808.70000,1018.60636,4791.86437,646.04857,2130.78745
2026-09-05 15:25:00,NSW1,6818.06000,1017.07494,1411.72790,996.78133,1411.72790
2026-09-05 15:25:00,QLD1,5148.45000,3111.67997,246.93390,2471.49177,211.64000
2026-09-05 15:25:00,SA1,657.30000,399.09008,2067.26340,99.16078,1293.58400
2026-09-05 15:25:00,TAS1,1068.91000,0.00000,254.00619,0.00000,254.00619
2026-09-05 15:25:00,VIC1,3943.39000,934.39925,4812.77387,670.64771,2331.66888
2026-09-05 15:30:00,NSW1,6855.61000,1175.92539,1441.71949,1175.48018,1441.71949
2026-09-05 15:30:00,QLD1,5194.23000,3018.25023,234.66000,2559.71182,205.58060
2026-09-05 15:30:00,SA1,676.48000,393.59154,2092.36643,35.51000,1244.67573
2026-09-05 15:30:00,TAS1,1075.54000,0.00000,237.47353,0.00000,237.47353
2026-09-05 15:30:00,VIC1,3860.00000,1002.76112,4664.19652,681.81295,2116.41178
2026-09-05 15:35:00,NSW1,7011.75000,850.32058,1449.29909,844.74112,1449.29909
2026-09-05 15:35:00,QLD1,5184.91000,3064.35065,256.34820,2640.73903,167.03400
2026-09-05 15:35:00,SA1,677.70000,347.26146,2080.94386,37.05900,1289.58816
2026-09-05 15:35:00,TAS1,1074.64000,0.00000,232.17590,0.00000,232.17590
2026-09-05 15:35:00,VIC1,4116.46000,1300.32591,4840.03969,946.22172,2245.97102
2026-09-05 15:40:00,NSW1,7014.87000,564.19583,1488.29600,562.73436,1488.29600
2026-09-05 15:40:00,QLD1,5361.86000,3055.28277,225.74300,2649.85007,149.50187
2026-09-05 15:40:00,SA1,675.31000,367.11572,2057.17699,29.92500,1279.40829
2026-09-05 15:40:00,TAS1,1070.50000,0.00000,232.92979,0.00000,232.92979
2026-09-05 15:40:00,VIC1,4229.64000,1120.70799,4835.63305,850.93656,2307.72543
2026-09-05 15:45:00,NSW1,7190.77000,564.85028,1535.28719,554.31039,1535.28719
2026-09-05 15:45:00,QLD1,5465.58000,3069.94755,248.11000,2682.29263,220.56200
2026-09-05 15:45:00,SA1,681.68000,303.17729,2081.24593,29.47100,1318.27123
2026-09-05 15:45:00,TAS1,1069.46000,0.00000,227.13210,0.00000,227.13210
2026-09-05 15:45:00,VIC1,4111.20000,1151.69682,4832.36541,835.76041,2324.12435
2026-09-05 15:50:00,NSW1,7354.32000,743.30478,1541.72904,718.09374,1541.72904
2026-09-05 15:50:00,QLD1,5551.86000,3034.89312,274.74300,2729.40664,274.74300
2026-09-05 15:50:00,SA1,677.74000,241.79836,2112.77587,23.86000,1131.15059
2026-09-05 15:50:00,TAS1,1080.35000,0.00000,222.81363,0.00000,222.81363
2026-09-05 15:50:00,VIC1,4218.16000,1031.99411,4797.56081,787.03375,2122.96599
2026-09-05 15:55:00,NSW1,7483.20000,886.51215,1570.10546,860.85060,1570.10546
2026-09-05 15:55:00,QLD1,5630.77000,2997.23468,268.77700,2749.74461,268.77700
2026-09-05 15:55:00,SA1,660.69000,220.61537,2108.22180,24.79000,1034.65354
2026-09-05 15:55:00,TAS1,1082.14000,0.00000,224.02819,0.00000,224.02819
2026-09-05 15:55:00,VIC1,4213.40000,1008.02361,4799.79535,785.39307,2097.22756
2026-09-05 16:00:00,NSW1,7628.95000,912.62919,1602.78808,888.35821,1602.78808
2026-09-05 16:00:00,QLD1,5742.50000,3015.48700,282.13900,2762.81859,282.13900
2026-09-05 16:00:00,SA1,692.17000,230.84063,2110.15234,38.29300,1095.34092
2026-09-05 16:00:00,TAS1,1084.44000,0.00000,228.63667,0.00000,228.63667
2026-09-05 16:00:00,VIC1,4349.40000,879.24168,4735.03169,556.02327,2102.00952
2026-09-05 16:05:00,NSW1,7644.08000,981.55238,1558.39722,961.64125,1558.39722
2026-09-05 16:05:00,QLD1,5800.00000,2776.41309,273.64540,2626.59748,273.64540
2026-09-05 16:05:00,SA1,657.15000,252.30900,2118.91879,36.84200,1116.55227
2026-09-05 16:05:00,TAS1,1090.80000,0.00000,233.79574,0.00000,233.79574
2026-09-05 16:05:00,VIC1,4334.89000,892.39392,4732.45335,493.70390,2102.79810
2026-09-05 16:10:00,NSW1,7641.65000,1071.60018,1568.76151,1051.94506,1568.76151
2026-09-05 16:10:00,QLD1,5881.74000,2616.35359,262.03900,2533.73100,262.03900
2026-09-05 16:10:00,SA1,662.69000,255.68099,2129.47631,20.08000,1033.33013
2026-09-05 16:10:00,TAS1,1088.34000,0.00000,219.97461,0.00000,219.97461
2026-09-05 16:10:00,VIC1,4368.15000,968.68807,4652.98387,609.11754,2033.20624
2026-09-05 16:15:00,NSW1,7697.93000,1029.54658,1566.96026,1018.72974,1566.96026
2026-09-05 16:15:00,QLD1,5958.81000,2640.48959,257.51480,2640.48959,257.51480
2026-09-05 16:15:00,SA1,683.77000,317.02791,2176.12724,35.01000,1077.94468
2026-09-05 16:15:00,TAS1,1094.67000,0.00000,224.24886,0.00000,224.24886
2026-09-05 16:15:00,VIC1,4501.05000,952.81273,4652.72782,638.42471,2058.49551
2026-09-05 16:20:00,NSW1,7691.20000,871.24721,1555.17162,868.71305,1555.17162
2026-09-05 16:20:00,QLD1,6022.13000,2393.50781,254.81710,2393.50781,254.81710
2026-09-05 16:20:00,SA1,749.08000,274.11136,2167.18853,42.35520,1410.11953
2026-09-05 16:20:00,TAS1,1103.33000,0.00000,212.39011,0.00000,212.39011
2026-09-05 16:20:00,VIC1,4640.08000,760.61339,4682.23956,551.94157,2085.28321
2026-09-05 16:25:00,NSW1,7670.43000,863.93908,1584.84312,863.93908,1584.84312
2026-09-05 16:25:00,QLD1,6064.66000,2202.66785,243.64572,2202.66785,243.64572
2026-09-05 16:25:00,SA1,781.90000,214.50001,2176.36599,87.34500,1407.58289
2026-09-05 16:25:00,TAS1,1117.29000,0.00000,214.34827,0.00000,214.34827
2026-09-05 16:25:00,VIC1,4564.37000,726.61081,4694.17148,461.51179,2121.63541
2026-09-05 16:30:00,NSW1,7614.01000,878.83499,1594.07572,878.83499,1594.07572
2026-09-05 16:30:00,QLD1,6190.45000,2075.21649,240.21989,2075.21649,240.21989
2026-09-05 16:30:00,SA1,794.67000,234.81928,2183.67367,33.25900,1435.81858
2026-09-05 16:30:00,TAS1,1114.79000,0.00000,200.47749,0.00000,200.47749
2026-09-05 16:30:00,VIC1,4721.80000,729.49343,4710.26106,485.91814,2387.10393
2026-09-05 16:35:00,NSW1,7642.94000,765.79053,1571.21217,765.79053,1571.21217
2026-09-05 16:35:00,QLD1,6284.53000,1910.95835,235.90629,1910.95835,235.90629
2026-09-05 16:35:00,SA1,899.86000,281.34127,2178.60730,34.38000,1414.50366
2026-09-05 16:35:00,TAS1,1124.49000,0.00000,194.70559,0.00000,194.70559
2026-09-05 16:35:00,VIC1,4866.99000,788.54923,4604.60111,603.27279,2335.29707
2026-09-05 16:40:00,NSW1,7686.06000,551.10023,1539.39671,551.10023,1539.39671
2026-09-05 16:40:00,QLD1,6347.73000,1763.40628,242.39364,1763.40628,242.39364
2026-09-05 16:40:00,SA1,935.59000,259.99273,2185.55713,115.00456,1500.72592
2026-09-05 16:40:00,TAS1,1132.52000,0.00000,189.16877,0.00000,189.16877
2026-09-05 16:40:00,VIC1,5025.49000,773.14338,4748.73524,571.02447,2560.26930
2026-09-05 16:45:00,NSW1,7784.67000,610.48951,1561.87376,610.48951,1561.87376
2026-09-05 16:45:00,QLD1,6498.20000,1622.95610,251.41701,1622.95610,251.41701
2026-09-05 16:45:00,SA1,946.41000,206.75591,2173.67831,98.66500,1559.80232
2026-09-05 16:45:00,TAS1,1138.20000,0.00000,187.40971,0.00000,187.40971
2026-09-05 16:45:00,VIC1,5011.92000,707.16006,4708.43851,451.13365,2592.28063
2026-09-05 16:50:00,NSW1,7812.42000,552.60075,1594.64733,552.60075,1594.64733
2026-09-05 16:50:00,QLD1,6540.38000,1426.24569,281.67275,1426.24569,281.67275
2026-09-05 16:50:00,SA1,993.51000,196.56374,2174.50849,108.99100,1670.11829
2026-09-05 16:50:00,TAS1,1145.56000,0.00000,183.51124,0.00000,183.51124
2026-09-05 16:50:00,VIC1,5291.18000,647.65453,4733.54430,460.64032,2869.97522
2026-09-05 16:55:00,NSW1,7876.88000,441.03074,1586.90683,441.03074,1586.90683
2026-09-05 16:55:00,QLD1,6618.63000,1224.61879,297.47717,1224.61879,297.47717
2026-09-05 16:55:00,SA1,1047.15000,175.93400,2157.30876,94.63400,1590.76833
2026-09-05 16:55:00,TAS1,1146.02000,0.00000,183.70420,0.00000,183.70420
2026-09-05 16:55:00,VIC1,5407.49000,738.02593,4694.53797,580.47175,2834.22024
2026-09-05 17:00:00,NSW1,7888.64000,342.32142,1563.65908,342.32142,1563.65908
2026-09-05 17:00:00,QLD1,6651.69000,1029.02832,311.31194,1029.02832,311.31194
2026-09-05 17:00:00,SA1,1047.76000,138.22164,2143.34265,65.15800,1759.73548
2026-09-05 17:00:00,TAS1,1145.18000,0.00000,185.93009,0.00000,185.93009
2026-09-05 17:00:00,VIC1,5491.06000,628.74991,4701.70586,507.19592,2841.78042
2026-09-05 17:05:00,NSW1,7899.02000,240.04757,1548.51452,240.04757,1548.51452
2026-09-05 17:05:00,QLD1,6753.30000,857.23630,322.83360,857.23630,322.83360
2026-09-05 17:05:00,SA1,1027.26000,190.09154,2110.29106,103.69818,1565.16582
2026-09-05 17:05:00,TAS1,1154.71000,0.00000,173.85898,0.00000,173.85898
2026-09-05 17:05:00,VIC1,5509.01000,522.08731,4775.28807,406.35715,2867.05815
2026-09-05 17:10:00,NSW1,7822.76000,218.33928,1530.62865,218.33928,1530.62865
2026-09-05 17:10:00,QLD1,6683.66000,690.97209,320.56312,690.97209,320.56312
2026-09-05 17:10:00,SA1,1075.26000,168.03127,2132.01351,90.18328,1730.44617
2026-09-05 17:10:00,TAS1,1152.92000,0.00000,174.53776,0.00000,174.53776
2026-09-05 17:10:00,VIC1,5593.52000,365.28195,4747.03418,307.96812,3122.27710
2026-09-05 17:15:00,NSW1,7853.11000,182.85296,1493.95427,182.85296,1493.95427
2026-09-05 17:15:00,QLD1,6640.90000,548.27678,323.76805,548.27678,323.76805
2026-09-05 17:15:00,SA1,1103.74000,154.88055,2125.84629,105.61691,1761.43713
2026-09-05 17:15:00,TAS1,1159.98000,0.00000,172.16071,0.00000,172.16071
2026-09-05 17:15:00,VIC1,5640.84000,249.34624,4714.69396,212.26333,3217.64404
2026-09-05 17:20:00,NSW1,7877.59000,191.35857,1462.72855,191.35857,1462.72855
2026-09-05 17:20:00,QLD1,6730.14000,416.27792,309.37655,416.27792,309.37655
2026-09-05 17:20:00,SA1,1191.37000,124.15609,2174.43472,57.10091,1873.70140
2026-09-05 17:20:00,TAS1,1157.09000,0.00000,171.91030,0.00000,171.91030
2026-09-05 17:20:00,VIC1,5699.23000,170.38929,4629.50879,165.45293,3390.43512
2026-09-05 17:25:00,NSW1,7832.20000,95.63473,1432.16598,95.63473,1432.16598
2026-09-05 17:25:00,QLD1,6756.87000,275.25580,301.71241,275.25580,301.71241
2026-09-05 17:25:00,SA1,1251.25000,114.37691,2174.27068,54.82618,1911.86026
2026-09-05 17:25:00,TAS1,1156.29000,0.00000,178.92269,0.00000,178.92269
2026-09-05 17:25:00,VIC1,5697.90000,122.57683,4578.41562,122.57683,3377.33736
2026-09-05 17:30:00,NSW1,7923.71000,66.60936,1429.14971,66.60936,1429.14971
2026-09-05 17:30:00,QLD1,6828.40000,166.75913,313.46916,166.75913,313.46916
2026-09-05 17:30:00,SA1,1290.95000,97.31654,2200.46766,61.98018,2022.44966
2026-09-05 17:30:00,TAS1,1176.27000,0.00000,176.33035,0.00000,176.33035
2026-09-05 17:30:00,VIC1,5766.19000,155.08042,4562.73593,155.06042,3174.81838
2026-09-05 17:35:00,NSW1,7936.61000,29.87991,1452.46010,29.87991,1452.46010
2026-09-05 17:35:00,QLD1,6851.67000,95.80097,333.80514,95.80097,333.80514
2026-09-05 17:35:00,SA1,1364.77000,69.50646,2203.78844,38.12464,2083.92406
2026-09-05 17:35:00,TAS1,1187.50000,0.00000,178.40639,0.00000,178.40639
2026-09-05 17:35:00,VIC1,5882.56000,107.93148,4540.14626,105.26148,3154.26821
2026-09-05 17:40:00,NSW1,7977.34000,7.60827,1467.26798,7.60827,1467.26798
2026-09-05 17:40:00,QLD1,6874.53000,56.93263,338.66368,56.93263,338.66368
2026-09-05 17:40:00,SA1,1392.78000,80.69727,2222.22857,49.95182,2048.73883
2026-09-05 17:40:00,TAS1,1191.83000,0.00000,176.44856,0.00000,176.44856
2026-09-05 17:40:00,VIC1,5788.56000,83.99030,4455.43329,81.30830,3116.84615
2026-09-05 17:45:00,NSW1,7938.60000,7.92118,1509.59706,7.92118,1509.59706
2026-09-05 17:45:00,QLD1,6884.07000,27.37768,348.22487,27.37768,348.22487
2026-09-05 17:45:00,SA1,1402.30000,59.40854,2194.64847,32.18127,2087.05475
2026-09-05 17:45:00,TAS1,1196.42000,0.00000,176.32921,0.00000,176.32921
2026-09-05 17:45:00,VIC1,5727.87000,64.35891,4504.43704,64.35891,3185.41129
2026-09-05 17:50:00,NSW1,8013.62000,1.13254,1578.38353,1.13254,1578.38353
2026-09-05 17:50:00,QLD1,6908.79000,12.91011,345.83176,12.91011,345.83176
2026-09-05 17:50:00,SA1,1445.70000,55.85509,2207.17298,23.40964,2152.29172
2026-09-05 17:50:00,TAS1,1200.40000,0.00000,180.03390,0.00000,180.03390
2026-09-05 17:50:00,VIC1,5807.48000,44.97994,4522.35167,44.97994,3263.17096
2026-09-05 17:55:00,NSW1,8048.60000,0.80591,1615.49873,0.80591,1615.49873
2026-09-05 17:55:00,QLD1,6969.84000,4.61553,358.73295,4.61553,358.73295
2026-09-05 17:55:00,SA1,1496.49000,44.77991,2168.03502,16.91627,2128.73823
2026-09-05 17:55:00,TAS1,1196.65000,0.00000,180.81017,0.00000,180.81017
2026-09-05 17:55:00,VIC1,5907.43000,17.21634,4501.21997,17.21634,3438.62268
2026-09-05 18:00:00,NSW1,8012.14000,0.17027,1591.70019,0.17027,1591.70019
2026-09-05 18:00:00,QLD1,6946.53000,2.43900,401.40924,2.43900,401.40924
2026-09-05 18:00:00,SA1,1528.52000,35.81063,2159.05012,13.28336,2122.26277
2026-09-05 18:00:00,TAS1,1194.66000,0.00000,178.73400,0.00000,178.73400
2026-09-05 18:00:00,VIC1,5955.73000,11.08957,4461.55440,11.08957,3535.07810
2026-09-05 18:05:00,NSW1,8083.96000,0.00000,1594.28358,0.00000,1594.28358
2026-09-05 18:05:00,QLD1,6861.62000,0.80000,432.25068,0.80000,432.25068
2026-09-05 18:05:00,SA1,1533.13000,25.91154,2151.62924,25.91154,2109.92767
2026-09-05 18:05:00,TAS1,1197.96000,0.00000,178.01912,0.00000,178.01912
2026-09-05 18:05:00,VIC1,5968.30000,1.81042,4451.22569,1.81042,3489.87356
2026-09-05 18:10:00,NSW1,7983.77000,0.00000,1605.65842,0.00000,1605.65842
2026-09-05 18:10:00,QLD1,6910.41000,0.04000,441.60218,0.04000,441.60218
2026-09-05 18:10:00,SA1,1587.78000,21.72536,2114.17311,21.72536,2074.33500
2026-09-05 18:10:00,TAS1,1199.43000,0.00000,182.93609,0.00000,182.93609
2026-09-05 18:10:00,VIC1,5930.98000,1.56900,4451.33900,1.56900,3600.91991
2026-09-05 18:15:00,NSW1,8060.66000,0.00000,1610.11687,0.00000,1610.11687
2026-09-05 18:15:00,QLD1,6930.98000,0.04000,449.71716,0.04000,449.71716
2026-09-05 18:15:00,SA1,1587.84000,9.76773,2059.80460,9.76773,2020.45246
2026-09-05 18:15:00,TAS1,1207.75000,0.00000,178.81805,0.00000,178.81805
2026-09-05 18:15:00,VIC1,6054.53000,0.12800,4459.60242,0.12800,3791.26175
2026-09-05 18:20:00,NSW1,8033.20000,0.00000,1614.20321,0.00000,1614.20321
2026-09-05 18:20:00,QLD1,6898.90000,0.04000,444.71703,0.04000,444.71703
2026-09-05 18:20:00,SA1,1640.74000,6.93673,2014.29106,6.93673,1977.43058
2026-09-05 18:20:00,TAS1,1205.92000,0.00000,172.48234,0.00000,172.48234
2026-09-05 18:20:00,VIC1,6091.67000,0.00000,4433.55416,0.00000,3918.78971
2026-09-05 18:25:00,NSW1,8096.97000,0.00000,1666.36816,0.00000,1666.36816
2026-09-05 18:25:00,QLD1,6974.33000,0.04000,435.85548,0.04000,435.85548
2026-09-05 18:25:00,SA1,1653.87000,2.85900,1980.80869,2.85900,1943.97707
2026-09-05 18:25:00,TAS1,1207.36000,0.00000,166.13335,0.00000,166.13335
2026-09-05 18:25:00,VIC1,6103.98000,0.00000,4404.53029,0.00000,3912.16051
2026-09-05 18:30:00,NSW1,8042.65000,0.00000,1643.02211,0.00000,1643.02211
2026-09-05 18:30:00,QLD1,6947.38000,0.04000,429.27352,0.04000,429.27352
2026-09-05 18:30:00,SA1,1654.42000,0.55564,1948.89942,0.55564,1919.18875
2026-09-05 18:30:00,TAS1,1206.55000,0.00000,167.44214,0.00000,167.44214
2026-09-05 18:30:00,VIC1,6175.92000,0.00000,4362.42020,0.00000,3973.75651
2026-09-05 18:35:00,NSW1,7989.02000,0.00000,1635.83193,0.00000,1635.83193
2026-09-05 18:35:00,QLD1,6965.57000,0.00000,436.63080,0.00000,436.63080
2026-09-05 18:35:00,SA1,1664.64000,0.51900,1946.17654,0.51900,1914.24104
2026-09-05 18:35:00,TAS1,1204.94000,0.00000,168.48627,0.00000,168.48627
2026-09-05 18:35:00,VIC1,6192.03000,0.00000,4355.79567,0.00000,3988.65440
2026-09-05 18:40:00,NSW1,8020.31000,0.00000,1602.87736,0.00000,1602.87736
2026-09-05 18:40:00,QLD1,6910.53000,0.04000,449.11044,0.04000,449.11044
2026-09-05 18:40:00,SA1,1681.66000,0.00000,1881.05921,0.00000,1852.41987
2026-09-05 18:40:00,TAS1,1196.10000,0.00000,166.80398,0.00000,166.80398
2026-09-05 18:40:00,VIC1,6251.46000,0.00000,4326.04822,0.00000,3952.54313
2026-09-05 18:45:00,NSW1,7979.44000,0.00000,1570.41220,0.00000,1570.41220
2026-09-05 18:45:00,QLD1,6854.94000,0.00000,464.95655,0.00000,464.95655
2026-09-05 18:45:00,SA1,1682.47000,0.02300,1869.13273,0.02300,1841.39991
2026-09-05 18:45:00,TAS1,1189.42000,0.00000,163.90453,0.00000,163.90453
2026-09-05 18:45:00,VIC1,6256.34000,0.00000,4341.22977,0.00000,3969.07246
2026-09-05 18:50:00,NSW1,7982.11000,0.00000,1529.11030,0.00000,1529.11030
2026-09-05 18:50:00,QLD1,6829.77000,0.04000,473.19073,0.04000,473.19073
2026-09-05 18:50:00,SA1,1701.18000,0.02300,1844.35798,0.02300,1818.62766
2026-09-05 18:50:00,TAS1,1184.06000,0.00000,163.92206,0.00000,163.92206
2026-09-05 18:50:00,VIC1,6119.63000,0.00000,4388.10589,0.00000,3955.64790
2026-09-05 18:55:00,NSW1,8000.43000,0.00000,1558.97367,0.00000,1558.97367
2026-09-05 18:55:00,QLD1,6845.99000,0.04000,491.96733,0.04000,491.96733
2026-09-05 18:55:00,SA1,1686.19000,0.02300,1874.42802,0.02300,1849.13762
2026-09-05 18:55:00,TAS1,1177.38000,0.00000,162.02900,0.00000,162.02900
2026-09-05 18:55:00,VIC1,6160.03000,0.00000,4368.99382,0.00000,3906.09824
2026-09-05 19:00:00,NSW1,7977.73000,0.00000,1563.67039,0.00000,1563.67039
2026-09-05 19:00:00,QLD1,6828.32000,0.04000,480.74686,0.04000,480.74686
2026-09-05 19:00:00,SA1,1704.06000,0.02300,1845.05883,0.02300,1816.03264
2026-09-05 19:00:00,TAS1,1172.71000,0.00000,159.61517,0.00000,159.61517
2026-09-05 19:00:00,VIC1,6169.08000,0.00000,4346.64612,0.00000,3979.29165
2026-09-05 19:05:00,NSW1,7862.37000,0.00000,1545.36576,0.00000,1545.36576
2026-09-05 19:05:00,QLD1,6810.61000,0.04000,489.84512,0.04000,489.84512
2026-09-05 19:05:00,SA1,1721.19000,0.00400,1829.83716,0.00400,1803.49339
2026-09-05 19:05:00,TAS1,1166.07000,0.00000,161.70478,0.00000,161.70478
2026-09-05 19:05:00,VIC1,6104.12000,0.00000,4356.51394,0.00000,3988.10228
2026-09-05 19:10:00,NSW1,7868.72000,0.00000,1541.94798,0.00000,1541.94798
2026-09-05 19:10:00,QLD1,6751.01000,0.04000,498.02903,0.04000,498.02903
2026-09-05 19:10:00,SA1,1710.10000,0.00000,1827.26675,0.00000,1797.53939
2026-09-05 19:10:00,TAS1,1165.49000,0.00000,163.69631,0.00000,163.69631
2026-09-05 19:10:00,VIC1,6121.02000,0.00000,4356.14853,0.00000,3946.69318
2026-09-05 19:15:00,NSW1,7859.33000,0.00000,1561.70040,0.00000,1561.70040
2026-09-05 19:15:00,QLD1,6720.67000,0.04000,516.88785,0.04000,516.88785
2026-09-05 19:15:00,SA1,1707.55000,0.00000,1763.00140,0.00000,1739.45320
2026-09-05 19:15:00,TAS1,1160.13000,0.00000,164.09223,0.00000,164.09223
2026-09-05 19:15:00,VIC1,6132.44000,0.00000,4333.24470,0.00000,3957.44754
2026-09-05 19:20:00,NSW1,7902.87000,0.00000,1566.78936,0.00000,1566.78936
2026-09-05 19:20:00,QLD1,6660.86000,0.04000,516.64259,0.04000,516.64259
2026-09-05 19:20:00,SA1,1709.35000,0.00000,1732.33151,0.00000,1717.21415
2026-09-05 19:20:00,TAS1,1157.45000,0.00000,165.49512,0.00000,165.49512
2026-09-05 19:20:00,VIC1,6166.38000,0.00000,4359.91443,0.00000,3978.38164
2026-09-05 19:25:00,NSW1,7796.96000,0.00000,1575.82411,0.00000,1575.82411
2026-09-05 19:25:00,QLD1,6643.39000,0.04000,510.90518,0.04000,510.90518
2026-09-05 19:25:00,SA1,1705.64000,0.00000,1713.17253,0.00000,1695.93375
2026-09-05 19:25:00,TAS1,1156.65000,0.00000,165.17718,0.00000,165.17718
2026-09-05 19:25:00,VIC1,6175.00000,0.00000,4363.21388,0.00000,3985.35937
2026-09-05 19:30:00,NSW1,7845.14000,0.00000,1634.67326,0.00000,1634.67326
2026-09-05 19:30:00,QLD1,6641.52000,0.04000,518.19492,0.04000,518.19492
2026-09-05 19:30:00,SA1,1691.49000,0.00000,1688.56302,0.00000,1677.35487
2026-09-05 19:30:00,TAS1,1152.59000,0.00000,164.97973,0.00000,164.97973
2026-09-05 19:30:00,VIC1,6142.76000,0.00000,4409.83741,0.00000,4029.33337
2026-09-05 19:35:00,NSW1,7776.19000,0.00000,1648.28225,0.00000,1648.28225
2026-09-05 19:35:00,QLD1,6636.76000,0.04000,520.77270,0.04000,520.77270
2026-09-05 19:35:00,SA1,1680.28000,0.00000,1690.02247,0.00000,1676.75736
2026-09-05 19:35:00,TAS1,1152.06000,0.00000,164.73285,0.00000,164.73285
2026-09-05 19:35:00,VIC1,6062.58000,0.00000,4354.79914,0.00000,3965.43096
2026-09-05 19:40:00,NSW1,7774.12000,0.00000,1697.56475,0.00000,1697.56475
2026-09-05 19:40:00,QLD1,6588.83000,0.00000,521.85967,0.00000,521.85967
2026-09-05 19:40:00,SA1,1679.40000,0.00000,1670.96785,0.00000,1654.99257
2026-09-05 19:40:00,TAS1,1149.74000,0.00000,166.40753,0.00000,166.40753
2026-09-05 19:40:00,VIC1,6050.46000,0.00000,4294.13442,0.00000,3916.19640
2026-09-05 19:45:00,NSW1,7748.26000,0.00000,1715.07649,0.00000,1715.07649
2026-09-05 19:45:00,QLD1,6565.99000,0.04000,517.03708,0.04000,517.03708
2026-09-05 19:45:00,SA1,1664.29000,0.00000,1653.69782,0.00000,1640.57445
2026-09-05 19:45:00,TAS1,1131.98000,0.00000,163.82609,0.00000,163.82609
2026-09-05 19:45:00,VIC1,6038.24000,0.00000,4266.98813,0.00000,3893.06591
2026-09-05 19:50:00,NSW1,7719.99000,0.00000,1784.38733,0.00000,1784.38733
2026-09-05 19:50:00,QLD1,6587.46000,0.04000,526.98159,0.04000,526.98159
2026-09-05 19:50:00,SA1,1650.43000,0.00000,1636.36393,0.00000,1633.58393
2026-09-05 19:50:00,TAS1,1142.65000,0.00000,159.24743,0.00000,159.24743
2026-09-05 19:50:00,VIC1,5996.03000,0.00000,4290.16551,0.00000,3915.42969
2026-09-05 19:55:00,NSW1,7652.21000,0.00000,1812.13866,0.00000,1812.13866
2026-09-05 19:55:00,QLD1,6550.28000,0.04000,531.70560,0.04000,531.70560
2026-09-05 19:55:00,SA1,1641.58000,0.00000,1624.27115,0.00000,1621.49115
2026-09-05 19:55:00,TAS1,1142.68000,0.00000,152.87177,0.00000,152.87177
2026-09-05 19:55:00,VIC1,5996.33000,0.00000,4281.45716,0.00000,3919.86700
2026-09-05 20:00:00,NSW1,7729.40000,0.00000,1784.11792,0.00000,1784.11792
2026-09-05 20:00:00,QLD1,6536.50000,0.04000,525.60698,0.04000,525.60698
2026-09-05 20:00:00,SA1,1661.71000,0.00000,1568.79803,0.00000,1568.79803
2026-09-05 20:00:00,TAS1,1137.58000,0.00000,152.81289,0.00000,152.81289
2026-09-05 20:00:00,VIC1,5963.44000,0.00000,4295.00235,0.00000,3949.96707
2026-09-05 20:05:00,NSW1,7729.56000,0.00000,1808.00304,0.00000,1808.00304
2026-09-05 20:05:00,QLD1,6482.85000,0.04000,513.99433,0.04000,513.99433
2026-09-05 20:05:00,SA1,1643.70000,0.00000,1552.31171,0.00000,1552.31171
2026-09-05 20:05:00,TAS1,1135.21000,0.00000,146.49567,0.00000,146.49567
2026-09-05 20:05:00,VIC1,5937.60000,0.00000,4334.50576,0.00000,4002.34582
2026-09-05 20:10:00,NSW1,7658.24000,0.00000,1792.49696,0.00000,1792.49696
2026-09-05 20:10:00,QLD1,6506.29000,0.04000,533.12562,0.04000,533.12562
2026-09-05 20:10:00,SA1,1632.00000,0.00000,1543.39364,0.00000,1543.39364
2026-09-05 20:10:00,TAS1,1136.79000,0.00000,152.66979,0.00000,152.66979
2026-09-05 20:10:00,VIC1,5904.50000,0.00000,4383.10834,0.00000,4028.71703
2026-09-05 20:15:00,NSW1,7714.91000,0.00000,1800.56578,0.00000,1800.56578
2026-09-05 20:15:00,QLD1,6470.43000,0.04000,533.25908,0.04000,533.25908
2026-09-05 20:15:00,SA1,1645.54000,0.00000,1543.50445,0.00000,1543.50445
2026-09-05 20:15:00,TAS1,1135.53000,0.00000,154.25850,0.00000,154.25850
2026-09-05 20:15:00,VIC1,5872.93000,0.00000,4424.12232,0.00000,4028.16477
2026-09-05 20:20:00,NSW1,7678.98000,0.00500,1799.83607,0.00500,1799.83607
2026-09-05 20:20:00,QLD1,6491.09000,0.04000,538.76530,0.04000,538.76530
2026-09-05 20:20:00,SA1,1622.91000,0.00000,1494.20448,0.00000,1493.96448
2026-09-05 20:20:00,TAS1,1120.71000,0.00000,172.61629,0.00000,172.61629
2026-09-05 20:20:00,VIC1,5951.11000,0.00000,4489.15059,0.00000,4087.94624
2026-09-05 20:25:00,NSW1,7589.77000,0.00000,1780.39323,0.00000,1780.39323
2026-09-05 20:25:00,QLD1,6416.47000,0.04000,559.67824,0.04000,559.67824
2026-09-05 20:25:00,SA1,1626.15000,0.00000,1483.87412,0.00000,1483.87412
2026-09-05 20:25:00,TAS1,1125.59000,0.00000,181.47238,0.00000,181.47238
2026-09-05 20:25:00,VIC1,5834.57000,0.00000,4524.82349,0.00000,4017.19747
2026-09-05 20:30:00,NSW1,7591.80000,0.00000,1803.66242,0.00000,1803.66242
2026-09-05 20:30:00,QLD1,6436.26000,0.04000,578.63757,0.04000,578.63757
2026-09-05 20:30:00,SA1,1608.49000,0.00000,1484.48260,0.00000,1484.48260
2026-09-05 20:30:00,TAS1,1119.24000,0.00000,191.69259,0.00000,191.69259
2026-09-05 20:30:00,VIC1,5875.77000,0.00000,4555.22452,0.00000,4054.54312
2026-09-05 20:35:00,NSW1,7569.68000,0.00000,1780.63337,0.00000,1780.63337
2026-09-05 20:35:00,QLD1,6427.18000,0.04000,596.79449,0.04000,596.79449
2026-09-05 20:35:00,SA1,1615.49000,0.00000,1489.58800,0.00000,1489.58800
2026-09-05 20:35:00,TAS1,1110.75000,0.00000,186.48918,0.00000,186.48918
2026-09-05 20:35:00,VIC1,5841.52000,0.00000,4565.19445,0.00000,4041.77026
2026-09-05 20:40:00,NSW1,7578.24000,0.00000,1767.24211,0.00000,1767.24211
2026-09-05 20:40:00,QLD1,6519.66000,0.04000,622.56288,0.04000,622.56288
2026-09-05 20:40:00,SA1,1618.73000,0.00000,1499.62032,0.00000,1499.62032
2026-09-05 20:40:00,TAS1,1109.83000,0.00000,179.42488,0.00000,179.42488
2026-09-05 20:40:00,VIC1,5790.69000,0.00000,4509.93969,0.00000,4002.49406
2026-09-05 20:45:00,NSW1,7466.69000,0.00000,1756.68085,0.00000,1756.68085
2026-09-05 20:45:00,QLD1,6522.06000,0.00000,643.09379,0.00000,643.09379
2026-09-05 20:45:00,SA1,1588.32000,0.00000,1487.91362,0.00000,1484.50122
2026-09-05 20:45:00,TAS1,1109.06000,0.00000,191.80276,0.00000,191.80276
2026-09-05 20:45:00,VIC1,5797.21000,0.00000,4488.64293,0.00000,3971.40477
2026-09-05 20:50:00,NSW1,7498.44000,0.00000,1752.15789,0.00000,1752.15789
2026-09-05 20:50:00,QLD1,6512.67000,0.04000,673.89377,0.04000,673.89377
2026-09-05 20:50:00,SA1,1588.82000,0.00000,1468.10320,0.00000,1468.10320
2026-09-05 20:50:00,TAS1,1090.23000,0.00000,195.64552,0.00000,195.64552
2026-09-05 20:50:00,VIC1,5772.24000,0.00000,4486.70430,0.00000,3979.38084
2026-09-05 20:55:00,NSW1,7537.89000,0.00000,1768.12088,0.00000,1768.12088
2026-09-05 20:55:00,QLD1,6449.26000,0.04000,703.46332,0.04000,703.46332
2026-09-05 20:55:00,SA1,1600.94000,0.00000,1471.48278,0.00000,1471.48278
2026-09-05 20:55:00,TAS1,1092.63000,0.00000,173.35540,0.00000,173.35540
2026-09-05 20:55:00,VIC1,5758.08000,0.00000,4514.32511,0.00000,4012.07526
2026-09-05 21:00:00,NSW1,7505.35000,0.00000,1795.94510,0.00000,1795.94510
2026-09-05 21:00:00,QLD1,6437.56000,0.00000,755.04294,0.00000,755.04294
2026-09-05 21:00:00,SA1,1595.03000,0.00000,1448.97801,0.00000,1448.97801
2026-09-05 21:00:00,TAS1,1088.84000,0.00000,185.92768,0.00000,185.92768
2026-09-05 21:00:00,VIC1,5732.47000,0.00000,4499.47919,0.00000,3964.13769
2026-09-05 21:05:00,NSW1,7488.94000,0.00000,1810.18017,0.00000,1810.18017
2026-09-05 21:05:00,QLD1,6496.04000,0.04000,824.87100,0.04000,824.87100
2026-09-05 21:05:00,SA1,1595.85000,0.00000,1427.56234,0.00000,1427.56234
2026-09-05 21:05:00,TAS1,1078.71000,0.00000,213.83787,0.00000,213.83787
2026-09-05 21:05:00,VIC1,5693.73000,0.00000,4503.47786,0.00000,4051.04287
2026-09-05 21:10:00,NSW1,7466.35000,0.00000,1828.22421,0.00000,1828.22421
2026-09-05 21:10:00,QLD1,6422.59000,0.00000,889.69476,0.00000,889.69476
2026-09-05 21:10:00,SA1,1597.73000,0.00000,1428.89181,0.00000,1428.89181
2026-09-05 21:10:00,TAS1,1060.76000,0.00000,232.75942,0.00000,232.75942
2026-09-05 21:10:00,VIC1,5702.79000,0.00000,4454.16098,0.00000,4024.50424
2026-09-05 21:15:00,NSW1,7496.57000,0.00000,1850.99453,0.00000,1850.99453
2026-09-05 21:15:00,QLD1,6377.53000,0.00000,952.04248,0.00000,952.04248
2026-09-05 21:15:00,SA1,1562.74000,0.00000,1393.05701,0.00000,1393.05701
2026-09-05 21:15:00,TAS1,1056.41000,0.00000,208.65520,0.00000,208.65520
2026-09-05 21:15:00,VIC1,5678.29000,0.00000,4465.44496,0.00000,4015.65830
2026-09-05 21:20:00,NSW1,7470.00000,0.00000,1852.12351,0.00000,1852.12351
2026-09-05 21:20:00,QLD1,6380.28000,0.04000,961.99803,0.04000,961.99803
2026-09-05 21:20:00,SA1,1564.06000,0.00000,1354.13601,0.00000,1354.13601
2026-09-05 21:20:00,TAS1,1057.28000,0.00000,203.61140,0.00000,203.61140
2026-09-05 21:20:00,VIC1,5663.02000,0.00000,4479.11291,0.00000,4029.43749
2026-09-05 21:25:00,NSW1,7406.99000,0.00000,1872.28458,0.00000,1872.28458
2026-09-05 21:25:00,QLD1,6436.68000,0.00000,983.65566,0.00000,983.65566
2026-09-05 21:25:00,SA1,1569.66000,0.00000,1344.26384,0.00000,1344.26384
2026-09-05 21:25:00,TAS1,1060.09000,0.00000,183.35068,0.00000,183.35068
2026-09-05 21:25:00,VIC1,5687.73000,0.00000,4496.53793,0.00000,4047.31293
2026-09-05 21:30:00,NSW1,7290.15000,0.00000,1829.50054,0.00000,1829.50054
2026-09-05 21:30:00,QLD1,6437.04000,0.04000,993.67627,0.04000,993.67627
2026-09-05 21:30:00,SA1,1580.32000,0.00000,1362.07812,0.00000,1362.07812
2026-09-05 21:30:00,TAS1,1067.32000,0.00000,174.11914,0.00000,174.11914
2026-09-05 21:30:00,VIC1,5615.91000,0.00000,4498.65938,0.00000,4039.58258
2026-09-05 21:35:00,NSW1,7305.28000,0.00000,1824.94602,0.00000,1824.94602
2026-09-05 21:35:00,QLD1,6303.67000,0.04000,1022.49257,0.04000,1022.49257
2026-09-05 21:35:00,SA1,1546.34000,0.00000,1380.04434,0.00000,1380.04434
2026-09-05 21:35:00,TAS1,1068.42000,0.00000,176.01504,0.00000,176.01504
2026-09-05 21:35:00,VIC1,5624.94000,0.00000,4474.61282,0.00000,4037.32429
2026-09-05 21:40:00,NSW1,7385.71000,0.00000,1858.92274,0.00000,1858.92274
2026-09-05 21:40:00,QLD1,6410.82000,0.04000,1013.10159,0.04000,1013.10159
2026-09-05 21:40:00,SA1,1540.63000,0.00000,1365.02059,0.00000,1365.02059
2026-09-05 21:40:00,TAS1,1065.20000,0.00000,178.92151,0.00000,178.92151
2026-09-05 21:40:00,VIC1,5591.63000,0.00000,4457.82764,0.00000,4052.88348
2026-09-05 21:45:00,NSW1,7424.83000,0.00000,1841.74029,0.00000,1841.74029
2026-09-05 21:45:00,QLD1,6364.10000,0.04000,1007.74838,0.04000,1007.74838
2026-09-05 21:45:00,SA1,1547.97000,0.00000,1359.66442,0.00000,1359.66442
2026-09-05 21:45:00,TAS1,1049.87000,0.00000,202.85635,0.00000,202.85635
2026-09-05 21:45:00,VIC1,5587.39000,0.00000,4489.39474,0.00000,4080.86781
2026-09-05 21:50:00,NSW1,7338.15000,0.00000,1873.74227,0.00000,1873.74227
2026-09-05 21:50:00,QLD1,6234.77000,0.04000,1003.27595,0.04000,1003.27595
2026-09-05 21:50:00,SA1,1523.49000,0.00000,1383.24871,0.00000,1383.24871
2026-09-05 21:50:00,TAS1,1030.60000,0.00000,213.29926,0.00000,213.29926
2026-09-05 21:50:00,VIC1,5514.30000,0.00000,4518.76555,0.00000,3969.39976
2026-09-05 21:55:00,NSW1,7318.05000,0.00000,1938.55173,0.00000,1938.55173
2026-09-05 21:55:00,QLD1,6276.24000,0.04000,1018.64532,0.04000,1018.64532
2026-09-05 21:55:00,SA1,1503.62000,0.00000,1391.57165,0.00000,1391.57165
2026-09-05 21:55:00,TAS1,1027.63000,0.00000,217.88697,0.00000,217.88697
2026-09-05 21:55:00,VIC1,5482.82000,0.00000,4477.34089,0.00000,3947.68294
2026-09-05 22:00:00,NSW1,7299.74000,0.00000,1846.57170,0.00000,1846.57170
2026-09-05 22:00:00,QLD1,6284.29000,0.04000,1019.07329,0.04000,1019.07329
2026-09-05 22:00:00,SA1,1508.14000,0.00000,1400.44371,0.00000,1400.44371
2026-09-05 22:00:00,TAS1,1013.65000,0.00000,212.01773,0.00000,212.01773
2026-09-05 22:00:00,VIC1,5458.58000,0.00000,4425.21091,0.00000,3936.76492
2026-09-05 22:05:00,NSW1,7262.25000,0.00000,1818.65829,0.00000,1818.65829
2026-09-05 22:05:00,QLD1,6188.48000,0.04000,1008.60311,0.04000,1008.60311
2026-09-05 22:05:00,SA1,1515.19000,0.00000,1383.83461,0.00000,1383.83461
2026-09-05 22:05:00,TAS1,1013.59000,0.00000,193.23044,0.00000,193.23044
2026-09-05 22:05:00,VIC1,5409.11000,0.00000,4359.40838,0.00000,3909.66273
2026-09-05 22:10:00,NSW1,7342.38000,0.00000,1809.94521,0.00000,1809.94521
2026-09-05 22:10:00,QLD1,6157.19000,0.04000,992.85886,0.04000,992.85886
2026-09-05 22:10:00,SA1,1493.84000,0.00000,1408.68332,0.00000,1408.68332
2026-09-05 22:10:00,TAS1,1017.27000,0.00000,214.94854,0.00000,214.94854
2026-09-05 22:10:00,VIC1,5386.09000,0.00000,4327.82937,0.00000,3848.70327
2026-09-05 22:15:00,NSW1,7265.11000,0.00000,1779.24091,0.00000,1779.24091
2026-09-05 22:15:00,QLD1,6176.47000,0.00000,986.06957,0.00000,986.06957
2026-09-05 22:15:00,SA1,1490.08000,0.00000,1438.01826,0.00000,1436.46826
2026-09-05 22:15:00,TAS1,1006.01000,0.00000,206.13306,0.00000,206.13306
2026-09-05 22:15:00,VIC1,5414.38000,0.00000,4296.23434,0.00000,3856.63182
2026-09-05 22:20:00,NSW1,7270.51000,0.00000,1809.76985,0.00000,1809.76985
2026-09-05 22:20:00,QLD1,6157.31000,0.04000,967.48245,0.04000,967.48245
2026-09-05 22:20:00,SA1,1466.18000,0.00000,1466.31905,0.00000,1463.53905
2026-09-05 22:20:00,TAS1,1003.80000,0.00000,219.58262,0.00000,219.58262
2026-09-05 22:20:00,VIC1,5365.62000,0.00000,4296.17639,0.00000,3763.61433
2026-09-05 22:25:00,NSW1,7310.26000,0.00000,1807.17242,0.00000,1807.17242
2026-09-05 22:25:00,QLD1,6063.40000,0.00000,958.41956,0.00000,958.41956
2026-09-05 22:25:00,SA1,1470.55000,0.00000,1437.49930,0.00000,1428.63530
2026-09-05 22:25:00,TAS1,996.61000,0.00000,207.32254,0.00000,207.32254
2026-09-05 22:25:00,VIC1,5287.09000,0.00000,4245.02933,0.00000,3818.17622
2026-09-05 22:30:00,NSW1,7263.28000,0.00000,1797.03470,0.00000,1797.03470
2026-09-05 22:30:00,QLD1,6041.22000,0.00000,915.28296,0.00000,915.28296
2026-09-05 22:30:00,SA1,1463.71000,0.00000,1430.48788,0.00000,1427.70788
2026-09-05 22:30:00,TAS1,989.68000,0.00000,219.85788,0.00000,219.85788
2026-09-05 22:30:00,VIC1,5290.80000,0.00000,4211.88665,0.00000,3815.07491
2026-09-05 22:35:00,NSW1,7268.01000,0.00000,1737.62842,0.00000,1737.62842
2026-09-05 22:35:00,QLD1,6021.55000,0.04000,884.84915,0.04000,884.84915
2026-09-05 22:35:00,SA1,1446.98000,0.00000,1417.23020,0.00000,1414.45020
2026-09-05 22:35:00,TAS1,981.14000,0.00000,217.26028,0.00000,217.26028
2026-09-05 22:35:00,VIC1,5241.80000,0.00000,4203.95993,0.00000,3781.27823
2026-09-05 22:40:00,NSW1,7221.61000,0.00000,1746.20946,0.00000,1746.20946
2026-09-05 22:40:00,QLD1,5944.25000,0.00000,879.50853,0.00000,879.50853
2026-09-05 22:40:00,SA1,1463.79000,0.00000,1431.66702,0.00000,1422.80302
2026-09-05 22:40:00,TAS1,985.46000,0.00000,228.36980,0.00000,228.36980
2026-09-05 22:40:00,VIC1,5213.15000,0.00000,4205.83726,0.00000,3755.38357
2026-09-05 22:45:00,NSW1,7219.77000,0.00000,1731.41514,0.00000,1731.41514
2026-09-05 22:45:00,QLD1,6010.41000,0.04000,870.25591,0.04000,870.25591
2026-09-05 22:45:00,SA1,1427.61000,0.00000,1439.45135,0.00000,1427.12035
2026-09-05 22:45:00,TAS1,980.38000,0.00000,232.27486,0.00000,232.27486
2026-09-05 22:45:00,VIC1,5176.72000,0.00000,4192.02170,0.00000,3702.67942
2026-09-05 22:50:00,NSW1,7207.86000,0.00000,1757.16330,0.00000,1757.16330
2026-09-05 22:50:00,QLD1,6003.90000,0.04000,874.60398,0.04000,874.60398
2026-09-05 22:50:00,SA1,1417.64000,0.00000,1415.30879,0.00000,1402.97779
2026-09-05 22:50:00,TAS1,973.76000,0.00000,248.72725,0.00000,248.72725
2026-09-05 22:50:00,VIC1,5152.11000,0.00000,4139.33213,0.00000,3648.89609
2026-09-05 22:55:00,NSW1,7185.28000,0.00000,1773.56984,0.00000,1773.56984
2026-09-05 22:55:00,QLD1,5913.32000,0.04000,876.38943,0.04000,876.38943
2026-09-05 22:55:00,SA1,1402.30000,0.00000,1422.75288,0.00000,1413.88888
2026-09-05 22:55:00,TAS1,975.56000,0.00000,258.13677,0.00000,258.13677
2026-09-05 22:55:00,VIC1,5121.33000,0.00000,4130.61421,0.00000,3635.75224
2026-09-05 23:00:00,NSW1,7126.22000,0.00000,1798.26045,0.00000,1798.26045
2026-09-05 23:00:00,QLD1,5894.42000,0.04000,861.73129,0.04000,861.73129
2026-09-05 23:00:00,SA1,1398.60000,0.00000,1412.72978,0.00000,1398.89278
2026-09-05 23:00:00,TAS1,971.34000,0.00000,252.79230,0.00000,252.79230
2026-09-05 23:00:00,VIC1,5118.13000,0.00000,4116.90383,0.00000,3645.94930
2026-09-05 23:05:00,NSW1,7111.57000,0.00000,1821.94475,0.00000,1821.94475
2026-09-05 23:05:00,QLD1,5961.99000,0.04000,858.24570,0.04000,858.24570
2026-09-05 23:05:00,SA1,1407.43000,0.00000,1425.66031,0.00000,1411.82331
2026-09-05 23:05:00,TAS1,976.61000,0.00000,250.38315,0.00000,250.38315
2026-09-05 23:05:00,VIC1,5133.86000,0.00000,4130.06505,0.00000,3660.49626
2026-09-05 23:10:00,NSW1,7073.18000,0.00000,1825.84496,0.00000,1825.84496
2026-09-05 23:10:00,QLD1,5943.75000,0.04000,839.30788,0.04000,839.30788
2026-09-05 23:10:00,SA1,1395.87000,0.00000,1373.94156,0.00000,1359.64556
2026-09-05 23:10:00,TAS1,977.88000,0.00000,242.90173,0.00000,242.90173
2026-09-05 23:10:00,VIC1,5190.92000,0.00000,4053.89762,0.00000,3729.60480
2026-09-05 23:15:00,NSW1,7039.92000,0.00000,1839.69638,0.00000,1839.69638
2026-09-05 23:15:00,QLD1,5961.01000,0.00000,832.85808,0.00000,832.85808
2026-09-05 23:15:00,SA1,1374.27000,0.00000,1365.31511,0.00000,1351.01911
2026-09-05 23:15:00,TAS1,981.39000,0.00000,226.36358,0.00000,226.36358
2026-09-05 23:15:00,VIC1,5216.28000,0.00000,3995.60464,0.00000,3714.67113
2026-09-05 23:20:00,NSW1,7006.61000,0.00000,1824.90598,0.00000,1824.90598
2026-09-05 23:20:00,QLD1,5914.04000,0.04000,817.53736,0.04000,817.53736
2026-09-05 23:20:00,SA1,1369.33000,0.00000,1365.52122,0.00000,1351.22522
2026-09-05 23:20:00,TAS1,973.56000,0.00000,191.15711,0.00000,191.15711
2026-09-05 23:20:00,VIC1,5221.63000,0.00000,4055.24252,0.00000,3745.52703
2026-09-05 23:25:00,NSW1,7028.77000,0.00000,1815.36042,0.00000,1815.36042
2026-09-05 23:25:00,QLD1,5829.58000,0.04000,816.60074,0.04000,816.60074
2026-09-05 23:25:00,SA1,1368.93000,0.00000,1368.24531,0.00000,1353.94931
2026-09-05 23:25:00,TAS1,982.56000,0.00000,179.09776,0.00000,179.09776
2026-09-05 23:25:00,VIC1,5182.03000,0.00000,4077.31493,0.00000,3722.99251
2026-09-05 23:30:00,NSW1,6961.97000,0.00000,1808.26761,0.00000,1808.26761
2026-09-05 23:30:00,QLD1,5817.45000,0.04000,820.21962,0.04000,820.21962
2026-09-05 23:30:00,SA1,1373.21000,0.00000,1299.20688,0.00000,1285.36988
2026-09-05 23:30:00,TAS1,979.71000,0.00000,180.39080,0.00000,180.39080
2026-09-05 23:30:00,VIC1,5197.06000,0.00000,4014.31313,0.00000,3722.65738
2026-09-05 23:35:00,NSW1,6928.56000,0.00000,1811.91679,0.00000,1811.91679
2026-09-05 23:35:00,QLD1,5886.76000,0.00000,793.63993,0.00000,793.63993
2026-09-05 23:35:00,SA1,1394.95000,0.00000,1280.53809,0.00000,1268.20709
2026-09-05 23:35:00,TAS1,966.31000,0.00000,189.19520,0.00000,189.19520
2026-09-05 23:35:00,VIC1,5177.68000,0.00000,3990.99626,0.00000,3722.23881
2026-09-05 23:40:00,NSW1,6948.35000,0.00000,1823.47752,0.00000,1823.47752
2026-09-05 23:40:00,QLD1,5854.22000,0.04000,800.78333,0.04000,800.78333
2026-09-05 23:40:00,SA1,1412.18000,0.00000,1269.81456,0.00000,1260.95056
2026-09-05 23:40:00,TAS1,957.90000,0.00000,191.45570,0.00000,191.45570
2026-09-05 23:40:00,VIC1,5156.49000,0.00000,3982.81219,0.00000,3708.65712
2026-09-05 23:45:00,NSW1,6922.59000,0.00000,1819.03570,0.00000,1819.03570
2026-09-05 23:45:00,QLD1,5878.99000,0.00000,801.27347,0.00000,801.27347
2026-09-05 23:45:00,SA1,1382.90000,0.00000,1248.81183,0.00000,1246.03183
2026-09-05 23:45:00,TAS1,954.70000,0.00000,181.47737,0.00000,181.47737
2026-09-05 23:45:00,VIC1,5071.06000,0.00000,3960.66408,0.00000,3659.39012
2026-09-05 23:50:00,NSW1,6916.57000,0.00000,1820.87279,0.00000,1820.87279
2026-09-05 23:50:00,QLD1,5794.95000,0.04000,802.20090,0.04000,802.20090
2026-09-05 23:50:00,SA1,1382.87000,0.00000,1185.35420,0.00000,1182.57420
2026-09-05 23:50:00,TAS1,959.72000,0.00000,173.97569,0.00000,173.97569
2026-09-05 23:50:00,VIC1,5065.97000,0.00000,3871.03477,0.00000,3643.36283
2026-09-05 23:55:00,NSW1,6879.35000,0.00000,1848.39363,0.00000,1848.39363
2026-09-05 23:55:00,QLD1,5785.51000,0.04000,761.24668,0.04000,761.24668
2026-09-05 23:55:00,SA1,1372.47000,0.00000,1185.78206,0.00000,1183.00206
2026-09-05 23:55:00,TAS1,944.79000,0.00000,169.81827,0.00000,169.81827
2026-09-05 23:55:00,VIC1,5013.57000,0.00000,3828.84730,0.00000,3636.41756
2026-09-06 00:00:00,NSW1,6908.98000,0.00000,1852.45722,0.00000,1852.45722
2026-09-06 00:00:00,QLD1,5765.84000,0.04000,712.49736,0.04000,712.49736
2026-09-06 00:00:00,SA1,1363.19000,0.00000,1165.77226,0.00000,1165.77226
2026-09-06 00:00:00,TAS1,945.34000,0.00000,154.37745,0.00000,154.37745
2026-09-06 00:00:00,VIC1,4969.00000,0.00000,3847.61283,0.00000,3622.80412
2026-09-06 00:05:00,NSW1,6843.76000,0.00000,1835.90363,0.00000,1835.90363
2026-09-06 00:05:00,QLD1,5657.48000,0.04000,702.55787,0.04000,702.55787
2026-09-06 00:05:00,SA1,1364.70000,0.00000,1165.82743,0.00000,1165.82743
2026-09-06 00:05:00,TAS1,946.07000,0.00000,152.21699,0.00000,152.21699
2026-09-06 00:05:00,VIC1,4943.40000,0.00000,3827.74696,0.00000,3595.27615
2026-09-06 00:10:00,NSW1,6876.01000,0.00000,1844.61191,0.00000,1844.61191
2026-09-06 00:10:00,QLD1,5697.14000,0.04000,687.36713,0.04000,687.36713
2026-09-06 00:10:00,SA1,1365.20000,0.00000,1168.05699,0.00000,1168.05699
2026-09-06 00:10:00,TAS1,940.49000,0.00000,147.04849,0.00000,147.04849
2026-09-06 00:10:00,VIC1,4982.58000,0.00000,3854.13157,0.00000,3609.60033
2026-09-06 00:15:00,NSW1,6992.21000,0.00000,1832.42933,0.00000,1832.42933
2026-09-06 00:15:00,QLD1,5641.97000,0.04000,684.09326,0.04000,684.09326
2026-09-06 00:15:00,SA1,1359.36000,0.00000,1169.85827,0.00000,1169.85827
2026-09-06 00:15:00,TAS1,933.26000,0.00000,151.90718,0.00000,151.90718
2026-09-06 00:15:00,VIC1,4930.45000,0.00000,3883.33375,0.00000,3561.16472
2026-09-06 00:20:00,NSW1,6930.13000,0.00000,1851.44757,0.00000,1851.44757
2026-09-06 00:20:00,QLD1,5644.03000,0.04000,676.58954,0.04000,676.58954
2026-09-06 00:20:00,SA1,1398.80000,0.00000,1157.34265,0.00000,1157.34265
2026-09-06 00:20:00,TAS1,930.35000,0.00000,145.37775,0.00000,145.37775
2026-09-06 00:20:00,VIC1,4905.96000,0.00000,3886.94146,0.00000,3566.99104
2026-09-06 00:25:00,NSW1,6963.19000,0.00000,1860.47823,0.00000,1860.47823
2026-09-06 00:25:00,QLD1,5643.43000,0.04000,665.88807,0.04000,665.88807
2026-09-06 00:25:00,SA1,1394.42000,0.00000,1198.98825,0.00000,1198.98825
2026-09-06 00:25:00,TAS1,913.87000,0.00000,141.63333,0.00000,141.63333
2026-09-06 00:25:00,VIC1,4885.93000,0.00000,3825.33514,0.00000,3530.06127
2026-09-06 00:30:00,NSW1,6867.45000,0.00000,1821.59765,0.00000,1821.59765
2026-09-06 00:30:00,QLD1,5522.14000,0.04000,683.83024,0.04000,683.83024
2026-09-06 00:30:00,SA1,1382.65000,0.00000,1180.71219,0.00000,1180.71219
2026-09-06 00:30:00,TAS1,916.06000,0.00000,144.34371,0.00000,144.34371
2026-09-06 00:30:00,VIC1,4947.90000,0.00000,3797.62606,0.00000,3515.77000
2026-09-06 00:35:00,NSW1,6932.44000,0.00000,1842.23822,0.00000,1842.23822
2026-09-06 00:35:00,QLD1,5550.66000,0.04000,700.41098,0.04000,700.41098
2026-09-06 00:35:00,SA1,1370.89000,0.00000,1191.47239,0.00000,1189.02239
2026-09-06 00:35:00,TAS1,914.51000,0.00000,145.28728,0.00000,145.28728
2026-09-06 00:35:00,VIC1,4946.36000,0.00000,3741.46494,0.00000,3485.68099
2026-09-06 00:40:00,NSW1,6866.26000,0.00000,1847.70886,0.00000,1847.70886
2026-09-06 00:40:00,QLD1,5505.88000,0.00000,700.76658,0.00000,700.76658
2026-09-06 00:40:00,SA1,1395.77000,0.00000,1177.72775,0.00000,1177.72775
2026-09-06 00:40:00,TAS1,912.09000,0.00000,145.25220,0.00000,145.25220
2026-09-06 00:40:00,VIC1,4935.66000,0.00000,3707.09619,0.00000,3455.00673
2026-09-06 00:45:00,NSW1,6814.25000,0.00000,1863.06803,0.00000,1863.06803
2026-09-06 00:45:00,QLD1,5527.50000,0.04000,704.79676,0.04000,704.79676
2026-09-06 00:45:00,SA1,1380.73000,0.00000,1217.52688,0.00000,1217.52688
2026-09-06 00:45:00,TAS1,920.50000,0.00000,148.38516,0.00000,148.38516
2026-09-06 00:45:00,VIC1,4801.44000,0.00000,3622.99266,0.00000,3382.41788
2026-09-06 00:50:00,NSW1,6872.43000,0.00000,1872.91186,0.00000,1872.91186
2026-09-06 00:50:00,QLD1,5466.65000,0.04000,711.02581,0.04000,711.02581
2026-09-06 00:50:00,SA1,1376.77000,0.00000,1210.92283,0.00000,1210.92283
2026-09-06 00:50:00,TAS1,924.18000,0.00000,145.49350,0.00000,145.49350
2026-09-06 00:50:00,VIC1,4806.15000,0.00000,3546.93669,0.00000,3308.02851
2026-09-06 00:55:00,NSW1,6797.06000,0.00000,1861.71073,0.00000,1861.71073
2026-09-06 00:55:00,QLD1,5465.44000,0.00000,728.31864,0.00000,728.31864
2026-09-06 00:55:00,SA1,1376.93000,0.00000,1190.42252,0.00000,1190.42252
2026-09-06 00:55:00,TAS1,912.48000,0.00000,151.32830,0.00000,151.32830
2026-09-06 00:55:00,VIC1,4753.37000,0.00000,3488.69801,0.00000,3275.10950
2026-09-06 01:00:00,NSW1,6713.18000,0.00000,1859.01854,0.00000,1859.01854
2026-09-06 01:00:00,QLD1,5429.69000,0.00000,764.16484,0.00000,764.16484
2026-09-06 01:00:00,SA1,1361.47000,0.00000,1187.14450,0.00000,1187.14450
2026-09-06 01:00:00,TAS1,906.68000,0.00000,161.02795,0.00000,161.02795
2026-09-06 01:00:00,VIC1,4750.94000,0.00000,3490.31173,0.00000,3268.46701
2026-09-06 01:05:00,NSW1,6705.76000,0.00000,1856.31661,0.00000,1856.31661
2026-09-06 01:05:00,QLD1,5447.55000,0.04000,740.21509,0.04000,740.21509
2026-09-06 01:05:00,SA1,1361.69000,0.00000,1250.14917,0.00000,1250.14917
2026-09-06 01:05:00,TAS1,907.09000,0.00000,149.20781,0.00000,149.20781
2026-09-06 01:05:00,VIC1,4787.86000,0.00000,3486.35473,0.00000,3251.29790
2026-09-06 01:10:00,NSW1,6679.47000,0.00000,1811.82238,0.00000,1811.82238
2026-09-06 01:10:00,QLD1,5430.72000,0.00000,722.22922,0.00000,722.22922
2026-09-06 01:10:00,SA1,1355.88000,0.00000,1250.48764,0.00000,1250.48764
2026-09-06 01:10:00,TAS1,906.11000,0.00000,144.46344,0.00000,144.46344
2026-09-06 01:10:00,VIC1,4733.59000,0.00000,3443.00378,0.00000,3206.10219
2026-09-06 01:15:00,NSW1,6640.74000,0.00000,1841.22212,0.00000,1841.22212
2026-09-06 01:15:00,QLD1,5404.22000,0.04000,704.02743,0.04000,704.02743
2026-09-06 01:15:00,SA1,1351.64000,0.00000,1226.55477,0.00000,1226.55477
2026-09-06 01:15:00,TAS1,905.79000,0.00000,153.14198,0.00000,153.14198
2026-09-06 01:15:00,VIC1,4670.69000,0.00000,3432.83066,0.00000,3188.33720
2026-09-06 01:20:00,NSW1,6617.22000,0.00000,1821.17896,0.00000,1821.17896
2026-09-06 01:20:00,QLD1,5403.09000,0.04000,696.63411,0.04000,696.63411
2026-09-06 01:20:00,SA1,1355.42000,0.00000,1188.39885,0.00000,1188.39885
2026-09-06 01:20:00,TAS1,905.00000,0.00000,148.61385,0.00000,148.61385
2026-09-06 01:20:00,VIC1,4708.12000,0.00000,3439.11638,0.00000,3176.31320
2026-09-06 01:25:00,NSW1,6625.57000,0.00000,1807.74885,0.00000,1807.74885
2026-09-06 01:25:00,QLD1,5365.94000,0.00000,676.77808,0.00000,676.77808
2026-09-06 01:25:00,SA1,1353.44000,0.00000,1163.45146,0.00000,1163.45146
2026-09-06 01:25:00,TAS1,897.93000,0.00000,148.32055,0.00000,148.32055
2026-09-06 01:25:00,VIC1,4678.38000,0.00000,3427.86972,0.00000,3155.68848
2026-09-06 01:30:00,NSW1,6561.35000,0.00000,1794.58735,0.00000,1794.58735
2026-09-06 01:30:00,QLD1,5390.92000,0.04000,679.86498,0.04000,679.86498
2026-09-06 01:30:00,SA1,1345.62000,0.00000,1189.42743,0.00000,1189.42743
2026-09-06 01:30:00,TAS1,913.37000,0.00000,133.68682,0.00000,133.68682
2026-09-06 01:30:00,VIC1,4647.44000,0.00000,3381.01011,0.00000,3108.98241
2026-09-06 01:35:00,NSW1,6530.72000,0.00000,1748.82671,0.00000,1748.82671
2026-09-06 01:35:00,QLD1,5418.18000,0.04000,720.09598,0.04000,720.09598
2026-09-06 01:35:00,SA1,1337.72000,0.00000,1181.42079,0.00000,1181.42079
2026-09-06 01:35:00,TAS1,911.77000,0.00000,133.05427,0.00000,133.05427
2026-09-06 01:35:00,VIC1,4664.20000,0.00000,3377.66258,0.00000,3140.12777
2026-09-06 01:40:00,NSW1,6561.11000,0.00000,1750.69970,0.00000,1750.69970
2026-09-06 01:40:00,QLD1,5404.07000,0.04000,745.90060,0.04000,745.90060
2026-09-06 01:40:00,SA1,1346.54000,0.00000,1166.50592,0.00000,1166.50592
2026-09-06 01:40:00,TAS1,910.23000,0.00000,122.06807,0.00000,122.06807
2026-09-06 01:40:00,VIC1,4552.84000,0.00000,3354.59174,0.00000,3129.92155
2026-09-06 01:45:00,NSW1,6477.58000,0.00000,1773.64593,0.00000,1773.64593
2026-09-06 01:45:00,QLD1,5387.55000,0.04000,797.97279,0.04000,797.97279
2026-09-06 01:45:00,SA1,1343.74000,0.00000,1135.40787,0.00000,1135.40787
2026-09-06 01:45:00,TAS1,908.38000,0.00000,118.63109,0.00000,118.63109
2026-09-06 01:45:00,VIC1,4514.50000,0.00000,3212.20784,0.00000,3035.53829
2026-09-06 01:50:00,NSW1,6473.24000,0.00000,1783.75908,0.00000,1783.75908
2026-09-06 01:50:00,QLD1,5332.63000,0.00000,816.35053,0.00000,816.35053
2026-09-06 01:50:00,SA1,1346.32000,0.00000,1119.19729,0.00000,1119.19729
2026-09-06 01:50:00,TAS1,909.76000,0.00000,114.89467,0.00000,114.89467
2026-09-06 01:50:00,VIC1,4440.70000,0.00000,3126.87478,0.00000,2967.30123
2026-09-06 01:55:00,NSW1,6365.08000,0.00000,1825.49638,0.00000,1825.49638
2026-09-06 01:55:00,QLD1,5396.17000,0.04000,841.47075,0.04000,841.47075
2026-09-06 01:55:00,SA1,1345.61000,0.00000,1085.55885,0.00000,1085.55885
2026-09-06 01:55:00,TAS1,913.10000,0.00000,110.06288,0.00000,110.06288
2026-09-06 01:55:00,VIC1,4540.77000,0.00000,3111.74662,0.00000,2974.64084
2026-09-06 02:00:00,NSW1,6352.35000,0.00000,1867.58016,0.00000,1867.58016
2026-09-06 02:00:00,QLD1,5347.57000,0.00000,847.31908,0.00000,847.31908
2026-09-06 02:00:00,SA1,1352.81000,0.00000,1088.49374,0.00000,1088.49374
2026-09-06 02:00:00,TAS1,916.95000,0.00000,115.35750,0.00000,115.35750
2026-09-06 02:00:00,VIC1,4498.14000,0.00000,3082.13585,0.00000,2947.48214
2026-09-06 02:05:00,NSW1,6320.05000,0.00000,1906.08344,0.00000,1906.08344
2026-09-06 02:05:00,QLD1,5300.56000,0.04000,936.65886,0.04000,936.65886
2026-09-06 02:05:00,SA1,1343.09000,0.00000,1074.54744,0.00000,1074.54744
2026-09-06 02:05:00,TAS1,922.42000,0.00000,128.16113,0.00000,128.16113
2026-09-06 02:05:00,VIC1,4403.41000,0.00000,3059.42968,0.00000,2938.07214
2026-09-06 02:10:00,NSW1,6270.84000,0.00000,1941.67661,0.00000,1941.67661
2026-09-06 02:10:00,QLD1,5379.78000,0.04000,1006.18678,0.04000,1006.18678
2026-09-06 02:10:00,SA1,1336.64000,0.00000,1054.45020,0.00000,1054.45020
2026-09-06 02:10:00,TAS1,916.97000,0.00000,130.12900,0.00000,130.12900
2026-09-06 02:10:00,VIC1,4453.79000,0.00000,3005.74737,0.00000,2916.38406
2026-09-06 02:15:00,NSW1,6242.17000,0.00000,1941.83454,0.00000,1941.83454
2026-09-06 02:15:00,QLD1,5302.24000,0.04000,1023.38007,0.04000,1023.38007
2026-09-06 02:15:00,SA1,1330.84000,0.00000,1004.20253,0.00000,1004.20253
2026-09-06 02:15:00,TAS1,911.47000,0.00000,130.02102,0.00000,130.02102
2026-09-06 02:15:00,VIC1,4446.95000,0.00000,2988.84196,0.00000,2936.49009
2026-09-06 02:20:00,NSW1,6248.99000,0.00000,1953.45373,0.00000,1953.45373
2026-09-06 02:20:00,QLD1,5326.09000,0.04000,1018.10498,0.04000,1018.10498
2026-09-06 02:20:00,SA1,1320.44000,0.00000,989.37171,0.00000,989.37171
2026-09-06 02:20:00,TAS1,909.20000,0.00000,152.10480,0.00000,152.10480
2026-09-06 02:20:00,VIC1,4446.70000,0.00000,2979.51259,0.00000,2913.88863
2026-09-06 02:25:00,NSW1,6216.80000,0.00000,1946.76434,0.00000,1946.76434
2026-09-06 02:25:00,QLD1,5347.09000,0.00000,1032.73543,0.00000,1032.73543
2026-09-06 02:25:00,SA1,1315.40000,0.00000,984.36689,0.00000,984.36689
2026-09-06 02:25:00,TAS1,891.23000,0.00000,150.15894,0.00000,150.15894
2026-09-06 02:25:00,VIC1,4415.89000,0.00000,2928.16622,0.00000,2863.10544
2026-09-06 02:30:00,NSW1,6283.56000,0.00000,1927.29505,0.00000,1927.29505
2026-09-06 02:30:00,QLD1,5250.12000,0.04000,1065.21560,0.04000,1065.21560
2026-09-06 02:30:00,SA1,1305.99000,0.00000,1002.87143,0.00000,1002.87143
2026-09-06 02:30:00,TAS1,895.47000,0.00000,148.07950,0.00000,148.07950
2026-09-06 02:30:00,VIC1,4326.99000,0.00000,2903.63824,0.00000,2857.48221
2026-09-06 02:35:00,NSW1,6219.01000,0.00000,1914.29312,0.00000,1914.29312
2026-09-06 02:35:00,QLD1,5236.38000,0.04000,1067.18197,0.04000,1067.18197
2026-09-06 02:35:00,SA1,1283.27000,0.00000,986.43305,0.00000,986.43305
2026-09-06 02:35:00,TAS1,898.97000,0.00000,148.91457,0.00000,148.91457
2026-09-06 02:35:00,VIC1,4298.04000,0.00000,2970.02659,0.00000,2920.91763
2026-09-06 02:40:00,NSW1,6206.49000,0.00000,1954.52166,0.00000,1954.52166
2026-09-06 02:40:00,QLD1,5233.16000,0.04000,1083.90212,0.04000,1083.90212
2026-09-06 02:40:00,SA1,1293.74000,0.00000,966.52950,0.00000,966.52950
2026-09-06 02:40:00,TAS1,893.01000,0.00000,146.96265,0.00000,146.96265
2026-09-06 02:40:00,VIC1,4323.86000,0.00000,3004.01335,0.00000,2971.37652
2026-09-06 02:45:00,NSW1,6112.24000,0.00000,1980.21159,0.00000,1980.21159
2026-09-06 02:45:00,QLD1,5236.87000,0.04000,1086.91428,0.04000,1086.91428
2026-09-06 02:45:00,SA1,1302.22000,0.00000,997.28711,0.00000,997.28711
2026-09-06 02:45:00,TAS1,889.71000,0.00000,153.15603,0.00000,153.15603
2026-09-06 02:45:00,VIC1,4354.76000,0.00000,3001.28407,0.00000,2980.25868
2026-09-06 02:50:00,NSW1,6210.85000,0.00000,1962.26229,0.00000,1962.26229
2026-09-06 02:50:00,QLD1,5209.23000,0.04000,1082.89125,0.04000,1082.89125
2026-09-06 02:50:00,SA1,1262.74000,0.00000,957.84406,0.00000,957.84406
2026-09-06 02:50:00,TAS1,901.46000,0.00000,130.62158,0.00000,130.62158
2026-09-06 02:50:00,VIC1,4336.17000,0.00000,2966.99672,0.00000,2950.21978
2026-09-06 02:55:00,NSW1,6223.92000,0.00000,1965.00214,0.00000,1965.00214
2026-09-06 02:55:00,QLD1,5254.64000,0.04000,1118.41994,0.04000,1118.41994
2026-09-06 02:55:00,SA1,1274.00000,0.00000,921.73215,0.00000,921.73215
2026-09-06 02:55:00,TAS1,904.94000,0.00000,119.72169,0.00000,119.72169
2026-09-06 02:55:00,VIC1,4340.44000,0.00000,2954.98274,0.00000,2943.25135
2026-09-06 03:00:00,NSW1,6201.36000,0.00000,2005.74234,0.00000,2005.74234
2026-09-06 03:00:00,QLD1,5186.91000,0.00000,1151.45443,0.00000,1151.45443
2026-09-06 03:00:00,SA1,1291.91000,0.00000,921.15636,0.00000,921.15636
2026-09-06 03:00:00,TAS1,905.77000,0.00000,117.55995,0.00000,117.55995
2026-09-06 03:00:00,VIC1,4298.12000,0.00000,2931.16994,0.00000,2913.57303
2026-09-06 03:05:00,NSW1,6157.79000,0.00000,1994.87036,0.00000,1994.87036
2026-09-06 03:05:00,QLD1,5228.20000,0.04000,1199.27229,0.04000,1199.27229
2026-09-06 03:05:00,SA1,1282.24000,0.00000,893.99245,0.00000,893.99245
2026-09-06 03:05:00,TAS1,907.23000,0.00000,108.86574,0.00000,108.86574
2026-09-06 03:05:00,VIC1,4338.73000,0.00000,2905.04040,0.00000,2887.74171
2026-09-06 03:10:00,NSW1,6170.00000,0.00000,1987.80561,0.00000,1987.80561
2026-09-06 03:10:00,QLD1,5170.16000,0.00000,1181.62688,0.00000,1181.62688
2026-09-06 03:10:00,SA1,1273.29000,0.00000,886.27609,0.00000,886.27609
2026-09-06 03:10:00,TAS1,896.70000,0.00000,116.07117,0.00000,116.07117
2026-09-06 03:10:00,VIC1,4209.57000,0.00000,2865.97631,0.00000,2847.20359
2026-09-06 03:15:00,NSW1,6115.29000,0.00000,1990.56358,0.00000,1990.56358
2026-09-06 03:15:00,QLD1,5199.92000,0.04000,1147.28092,0.04000,1147.28092
2026-09-06 03:15:00,SA1,1257.52000,0.00000,863.03771,0.00000,863.03771
2026-09-06 03:15:00,TAS1,895.79000,0.00000,119.28451,0.00000,119.28451
2026-09-06 03:15:00,VIC1,4208.40000,0.00000,2755.92813,0.00000,2728.11541
2026-09-06 03:20:00,NSW1,6172.16000,0.00000,1964.00175,0.00000,1964.00175
2026-09-06 03:20:00,QLD1,5221.52000,0.04000,1124.52523,0.04000,1124.52523
2026-09-06 03:20:00,SA1,1254.05000,0.00000,850.62435,0.00000,850.62435
2026-09-06 03:20:00,TAS1,897.63000,0.00000,122.45640,0.00000,122.45640
2026-09-06 03:20:00,VIC1,4222.02000,0.00000,2644.82546,0.00000,2620.96160
2026-09-06 03:25:00,NSW1,6139.29000,0.00000,1952.19630,0.00000,1952.19630
2026-09-06 03:25:00,QLD1,5258.56000,0.04000,1111.01484,0.04000,1111.01484
2026-09-06 03:25:00,SA1,1253.12000,0.00000,846.59376,0.00000,846.59376
2026-09-06 03:25:00,TAS1,904.26000,0.00000,123.41991,0.00000,123.41991
2026-09-06 03:25:00,VIC1,4264.30000,0.00000,2545.09441,0.00000,2522.65334
2026-09-06 03:30:00,NSW1,6060.31000,0.00000,1937.03256,0.00000,1937.03256
2026-09-06 03:30:00,QLD1,5213.53000,0.00000,1109.94293,0.00000,1109.94293
2026-09-06 03:30:00,SA1,1223.67000,0.00000,796.29333,0.00000,796.29333
2026-09-06 03:30:00,TAS1,907.05000,0.00000,115.70240,0.00000,115.70240
2026-09-06 03:30:00,VIC1,4312.03000,0.00000,2516.95730,0.00000,2500.52960
2026-09-06 03:35:00,NSW1,6103.57000,0.00000,1903.57971,0.00000,1903.57971
2026-09-06 03:35:00,QLD1,5187.68000,0.04000,1088.10672,0.04000,1088.10672
2026-09-06 03:35:00,SA1,1201.74000,0.00000,737.30973,0.00000,737.30973
2026-09-06 03:35:00,TAS1,905.68000,0.00000,106.13902,0.00000,106.13902
2026-09-06 03:35:00,VIC1,4293.88000,0.00000,2428.78142,0.00000,2410.40695
2026-09-06 03:40:00,NSW1,6067.22000,0.00000,1881.81121,0.00000,1881.81121
2026-09-06 03:40:00,QLD1,5208.64000,0.04000,1094.07446,0.04000,1094.07446
2026-09-06 03:40:00,SA1,1210.17000,0.00000,728.76116,0.00000,728.76116
2026-09-06 03:40:00,TAS1,918.23000,0.00000,80.64865,0.00000,80.64865
2026-09-06 03:40:00,VIC1,4306.32000,0.00000,2315.96356,0.00000,2299.40377
2026-09-06 03:45:00,NSW1,6011.56000,0.00000,1841.79425,0.00000,1841.79425
2026-09-06 03:45:00,QLD1,5190.44000,0.04000,1067.24712,0.04000,1067.24712
2026-09-06 03:45:00,SA1,1204.10000,0.00000,701.38452,0.00000,701.38452
2026-09-06 03:45:00,TAS1,919.33000,0.00000,80.48423,0.00000,80.48423
2026-09-06 03:45:00,VIC1,4306.16000,0.00000,2269.18871,0.00000,2256.21418
2026-09-06 03:50:00,NSW1,6079.66000,0.00000,1847.50709,0.00000,1847.50709
2026-09-06 03:50:00,QLD1,5167.61000,0.04000,1041.76273,0.04000,1041.76273
2026-09-06 03:50:00,SA1,1199.60000,0.00000,701.08747,0.00000,701.08747
2026-09-06 03:50:00,TAS1,924.95000,0.00000,83.95984,0.00000,83.95984
2026-09-06 03:50:00,VIC1,4290.29000,0.00000,2311.83211,0.00000,2304.54156
2026-09-06 03:55:00,NSW1,6016.70000,0.00000,1840.02602,0.00000,1840.02602
2026-09-06 03:55:00,QLD1,5180.05000,0.04000,1008.90286,0.04000,1008.90286
2026-09-06 03:55:00,SA1,1183.09000,0.00000,696.69296,0.00000,696.69296
2026-09-06 03:55:00,TAS1,928.48000,0.00000,78.27288,0.00000,78.27288
2026-09-06 03:55:00,VIC1,4187.21000,0.00000,2275.47411,0.00000,2265.12788
2026-09-06 04:00:00,NSW1,5940.10000,0.00000,1813.45135,0.00000,1813.45135
2026-09-06 04:00:00,QLD1,5229.51000,0.04000,959.81515,0.04000,959.81515
2026-09-06 04:00:00,SA1,1182.93000,0.00000,679.92119,0.00000,679.92119
2026-09-06 04:00:00,TAS1,926.46000,0.00000,79.60793,0.00000,79.60793
2026-09-06 04:00:00,VIC1,4189.30000,0.00000,2201.57031,0.00000,2190.70932
2026-09-06 04:05:00,NSW1,6058.19000,0.00000,1796.50710,0.00000,1796.50710
2026-09-06 04:05:00,QLD1,5183.96000,0.04000,958.00852,0.04000,958.00852
2026-09-06 04:05:00,SA1,1186.07000,0.00000,712.41866,0.00000,712.41866
2026-09-06 04:05:00,TAS1,927.27000,0.00000,75.14144,0.00000,75.14144
2026-09-06 04:05:00,VIC1,4260.86000,0.00000,2203.13427,0.00000,2187.98862
2026-09-06 04:10:00,NSW1,6014.24000,0.00000,1728.05161,0.00000,1728.05161
2026-09-06 04:10:00,QLD1,5245.35000,0.04000,916.25330,0.04000,916.25330
2026-09-06 04:10:00,SA1,1154.62000,0.00000,717.05393,0.00000,717.05393
2026-09-06 04:10:00,TAS1,933.87000,0.00000,58.39868,0.00000,58.39868
2026-09-06 04:10:00,VIC1,4293.60000,0.00000,2184.65620,0.00000,2172.24866
2026-09-06 04:15:00,NSW1,5922.61000,0.00000,1723.29011,0.00000,1723.29011
2026-09-06 04:15:00,QLD1,5241.21000,0.04000,873.70155,0.04000,873.70155
2026-09-06 04:15:00,SA1,1155.16000,0.00000,701.81247,0.00000,701.81247
2026-09-06 04:15:00,TAS1,940.23000,0.00000,48.43647,0.00000,48.43647
2026-09-06 04:15:00,VIC1,4288.37000,0.00000,2065.76337,0.00000,2050.49698
2026-09-06 04:20:00,NSW1,5941.10000,0.00000,1696.92951,0.00000,1696.92951
2026-09-06 04:20:00,QLD1,5161.52000,0.04000,821.23456,0.04000,821.23456
2026-09-06 04:20:00,SA1,1146.18000,0.00000,658.80200,0.00000,658.80200
2026-09-06 04:20:00,TAS1,950.71000,0.00000,56.73234,0.00000,56.73234
2026-09-06 04:20:00,VIC1,4305.84000,0.00000,1994.96138,0.00000,1980.16705
2026-09-06 04:25:00,NSW1,5958.92000,0.00000,1701.38820,0.00000,1701.38820
2026-09-06 04:25:00,QLD1,5209.28000,0.04000,780.28665,0.04000,780.28665
2026-09-06 04:25:00,SA1,1161.78000,0.00000,615.13136,0.00000,615.13136
2026-09-06 04:25:00,TAS1,949.12000,0.00000,55.74831,0.00000,55.74831
2026-09-06 04:25:00,VIC1,4346.10000,0.00000,1926.58513,0.00000,1909.80819
2026-09-06 04:30:00,NSW1,6001.02000,0.00000,1716.79028,0.00000,1716.79028
2026-09-06 04:30:00,QLD1,5197.87000,0.04000,762.51852,0.04000,762.51852
2026-09-06 04:30:00,SA1,1140.71000,0.00000,600.21525,0.00000,600.21525
2026-09-06 04:30:00,TAS1,941.87000,0.00000,45.72275,0.00000,45.72275
2026-09-06 04:30:00,VIC1,4306.19000,0.00000,1882.71239,0.00000,1868.81918
2026-09-06 04:35:00,NSW1,5913.49000,0.00000,1695.57322,0.00000,1695.57322
2026-09-06 04:35:00,QLD1,5288.92000,0.04000,716.63601,0.04000,716.63601
2026-09-06 04:35:00,SA1,1136.60000,0.00000,568.59108,0.00000,568.59108
2026-09-06 04:35:00,TAS1,939.80000,0.00000,41.43617,0.00000,41.43617
2026-09-06 04:35:00,VIC1,4238.40000,0.00000,1788.27701,0.00000,1767.53168
2026-09-06 04:40:00,NSW1,5963.87000,0.00000,1700.91876,0.00000,1700.91876
2026-09-06 04:40:00,QLD1,5239.91000,0.04000,680.25912,0.04000,680.25912
2026-09-06 04:40:00,SA1,1147.08000,0.00000,527.66119,0.00000,527.66119
2026-09-06 04:40:00,TAS1,939.98000,0.00000,34.91615,0.00000,34.91615
2026-09-06 04:40:00,VIC1,4262.54000,0.00000,1730.56075,0.00000,1713.49700
2026-09-06 04:45:00,NSW1,5998.09000,0.00000,1676.69289,0.00000,1676.69289
2026-09-06 04:45:00,QLD1,5228.38000,0.04000,692.10432,0.04000,692.10432
2026-09-06 04:45:00,SA1,1130.46000,0.00000,489.64695,0.00000,489.64695
2026-09-06 04:45:00,TAS1,939.02000,0.00000,30.70779,0.00000,30.70779
2026-09-06 04:45:00,VIC1,4297.60000,0.00000,1683.62719,0.00000,1664.19301
2026-09-06 04:50:00,NSW1,5944.37000,0.00000,1666.50818,0.00000,1666.50818
2026-09-06 04:50:00,QLD1,5287.64000,0.04000,671.45792,0.04000,671.45792
2026-09-06 04:50:00,SA1,1143.44000,0.00000,431.72104,0.00000,431.72104
2026-09-06 04:50:00,TAS1,942.59000,0.00000,26.31488,0.00000,26.31488
2026-09-06 04:50:00,VIC1,4287.67000,0.00000,1726.76241,0.00000,1707.56887
2026-09-06 04:55:00,NSW1,5937.11000,0.00000,1635.74063,0.00000,1635.74063
2026-09-06 04:55:00,QLD1,5251.38000,0.04000,632.73623,0.04000,632.73623
2026-09-06 04:55:00,SA1,1145.55000,0.00000,421.36697,0.00000,421.36697
2026-09-06 04:55:00,TAS1,939.97000,0.00000,20.24373,0.00000,20.24373
2026-09-06 04:55:00,VIC1,4303.84000,0.00000,1771.99383,0.00000,1755.27517
2026-09-06 05:00:00,NSW1,5978.42000,0.00000,1608.99387,0.00000,1608.99387
2026-09-06 05:00:00,QLD1,5265.10000,0.04000,625.54512,0.04000,625.54512
2026-09-06 05:00:00,SA1,1156.23000,0.00000,384.48944,0.00000,384.48944
2026-09-06 05:00:00,TAS1,940.34000,0.00000,20.33688,0.00000,20.33688
2026-09-06 05:00:00,VIC1,4310.58000,0.00000,1803.16293,0.00000,1787.19392
2026-09-06 05:05:00,NSW1,6018.81000,0.00000,1595.70068,0.00000,1595.70068
2026-09-06 05:05:00,QLD1,5283.48000,0.04000,625.28928,0.04000,625.28928
2026-09-06 05:05:00,SA1,1138.10000,0.00000,372.11460,0.00000,372.11460
2026-09-06 05:05:00,TAS1,938.09000,0.00000,16.73017,0.00000,16.73017
2026-09-06 05:05:00,VIC1,4336.88000,0.00000,1755.75469,0.00000,1746.43758
2026-09-06 05:10:00,NSW1,5973.02000,0.00000,1551.46386,0.00000,1551.46386
2026-09-06 05:10:00,QLD1,5336.27000,0.04000,606.95718,0.04000,606.95718
2026-09-06 05:10:00,SA1,1133.03000,0.00000,360.34648,0.00000,360.34648
2026-09-06 05:10:00,TAS1,932.41000,0.00000,14.85124,0.00000,14.85124
2026-09-06 05:10:00,VIC1,4336.08000,0.00000,1795.56099,0.00000,1782.80135
2026-09-06 05:15:00,NSW1,5982.66000,0.00500,1538.94379,0.00500,1538.94379
2026-09-06 05:15:00,QLD1,5324.33000,0.00000,595.38085,0.00000,595.38085
2026-09-06 05:15:00,SA1,1137.12000,0.00000,345.59678,0.00000,345.59678
2026-09-06 05:15:00,TAS1,940.33000,0.00000,10.56372,0.00000,10.56372
2026-09-06 05:15:00,VIC1,4274.32000,0.00000,1758.52924,0.00000,1746.70451
2026-09-06 05:20:00,NSW1,6083.83000,0.00000,1551.28899,0.00000,1551.28899
2026-09-06 05:20:00,QLD1,5324.22000,0.04000,606.09902,0.04000,606.09902
2026-09-06 05:20:00,SA1,1109.61000,0.00000,318.85158,0.00000,318.85158
2026-09-06 05:20:00,TAS1,938.66000,0.00000,9.59126,0.00000,9.59126
2026-09-06 05:20:00,VIC1,4322.05000,0.00000,1700.32863,0.00000,1688.16291
2026-09-06 05:25:00,NSW1,6092.07000,0.00000,1538.08735,0.00000,1538.08735
2026-09-06 05:25:00,QLD1,5337.50000,0.04000,614.08519,0.04000,614.08519
2026-09-06 05:25:00,SA1,1103.00000,0.00000,337.96072,0.00000,337.96072
2026-09-06 05:25:00,TAS1,942.44000,0.00000,9.50842,0.00000,9.50842
2026-09-06 05:25:00,VIC1,4434.70000,0.00000,1749.44766,0.00000,1732.23908
2026-09-06 05:30:00,NSW1,6031.48000,0.00000,1554.69793,0.00000,1554.69793
2026-09-06 05:30:00,QLD1,5366.39000,0.04000,629.08037,0.04000,629.08037
2026-09-06 05:30:00,SA1,1131.14000,0.00000,330.34586,0.00000,330.34586
2026-09-06 05:30:00,TAS1,943.31000,0.00000,9.32363,0.00000,9.32363
2026-09-06 05:30:00,VIC1,4434.59000,0.00000,1699.79446,0.00000,1685.71275
2026-09-06 05:35:00,NSW1,5991.38000,0.00000,1511.61376,0.00000,1511.61376
2026-09-06 05:35:00,QLD1,5397.40000,0.04000,615.45417,0.04000,615.45417
2026-09-06 05:35:00,SA1,1114.84000,0.00000,318.52282,0.00000,318.52282
2026-09-06 05:35:00,TAS1,951.66000,0.00000,13.08244,0.00000,13.08244
2026-09-06 05:35:00,VIC1,4421.07000,0.00000,1652.40214,0.00000,1632.59582
2026-09-06 05:40:00,NSW1,6122.53000,0.00000,1479.32451,0.00000,1479.32451
2026-09-06 05:40:00,QLD1,5415.28000,0.04000,594.78345,0.04000,594.78345
2026-09-06 05:40:00,SA1,1101.31000,0.00000,313.16187,0.00000,313.16187
2026-09-06 05:40:00,TAS1,948.86000,0.00000,18.26961,0.00000,18.26961
2026-09-06 05:40:00,VIC1,4505.85000,0.00000,1613.67741,0.00000,1601.82503
2026-09-06 05:45:00,NSW1,6137.77000,0.00000,1444.24252,0.00000,1444.24252
2026-09-06 05:45:00,QLD1,5363.32000,0.04000,613.43557,0.04000,613.43557
2026-09-06 05:45:00,SA1,1104.36000,0.00000,296.76219,0.00000,296.76219
2026-09-06 05:45:00,TAS1,952.30000,0.00000,17.41190,0.00000,17.41190
2026-09-06 05:45:00,VIC1,4561.21000,0.00000,1677.92867,0.00000,1663.77118
2026-09-06 05:50:00,NSW1,6079.69000,0.00000,1388.84977,0.00000,1388.84977
2026-09-06 05:50:00,QLD1,5353.64000,0.04000,624.34983,0.04000,624.34983
2026-09-06 05:50:00,SA1,1098.43000,0.00000,285.91738,0.00000,285.91738
2026-09-06 05:50:00,TAS1,952.20000,0.00000,15.02041,0.00000,15.02041
2026-09-06 05:50:00,VIC1,4589.88000,0.00000,1638.27099,0.00000,1628.92180
2026-09-06 05:55:00,NSW1,6053.36000,0.00000,1317.64494,0.00000,1317.64494
2026-09-06 05:55:00,QLD1,5412.45000,0.04000,608.23911,0.04000,608.23911
2026-09-06 05:55:00,SA1,1113.50000,0.00000,277.02025,0.00000,277.02025
2026-09-06 05:55:00,TAS1,956.70000,0.00000,14.35649,0.00000,14.35649
2026-09-06 05:55:00,VIC1,4524.67000,0.00000,1563.08335,0.00000,1554.04349
2026-09-06 06:00:00,NSW1,6135.45000,0.00000,1238.28389,0.00000,1238.28389
2026-09-06 06:00:00,QLD1,5353.40000,0.04000,616.58369,0.04000,616.58369
2026-09-06 06:00:00,SA1,1128.85000,0.00000,270.96435,0.00000,270.96435
2026-09-06 06:00:00,TAS1,966.68000,0.00000,11.19055,0.00000,11.19055
2026-09-06 06:00:00,VIC1,4549.86000,0.00000,1501.99748,0.00000,1494.06470
2026-09-06 06:05:00,NSW1,6158.55000,0.00000,1238.64645,0.00000,1238.64645
2026-09-06 06:05:00,QLD1,5370.13000,0.08100,612.24103,0.08100,612.24103
2026-09-06 06:05:00,SA1,1100.26000,0.00000,237.66403,0.00000,237.66403
2026-09-06 06:05:00,TAS1,970.32000,0.00000,12.21732,0.00000,12.21732
2026-09-06 06:05:00,VIC1,4551.26000,0.00000,1519.14660,0.00000,1513.43302
2026-09-06 06:10:00,NSW1,6291.77000,0.95500,1284.43255,0.95500,1284.43255
2026-09-06 06:10:00,QLD1,5394.10000,0.70200,605.15451,0.70200,605.15451
2026-09-06 06:10:00,SA1,1106.99000,0.00000,220.36550,0.00000,220.36550
2026-09-06 06:10:00,TAS1,980.05000,0.00000,9.73692,0.00000,9.73692
2026-09-06 06:10:00,VIC1,4650.45000,0.00000,1507.56291,0.00000,1502.12891
2026-09-06 06:15:00,NSW1,6267.36000,6.29400,1304.37862,6.29400,1304.37862
2026-09-06 06:15:00,QLD1,5324.23000,2.75736,598.82589,2.75736,598.82589
2026-09-06 06:15:00,SA1,1107.93000,0.00000,202.59750,0.00000,202.59750
2026-09-06 06:15:00,TAS1,994.74000,0.00000,8.33201,0.00000,8.33201
2026-09-06 06:15:00,VIC1,4698.02000,0.00000,1501.67947,0.00000,1495.40681
2026-09-06 06:20:00,NSW1,6331.38000,30.00884,1325.93923,30.00884,1325.93923
2026-09-06 06:20:00,QLD1,5321.47000,6.72682,613.67517,6.72682,613.67517
2026-09-06 06:20:00,SA1,1108.42000,0.00000,183.96652,0.00000,183.96652
2026-09-06 06:20:00,TAS1,994.22000,0.00000,9.31647,0.00000,9.31647
2026-09-06 06:20:00,VIC1,4712.32000,0.00000,1503.75603,0.00000,1501.28493
2026-09-06 06:25:00,NSW1,6313.14000,41.53266,1334.35081,41.53266,1334.35081
2026-09-06 06:25:00,QLD1,5287.11000,31.54156,624.80407,31.54156,624.80407
2026-09-06 06:25:00,SA1,1157.90000,0.00000,159.57953,0.00000,159.57953
2026-09-06 06:25:00,TAS1,995.57000,0.00000,8.64642,0.00000,8.64642
2026-09-06 06:25:00,VIC1,4748.38000,0.00000,1476.83726,0.00000,1471.04676
2026-09-06 06:30:00,NSW1,6263.18000,72.44091,1373.91950,72.44091,1373.91950
2026-09-06 06:30:00,QLD1,5264.92000,52.28176,610.00992,52.28176,610.00992
2026-09-06 06:30:00,SA1,1131.56000,0.00000,147.78513,0.00000,147.78513
2026-09-06 06:30:00,TAS1,996.25000,0.00000,7.93298,0.00000,7.93298
2026-09-06 06:30:00,VIC1,4735.80000,0.00000,1428.07990,0.00000,1424.08943
2026-09-06 06:35:00,NSW1,6249.27000,142.26047,1353.13144,142.26047,1353.13144
2026-09-06 06:35:00,QLD1,5239.78000,106.23477,595.15504,106.23477,595.15504
2026-09-06 06:35:00,SA1,1136.58000,0.00000,148.08406,0.00000,148.08406
2026-09-06 06:35:00,TAS1,995.23000,0.00000,8.79398,0.00000,8.79398
2026-09-06 06:35:00,VIC1,4742.51000,0.53800,1394.17628,0.53800,1390.42803
2026-09-06 06:40:00,NSW1,6321.87000,211.18280,1297.87877,211.18280,1297.87877
2026-09-06 06:40:00,QLD1,5235.45000,189.27961,573.90735,189.27961,573.90735
2026-09-06 06:40:00,SA1,1099.86000,0.00000,135.47305,0.00000,135.47305
2026-09-06 06:40:00,TAS1,1001.09000,0.00000,9.92900,0.00000,9.92900
2026-09-06 06:40:00,VIC1,4684.56000,2.46963,1332.47988,2.46963,1328.45590
2026-09-06 06:45:00,NSW1,6321.69000,270.73618,1303.97716,270.73618,1303.97716
2026-09-06 06:45:00,QLD1,5277.39000,283.04435,571.08988,283.04435,571.08988
2026-09-06 06:45:00,SA1,1131.76000,0.00000,134.32542,0.00000,134.32542
2026-09-06 06:45:00,TAS1,1011.64000,0.00000,10.56466,0.00000,10.56466
2026-09-06 06:45:00,VIC1,4726.27000,5.89725,1319.50875,5.89725,1312.10697
2026-09-06 06:50:00,NSW1,6254.59000,333.23345,1261.29171,333.23345,1261.29171
2026-09-06 06:50:00,QLD1,5213.46000,372.69702,575.98224,372.69702,575.98224
2026-09-06 06:50:00,SA1,1137.60000,0.00000,122.77233,0.00000,122.77233
2026-09-06 06:50:00,TAS1,1012.97000,0.00000,8.71220,0.00000,8.71220
2026-09-06 06:50:00,VIC1,4774.68000,20.05295,1250.60391,20.05295,1250.60391
2026-09-06 06:55:00,NSW1,6217.21000,397.21228,1271.23124,397.21228,1271.23124
2026-09-06 06:55:00,QLD1,5170.96000,496.76252,571.96143,496.76252,571.96143
2026-09-06 06:55:00,SA1,1101.27000,0.00000,111.20492,0.00000,111.20492
2026-09-06 06:55:00,TAS1,1021.46000,0.00000,7.98790,0.00000,7.98790
2026-09-06 06:55:00,VIC1,4873.83000,25.03427,1222.77279,25.03427,1222.77279
2026-09-06 07:00:00,NSW1,6199.30000,504.46441,1269.63379,504.46441,1269.63379
2026-09-06 07:00:00,QLD1,5148.25000,583.77167,568.27347,583.77167,568.27347
2026-09-06 07:00:00,SA1,1121.86000,0.00000,107.91287,0.00000,107.91287
2026-09-06 07:00:00,TAS1,1026.14000,0.00000,8.40022,0.00000,8.40022
2026-09-06 07:00:00,VIC1,4907.94000,44.83074,1139.71265,44.83074,1139.71265
2026-09-06 07:05:00,NSW1,6093.96000,645.66582,1251.69307,645.66582,1251.69307
2026-09-06 07:05:00,QLD1,5104.73000,679.53988,564.89409,679.53988,564.89409
2026-09-06 07:05:00,SA1,1139.64000,0.42700,101.22777,0.42700,101.22777
2026-09-06 07:05:00,TAS1,1026.34000,0.00000,9.18415,0.00000,9.18415
2026-09-06 07:05:00,VIC1,4920.24000,73.40902,1136.29513,73.22502,1136.29513
2026-09-06 07:10:00,NSW1,6090.65000,799.77318,1240.66904,799.77318,1240.66904
2026-09-06 07:10:00,QLD1,5143.50000,818.91745,556.01612,818.91745,556.01612
2026-09-06 07:10:00,SA1,1106.53000,1.51064,102.04367,1.51064,102.04367
2026-09-06 07:10:00,TAS1,1035.32000,0.00000,8.76665,0.00000,8.76665
2026-09-06 07:10:00,VIC1,4932.72000,96.52691,1095.27436,96.52691,1095.27436
2026-09-06 07:15:00,NSW1,5946.60000,834.90121,1193.27451,834.90121,1193.27451
2026-09-06 07:15:00,QLD1,5119.73000,1130.86251,530.77673,1130.86251,530.77673
2026-09-06 07:15:00,SA1,1088.98000,3.56936,92.58992,3.56936,92.58992
2026-09-06 07:15:00,TAS1,1033.55000,0.00000,6.26007,0.00000,6.26007
2026-09-06 07:15:00,VIC1,4994.99000,128.84622,1077.81302,128.60122,1077.81302
2026-09-06 07:20:00,NSW1,6004.61000,929.31130,1180.33203,929.31130,1180.33203
2026-09-06 07:20:00,QLD1,5016.33000,1393.20394,493.04028,1393.20394,493.04028
2026-09-06 07:20:00,SA1,1073.25000,9.11045,93.42151,9.11045,93.42151
2026-09-06 07:20:00,TAS1,1042.84000,0.00000,5.57998,0.00000,5.57998
2026-09-06 07:20:00,VIC1,4994.78000,190.51109,1083.05185,190.51109,1083.05185
2026-09-06 07:25:00,NSW1,5986.41000,1075.88674,1125.13031,1075.88674,1125.13031
2026-09-06 07:25:00,QLD1,4973.18000,1522.65452,487.68724,1522.65452,487.68724
2026-09-06 07:25:00,SA1,1077.92000,16.72846,91.76897,16.72846,91.76897
2026-09-06 07:25:00,TAS1,1035.53000,0.00000,7.41191,0.00000,7.41191
2026-09-06 07:25:00,VIC1,4940.26000,262.33412,1020.94655,262.33412,1020.94655
2026-09-06 07:30:00,NSW1,5986.97000,1182.84955,1142.81427,1178.24428,1142.81427
2026-09-06 07:30:00,QLD1,4878.52000,1772.90275,478.83754,1772.90275,424.31832
2026-09-06 07:30:00,SA1,1084.03000,22.17864,81.03550,22.17864,81.03550
2026-09-06 07:30:00,TAS1,1042.20000,0.00000,5.78053,0.00000,5.78053
2026-09-06 07:30:00,VIC1,4942.50000,336.37071,928.59874,334.26171,928.59874
2026-09-06 07:35:00,NSW1,5926.35000,1265.60612,1196.88725,1252.17680,1196.88725
2026-09-06 07:35:00,QLD1,4830.62000,1763.45039,450.95770,1763.45039,450.95770
2026-09-06 07:35:00,SA1,1048.16000,35.26737,78.56788,35.26737,78.56788
2026-09-06 07:35:00,TAS1,1037.07000,0.00000,5.16418,0.00000,5.16418
2026-09-06 07:35:00,VIC1,4969.53000,389.31101,919.58304,389.31101,919.58304
2026-09-06 07:40:00,NSW1,5861.59000,1319.79677,1181.51453,1297.76046,1181.51453
2026-09-06 07:40:00,QLD1,4737.36000,1878.73362,427.90831,1878.73362,427.90831
2026-09-06 07:40:00,SA1,1043.36000,47.71891,72.81082,47.71891,72.81082
2026-09-06 07:40:00,TAS1,1034.79000,0.00000,4.66533,0.00000,4.66533
2026-09-06 07:40:00,VIC1,5068.19000,485.73191,847.90651,485.73191,847.90651
2026-09-06 07:45:00,NSW1,5751.77000,1411.86713,1166.70140,1385.19771,1166.70140
2026-09-06 07:45:00,QLD1,4767.03000,2103.22903,370.27150,2103.22903,341.37656
2026-09-06 07:45:00,SA1,1031.06000,59.68927,64.94982,59.68927,64.94982
2026-09-06 07:45:00,TAS1,1041.89000,0.00000,4.04228,0.00000,4.04228
2026-09-06 07:45:00,VIC1,5045.28000,563.77297,817.31787,562.38797,817.31787
2026-09-06 07:50:00,NSW1,5681.01000,1439.31004,1196.90243,1410.08450,1196.90243
2026-09-06 07:50:00,QLD1,4625.41000,2284.59020,319.08110,2264.86234,258.18090
2026-09-06 07:50:00,SA1,1011.39000,80.11418,63.50625,80.11418,63.50625
2026-09-06 07:50:00,TAS1,1040.80000,0.00000,3.98973,0.00000,3.98973
2026-09-06 07:50:00,VIC1,5043.50000,541.80176,829.06522,541.80176,829.06522
2026-09-06 07:55:00,NSW1,5701.82000,1533.40185,1153.47147,1500.34901,1153.47147
2026-09-06 07:55:00,QLD1,4600.92000,2222.10347,288.99224,2174.37181,241.86274
2026-09-06 07:55:00,SA1,1014.61000,100.33327,72.50807,100.33327,72.50807
2026-09-06 07:55:00,TAS1,1041.26000,0.00000,4.41934,0.00000,4.41934
2026-09-06 07:55:00,VIC1,5027.58000,602.85925,786.68604,602.85925,786.68604
2026-09-06 08:00:00,NSW1,5610.92000,1596.50223,1053.89868,1558.68075,1053.89868
2026-09-06 08:00:00,QLD1,4638.89000,2419.97104,272.60248,2328.38385,226.94718
2026-09-06 08:00:00,SA1,1015.60000,108.99582,87.07874,108.99582,87.07874
2026-09-06 08:00:00,TAS1,1039.51000,0.00000,5.45001,0.00000,5.45001
2026-09-06 08:00:00,VIC1,5044.06000,673.01383,779.43715,671.59738,779.43715
2026-09-06 08:05:00,NSW1,5592.79000,1709.17150,1043.09748,1670.09895,1043.09748
2026-09-06 08:05:00,QLD1,4644.95000,2406.98406,258.34242,2363.93796,204.92712
2026-09-06 08:05:00,SA1,1006.19000,130.19064,102.89014,130.19064,102.89014
2026-09-06 08:05:00,TAS1,1042.03000,0.00000,3.40040,0.00000,3.40040
2026-09-06 08:05:00,VIC1,5035.28000,796.73213,767.20433,793.27670,767.20433
2026-09-06 08:10:00,NSW1,5552.67000,1787.66873,1054.55382,1746.68968,1054.55382
2026-09-06 08:10:00,QLD1,4594.93000,2535.72849,244.22986,2377.01169,190.20686
2026-09-06 08:10:00,SA1,1007.12000,143.53683,124.10832,143.53683,124.10832
2026-09-06 08:10:00,TAS1,1045.26000,0.00000,3.85570,0.00000,3.85570
2026-09-06 08:10:00,VIC1,5019.15000,822.79405,774.49331,819.60008,774.49331
2026-09-06 08:15:00,NSW1,5473.65000,1892.36654,1055.84021,1850.92108,1055.84021
2026-09-06 08:15:00,QLD1,4568.48000,2630.66095,213.64380,2388.10706,167.98850
2026-09-06 08:15:00,SA1,1011.64000,165.86273,131.60067,165.86273,131.60067
2026-09-06 08:15:00,TAS1,1054.32000,0.00000,3.33474,0.00000,3.33474
2026-09-06 08:15:00,VIC1,4979.98000,771.67288,754.83188,766.06898,754.83188
2026-09-06 08:20:00,NSW1,5421.86000,2038.92885,1096.50280,1996.36401,1096.50280
2026-09-06 08:20:00,QLD1,4425.22000,2704.43035,202.39830,2268.77216,156.74300
2026-09-06 08:20:00,SA1,1025.87000,185.16272,120.07259,185.16272,120.07259
2026-09-06 08:20:00,TAS1,1056.26000,0.00000,0.46702,0.00000,0.46702
2026-09-06 08:20:00,VIC1,4972.71000,767.15077,778.81152,759.54701,778.81152
2026-09-06 08:25:00,NSW1,5377.79000,2099.11244,1131.13287,2055.02827,1131.13287
2026-09-06 08:25:00,QLD1,4382.87000,2793.46266,201.52819,2281.79499,146.93600
2026-09-06 08:25:00,SA1,989.94000,194.93109,119.41678,194.93109,119.41678
2026-09-06 08:25:00,TAS1,1051.96000,0.00000,0.00000,0.00000,0.00000
2026-09-06 08:25:00,VIC1,4919.89000,851.92496,762.07698,841.21218,762.07698
2026-09-06 08:30:00,NSW1,5242.52000,2207.94349,1129.60169,2162.81039,1129.60169
2026-09-06 08:30:00,QLD1,4312.12000,2909.79421,196.83030,2252.62256,144.37600
2026-09-06 08:30:00,SA1,995.62000,219.77554,111.03984,219.77554,111.03984
2026-09-06 08:30:00,TAS1,1049.31000,0.00000,0.00000,0.00000,0.00000
2026-09-06 08:30:00,VIC1,4926.08000,931.60119,771.44888,919.85940,771.44888
2026-09-06 08:35:00,NSW1,5151.96000,2225.10779,1169.81006,2179.56069,1169.81006
2026-09-06 08:35:00,QLD1,4380.59000,3113.01920,193.60600,2333.47762,136.39100
2026-09-06 08:35:00,SA1,980.89000,228.12136,94.85284,228.12136,94.85284
2026-09-06 08:35:00,TAS1,1037.08000,0.00000,0.00000,0.00000,0.00000
2026-09-06 08:35:00,VIC1,4964.44000,1018.09549,738.67653,992.36959,738.67653
2026-09-06 08:40:00,NSW1,5112.59000,2311.37241,1212.55101,2265.47138,1212.55101
2026-09-06 08:40:00,QLD1,4321.85000,3159.20641,174.81330,2586.25748,118.07700
2026-09-06 08:40:00,SA1,1020.83000,245.64455,87.51460,245.64455,87.51460
2026-09-06 08:40:00,TAS1,1037.16000,0.00000,0.00000,0.00000,0.00000
2026-09-06 08:40:00,VIC1,4966.92000,1040.43564,662.98459,1006.66979,662.98459
2026-09-06 08:45:00,NSW1,5115.44000,2326.40390,1166.23090,2281.10497,1166.23090
2026-09-06 08:45:00,QLD1,4253.89000,3271.10529,157.67830,2494.47818,106.72200
2026-09-06 08:45:00,SA1,979.20000,262.46390,83.80681,262.46390,83.80681
2026-09-06 08:45:00,TAS1,1032.27000,0.00000,0.00000,0.00000,0.00000
2026-09-06 08:45:00,VIC1,4948.92000,1184.84249,620.52118,1073.63520,620.52118
2026-09-06 08:50:00,NSW1,4991.63000,2284.14558,1149.05032,2239.29410,1149.05032
2026-09-06 08:50:00,QLD1,4140.68000,3354.15417,150.84840,2322.49469,99.47800
2026-09-06 08:50:00,SA1,952.65000,261.44390,74.64603,261.44390,74.64603
2026-09-06 08:50:00,TAS1,1026.60000,0.00000,0.00000,0.00000,0.00000
2026-09-06 08:50:00,VIC1,4894.00000,1233.48271,625.21968,1106.06206,625.21968
2026-09-06 08:55:00,NSW1,4812.20000,2357.53086,1137.75078,2309.30128,1137.75078
2026-09-06 08:55:00,QLD1,4098.86000,3321.76559,155.52300,2433.95043,90.64900
2026-09-06 08:55:00,SA1,933.20000,272.24573,62.65668,272.24573,62.65668
2026-09-06 08:55:00,TAS1,1030.18000,0.00000,0.00000,0.00000,0.00000
2026-09-06 08:55:00,VIC1,4878.57000,1240.35355,633.47680,1100.76812,633.47680
2026-09-06 09:00:00,NSW1,4746.56000,2404.44150,1107.91377,2296.28476,1107.91377
2026-09-06 09:00:00,QLD1,4025.01000,3322.17529,174.99040,2470.31375,103.86600
2026-09-06 09:00:00,SA1,939.93000,292.02227,56.48952,292.02227,56.48952
2026-09-06 09:00:00,TAS1,1021.00000,0.00000,0.00000,0.00000,0.00000
2026-09-06 09:00:00,VIC1,4888.01000,1232.88248,630.65988,1093.89358,630.65988
2026-09-06 09:05:00,NSW1,4764.20000,2506.36538,1104.80268,2257.08336,1104.80268
2026-09-06 09:05:00,QLD1,4021.30000,3414.61741,190.63350,2444.68782,99.29200
2026-09-06 09:05:00,SA1,924.81000,289.35027,56.18096,289.35027,56.18096
2026-09-06 09:05:00,TAS1,1013.66000,0.00000,0.00000,0.00000,0.00000
2026-09-06 09:05:00,VIC1,4822.05000,1271.60907,637.10505,1087.63215,637.10505
2026-09-06 09:10:00,NSW1,4773.85000,2521.29992,1115.84401,2473.34422,1115.84401
2026-09-06 09:10:00,QLD1,4025.27000,3476.98308,207.21200,2563.64301,105.91200
2026-09-06 09:10:00,SA1,908.29000,291.30345,51.04566,291.30345,51.04566
2026-09-06 09:10:00,TAS1,1013.96000,0.00000,0.10042,0.00000,0.10042
2026-09-06 09:10:00,VIC1,4797.69000,1309.99581,609.99015,1100.08406,609.99015
2026-09-06 09:15:00,NSW1,4722.23000,2727.19949,1097.48783,2387.92222,1097.48783
2026-09-06 09:15:00,QLD1,4023.47000,3493.31823,205.12550,2580.78451,109.53900
2026-09-06 09:15:00,SA1,943.07000,291.16608,50.46748,289.98708,50.46748
2026-09-06 09:15:00,TAS1,1014.16000,0.00000,0.57652,0.00000,0.57652
2026-09-06 09:15:00,VIC1,4835.88000,1283.20076,578.02539,1069.25744,578.02539
2026-09-06 09:20:00,NSW1,4738.09000,2645.20034,1105.93366,2457.45315,1105.93366
2026-09-06 09:20:00,QLD1,3904.89000,3443.76683,205.32450,2545.06939,110.66100
2026-09-06 09:20:00,SA1,946.52000,301.90756,59.53778,301.81256,59.53778
2026-09-06 09:20:00,TAS1,1003.86000,0.00000,0.27855,0.00000,0.27855
2026-09-06 09:20:00,VIC1,4833.36000,1352.53012,577.44512,1112.56633,577.44512
2026-09-06 09:25:00,NSW1,4682.94000,2625.11001,1099.89099,2574.90430,1099.89099
2026-09-06 09:25:00,QLD1,3920.61000,3443.13292,236.61200,2605.28280,132.18700
2026-09-06 09:25:00,SA1,943.68000,307.76246,73.33844,307.76246,73.33844
2026-09-06 09:25:00,TAS1,1004.55000,0.00000,0.00000,0.00000,0.00000
2026-09-06 09:25:00,VIC1,4731.45000,1334.08671,557.31588,1115.75699,557.31588
2026-09-06 09:30:00,NSW1,4646.32000,2642.92575,1148.88437,2593.71749,1148.88437
2026-09-06 09:30:00,QLD1,3855.39000,3389.96286,258.86400,2450.36726,134.58200
2026-09-06 09:30:00,SA1,920.93000,319.32072,90.53372,319.32072,90.53372
2026-09-06 09:30:00,TAS1,998.25000,0.00000,0.00000,0.00000,0.00000
2026-09-06 09:30:00,VIC1,4706.33000,1347.24329,596.24885,1129.31942,596.24885
2026-09-06 09:35:00,NSW1,4370.50000,2698.85168,1166.95391,2643.87031,1134.25591
2026-09-06 09:35:00,QLD1,3816.25000,3357.48434,255.13580,2451.35894,146.60800
2026-09-06 09:35:00,SA1,897.67000,331.72828,87.48660,331.72828,87.48660
2026-09-06 09:35:00,TAS1,994.36000,0.00000,1.55555,0.00000,1.55555
2026-09-06 09:35:00,VIC1,4657.23000,1348.40725,578.85687,1144.79145,578.85687
2026-09-06 09:40:00,NSW1,4446.04000,2744.98702,1127.83943,2510.36651,1127.83943
2026-09-06 09:40:00,QLD1,3761.83000,3394.69463,277.45800,2422.44675,162.99500
2026-09-06 09:40:00,SA1,925.57000,343.67555,92.20841,343.67555,92.20841
2026-09-06 09:40:00,TAS1,992.58000,0.00000,0.69442,0.00000,0.69442
2026-09-06 09:40:00,VIC1,4627.21000,1469.86128,587.56738,1184.16250,587.56738
2026-09-06 09:45:00,NSW1,4541.83000,2729.94241,1124.27604,2504.32877,1124.27604
2026-09-06 09:45:00,QLD1,3689.65000,3424.43495,297.13900,2406.08877,182.02900
2026-09-06 09:45:00,SA1,906.88000,355.77308,88.93112,355.77308,88.93112
2026-09-06 09:45:00,TAS1,984.46000,0.00000,0.00000,0.00000,0.00000
2026-09-06 09:45:00,VIC1,4503.64000,1409.38980,550.43448,1129.55897,550.43448
2026-09-06 09:50:00,NSW1,4502.33000,2742.94359,1122.65110,2671.82465,1122.65110
2026-09-06 09:50:00,QLD1,3671.82000,3403.08723,296.95680,2344.27663,186.18500
2026-09-06 09:50:00,SA1,859.27000,366.62026,74.63141,366.62026,74.63141
2026-09-06 09:50:00,TAS1,979.11000,0.00000,0.55697,0.00000,0.55697
2026-09-06 09:50:00,VIC1,4478.78000,1368.91117,525.45474,1087.86774,525.45474
2026-09-06 09:55:00,NSW1,4415.91000,2720.23281,1128.17285,2667.49439,1128.17285
2026-09-06 09:55:00,QLD1,3565.76000,3454.78869,374.53600,2212.77535,236.43800
2026-09-06 09:55:00,SA1,879.51000,373.26708,69.92190,373.26708,69.92190
2026-09-06 09:55:00,TAS1,972.89000,0.00000,1.53302,0.00000,1.53302
2026-09-06 09:55:00,VIC1,4494.41000,1295.96762,508.26571,1053.45936,508.26571
2026-09-06 10:00:00,NSW1,4346.00000,2751.68573,1104.37963,2697.62366,1104.37963
2026-09-06 10:00:00,QLD1,3458.68000,3510.21161,400.68180,2093.40686,243.77400
2026-09-06 10:00:00,SA1,871.54000,378.10572,64.13707,378.10572,64.13707
2026-09-06 10:00:00,TAS1,965.32000,0.00000,1.43738,0.00000,1.43738
2026-09-06 10:00:00,VIC1,4478.24000,1298.41401,522.38770,1050.38515,522.38770
2026-09-06 10:05:00,NSW1,4260.87000,2761.27415,1056.94119,2709.45987,1056.94119
2026-09-06 10:05:00,QLD1,3457.27000,3534.01329,438.02430,1946.32612,268.97900
2026-09-06 10:05:00,SA1,828.53000,385.73727,55.70370,385.73727,55.70370
2026-09-06 10:05:00,TAS1,970.26000,0.00000,2.07252,0.00000,2.07252
2026-09-06 10:05:00,VIC1,4455.57000,1325.38125,522.04445,1041.97680,522.04445
2026-09-06 10:10:00,NSW1,4211.82000,2756.70941,1109.65641,2683.74337,1109.65641
2026-09-06 10:10:00,QLD1,3413.00000,3519.53236,471.39720,1946.57261,291.08300
2026-09-06 10:10:00,SA1,803.12000,382.58809,58.28110,382.58809,58.28110
2026-09-06 10:10:00,TAS1,977.53000,0.00000,3.14067,0.00000,3.14067
2026-09-06 10:10:00,VIC1,4458.92000,1281.39755,510.02944,1041.73579,510.02944
2026-09-06 10:15:00,NSW1,4207.30000,2772.55823,1142.29658,2718.08553,1142.29658
2026-09-06 10:15:00,QLD1,3396.45000,3400.18233,485.74920,1937.25076,306.13900
2026-09-06 10:15:00,SA1,768.02000,346.35255,50.39320,345.34555,50.39320
2026-09-06 10:15:00,TAS1,972.82000,0.00000,2.82738,0.00000,2.82738
2026-09-06 10:15:00,VIC1,4459.83000,1222.38876,484.84056,1043.61858,484.84056
2026-09-06 10:20:00,NSW1,4033.73000,2754.56810,1123.03190,2599.15242,1123.03190
2026-09-06 10:20:00,QLD1,3364.72000,3499.68115,470.67710,1936.78000,290.81100
2026-09-06 10:20:00,SA1,803.34000,349.78683,47.70688,347.70183,47.70688
2026-09-06 10:20:00,TAS1,966.40000,0.00000,4.00550,0.00000,4.00550
2026-09-06 10:20:00,VIC1,4436.90000,1274.40853,451.16890,1055.41308,451.16890
2026-09-06 10:25:00,NSW1,4009.09000,2700.53219,1095.55068,2616.90943,1095.55068
2026-09-06 10:25:00,QLD1,3351.90000,3465.33564,424.18260,1923.05234,280.70100
2026-09-06 10:25:00,SA1,812.16000,354.57671,45.63710,354.57671,45.63710
2026-09-06 10:25:00,TAS1,960.91000,0.00000,2.91466,0.00000,2.91466
2026-09-06 10:25:00,VIC1,4357.76000,1286.61498,436.39193,1078.49323,436.39193
2026-09-06 10:30:00,NSW1,4017.09000,2630.39601,1066.37929,2574.35654,1066.37929
2026-09-06 10:30:00,QLD1,3284.84000,3516.31924,408.54780,1905.19010,293.99400
2026-09-06 10:30:00,SA1,763.27000,360.07919,58.06498,360.07919,58.06498
2026-09-06 10:30:00,TAS1,959.84000,0.00000,3.58749,0.00000,3.58749
2026-09-06 10:30:00,VIC1,4353.15000,1190.05478,447.67223,1009.42466,447.67223
2026-09-06 10:35:00,NSW1,3943.79000,2727.77349,1045.60687,2672.61672,1045.60687
2026-09-06 10:35:00,QLD1,3273.65000,3480.92386,382.10850,1890.19338,285.02300
2026-09-06 10:35:00,SA1,783.56000,369.94254,65.12857,369.51354,65.12857
2026-09-06 10:35:00,TAS1,949.62000,0.00000,3.34786,0.00000,3.34786
2026-09-06 10:35:00,VIC1,4356.40000,1200.59441,429.59281,1037.19547,429.59281
2026-09-06 10:40:00,NSW1,3973.88000,2709.88730,1028.25566,2650.25034,1028.25566
2026-09-06 10:40:00,QLD1,3212.23000,3511.55672,372.66060,1900.94947,293.91700
2026-09-06 10:40:00,SA1,828.77000,377.64473,68.90865,377.64473,68.90865
2026-09-06 10:40:00,TAS1,945.64000,0.00000,3.59498,0.00000,3.59498
2026-09-06 10:40:00,VIC1,4277.80000,1148.55540,423.73625,1019.81939,423.73625
2026-09-06 10:45:00,NSW1,3816.57000,2832.33826,1053.15728,2748.49877,1032.74976
2026-09-06 10:45:00,QLD1,3256.82000,3471.23199,382.42560,1895.43866,301.05400
2026-09-06 10:45:00,SA1,790.40000,381.78091,77.24282,381.78091,77.24282
2026-09-06 10:45:00,TAS1,940.08000,0.00000,3.98420,0.00000,3.98420
2026-09-06 10:45:00,VIC1,4300.83000,1050.17477,366.97754,959.15702,366.97754
2026-09-06 10:50:00,NSW1,3849.91000,2779.35204,1084.35085,2712.40651,1054.97373
2026-09-06 10:50:00,QLD1,3240.42000,3486.17667,407.53210,1897.20386,332.31800
2026-09-06 10:50:00,SA1,763.63000,374.45436,79.00775,374.45436,79.00775
2026-09-06 10:50:00,TAS1,936.45000,0.00000,2.87688,0.00000,2.87688
2026-09-06 10:50:00,VIC1,4261.91000,1173.70526,358.55882,1028.39538,358.55882
2026-09-06 10:55:00,NSW1,3808.12000,2771.85320,1072.43737,2624.94526,1051.36126
2026-09-06 10:55:00,QLD1,3247.33000,3538.81005,412.60030,1886.90667,338.22900
2026-09-06 10:55:00,SA1,823.85000,384.53564,65.88945,384.04764,65.88945
2026-09-06 10:55:00,TAS1,928.56000,0.00000,2.67556,0.00000,2.67556
2026-09-06 10:55:00,VIC1,4195.43000,1184.06511,357.49852,1043.04811,357.49852
2026-09-06 11:00:00,NSW1,3838.22000,2679.66484,1079.38900,2620.28834,1061.66613
2026-09-06 11:00:00,QLD1,3264.01000,3500.75520,437.19290,1874.30917,347.87400
2026-09-06 11:00:00,SA1,851.78000,372.77391,59.45015,372.77391,59.45015
2026-09-06 11:00:00,TAS1,925.46000,0.00000,1.90774,0.00000,1.90774
2026-09-06 11:00:00,VIC1,4198.84000,1007.55397,325.65453,936.36535,325.65453
2026-09-06 11:05:00,NSW1,3790.35000,2625.64960,1071.07561,2539.53760,1039.68601
2026-09-06 11:05:00,QLD1,3141.99000,3529.60172,451.65320,1646.52015,365.34200
2026-09-06 11:05:00,SA1,829.37000,369.99691,55.61815,369.99691,55.61815
2026-09-06 11:05:00,TAS1,922.86000,0.00000,2.29807,0.00000,2.29807
2026-09-06 11:05:00,VIC1,4115.66000,1045.64094,306.76549,980.33843,306.76549
2026-09-06 11:10:00,NSW1,3879.84000,2651.89719,1018.03576,2563.79314,986.87591
2026-09-06 11:10:00,QLD1,3313.30000,3554.80453,473.62560,1796.50002,396.24700
2026-09-06 11:10:00,SA1,807.79000,373.72291,46.65687,373.72291,46.65687
2026-09-06 11:10:00,TAS1,914.26000,0.00000,3.15012,0.00000,3.15012
2026-09-06 11:10:00,VIC1,4384.53000,1151.99800,319.36620,1078.48803,319.36620
2026-09-06 11:15:00,NSW1,3853.15000,2673.05552,1022.62810,2582.78155,986.64875
2026-09-06 11:15:00,QLD1,3327.11000,3517.18798,470.46800,1798.51756,399.48000
2026-09-06 11:15:00,SA1,771.55000,375.92627,45.28534,375.92627,45.28534
2026-09-06 11:15:00,TAS1,908.98000,0.00000,2.73836,0.00000,2.73836
2026-09-06 11:15:00,VIC1,4435.46000,1119.22848,307.10485,1059.95078,307.10485
2026-09-06 11:20:00,NSW1,3749.69000,2616.21286,992.37375,2513.36081,959.78003
2026-09-06 11:20:00,QLD1,3284.20000,3508.32489,497.70890,1781.94278,405.31300
2026-09-06 11:20:00,SA1,753.73000,369.57773,42.33012,369.57773,42.33012
2026-09-06 11:20:00,TAS1,904.38000,0.00000,4.35407,0.00000,4.35407
2026-09-06 11:20:00,VIC1,4338.36000,1215.25337,263.71305,1104.88352,263.71305
2026-09-06 11:25:00,NSW1,3697.19000,2592.68611,984.68114,2499.20121,933.49217
2026-09-06 11:25:00,QLD1,3321.10000,3527.35415,461.98790,1796.22750,376.16400
2026-09-06 11:25:00,SA1,761.02000,381.43173,51.34724,381.43173,51.34724
2026-09-06 11:25:00,TAS1,894.11000,0.00000,2.83590,0.00000,2.83590
2026-09-06 11:25:00,VIC1,4356.36000,1260.91205,247.14476,1103.92812,247.14476
2026-09-06 11:30:00,NSW1,3669.91000,2586.13837,946.14338,2526.01217,894.52068
2026-09-06 11:30:00,QLD1,3313.14000,3544.74262,476.98790,1745.20677,386.93400
2026-09-06 11:30:00,SA1,731.06000,394.49309,43.55422,394.49309,43.55422
2026-09-06 11:30:00,TAS1,887.18000,0.00000,4.64633,0.00000,4.64633
2026-09-06 11:30:00,VIC1,4385.88000,1291.69252,268.51130,1121.86546,268.51130
2026-09-06 11:35:00,NSW1,3551.71000,2584.02559,962.48604,2524.45821,911.06293
2026-09-06 11:35:00,QLD1,3273.10000,3530.53470,481.88540,1741.96927,384.24600
2026-09-06 11:35:00,SA1,697.44000,398.19627,31.31681,398.19627,31.31681
2026-09-06 11:35:00,TAS1,885.33000,0.00000,4.82595,0.00000,4.82595
2026-09-06 11:35:00,VIC1,4371.07000,1247.78187,274.78318,1089.76349,274.78318
2026-09-06 11:40:00,NSW1,3530.51000,2611.50122,950.06069,2485.74638,897.22461
2026-09-06 11:40:00,QLD1,3352.06000,3545.35779,492.29450,1706.90675,397.93900
2026-09-06 11:40:00,SA1,716.44000,396.73173,29.70920,396.73173,29.70920
2026-09-06 11:40:00,TAS1,886.27000,0.00000,6.17162,0.00000,6.17162
2026-09-06 11:40:00,VIC1,4214.95000,1215.63248,271.75839,1085.44619,271.75839
2026-09-06 11:45:00,NSW1,3551.82000,2632.19110,954.61033,2500.69879,921.00728
2026-09-06 11:45:00,QLD1,3354.69000,3551.41994,498.34110,1702.67072,393.48900
2026-09-06 11:45:00,SA1,702.79000,399.52673,42.38370,399.52673,42.38370
2026-09-06 11:45:00,TAS1,878.30000,0.00000,9.21490,0.00000,9.21490
2026-09-06 11:45:00,VIC1,4232.14000,1206.29871,258.23170,1088.99503,258.23170
2026-09-06 11:50:00,NSW1,3581.14000,2596.10939,870.45869,2457.45436,843.09260
2026-09-06 11:50:00,QLD1,3249.92000,3537.24079,488.56200,1684.36043,370.36500
2026-09-06 11:50:00,SA1,687.79000,401.40991,51.42161,401.40991,51.42161
2026-09-06 11:50:00,TAS1,875.95000,0.00000,8.17790,0.00000,8.17790
2026-09-06 11:50:00,VIC1,4210.06000,1301.43733,272.81399,1071.00205,272.81399
2026-09-06 11:55:00,NSW1,3528.41000,2657.23820,863.26219,2532.86212,841.68295
2026-09-06 11:55:00,QLD1,3423.08000,3561.60763,502.33680,1705.45117,375.68700
2026-09-06 11:55:00,SA1,655.74000,405.17300,55.09311,402.57100,55.09311
2026-09-06 11:55:00,TAS1,869.23000,0.00000,12.18070,0.00000,12.18070
2026-09-06 11:55:00,VIC1,4193.80000,1343.23910,266.22002,1065.31433,266.22002
2026-09-06 12:00:00,NSW1,3508.42000,2638.07747,875.65601,2581.37113,865.70245
2026-09-06 12:00:00,QLD1,3330.76000,3573.09009,511.64100,1718.39363,377.24000
2026-09-06 12:00:00,SA1,664.85000,412.50091,53.35569,412.50091,53.35569
2026-09-06 12:00:00,TAS1,861.73000,0.00000,19.29716,0.00000,19.29716
2026-09-06 12:00:00,VIC1,4172.98000,1357.59924,265.75068,1117.69295,265.75068
2026-09-06 12:05:00,NSW1,3379.88000,2602.93544,864.43550,2545.75913,848.63198
2026-09-06 12:05:00,QLD1,3332.78000,3561.23802,548.88950,1674.94366,422.68600
2026-09-06 12:05:00,SA1,639.97000,422.55964,56.05690,422.55964,56.05690
2026-09-06 12:05:00,TAS1,861.10000,0.00000,21.50054,0.00000,21.50054
2026-09-06 12:05:00,VIC1,4091.29000,1289.22450,269.60769,1071.70099,269.60769
2026-09-06 12:10:00,NSW1,3552.63000,2614.28902,850.48988,2493.19922,838.26613
2026-09-06 12:10:00,QLD1,3331.83000,3550.31180,533.80100,1486.32947,400.14200
2026-09-06 12:10:00,SA1,627.39000,420.28582,48.02154,420.28582,48.02154
2026-09-06 12:10:00,TAS1,849.62000,0.00000,19.71110,0.00000,19.71110
2026-09-06 12:10:00,VIC1,4082.31000,1283.37246,281.97532,1115.56980,281.97532
2026-09-06 12:15:00,NSW1,3543.18000,2684.11370,828.11824,2579.74718,805.20530
2026-09-06 12:15:00,QLD1,3342.57000,3551.54176,563.88160,1289.38065,415.92400
2026-09-06 12:15:00,SA1,643.38000,414.61436,38.83849,414.61436,38.83849
2026-09-06 12:15:00,TAS1,856.06000,0.00000,24.97789,0.00000,24.97789
2026-09-06 12:15:00,VIC1,4059.09000,1275.58892,290.08825,1083.55745,290.08825
2026-09-06 12:20:00,NSW1,3473.57000,2710.69702,824.61107,2656.12226,810.97637
2026-09-06 12:20:00,QLD1,3412.49000,3567.20278,551.56300,1565.49589,400.61500
2026-09-06 12:20:00,SA1,610.13000,405.26155,40.78721,405.26155,40.78721
2026-09-06 12:20:00,TAS1,848.16000,0.00000,27.22206,0.00000,27.22206
2026-09-06 12:20:00,VIC1,3967.02000,1320.18574,313.03232,1087.62178,313.03232
2026-09-06 12:25:00,NSW1,3587.08000,2660.23434,825.38367,2604.33071,806.25776
2026-09-06 12:25:00,QLD1,3336.27000,3554.55512,583.51640,1348.62061,423.60600
2026-09-06 12:25:00,SA1,604.14000,402.66027,40.16489,402.66027,40.16489
2026-09-06 12:25:00,TAS1,843.93000,0.00000,31.18464,0.00000,31.18464
2026-09-06 12:25:00,VIC1,4013.76000,1264.62548,305.35965,1118.84638,305.35965
2026-09-06 12:30:00,NSW1,3542.34000,2664.66179,779.40160,2563.24796,748.41933
2026-09-06 12:30:00,QLD1,3457.85000,3582.89000,506.70410,1579.50084,369.84400
2026-09-06 12:30:00,SA1,636.81000,407.03518,48.32683,407.03518,48.32683
2026-09-06 12:30:00,TAS1,846.02000,0.00000,28.99161,0.00000,28.99161
2026-09-06 12:30:00,VIC1,4001.05000,1260.54755,302.04822,1111.38000,302.04822
2026-09-06 12:35:00,NSW1,3535.41000,2590.37869,764.40159,2535.32355,753.66538
2026-09-06 12:35:00,QLD1,3429.87000,3569.31132,562.47740,1445.84554,396.49200
2026-09-06 12:35:00,SA1,629.14000,409.79290,55.90605,409.79290,55.90605
2026-09-06 12:35:00,TAS1,838.74000,0.00000,30.31577,0.00000,30.31577
2026-09-06 12:35:00,VIC1,3846.85000,1250.34389,339.41398,1095.13431,339.41398
2026-09-06 12:40:00,NSW1,3492.51000,2529.06577,776.93751,2471.22825,765.27955
2026-09-06 12:40:00,QLD1,3509.00000,3521.55740,614.87590,1442.29644,407.48900
2026-09-06 12:40:00,SA1,643.79000,412.87999,50.45130,412.87999,50.45130
2026-09-06 12:40:00,TAS1,835.90000,0.00000,29.51328,0.00000,29.51328
2026-09-06 12:40:00,VIC1,3864.31000,1252.25446,351.61889,1070.92314,351.61889
2026-09-06 12:45:00,NSW1,3489.23000,2664.71344,754.58311,2521.50611,718.54951
2026-09-06 12:45:00,QLD1,3473.51000,3499.89138,573.44010,1432.37265,375.90200
2026-09-06 12:45:00,SA1,630.57000,405.55892,55.87857,405.55892,55.87857
2026-09-06 12:45:00,TAS1,832.96000,0.00000,29.59832,0.00000,29.59832
2026-09-06 12:45:00,VIC1,3807.70000,1361.11550,339.51395,1085.57992,339.51395
2026-09-06 12:50:00,NSW1,3508.02000,2545.98195,733.46206,2442.74426,721.24100
2026-09-06 12:50:00,QLD1,3500.07000,3489.52906,621.64010,1433.49361,406.45100
2026-09-06 12:50:00,SA1,629.08000,408.66500,57.77323,408.66500,57.77323
2026-09-06 12:50:00,TAS1,831.12000,0.00000,26.19959,0.00000,26.19959
2026-09-06 12:50:00,VIC1,3778.66000,1377.43777,331.73976,1091.96716,331.73976
2026-09-06 12:55:00,NSW1,3509.39000,2593.53889,706.19881,2533.48654,693.55969
2026-09-06 12:55:00,QLD1,3462.23000,3503.29650,621.48510,1355.02421,398.10600
2026-09-06 12:55:00,SA1,610.36000,413.47500,53.64060,409.86800,53.64060
2026-09-06 12:55:00,TAS1,836.83000,0.00000,27.66356,0.00000,27.66356
2026-09-06 12:55:00,VIC1,3677.22000,1361.67303,362.48224,1083.55310,362.48224
2026-09-06 13:00:00,NSW1,3575.70000,2661.09357,702.91173,2540.29417,691.86563
2026-09-06 13:00:00,QLD1,3472.93000,3504.30713,571.52840,1167.07313,390.71900
2026-09-06 13:00:00,SA1,643.08000,419.25310,56.24950,417.19610,56.24950
2026-09-06 13:00:00,TAS1,835.10000,0.00000,29.77267,0.00000,29.77267
2026-09-06 13:00:00,VIC1,3661.87000,1364.47566,339.83719,1104.90823,339.83719
2026-09-06 13:05:00,NSW1,3457.39000,2610.57235,674.89769,2469.75890,662.83026
2026-09-06 13:05:00,QLD1,3559.73000,3490.41112,624.38160,1052.34762,428.94500
2026-09-06 13:05:00,SA1,638.83000,422.54027,54.31690,422.53727,54.31690
2026-09-06 13:05:00,TAS1,833.02000,0.00000,26.81189,0.00000,26.81189
2026-09-06 13:05:00,VIC1,3712.27000,1363.62460,314.68111,1117.79149,314.68111
2026-09-06 13:10:00,NSW1,3510.45000,2672.07555,619.34275,2532.61127,593.15575
2026-09-06 13:10:00,QLD1,3577.32000,3482.67236,655.28600,1066.31150,421.71800
2026-09-06 13:10:00,SA1,650.60000,421.45253,49.31830,421.45253,49.31830
2026-09-06 13:10:00,TAS1,831.42000,0.00000,28.47566,0.00000,28.47566
2026-09-06 13:10:00,VIC1,3753.78000,1298.56839,308.57426,1097.59769,308.57426
2026-09-06 13:15:00,NSW1,3459.98000,2707.21528,626.45834,2555.54483,603.36934
2026-09-06 13:15:00,QLD1,3620.05000,3496.43708,699.30990,994.91309,445.77640
2026-09-06 13:15:00,SA1,635.95000,426.30183,59.95950,426.30183,59.95950
2026-09-06 13:15:00,TAS1,837.56000,0.00000,31.97539,0.00000,31.97539
2026-09-06 13:15:00,VIC1,3741.17000,1279.75916,344.92812,1073.25500,344.92812
2026-09-06 13:20:00,NSW1,3555.21000,2668.13767,596.27053,2575.73045,575.82245
2026-09-06 13:20:00,QLD1,3638.36000,3505.66411,749.36750,1002.31372,489.30500
2026-09-06 13:20:00,SA1,613.22000,419.58454,60.25130,419.58454,60.25130
2026-09-06 13:20:00,TAS1,832.89000,0.00000,42.69740,0.00000,42.69740
2026-09-06 13:20:00,VIC1,3707.09000,1319.94164,389.89400,1093.92097,389.89400
2026-09-06 13:25:00,NSW1,3707.82000,2618.36233,599.72611,2563.01106,576.48322
2026-09-06 13:25:00,QLD1,3638.41000,3518.58603,705.53610,980.17688,458.38971
2026-09-06 13:25:00,SA1,615.26000,421.67455,61.76590,421.67455,61.76590
2026-09-06 13:25:00,TAS1,833.05000,0.00000,40.98187,0.00000,40.98187
2026-09-06 13:25:00,VIC1,3676.50000,1296.05238,401.98283,1127.56956,401.98283
2026-09-06 13:30:00,NSW1,3579.31000,2648.76512,559.32170,2570.52930,541.22670
2026-09-06 13:30:00,QLD1,3789.45000,3477.05045,728.11370,1214.83527,475.05300
2026-09-06 13:30:00,SA1,594.52000,417.96701,61.52380,417.96701,61.52380
2026-09-06 13:30:00,TAS1,830.63000,0.00000,38.61092,0.00000,38.61092
2026-09-06 13:30:00,VIC1,3708.42000,1334.64274,411.01458,1112.97809,411.01458
2026-09-06 13:35:00,NSW1,3635.26000,2674.12038,551.03946,2564.65462,535.90346
2026-09-06 13:35:00,QLD1,3805.62000,3489.73512,734.24220,1089.52306,476.28700
2026-09-06 13:35:00,SA1,592.96000,416.39372,62.80254,416.39372,62.80254
2026-09-06 13:35:00,TAS1,822.42000,0.00000,40.26337,0.00000,40.26337
2026-09-06 13:35:00,VIC1,3660.35000,1364.86872,420.00475,1097.93447,420.00475
2026-09-06 13:40:00,NSW1,3769.47000,2672.60455,560.38422,2569.38037,538.34122
2026-09-06 13:40:00,QLD1,3858.69000,3465.73565,743.90040,1222.56869,461.12700
2026-09-06 13:40:00,SA1,586.28000,427.81927,67.13934,427.81927,67.13934
2026-09-06 13:40:00,TAS1,822.79000,0.00000,35.36788,0.00000,35.36788
2026-09-06 13:40:00,VIC1,3780.33000,1285.37595,415.25524,1080.53422,415.25524
2026-09-06 13:45:00,NSW1,3734.58000,2692.94654,519.96276,2637.19988,500.67276
2026-09-06 13:45:00,QLD1,3973.86000,3483.83600,764.40410,1338.87554,472.42800
2026-09-06 13:45:00,SA1,569.82000,416.11637,62.57342,416.11637,62.57342
2026-09-06 13:45:00,TAS1,826.86000,0.00000,38.53710,0.00000,38.53710
2026-09-06 13:45:00,VIC1,3780.83000,1222.09546,409.24007,1023.21688,409.24007
2026-09-06 13:50:00,NSW1,3714.62000,2725.32329,539.85245,2421.71255,515.05345
2026-09-06 13:50:00,QLD1,3989.58000,3509.28686,748.25110,1157.91419,460.16000
2026-09-06 13:50:00,SA1,554.44000,402.99583,64.06602,402.99583,64.06602
2026-09-06 13:50:00,TAS1,829.68000,0.00000,42.06419,0.00000,42.06419
2026-09-06 13:50:00,VIC1,3686.34000,1254.49619,388.96433,1038.46577,388.96433
2026-09-06 13:55:00,NSW1,3834.81000,2711.83227,520.20983,2441.77302,496.77883
2026-09-06 13:55:00,QLD1,3985.38000,3485.45551,767.06180,1133.35385,492.85100
2026-09-06 13:55:00,SA1,540.67000,404.11819,66.98512,404.11819,66.98512
2026-09-06 13:55:00,TAS1,825.64000,0.00000,41.88771,0.00000,41.88771
2026-09-06 13:55:00,VIC1,3722.24000,1319.14128,423.99275,1029.72245,423.99275
2026-09-06 14:00:00,NSW1,3878.01000,2656.70696,528.51198,2500.90394,516.53514
2026-09-06 14:00:00,QLD1,4182.48000,3483.40255,740.48660,1377.88027,473.04700
2026-09-06 14:00:00,SA1,542.97000,418.69926,70.47342,418.69926,70.47342
2026-09-06 14:00:00,TAS1,832.50000,0.00000,44.35787,0.00000,44.35787
2026-09-06 14:00:00,VIC1,3721.23000,1263.46687,487.19124,1060.91822,487.19124
2026-09-06 14:05:00,NSW1,3885.16000,2748.77133,522.70397,2457.78442,497.90497
2026-09-06 14:05:00,QLD1,4185.80000,3501.44117,757.66420,1416.89644,481.79200
2026-09-06 14:05:00,SA1,532.27000,423.48482,62.83361,423.48482,62.83361
2026-09-06 14:05:00,TAS1,840.04000,0.00000,38.01891,0.00000,38.01891
2026-09-06 14:05:00,VIC1,3784.11000,1318.00156,524.46262,1036.35270,524.46262
2026-09-06 14:10:00,NSW1,3805.43000,2710.07766,500.90003,2367.38521,500.90003
2026-09-06 14:10:00,QLD1,4225.38000,3480.74789,750.93290,1253.20111,483.81600
2026-09-06 14:10:00,SA1,549.05000,419.06210,65.21564,419.06210,65.21564
2026-09-06 14:10:00,TAS1,841.57000,0.00000,42.73097,0.00000,42.73097
2026-09-06 14:10:00,VIC1,3713.46000,1335.01648,503.48317,1048.75644,503.48317
2026-09-06 14:15:00,NSW1,3859.74000,2706.88476,521.77991,2565.25044,496.26716
2026-09-06 14:15:00,QLD1,4251.61000,3478.92267,772.45990,1199.58671,508.12100
2026-09-06 14:15:00,SA1,565.54000,425.27154,74.43941,425.27154,74.43941
2026-09-06 14:15:00,TAS1,854.28000,0.00000,49.35938,0.00000,49.35938
2026-09-06 14:15:00,VIC1,3758.26000,1375.44454,493.84785,1075.25821,493.84785
2026-09-06 14:20:00,NSW1,3937.38000,2654.80381,512.33095,2252.54343,512.33095
2026-09-06 14:20:00,QLD1,4322.33000,3473.45838,791.81800,1263.78811,516.39900
2026-09-06 14:20:00,SA1,502.70000,417.82063,66.71561,417.82063,66.71561
2026-09-06 14:20:00,TAS1,853.88000,0.00000,57.25465,0.00000,57.25465
2026-09-06 14:20:00,VIC1,3771.99000,1319.17188,445.19214,1041.34897,445.19214
2026-09-06 14:25:00,NSW1,4001.57000,2600.81903,501.08487,2213.46272,501.08487
2026-09-06 14:25:00,QLD1,4455.70000,3489.03593,797.36060,1364.06858,533.32100
2026-09-06 14:25:00,SA1,499.54000,390.01318,73.91077,390.01318,73.91077
2026-09-06 14:25:00,TAS1,848.60000,0.00000,60.58909,0.00000,60.58909
2026-09-06 14:25:00,VIC1,3862.01000,1314.01512,440.50190,1016.46932,440.50190
2026-09-06 14:30:00,NSW1,4085.62000,2656.12902,516.89335,2544.63179,516.89335
2026-09-06 14:30:00,QLD1,4520.81000,3469.68558,861.19820,1441.73107,552.64700
2026-09-06 14:30:00,SA1,504.55000,378.44145,80.16625,378.44145,80.16625
2026-09-06 14:30:00,TAS1,847.42000,0.00000,68.44846,0.00000,68.44846
2026-09-06 14:30:00,VIC1,3885.07000,1251.05720,437.08828,983.40546,437.08828
2026-09-06 14:35:00,NSW1,4042.09000,2666.58761,541.69929,2240.47856,541.69929
2026-09-06 14:35:00,QLD1,4622.67000,3309.50166,903.45620,1496.80613,581.83600
2026-09-06 14:35:00,SA1,503.30000,373.64155,78.86627,373.64155,78.86627
2026-09-06 14:35:00,TAS1,855.50000,0.00000,70.43353,0.00000,70.43353
2026-09-06 14:35:00,VIC1,3840.31000,1255.41827,414.49590,977.69631,414.49590
2026-09-06 14:40:00,NSW1,4140.97000,2660.94999,541.77562,2543.04103,540.21631
2026-09-06 14:40:00,QLD1,4732.40000,3434.54417,919.08660,1589.44796,597.04800
2026-09-06 14:40:00,SA1,466.04000,389.74109,82.05857,389.74109,82.05857
2026-09-06 14:40:00,TAS1,865.34000,0.00000,74.48470,0.00000,74.48470
2026-09-06 14:40:00,VIC1,3958.56000,1254.66794,435.61138,960.11552,435.61138
2026-09-06 14:45:00,NSW1,4322.33000,2707.36549,588.10709,2269.44534,588.10709
2026-09-06 14:45:00,QLD1,4821.74000,3442.81158,907.56940,1674.83416,578.15100
2026-09-06 14:45:00,SA1,460.04000,402.20809,79.54797,402.20809,79.54797
2026-09-06 14:45:00,TAS1,871.17000,0.00000,65.10849,0.00000,65.10849
2026-09-06 14:45:00,VIC1,3993.58000,1222.35075,457.37289,949.10305,457.37289
2026-09-06 14:50:00,NSW1,4357.85000,2664.47017,603.68346,2210.79348,603.68346
2026-09-06 14:50:00,QLD1,4934.93000,3400.97702,933.90740,1802.25090,578.67000
2026-09-06 14:50:00,SA1,461.22000,393.34527,82.05867,393.34527,82.05867
2026-09-06 14:50:00,TAS1,877.34000,0.00000,75.63628,0.00000,75.63628
2026-09-06 14:50:00,VIC1,3943.94000,1206.36163,458.42741,951.74524,458.42741
2026-09-06 14:55:00,NSW1,4491.05000,2584.87594,573.25545,2467.86871,573.25545
2026-09-06 14:55:00,QLD1,5068.56000,3431.42966,925.52210,1971.18919,585.92200
2026-09-06 14:55:00,SA1,474.03000,383.55137,86.69408,383.55137,86.69408
2026-09-06 14:55:00,TAS1,881.71000,0.00000,79.55214,0.00000,79.55214
2026-09-06 14:55:00,VIC1,4059.54000,1298.43691,436.01705,1032.86460,436.01705
2026-09-06 15:00:00,NSW1,4552.72000,2558.12465,539.20076,2199.29583,539.20076
2026-09-06 15:00:00,QLD1,5132.80000,3365.24818,931.46790,2059.44066,564.28100
2026-09-06 15:00:00,SA1,473.43000,375.12655,90.16758,375.12655,90.16758
2026-09-06 15:00:00,TAS1,881.80000,0.00000,76.56150,0.00000,76.56150
2026-09-06 15:00:00,VIC1,4061.71000,1259.45729,470.59141,1009.96644,470.59141
2026-09-06 15:05:00,NSW1,4749.54000,2502.86850,542.72828,2057.71865,542.72828
2026-09-06 15:05:00,QLD1,5156.32000,3389.18460,988.12070,1929.39569,632.33400
2026-09-06 15:05:00,SA1,507.89000,372.99882,85.49418,372.99882,85.49418
2026-09-06 15:05:00,TAS1,885.73000,0.00000,85.28952,0.00000,85.28952
2026-09-06 15:05:00,VIC1,4095.87000,1257.89994,502.18505,984.07747,502.18505
2026-09-06 15:10:00,NSW1,4762.73000,2500.21104,550.32690,2052.62526,550.32690
2026-09-06 15:10:00,QLD1,5270.02000,3421.01881,919.18640,2054.64324,564.53600
2026-09-06 15:10:00,SA1,500.10000,363.64991,91.21132,360.47391,91.21132
2026-09-06 15:10:00,TAS1,889.65000,0.00000,87.48979,0.00000,87.48979
2026-09-06 15:10:00,VIC1,3969.57000,1224.56847,527.60684,966.99444,527.60684
2026-09-06 15:15:00,NSW1,4897.15000,2474.08454,513.40912,2083.39646,513.40912
2026-09-06 15:15:00,QLD1,5401.33000,3351.41974,986.07900,2137.11872,605.43300
2026-09-06 15:15:00,SA1,516.11000,353.73391,91.00232,353.73391,91.00232
2026-09-06 15:15:00,TAS1,890.15000,0.00000,96.88274,0.00000,96.88274
2026-09-06 15:15:00,VIC1,4009.03000,1169.36167,550.41746,914.16897,550.41746
2026-09-06 15:20:00,NSW1,5020.62000,2480.42127,482.31581,2066.28244,482.31581
2026-09-06 15:20:00,QLD1,5484.55000,3370.49590,1000.88570,2235.48361,615.17000
2026-09-06 15:20:00,SA1,536.21000,352.00373,94.88766,352.00373,94.88766
2026-09-06 15:20:00,TAS1,887.57000,0.00000,108.88741,0.00000,108.88741
2026-09-06 15:20:00,VIC1,4098.17000,1193.15215,538.45151,960.47662,538.45151
2026-09-06 15:25:00,NSW1,5209.35000,2490.61014,513.15397,2056.95150,513.15397
2026-09-06 15:25:00,QLD1,5582.63000,3397.64752,1067.08100,2302.33711,656.80600
2026-09-06 15:25:00,SA1,546.83000,358.17218,94.40882,358.17218,94.40882
2026-09-06 15:25:00,TAS1,894.36000,0.00000,113.70038,0.00000,113.70038
2026-09-06 15:25:00,VIC1,4137.55000,1132.38440,535.40781,903.05647,535.40781
2026-09-06 15:30:00,NSW1,5177.74000,2435.57000,483.31048,2061.60354,483.31048
2026-09-06 15:30:00,QLD1,5662.54000,3334.22560,1017.21460,2437.63139,625.91500
2026-09-06 15:30:00,SA1,554.19000,363.39280,112.63962,363.39280,112.63962
2026-09-06 15:30:00,TAS1,906.57000,0.00000,118.87618,0.00000,118.87618
2026-09-06 15:30:00,VIC1,4157.77000,1150.84861,563.68814,899.11962,563.68814
2026-09-06 15:35:00,NSW1,5400.19000,2408.20718,446.38538,2013.55913,446.38538
2026-09-06 15:35:00,QLD1,5726.72000,3311.15357,1018.46760,2555.37397,622.80200
2026-09-06 15:35:00,SA1,580.90000,396.74592,114.60782,396.74592,114.60782
2026-09-06 15:35:00,TAS1,909.87000,0.00000,119.91851,0.00000,119.91851
2026-09-06 15:35:00,VIC1,4218.08000,1155.75613,544.10985,897.74628,544.10985
2026-09-06 15:40:00,NSW1,5533.29000,2379.74969,441.68001,1989.92378,441.68001
2026-09-06 15:40:00,QLD1,5860.51000,3302.14879,1037.79780,2602.05225,638.02700
2026-09-06 15:40:00,SA1,593.26000,387.35756,100.94387,387.35756,100.94387
2026-09-06 15:40:00,TAS1,916.83000,0.00000,130.61541,0.00000,130.61541
2026-09-06 15:40:00,VIC1,4283.63000,1158.21682,524.41861,895.03472,524.41861
2026-09-06 15:45:00,NSW1,5610.74000,2365.24449,442.80160,2014.77996,442.80160
2026-09-06 15:45:00,QLD1,5845.88000,3224.96544,1009.08940,2621.24864,600.38000
2026-09-06 15:45:00,SA1,595.62000,370.07020,89.35149,370.07020,89.35149
2026-09-06 15:45:00,TAS1,926.01000,0.00000,118.02666,0.00000,118.02666
2026-09-06 15:45:00,VIC1,4331.28000,1162.27899,483.61720,929.57163,483.61720
2026-09-06 15:50:00,NSW1,5729.87000,2340.83430,412.37577,2039.03166,412.37577
2026-09-06 15:50:00,QLD1,5997.20000,3160.38552,1020.50550,2826.60091,612.17600
2026-09-06 15:50:00,SA1,624.46000,359.38410,97.89620,359.38410,97.89620
2026-09-06 15:50:00,TAS1,940.35000,0.00000,110.25766,0.00000,110.25766
2026-09-06 15:50:00,VIC1,4345.24000,1146.57427,445.13634,926.04394,445.13634
2026-09-06 15:55:00,NSW1,5856.97000,2333.23612,382.87147,2018.90715,382.87147
2026-09-06 15:55:00,QLD1,6069.46000,3019.23448,978.42600,2760.60833,678.33964
2026-09-06 15:55:00,SA1,630.42000,349.53300,98.69371,349.53300,98.69371
2026-09-06 15:55:00,TAS1,945.40000,0.00000,105.86099,0.00000,105.86099
2026-09-06 15:55:00,VIC1,4510.84000,1172.33075,438.07135,923.84256,438.07135
2026-09-06 16:00:00,NSW1,5929.80000,2273.81945,395.39144,2015.60926,395.39144
2026-09-06 16:00:00,QLD1,6199.30000,2930.20900,999.78500,2659.30942,880.22567
2026-09-06 16:00:00,SA1,667.73000,324.35591,107.61671,324.35591,107.61671
2026-09-06 16:00:00,TAS1,942.21000,0.00000,99.06788,0.00000,99.06788
2026-09-06 16:00:00,VIC1,4582.54000,1220.78188,438.39823,976.90425,438.39823
2026-09-06 16:05:00,NSW1,6047.18000,2150.58914,378.11613,1956.48656,378.11613
2026-09-06 16:05:00,QLD1,6248.80000,2872.47429,1024.72300,2562.75886,925.77600
2026-09-06 16:05:00,SA1,663.41000,319.58256,138.58638,318.75356,138.58638
2026-09-06 16:05:00,TAS1,960.35000,0.00000,109.82929,0.00000,109.82929
2026-09-06 16:05:00,VIC1,4575.52000,1193.66178,449.44774,954.95631,449.44774
2026-09-06 16:10:00,NSW1,6213.33000,2055.01349,329.39724,1931.31611,329.39724
2026-09-06 16:10:00,QLD1,6327.78000,2715.21208,979.42910,2540.81060,882.80210
2026-09-06 16:10:00,SA1,679.24000,313.12473,159.85664,313.12473,159.85664
2026-09-06 16:10:00,TAS1,962.57000,0.00000,100.44539,0.00000,100.44539
2026-09-06 16:10:00,VIC1,4696.04000,1190.11026,443.08591,977.21371,443.08591
2026-09-06 16:15:00,NSW1,6386.74000,1997.56018,311.68774,1878.51751,311.68774
2026-09-06 16:15:00,QLD1,6435.91000,2593.06738,920.39400,2441.87532,893.14700
2026-09-06 16:15:00,SA1,699.31000,308.67327,157.37893,308.67327,157.37893
2026-09-06 16:15:00,TAS1,980.14000,0.00000,96.28822,0.00000,96.28822
2026-09-06 16:15:00,VIC1,4796.59000,1161.37145,462.07131,937.02505,462.07131
2026-09-06 16:20:00,NSW1,6516.97000,1967.62353,305.02537,1875.85246,305.02537
2026-09-06 16:20:00,QLD1,6519.27000,2423.43391,896.69800,2284.63931,863.21100
2026-09-06 16:20:00,SA1,749.83000,312.71299,145.95071,312.71299,145.95071
2026-09-06 16:20:00,TAS1,990.78000,0.00000,79.50848,0.00000,79.50848
2026-09-06 16:20:00,VIC1,4862.54000,1137.04613,495.23351,921.52395,495.23351
2026-09-06 16:25:00,NSW1,6615.42000,1940.44728,273.72873,1895.36083,273.72873
2026-09-06 16:25:00,QLD1,6485.75000,2302.40387,906.59990,2160.08322,875.32990
2026-09-06 16:25:00,SA1,767.59000,306.52599,146.91357,306.52599,146.91357
2026-09-06 16:25:00,TAS1,981.06000,0.00000,88.72569,0.00000,88.72569
2026-09-06 16:25:00,VIC1,4924.58000,1064.91104,513.06799,858.38640,513.06799
2026-09-06 16:30:00,NSW1,6649.59000,1815.11219,269.56484,1809.88203,269.56484
2026-09-06 16:30:00,QLD1,6557.61000,2193.97134,890.40470,2098.83852,848.38470
2026-09-06 16:30:00,SA1,767.23000,298.23264,155.50096,298.23264,155.50096
2026-09-06 16:30:00,TAS1,979.10000,0.00000,97.45628,0.00000,97.45628
2026-09-06 16:30:00,VIC1,4937.10000,1048.54276,534.66070,853.32463,534.66070
2026-09-06 16:35:00,NSW1,6804.79000,1656.54867,280.37875,1651.45548,280.37875
2026-09-06 16:35:00,QLD1,6585.01000,2090.08659,874.01000,2038.67139,837.34700
2026-09-06 16:35:00,SA1,803.69000,299.35173,176.19119,299.35173,176.19119
2026-09-06 16:35:00,TAS1,1000.25000,0.00000,101.28765,0.00000,101.28765
2026-09-06 16:35:00,VIC1,5019.05000,995.03330,571.25090,809.25123,571.25090
2026-09-06 16:40:00,NSW1,6913.01000,1460.49844,265.63295,1460.49844,265.63295
2026-09-06 16:40:00,QLD1,6689.51000,1877.84548,862.59740,1877.84548,862.59740
2026-09-06 16:40:00,SA1,830.02000,275.49218,197.01412,275.49218,197.01412
2026-09-06 16:40:00,TAS1,986.30000,0.00000,93.65267,0.00000,93.65267
2026-09-06 16:40:00,VIC1,5193.15000,932.64783,524.83349,756.26678,524.83349
2026-09-06 16:45:00,NSW1,7065.12000,1344.75855,261.79268,1344.75855,261.79268
2026-09-06 16:45:00,QLD1,6786.46000,1709.56883,844.71020,1709.56883,844.71020
2026-09-06 16:45:00,SA1,856.95000,270.30283,211.78344,270.30283,211.78344
2026-09-06 16:45:00,TAS1,1014.21000,0.00000,87.95989,0.00000,87.95989
2026-09-06 16:45:00,VIC1,5224.59000,867.41289,545.85002,707.12416,545.85002
2026-09-06 16:50:00,NSW1,7248.23000,1155.32177,263.25105,1155.32177,263.25105
2026-09-06 16:50:00,QLD1,6808.32000,1468.43514,845.17183,1468.43514,845.17183
2026-09-06 16:50:00,SA1,874.89000,255.37364,236.51184,255.37364,236.51184
2026-09-06 16:50:00,TAS1,1023.08000,0.00000,87.50412,0.00000,87.50412
2026-09-06 16:50:00,VIC1,5249.58000,830.58250,536.26449,687.79397,536.26449
2026-09-06 16:55:00,NSW1,7341.14000,916.14547,259.43230,916.14547,259.43230
2026-09-06 16:55:00,QLD1,6942.09000,1266.50281,813.02388,1266.50281,813.02388
2026-09-06 16:55:00,SA1,927.79000,245.24782,233.10307,245.24782,233.10307
2026-09-06 16:55:00,TAS1,1035.53000,0.00000,90.93804,0.00000,90.93804
2026-09-06 16:55:00,VIC1,5414.03000,768.22165,514.04841,655.50231,514.04841
2026-09-06 17:00:00,NSW1,7404.35000,814.22469,237.09519,814.22469,237.09519
2026-09-06 17:00:00,QLD1,7040.13000,1077.06029,824.87703,1077.06029,824.87703
2026-09-06 17:00:00,SA1,961.00000,235.95337,230.78791,235.95337,230.78791
2026-09-06 17:00:00,TAS1,1046.96000,0.00000,84.10571,0.00000,84.10571
2026-09-06 17:00:00,VIC1,5515.82000,702.74762,528.26701,604.40525,528.26701
2026-09-06 17:05:00,NSW1,7526.34000,703.43848,222.38221,703.43848,222.38221
2026-09-06 17:05:00,QLD1,7093.83000,896.48404,855.76080,896.48404,855.76080
2026-09-06 17:05:00,SA1,967.00000,214.43872,229.33546,214.43872,229.33546
2026-09-06 17:05:00,TAS1,1029.40000,0.00000,87.24715,0.00000,87.24715
2026-09-06 17:05:00,VIC1,5565.92000,591.87945,533.33742,528.66415,533.33742
2026-09-06 17:10:00,NSW1,7557.29000,530.42297,221.87109,530.42297,221.87109
2026-09-06 17:10:00,QLD1,7037.00000,736.60420,842.10830,736.60420,842.10830
2026-09-06 17:10:00,SA1,1023.54000,200.76600,217.19350,200.76600,217.19350
2026-09-06 17:10:00,TAS1,1045.13000,0.00000,96.69767,0.00000,96.69767
2026-09-06 17:10:00,VIC1,5618.63000,519.30040,533.13808,489.00786,533.13808
2026-09-06 17:15:00,NSW1,7622.94000,406.55276,221.33556,406.55276,221.33556
2026-09-06 17:15:00,QLD1,7117.21000,567.01137,811.59419,567.01137,811.59419
2026-09-06 17:15:00,SA1,1060.66000,182.18864,261.30498,182.18864,261.30498
2026-09-06 17:15:00,TAS1,1054.69000,0.00000,107.27599,0.00000,107.27599
2026-09-06 17:15:00,VIC1,5640.56000,480.63498,572.15563,462.64662,572.15563
2026-09-06 17:20:00,NSW1,7690.08000,294.66396,222.65517,294.66396,222.65517
2026-09-06 17:20:00,QLD1,7202.08000,435.91791,803.10040,435.91791,803.10040
2026-09-06 17:20:00,SA1,1108.13000,167.93010,281.38889,167.93010,281.38889
2026-09-06 17:20:00,TAS1,1064.38000,0.00000,112.69215,0.00000,112.69215
2026-09-06 17:20:00,VIC1,5651.70000,423.35878,560.85478,420.18605,560.85478
2026-09-06 17:25:00,NSW1,7761.66000,192.63358,230.10655,192.63358,230.10655
2026-09-06 17:25:00,QLD1,7196.18000,294.58279,791.82575,294.58279,791.82575
2026-09-06 17:25:00,SA1,1145.40000,147.11245,292.79067,147.11245,292.79067
2026-09-06 17:25:00,TAS1,1070.51000,0.00000,120.10903,0.00000,120.10903
2026-09-06 17:25:00,VIC1,5758.09000,342.25594,543.71374,340.57412,543.71374
2026-09-06 17:30:00,NSW1,7830.28000,101.10435,235.19872,101.10435,235.19872
2026-09-06 17:30:00,QLD1,7195.38000,181.02238,793.64539,181.02238,793.64539
2026-09-06 17:30:00,SA1,1187.91000,135.77091,310.54945,135.77091,310.54945
2026-09-06 17:30:00,TAS1,1075.28000,0.00000,127.57374,0.00000,127.57374
2026-09-06 17:30:00,VIC1,5839.94000,246.81424,553.67223,246.81424,553.67223
2026-09-06 17:35:00,NSW1,7938.38000,39.04700,239.51251,39.04700,239.51251
2026-09-06 17:35:00,QLD1,7206.47000,101.67815,811.57526,101.67815,811.57526
2026-09-06 17:35:00,SA1,1212.85000,117.79581,320.20236,117.79581,320.20236
2026-09-06 17:35:00,TAS1,1089.17000,0.00000,125.09151,0.00000,125.09151
2026-09-06 17:35:00,VIC1,5934.33000,197.14727,515.11336,197.14727,515.11336
2026-09-06 17:40:00,NSW1,7903.18000,24.08446,238.25914,24.08446,238.25914
2026-09-06 17:40:00,QLD1,7252.53000,62.48423,818.49394,62.48423,818.49394
2026-09-06 17:40:00,SA1,1251.38000,100.21872,312.00274,100.21872,312.00274
2026-09-06 17:40:00,TAS1,1103.47000,0.00000,116.56909,0.00000,116.56909
2026-09-06 17:40:00,VIC1,6001.16000,137.67215,515.57406,137.67215,515.57406
2026-09-06 17:45:00,NSW1,7994.15000,16.38851,260.11501,16.38851,260.11501
2026-09-06 17:45:00,QLD1,7268.92000,32.01798,835.74355,32.01798,835.74355
2026-09-06 17:45:00,SA1,1282.40000,86.38481,323.88941,86.38481,323.88941
2026-09-06 17:45:00,TAS1,1109.60000,0.00000,102.67389,0.00000,102.67389
2026-09-06 17:45:00,VIC1,6043.36000,85.35083,493.40544,85.35083,493.40544
2026-09-06 17:50:00,NSW1,7925.71000,5.03025,264.46298,5.03025,264.46298
2026-09-06 17:50:00,QLD1,7284.21000,12.46931,848.97437,12.46931,848.97437
2026-09-06 17:50:00,SA1,1317.74000,71.99973,331.93578,71.99973,331.93578
2026-09-06 17:50:00,TAS1,1117.14000,0.00000,100.14816,0.00000,100.14816
2026-09-06 17:50:00,VIC1,6101.32000,52.20248,479.67013,52.20248,479.67013
2026-09-06 17:55:00,NSW1,8041.87000,0.65409,268.42288,0.65409,268.42288
2026-09-06 17:55:00,QLD1,7365.82000,4.56316,843.94201,4.56316,843.94201
2026-09-06 17:55:00,SA1,1354.61000,57.08418,339.21426,57.08418,339.21426
2026-09-06 17:55:00,TAS1,1130.67000,0.00000,101.13613,0.00000,101.13613
2026-09-06 17:55:00,VIC1,6139.24000,23.80630,457.93365,23.80630,457.93365
2026-09-06 18:00:00,NSW1,8158.83000,0.21909,272.18038,0.21909,272.18038
2026-09-06 18:00:00,QLD1,7386.25000,2.38900,869.71876,2.38900,869.71876
2026-09-06 18:00:00,SA1,1387.56000,42.95801,358.45500,42.95801,358.45500
2026-09-06 18:00:00,TAS1,1143.98000,0.00000,98.54930,0.00000,98.54930
2026-09-06 18:00:00,VIC1,6113.09000,11.16598,469.69011,11.16598,469.69011
2026-09-06 18:05:00,NSW1,8040.09000,0.00000,278.74982,0.00000,278.74982
2026-09-06 18:05:00,QLD1,7318.33000,0.56700,902.82064,0.56700,902.82064
2026-09-06 18:05:00,SA1,1408.85000,26.65145,379.51199,26.65145,379.51199
2026-09-06 18:05:00,TAS1,1144.15000,0.00000,90.76674,0.00000,90.76674
2026-09-06 18:05:00,VIC1,6222.52000,6.53200,461.17182,6.53200,461.17182
2026-09-06 18:10:00,NSW1,8068.22000,0.00000,285.76021,0.00000,285.76021
2026-09-06 18:10:00,QLD1,7305.21000,0.29000,942.80390,0.29000,942.80390
2026-09-06 18:10:00,SA1,1422.77000,16.59645,367.95702,16.59645,367.95702
2026-09-06 18:10:00,TAS1,1149.78000,0.00000,84.17827,0.00000,84.17827
2026-09-06 18:10:00,VIC1,6134.29000,1.50000,445.89277,1.50000,445.89277
2026-09-06 18:15:00,NSW1,8142.23000,0.00000,303.12748,0.00000,303.12748
2026-09-06 18:15:00,QLD1,7350.05000,0.29000,956.64381,0.29000,956.64381
2026-09-06 18:15:00,SA1,1455.30000,11.77555,390.94080,11.77555,390.94080
2026-09-06 18:15:00,TAS1,1158.12000,0.00000,78.30394,0.00000,78.30394
2026-09-06 18:15:00,VIC1,6184.78000,0.95600,445.49522,0.95600,445.49522
2026-09-06 18:20:00,NSW1,8270.23000,0.00000,308.57120,0.00000,308.57120
2026-09-06 18:20:00,QLD1,7325.21000,0.29000,970.08350,0.29000,970.08350
2026-09-06 18:20:00,SA1,1480.64000,4.43873,404.62076,4.43873,404.62076
2026-09-06 18:20:00,TAS1,1164.66000,0.00000,78.28375,0.00000,78.28375
2026-09-06 18:20:00,VIC1,6251.05000,0.00000,430.33763,0.00000,430.33763
2026-09-06 18:25:00,NSW1,8278.82000,0.00000,295.08212,0.00000,295.08212
2026-09-06 18:25:00,QLD1,7324.36000,0.29000,981.25267,0.29000,981.25267
2026-09-06 18:25:00,SA1,1497.89000,2.90700,417.09056,2.90700,417.09056
2026-09-06 18:25:00,TAS1,1162.33000,0.00000,83.16495,0.00000,83.16495
2026-09-06 18:25:00,VIC1,6344.25000,0.00000,401.23204,0.00000,401.23204
2026-09-06 18:30:00,NSW1,8261.16000,0.00000,277.73864,0.00000,277.73864
2026-09-06 18:30:00,QLD1,7344.32000,0.29000,965.41637,0.29000,965.41637
2026-09-06 18:30:00,SA1,1512.14000,0.18782,479.55318,0.18782,479.55318
2026-09-06 18:30:00,TAS1,1167.72000,0.00000,81.18552,0.00000,81.18552
2026-09-06 18:30:00,VIC1,6301.02000,0.00000,413.24082,0.00000,413.24082
2026-09-06 18:35:00,NSW1,8223.16000,0.00000,268.77093,0.00000,268.77093
2026-09-06 18:35:00,QLD1,7314.57000,0.29000,961.81560,0.29000,961.81560
2026-09-06 18:35:00,SA1,1499.29000,0.61600,507.00183,0.61600,507.00183
2026-09-06 18:35:00,TAS1,1164.55000,0.00000,81.99714,0.00000,81.99714
2026-09-06 18:35:00,VIC1,6338.19000,0.00000,398.98131,0.00000,398.98131
2026-09-06 18:40:00,NSW1,8253.15000,0.00000,273.70345,0.00000,273.70345
2026-09-06 18:40:00,QLD1,7251.72000,0.29000,968.85531,0.29000,968.85531
2026-09-06 18:40:00,SA1,1511.81000,0.03300,539.42187,0.03300,539.42187
2026-09-06 18:40:00,TAS1,1160.01000,0.00000,82.53758,0.00000,82.53758
2026-09-06 18:40:00,VIC1,6369.40000,0.00000,398.37635,0.00000,398.37635
2026-09-06 18:45:00,NSW1,8316.67000,0.00000,277.03595,0.00000,277.03595
2026-09-06 18:45:00,QLD1,7243.34000,0.29000,984.26816,0.29000,984.26816
2026-09-06 18:45:00,SA1,1565.79000,0.03500,542.61586,0.03500,542.61586
2026-09-06 18:45:00,TAS1,1161.93000,0.00000,87.22203,0.00000,87.22203
2026-09-06 18:45:00,VIC1,6378.48000,0.00000,422.53719,0.00000,422.53719
2026-09-06 18:50:00,NSW1,8152.86000,0.00000,240.78829,0.00000,240.78829
2026-09-06 18:50:00,QLD1,7237.34000,0.29000,953.93366,0.29000,953.93366
2026-09-06 18:50:00,SA1,1573.58000,0.03500,518.76699,0.03500,518.76699
2026-09-06 18:50:00,TAS1,1167.89000,0.00000,98.41228,0.00000,98.41228
2026-09-06 18:50:00,VIC1,6263.42000,0.00000,431.53473,0.00000,431.53473
2026-09-06 18:55:00,NSW1,8090.29000,0.00000,246.02201,0.00000,246.02201
2026-09-06 18:55:00,QLD1,7216.78000,0.29000,995.04297,0.29000,995.04297
2026-09-06 18:55:00,SA1,1572.58000,0.03500,551.63221,0.03500,551.63221
2026-09-06 18:55:00,TAS1,1153.19000,0.00000,103.43884,0.00000,103.43884
2026-09-06 18:55:00,VIC1,6272.49000,0.00000,464.80706,0.00000,464.80706
2026-09-06 19:00:00,NSW1,8193.57000,0.00000,247.73967,0.00000,247.73967
2026-09-06 19:00:00,QLD1,7149.12000,0.29000,977.70304,0.29000,977.70304
2026-09-06 19:00:00,SA1,1585.09000,0.00200,557.70622,0.00200,557.70622
2026-09-06 19:00:00,TAS1,1156.74000,0.00000,106.78481,0.00000,106.78481
2026-09-06 19:00:00,VIC1,6331.12000,0.00000,482.47727,0.00000,482.47727
2026-09-06 19:05:00,NSW1,8164.07000,0.00000,244.57575,0.00000,244.57575
2026-09-06 19:05:00,QLD1,7171.99000,0.29000,1005.56587,0.29000,1005.56587
2026-09-06 19:05:00,SA1,1584.67000,0.00200,572.75018,0.00200,572.75018
2026-09-06 19:05:00,TAS1,1157.65000,0.00000,114.64998,0.00000,114.64998
2026-09-06 19:05:00,VIC1,6328.07000,0.00000,499.34968,0.00000,499.34968
2026-09-06 19:10:00,NSW1,8042.01000,0.00000,214.19745,0.00000,214.19745
2026-09-06 19:10:00,QLD1,7104.95000,0.29000,1017.45538,0.29000,1017.45538
2026-09-06 19:10:00,SA1,1591.38000,0.00000,589.64463,0.00000,589.64463
2026-09-06 19:10:00,TAS1,1153.48000,0.00000,129.50145,0.00000,129.50145
2026-09-06 19:10:00,VIC1,6225.13000,0.00000,534.95280,0.00000,534.95280
2026-09-06 19:15:00,NSW1,8090.50000,0.00000,212.25361,0.00000,212.25361
2026-09-06 19:15:00,QLD1,7066.68000,0.29000,1025.45873,0.29000,1025.45873
2026-09-06 19:15:00,SA1,1584.55000,0.00000,603.72279,0.00000,603.72279
2026-09-06 19:15:00,TAS1,1154.55000,0.00000,138.79959,0.00000,138.79959
2026-09-06 19:15:00,VIC1,6229.88000,0.00000,541.32445,0.00000,541.32445
2026-09-06 19:20:00,NSW1,8131.70000,0.00000,205.75872,0.00000,205.75872
2026-09-06 19:20:00,QLD1,7055.17000,0.29000,1049.53811,0.29000,1049.53811
2026-09-06 19:20:00,SA1,1582.36000,0.00000,610.57093,0.00000,610.57093
2026-09-06 19:20:00,TAS1,1157.73000,0.00000,136.33653,0.00000,136.33653
2026-09-06 19:20:00,VIC1,6211.67000,0.00000,555.71545,0.00000,555.71545
2026-09-06 19:25:00,NSW1,8086.33000,0.00000,190.88722,0.00000,190.88722
2026-09-06 19:25:00,QLD1,6948.92000,0.29000,1084.52364,0.29000,1084.52364
2026-09-06 19:25:00,SA1,1569.28000,0.00000,621.14025,0.00000,621.14025
2026-09-06 19:25:00,TAS1,1148.81000,0.00000,137.11746,0.00000,137.11746
2026-09-06 19:25:00,VIC1,6224.09000,0.00000,562.56337,0.00000,562.56337
2026-09-06 19:30:00,NSW1,8055.26000,0.00000,194.18406,0.00000,194.18406
2026-09-06 19:30:00,QLD1,6984.85000,0.29000,1085.05282,0.29000,1085.05282
2026-09-06 19:30:00,SA1,1557.18000,0.00000,597.01105,0.00000,597.01105
2026-09-06 19:30:00,TAS1,1141.33000,0.00000,145.23814,0.00000,145.23814
2026-09-06 19:30:00,VIC1,6266.97000,0.00000,569.95765,0.00000,569.95765
2026-09-06 19:35:00,NSW1,8101.28000,0.00000,173.64630,0.00000,173.64630
2026-09-06 19:35:00,QLD1,6944.92000,0.29000,1078.94140,0.29000,1078.94140
2026-09-06 19:35:00,SA1,1577.39000,0.00000,585.88387,0.00000,585.88387
2026-09-06 19:35:00,TAS1,1123.60000,0.00000,155.15268,0.00000,155.15268
2026-09-06 19:35:00,VIC1,6226.75000,0.00000,578.00045,0.00000,578.00045
2026-09-06 19:40:00,NSW1,8054.84000,0.00000,169.89694,0.00000,169.89694
2026-09-06 19:40:00,QLD1,6913.61000,0.00000,1068.68692,0.00000,1068.68692
2026-09-06 19:40:00,SA1,1594.21000,0.00000,578.32883,0.00000,578.32883
2026-09-06 19:40:00,TAS1,1128.63000,0.00000,153.17331,0.00000,153.17331
2026-09-06 19:40:00,VIC1,6244.68000,0.00000,590.19097,0.00000,590.19097
2026-09-06 19:45:00,NSW1,8046.50000,0.00000,161.71687,0.00000,161.71687
2026-09-06 19:45:00,QLD1,6886.13000,0.29000,1006.99389,0.29000,1006.99389
2026-09-06 19:45:00,SA1,1560.29000,0.00000,552.09436,0.00000,552.09436
2026-09-06 19:45:00,TAS1,1125.27000,0.00000,151.59748,0.00000,151.59748
2026-09-06 19:45:00,VIC1,6232.22000,0.00000,594.49181,0.00000,594.49181
2026-09-06 19:50:00,NSW1,8016.59000,0.00000,136.52400,0.00000,136.52400
2026-09-06 19:50:00,QLD1,6869.78000,0.29000,1002.18591,0.29000,1002.18591
2026-09-06 19:50:00,SA1,1561.18000,0.00000,559.97739,0.00000,559.97739
2026-09-06 19:50:00,TAS1,1123.01000,0.00000,144.61752,0.00000,144.61752
2026-09-06 19:50:00,VIC1,6125.63000,0.00000,585.08669,0.00000,585.08669
2026-09-06 19:55:00,NSW1,7995.73000,0.00000,115.64103,0.00000,115.64103
2026-09-06 19:55:00,QLD1,6883.14000,0.29000,978.31148,0.29000,978.31148
2026-09-06 19:55:00,SA1,1568.88000,0.00000,566.63185,0.00000,566.63185
2026-09-06 19:55:00,TAS1,1112.72000,0.00000,159.17397,0.00000,159.17397
2026-09-06 19:55:00,VIC1,6117.13000,0.00000,560.02374,0.00000,560.02374
2026-09-06 20:00:00,NSW1,7987.25000,0.00000,101.91669,0.00000,101.91669
2026-09-06 20:00:00,QLD1,6860.24000,0.29000,955.44213,0.29000,955.44213
2026-09-06 20:00:00,SA1,1556.36000,0.00000,571.99375,0.00000,571.99375
2026-09-06 20:00:00,TAS1,1115.06000,0.00000,163.62347,0.00000,163.62347
2026-09-06 20:00:00,VIC1,6128.11000,0.00000,557.04066,0.00000,557.04066
2026-09-06 20:05:00,NSW1,7994.17000,0.00000,89.67050,0.00000,89.67050
2026-09-06 20:05:00,QLD1,6832.89000,0.29000,937.78388,0.29000,937.78388
2026-09-06 20:05:00,SA1,1539.33000,0.00000,559.47839,0.00000,559.47839
2026-09-06 20:05:00,TAS1,1131.79000,0.00000,141.82993,0.00000,141.82993
2026-09-06 20:05:00,VIC1,6079.51000,0.00000,545.37298,0.00000,545.37298
2026-09-06 20:10:00,NSW1,7961.27000,0.00000,92.21511,0.00000,92.21511
2026-09-06 20:10:00,QLD1,6835.71000,0.29000,935.60472,0.29000,935.60472
2026-09-06 20:10:00,SA1,1550.87000,0.00000,561.96948,0.00000,561.96948
2026-09-06 20:10:00,TAS1,1136.70000,0.00000,143.61601,0.00000,143.61601
2026-09-06 20:10:00,VIC1,6073.12000,0.00000,488.02503,0.00000,488.02503
2026-09-06 20:15:00,NSW1,7998.09000,0.00000,88.00450,0.00000,88.00450
2026-09-06 20:15:00,QLD1,6836.61000,0.29000,939.69052,0.29000,939.69052
2026-09-06 20:15:00,SA1,1511.59000,0.00000,564.40758,0.00000,564.40758
2026-09-06 20:15:00,TAS1,1132.77000,0.00000,148.07404,0.00000,148.07404
2026-09-06 20:15:00,VIC1,6142.98000,0.00000,454.87769,0.00000,454.87769
2026-09-06 20:20:00,NSW1,7965.30000,0.00000,88.88941,0.00000,88.88941
2026-09-06 20:20:00,QLD1,6834.72000,0.29000,921.00067,0.29000,921.00067
2026-09-06 20:20:00,SA1,1526.91000,0.00000,587.48246,0.00000,587.48246
2026-09-06 20:20:00,TAS1,1109.39000,0.00000,158.05616,0.00000,158.05616
2026-09-06 20:20:00,VIC1,6118.40000,0.00000,421.81090,0.00000,421.81090
2026-09-06 20:25:00,NSW1,7974.03000,0.00000,89.13237,0.00000,89.13237
2026-09-06 20:25:00,QLD1,6723.01000,0.29000,913.25543,0.29000,913.25543
2026-09-06 20:25:00,SA1,1507.26000,0.00000,598.91355,0.00000,598.91355
2026-09-06 20:25:00,TAS1,1117.50000,0.00000,184.04654,0.00000,184.04654
2026-09-06 20:25:00,VIC1,6004.74000,0.00000,392.18801,0.00000,392.18801
2026-09-06 20:30:00,NSW1,7931.58000,0.00000,87.00672,0.00000,87.00672
2026-09-06 20:30:00,QLD1,6736.43000,0.29000,905.46996,0.29000,905.46996
2026-09-06 20:30:00,SA1,1516.22000,0.00000,569.68421,0.00000,569.68421
2026-09-06 20:30:00,TAS1,1112.29000,0.00000,188.38982,0.00000,188.38982
2026-09-06 20:30:00,VIC1,6063.25000,0.00000,365.13242,0.00000,365.13242
2026-09-06 20:35:00,NSW1,7973.96000,0.00000,78.66431,0.00000,78.66431
2026-09-06 20:35:00,QLD1,6686.67000,0.00000,872.71822,0.00000,872.71822
2026-09-06 20:35:00,SA1,1503.99000,0.00000,551.78117,0.00000,551.78117
2026-09-06 20:35:00,TAS1,1102.19000,0.00000,194.69961,0.00000,194.69961
2026-09-06 20:35:00,VIC1,6027.88000,0.00000,365.34030,0.00000,365.34030
2026-09-06 20:40:00,NSW1,7900.81000,0.00000,83.91657,0.00000,83.91657
2026-09-06 20:40:00,QLD1,6795.17000,0.29000,871.98160,0.29000,871.98160
2026-09-06 20:40:00,SA1,1506.60000,0.00000,601.78441,0.00000,601.78441
2026-09-06 20:40:00,TAS1,1107.27000,0.00000,175.30863,0.00000,175.30863
2026-09-06 20:40:00,VIC1,6045.57000,0.00000,379.53075,0.00000,379.53075
2026-09-06 20:45:00,NSW1,7765.05000,0.00000,72.21796,0.00000,72.21796
2026-09-06 20:45:00,QLD1,6739.31000,0.29000,876.90812,0.29000,876.90812
2026-09-06 20:45:00,SA1,1505.05000,0.00000,550.54574,0.00000,550.54574
2026-09-06 20:45:00,TAS1,1089.30000,0.00000,179.86279,0.00000,179.86279
2026-09-06 20:45:00,VIC1,6009.53000,0.00000,356.46539,0.00000,356.46539
2026-09-06 20:50:00,NSW1,7671.46000,0.00000,66.11663,0.00000,66.11663
2026-09-06 20:50:00,QLD1,6710.99000,0.29000,867.55125,0.29000,867.55125
2026-09-06 20:50:00,SA1,1513.33000,0.00000,548.14996,0.00000,548.14996
2026-09-06 20:50:00,TAS1,1082.07000,0.00000,197.81135,0.00000,197.81135
2026-09-06 20:50:00,VIC1,5959.10000,0.00000,362.72676,0.00000,362.72676
2026-09-06 20:55:00,NSW1,7704.84000,0.00000,66.65710,0.00000,66.65710
2026-09-06 20:55:00,QLD1,6768.74000,0.29000,866.30492,0.29000,866.30492
2026-09-06 20:55:00,SA1,1516.55000,0.00000,538.81653,0.00000,538.81653
2026-09-06 20:55:00,TAS1,1090.97000,0.00000,207.92225,0.00000,207.92225
2026-09-06 20:55:00,VIC1,5927.98000,0.00000,367.02319,0.00000,367.02319
2026-09-06 21:00:00,NSW1,7766.83000,0.00000,68.58345,0.00000,68.58345
2026-09-06 21:00:00,QLD1,6713.26000,0.29000,859.92267,0.29000,859.92267
2026-09-06 21:00:00,SA1,1501.66000,0.00000,498.58029,0.00000,498.58029
2026-09-06 21:00:00,TAS1,1096.25000,0.00000,213.23563,0.00000,213.23563
2026-09-06 21:00:00,VIC1,5882.03000,0.00000,366.91435,0.00000,366.91435
2026-09-06 21:05:00,NSW1,7773.72000,0.00000,67.49205,0.00000,67.49205
2026-09-06 21:05:00,QLD1,6668.17000,0.29000,856.66853,0.29000,856.66853
2026-09-06 21:05:00,SA1,1520.95000,0.00000,498.66206,0.00000,498.66206
2026-09-06 21:05:00,TAS1,1086.52000,0.00000,211.11331,0.00000,211.11331
2026-09-06 21:05:00,VIC1,5877.68000,0.00000,347.55871,0.00000,347.55871
2026-09-06 21:10:00,NSW1,7740.87000,0.00000,65.85285,0.00000,65.85285
2026-09-06 21:10:00,QLD1,6729.11000,0.29000,841.45346,0.29000,841.45346
2026-09-06 21:10:00,SA1,1492.67000,0.00000,483.64211,0.00000,483.64211
2026-09-06 21:10:00,TAS1,1086.90000,0.00000,215.49002,0.00000,215.49002
2026-09-06 21:10:00,VIC1,5918.25000,0.00000,364.11215,0.00000,364.11215
2026-09-06 21:15:00,NSW1,7760.35000,0.00000,64.12227,0.00000,64.12227
2026-09-06 21:15:00,QLD1,6701.20000,0.29000,815.52215,0.29000,815.52215
2026-09-06 21:15:00,SA1,1506.45000,0.00000,488.76824,0.00000,488.76824
2026-09-06 21:15:00,TAS1,1080.36000,0.00000,211.56891,0.00000,211.56891
2026-09-06 21:15:00,VIC1,5934.81000,0.00000,374.36964,0.00000,374.36964
2026-09-06 21:20:00,NSW1,7713.11000,0.00000,70.21891,0.00000,70.21891
2026-09-06 21:20:00,QLD1,6616.81000,0.29000,814.09637,0.29000,814.09637
2026-09-06 21:20:00,SA1,1470.42000,0.00000,502.72836,0.00000,502.72836
2026-09-06 21:20:00,TAS1,1069.26000,0.00000,237.58074,0.00000,237.58074
2026-09-06 21:20:00,VIC1,5880.56000,0.00000,365.49727,0.00000,365.49727
2026-09-06 21:25:00,NSW1,7594.57000,0.00000,77.28791,0.00000,77.28791
2026-09-06 21:25:00,QLD1,6650.96000,0.29000,793.07196,0.29000,793.07196
2026-09-06 21:25:00,SA1,1459.09000,0.00000,491.06672,0.00000,491.06672
2026-09-06 21:25:00,TAS1,1069.40000,0.00000,241.58131,0.00000,241.58131
2026-09-06 21:25:00,VIC1,5878.76000,0.00000,376.07285,0.00000,376.07285
2026-09-06 21:30:00,NSW1,7587.43000,0.00000,79.40880,0.00000,79.40880
2026-09-06 21:30:00,QLD1,6641.65000,0.29000,756.23851,0.29000,756.23851
2026-09-06 21:30:00,SA1,1470.70000,0.00000,515.73420,0.00000,515.73420
2026-09-06 21:30:00,TAS1,1077.43000,0.00000,238.14281,0.00000,238.14281
2026-09-06 21:30:00,VIC1,5853.15000,0.00000,399.64718,0.00000,399.64718
2026-09-06 21:35:00,NSW1,7671.04000,0.00000,81.47010,0.00000,81.47010
2026-09-06 21:35:00,QLD1,6593.33000,0.29000,775.28129,0.29000,775.28129
2026-09-06 21:35:00,SA1,1451.46000,0.00000,522.41361,0.00000,522.41361
2026-09-06 21:35:00,TAS1,1075.63000,0.00000,247.47705,0.00000,247.47705
2026-09-06 21:35:00,VIC1,5869.65000,0.00000,413.99344,0.00000,413.99344
2026-09-06 21:40:00,NSW1,7642.47000,0.00000,76.96560,0.00000,76.96560
2026-09-06 21:40:00,QLD1,6634.12000,0.29000,797.94887,0.29000,797.94887
2026-09-06 21:40:00,SA1,1479.37000,0.00000,528.80652,0.00000,528.80652
2026-09-06 21:40:00,TAS1,1065.02000,0.00000,243.41927,0.00000,243.41927
2026-09-06 21:40:00,VIC1,5728.63000,0.00000,425.22680,0.00000,425.22680
2026-09-06 21:45:00,NSW1,7498.66000,0.00000,76.21359,0.00000,76.21359
2026-09-06 21:45:00,QLD1,6561.43000,0.00000,824.19043,0.00000,824.19043
2026-09-06 21:45:00,SA1,1441.40000,0.00000,523.96119,0.00000,523.96119
2026-09-06 21:45:00,TAS1,1067.25000,0.00000,248.98906,0.00000,248.98906
2026-09-06 21:45:00,VIC1,5697.10000,0.00000,467.99649,0.00000,467.99649
2026-09-06 21:50:00,NSW1,7545.19000,0.00000,77.26587,0.00000,77.26587
2026-09-06 21:50:00,QLD1,6431.22000,0.29000,891.26052,0.29000,891.26052
2026-09-06 21:50:00,SA1,1456.69000,0.00000,513.23291,0.00000,513.23291
2026-09-06 21:50:00,TAS1,1050.35000,0.00000,240.10432,0.00000,240.10432
2026-09-06 21:50:00,VIC1,5712.42000,0.00000,524.87195,0.00000,524.87195
2026-09-06 21:55:00,NSW1,7491.11000,0.00000,79.50246,0.00000,79.50246
2026-09-06 21:55:00,QLD1,6412.92000,0.29000,934.38009,0.29000,934.38009
2026-09-06 21:55:00,SA1,1446.40000,0.00000,511.97712,0.00000,511.97712
2026-09-06 21:55:00,TAS1,1033.15000,0.00000,237.84851,0.00000,237.84851
2026-09-06 21:55:00,VIC1,5674.00000,0.00000,532.11796,0.00000,532.11796
2026-09-06 22:00:00,NSW1,7477.13000,0.00000,72.73878,0.00000,72.73878
2026-09-06 22:00:00,QLD1,6396.10000,0.29000,989.54700,0.29000,989.54700
2026-09-06 22:00:00,SA1,1439.72000,0.00000,521.90757,0.00000,521.90757
2026-09-06 22:00:00,TAS1,1039.84000,0.00000,241.01877,0.00000,241.01877
2026-09-06 22:00:00,VIC1,5618.24000,0.00000,546.21368,0.00000,546.21368
2026-09-06 22:05:00,NSW1,7384.70000,0.00000,66.06738,0.00000,66.06738
2026-09-06 22:05:00,QLD1,6257.03000,0.29000,1053.05230,0.29000,1053.05230
2026-09-06 22:05:00,SA1,1431.47000,0.00000,548.45235,0.00000,548.45235
2026-09-06 22:05:00,TAS1,1041.09000,0.00000,234.41377,0.00000,234.41377
2026-09-06 22:05:00,VIC1,5546.70000,0.00000,608.40885,0.00000,608.40885
2026-09-06 22:10:00,NSW1,7534.43000,0.00000,74.14985,0.00000,74.14985
2026-09-06 22:10:00,QLD1,6338.19000,0.29000,1093.64245,0.29000,1093.64245
2026-09-06 22:10:00,SA1,1429.88000,0.00000,567.44286,0.00000,567.44286
2026-09-06 22:10:00,TAS1,1035.97000,0.00000,241.40648,0.00000,241.40648
2026-09-06 22:10:00,VIC1,5563.11000,0.00000,709.47609,0.00000,709.47609
2026-09-06 22:15:00,NSW1,7490.14000,0.00000,67.10603,0.00000,67.10603
2026-09-06 22:15:00,QLD1,6240.93000,0.29000,1145.83436,0.29000,1145.83436
2026-09-06 22:15:00,SA1,1394.64000,0.00000,575.47221,0.00000,575.47221
2026-09-06 22:15:00,TAS1,1024.50000,0.00000,247.26150,0.00000,247.26150
2026-09-06 22:15:00,VIC1,5514.29000,0.00000,772.13364,0.00000,772.13364
2026-09-06 22:20:00,NSW1,7538.07000,0.00000,79.00302,0.00000,79.00302
2026-09-06 22:20:00,QLD1,6247.17000,0.29000,1160.90846,0.29000,1160.90846
2026-09-06 22:20:00,SA1,1401.19000,0.00000,551.09816,0.00000,551.09816
2026-09-06 22:20:00,TAS1,1014.98000,0.00000,233.21230,0.00000,233.21230
2026-09-06 22:20:00,VIC1,5424.60000,0.00000,766.73070,0.00000,766.73070
2026-09-06 22:25:00,NSW1,7406.07000,0.00000,91.65307,0.00000,91.65307
2026-09-06 22:25:00,QLD1,6227.63000,0.29000,1220.35082,0.29000,1220.35082
2026-09-06 22:25:00,SA1,1383.61000,0.00000,539.69893,0.00000,539.69893
2026-09-06 22:25:00,TAS1,1012.24000,0.00000,234.56717,0.00000,234.56717
2026-09-06 22:25:00,VIC1,5430.17000,0.00000,763.94323,0.00000,763.94323
2026-09-06 22:30:00,NSW1,7454.09000,0.00000,107.60861,0.00000,107.60861
2026-09-06 22:30:00,QLD1,6155.27000,0.29000,1260.13126,0.29000,1260.13126
2026-09-06 22:30:00,SA1,1385.94000,0.00000,533.57520,0.00000,533.57520
2026-09-06 22:30:00,TAS1,1007.58000,0.00000,294.52587,0.00000,294.52587
2026-09-06 22:30:00,VIC1,5455.29000,0.00000,855.69827,0.00000,855.69827
2026-09-06 22:35:00,NSW1,7422.65000,0.00000,122.99432,0.00000,122.99432
2026-09-06 22:35:00,QLD1,6081.02000,0.29000,1302.55517,0.29000,1302.55517
2026-09-06 22:35:00,SA1,1380.10000,0.00000,508.53913,0.00000,508.53913
2026-09-06 22:35:00,TAS1,985.06000,0.00000,289.89132,0.00000,289.89132
2026-09-06 22:35:00,VIC1,5388.52000,0.00000,932.54410,0.00000,932.54410
2026-09-06 22:40:00,NSW1,7453.89000,0.00000,181.87999,0.00000,181.87999
2026-09-06 22:40:00,QLD1,6058.69000,0.29000,1353.44308,0.29000,1353.44308
2026-09-06 22:40:00,SA1,1370.90000,0.00000,514.05983,0.00000,514.05983
2026-09-06 22:40:00,TAS1,992.39000,0.00000,273.13105,0.00000,273.13105
2026-09-06 22:40:00,VIC1,5347.48000,0.00000,899.98690,0.00000,899.98690
2026-09-06 22:45:00,NSW1,7411.37000,0.00000,182.82411,0.00000,182.82411
2026-09-06 22:45:00,QLD1,6000.51000,0.29000,1354.38122,0.29000,1354.38122
2026-09-06 22:45:00,SA1,1349.89000,0.00000,503.93379,0.00000,503.93379
2026-09-06 22:45:00,TAS1,984.33000,0.00000,279.12558,0.00000,279.12558
2026-09-06 22:45:00,VIC1,5344.61000,0.00000,883.83695,0.00000,883.83695
2026-09-06 22:50:00,NSW1,7250.60000,0.00000,225.81308,0.00000,225.81308
2026-09-06 22:50:00,QLD1,6042.14000,0.29000,1351.83489,0.29000,1351.83489
2026-09-06 22:50:00,SA1,1335.63000,0.00000,495.98484,0.00000,495.98484
2026-09-06 22:50:00,TAS1,974.55000,0.00000,282.27200,0.00000,282.27200
2026-09-06 22:50:00,VIC1,5348.40000,0.00000,867.72592,0.00000,867.72592
2026-09-06 22:55:00,NSW1,7380.23000,0.00000,250.83517,0.00000,250.83517
2026-09-06 22:55:00,QLD1,6032.62000,0.29000,1378.81973,0.29000,1378.81973
2026-09-06 22:55:00,SA1,1319.06000,0.00000,505.26592,0.00000,505.26592
2026-09-06 22:55:00,TAS1,959.44000,0.00000,270.75380,0.00000,270.75380
2026-09-06 22:55:00,VIC1,5284.28000,0.00000,853.47661,0.00000,853.47661
2026-09-06 23:00:00,NSW1,7294.79000,0.00000,253.30459,0.00000,253.30459
2026-09-06 23:00:00,QLD1,5920.40000,0.29000,1387.85649,0.29000,1387.85649
2026-09-06 23:00:00,SA1,1315.44000,0.00000,525.28270,0.00000,525.28270
2026-09-06 23:00:00,TAS1,958.70000,0.00000,246.63123,0.00000,246.63123
2026-09-06 23:00:00,VIC1,5210.69000,0.00000,883.56127,0.00000,883.56127
2026-09-06 23:05:00,NSW1,7315.80000,0.00000,271.17332,0.00000,271.17332
2026-09-06 23:05:00,QLD1,5953.27000,0.29000,1390.63641,0.29000,1390.63641
2026-09-06 23:05:00,SA1,1312.45000,0.00000,541.69621,0.00000,541.69621
2026-09-06 23:05:00,TAS1,958.26000,0.00000,233.90497,0.00000,233.90497
2026-09-06 23:05:00,VIC1,5231.28000,0.00000,852.56998,0.00000,852.56998
2026-09-06 23:10:00,NSW1,7307.10000,0.00000,279.35611,0.00000,279.35611
2026-09-06 23:10:00,QLD1,5905.74000,0.29000,1399.79135,0.29000,1399.79135
2026-09-06 23:10:00,SA1,1314.43000,0.00000,561.96279,0.00000,561.96279
2026-09-06 23:10:00,TAS1,972.12000,0.00000,219.68017,0.00000,219.68017
2026-09-06 23:10:00,VIC1,5350.28000,0.00000,852.67193,0.00000,852.67193
2026-09-06 23:15:00,NSW1,7280.03000,0.00000,286.99677,0.00000,286.99677
2026-09-06 23:15:00,QLD1,5899.16000,0.29000,1428.21992,0.29000,1428.21992
2026-09-06 23:15:00,SA1,1271.37000,0.00000,573.71983,0.00000,573.71983
2026-09-06 23:15:00,TAS1,979.52000,0.00000,227.88177,0.00000,227.88177
2026-09-06 23:15:00,VIC1,5338.17000,0.00000,837.16182,0.00000,837.16182
2026-09-06 23:20:00,NSW1,7217.32000,0.00000,298.39610,0.00000,298.39610
2026-09-06 23:20:00,QLD1,5851.24000,0.29000,1430.18930,0.29000,1430.18930
2026-09-06 23:20:00,SA1,1295.44000,0.00000,608.07532,0.00000,606.20320
2026-09-06 23:20:00,TAS1,956.99000,0.00000,217.10616,0.00000,217.10616
2026-09-06 23:20:00,VIC1,5298.46000,0.00000,865.92391,0.00000,865.92391
2026-09-06 23:25:00,NSW1,7245.50000,0.00000,324.31120,0.00000,324.31120
2026-09-06 23:25:00,QLD1,5881.48000,0.29000,1429.74671,0.29000,1429.74671
2026-09-06 23:25:00,SA1,1298.20000,0.00000,542.00773,0.00000,542.00773
2026-09-06 23:25:00,TAS1,952.51000,0.00000,222.10741,0.00000,222.10741
2026-09-06 23:25:00,VIC1,5343.92000,0.00000,912.71984,0.00000,912.71984
2026-09-06 23:30:00,NSW1,7165.02000,0.00000,305.59440,0.00000,305.59440
2026-09-06 23:30:00,QLD1,5867.09000,0.29000,1451.49616,0.29000,1451.49616
2026-09-06 23:30:00,SA1,1330.11000,0.00000,501.12419,0.00000,501.12419
2026-09-06 23:30:00,TAS1,960.09000,0.00000,229.69733,0.00000,229.69733
2026-09-06 23:30:00,VIC1,5360.43000,0.00000,934.23812,0.00000,934.23812
2026-09-06 23:35:00,NSW1,7200.84000,0.00000,306.28380,0.00000,306.28380
2026-09-06 23:35:00,QLD1,5802.48000,0.29000,1471.84857,0.29000,1471.84857
2026-09-06 23:35:00,SA1,1338.41000,0.00000,462.55960,0.00000,462.55960
2026-09-06 23:35:00,TAS1,951.36000,0.00000,231.63209,0.00000,231.63209
2026-09-06 23:35:00,VIC1,5324.46000,0.00000,943.73871,0.00000,943.73871
2026-09-06 23:40:00,NSW1,7130.16000,0.00000,322.97091,0.00000,322.97091
2026-09-06 23:40:00,QLD1,5838.42000,0.29000,1460.70325,0.29000,1460.70325
2026-09-06 23:40:00,SA1,1368.13000,0.00000,445.57942,0.00000,445.57942
2026-09-06 23:40:00,TAS1,927.36000,0.00000,238.49384,0.00000,238.49384
2026-09-06 23:40:00,VIC1,5189.44000,0.00000,942.05917,0.00000,930.44975
2026-09-06 23:45:00,NSW1,7022.30000,0.00000,325.79642,0.00000,325.79642
2026-09-06 23:45:00,QLD1,5839.92000,0.29000,1483.77941,0.29000,1483.77941
2026-09-06 23:45:00,SA1,1343.39000,0.00000,460.64119,0.00000,460.64119
2026-09-06 23:45:00,TAS1,937.53000,0.00000,238.72182,0.00000,238.72182
2026-09-06 23:45:00,VIC1,5184.00000,0.00000,959.79470,0.00000,946.49170
2026-09-06 23:50:00,NSW1,7103.70000,0.00000,329.16685,0.00000,329.16685
2026-09-06 23:50:00,QLD1,5791.41000,0.29000,1482.52650,0.29000,1482.52650
2026-09-06 23:50:00,SA1,1324.08000,0.00000,444.83421,0.00000,444.83421
2026-09-06 23:50:00,TAS1,927.90000,0.00000,240.69151,0.00000,240.69151
2026-09-06 23:50:00,VIC1,5213.11000,0.00000,942.60198,0.00000,942.60198
2026-09-06 23:55:00,NSW1,7084.90000,0.00000,327.17329,0.00000,327.17329
2026-09-06 23:55:00,QLD1,5768.35000,0.29000,1506.15191,0.29000,1506.15191
2026-09-06 23:55:00,SA1,1323.11000,0.00000,427.83742,0.00000,427.83742
2026-09-06 23:55:00,TAS1,937.08000,0.00000,236.82532,0.00000,236.82532
2026-09-06 23:55:00,VIC1,5120.80000,0.00000,999.42085,0.00000,988.13719
