"SETTLEMENTDATE","REGIONID","RRP"
2026-08-31 00:00:00,NSW1,93.98190
2026-08-31 00:00:00,QLD1,78.52000
2026-08-31 00:00:00,SA1,92.91045
2026-08-31 00:00:00,TAS1,81.93160
2026-08-31 00:00:00,VIC1,91.31000
2026-08-31 00:05:00,NSW1,94.78583
2026-08-31 00:05:00,QLD1,78.73000
2026-08-31 00:05:00,SA1,93.65067
2026-08-31 00:05:00,TAS1,81.92980
2026-08-31 00:05:00,VIC1,91.31000
2026-08-31 00:10:00,NSW1,95.20000
2026-08-31 00:10:00,QLD1,78.73000
2026-08-31 00:10:00,SA1,94.61724
2026-08-31 00:10:00,TAS1,81.94282
2026-08-31 00:10:00,VIC1,91.31000
2026-08-31 00:15:00,NSW1,101.86695
2026-08-31 00:15:00,QLD1,84.05961
2026-08-31 00:15:00,SA1,101.02000
2026-08-31 00:15:00,TAS1,88.89356
2026-08-31 00:15:00,VIC1,99.06347
2026-08-31 00:20:00,NSW1,99.86494
2026-08-31 00:20:00,QLD1,82.38973
2026-08-31 00:20:00,SA1,101.02000
2026-08-31 00:20:00,TAS1,87.02243
2026-08-31 00:20:00,VIC1,97.28942
2026-08-31 00:25:00,NSW1,94.86972
2026-08-31 00:25:00,QLD1,78.73000
2026-08-31 00:25:00,SA1,96.78971
2026-08-31 00:25:00,TAS1,82.05013
2026-08-31 00:25:00,VIC1,91.73181
2026-08-31 00:30:00,NSW1,95.20000
2026-08-31 00:30:00,QLD1,78.54000
2026-08-31 00:30:00,SA1,98.34126
2026-08-31 00:30:00,TAS1,82.71408
2026-08-31 00:30:00,VIC1,92.78838
2026-08-31 00:35:00,NSW1,94.61017
2026-08-31 00:35:00,QLD1,77.91118
2026-08-31 00:35:00,SA1,96.38452
2026-08-31 00:35:00,TAS1,81.69125
2026-08-31 00:35:00,VIC1,91.31000
2026-08-31 00:40:00,NSW1,99.01000
2026-08-31 00:40:00,QLD1,78.52000
2026-08-31 00:40:00,SA1,101.04013
2026-08-31 00:40:00,TAS1,86.84724
2026-08-31 00:40:00,VIC1,97.08478
2026-08-31 00:45:00,NSW1,99.01000
2026-08-31 00:45:00,QLD1,78.52000
2026-08-31 00:45:00,SA1,101.04013
2026-08-31 00:45:00,TAS1,86.44453
2026-08-31 00:45:00,VIC1,96.62947
2026-08-31 00:50:00,NSW1,99.01000
2026-08-31 00:50:00,QLD1,78.54000
2026-08-31 00:50:00,SA1,101.04013
2026-08-31 00:50:00,TAS1,86.67900
2026-08-31 00:50:00,VIC1,96.56971
2026-08-31 00:55:00,NSW1,99.01000
2026-08-31 00:55:00,QLD1,78.73000
2026-08-31 00:55:00,SA1,101.07634
2026-08-31 00:55:00,TAS1,86.36339
2026-08-31 00:55:00,VIC1,96.51723
2026-08-31 01:00:00,NSW1,96.64513
2026-08-31 01:00:00,QLD1,78.54000
2026-08-31 01:00:00,SA1,101.02000
2026-08-31 01:00:00,TAS1,84.60287
2026-08-31 01:00:00,VIC1,94.54037
2026-08-31 01:05:00,NSW1,116.02218
2026-08-31 01:05:00,QLD1,84.73006
2026-08-31 01:05:00,SA1,130.44000
2026-08-31 01:05:00,TAS1,110.89798
2026-08-31 01:05:00,VIC1,123.51920
2026-08-31 01:10:00,NSW1,99.01000
2026-08-31 01:10:00,QLD1,80.49490
2026-08-31 01:10:00,SA1,130.12104
2026-08-31 01:10:00,TAS1,110.94728
2026-08-31 01:10:00,VIC1,123.99000
2026-08-31 01:15:00,NSW1,84.79000
2026-08-31 01:15:00,QLD1,71.11763
2026-08-31 01:15:00,SA1,100.40312
2026-08-31 01:15:00,TAS1,85.85554
2026-08-31 01:15:00,VIC1,95.33029
2026-08-31 01:20:00,NSW1,91.60393
2026-08-31 01:20:00,QLD1,77.25968
2026-08-31 01:20:00,SA1,96.23885
2026-08-31 01:20:00,TAS1,82.51246
2026-08-31 01:20:00,VIC1,91.31000
2026-08-31 01:25:00,NSW1,92.36033
2026-08-31 01:25:00,QLD1,78.38166
2026-08-31 01:25:00,SA1,95.86350
2026-08-31 01:25:00,TAS1,82.51498
2026-08-31 01:25:00,VIC1,91.31000
2026-08-31 01:30:00,NSW1,94.32805
2026-08-31 01:30:00,QLD1,78.52000
2026-08-31 01:30:00,SA1,22.20000
2026-08-31 01:30:00,TAS1,111.68944
2026-08-31 01:30:00,VIC1,123.99000
2026-08-31 01:35:00,NSW1,83.34000
2026-08-31 01:35:00,QLD1,69.39849
2026-08-31 01:35:00,SA1,86.44000
2026-08-31 01:35:00,TAS1,111.32595
2026-08-31 01:35:00,VIC1,123.99000
2026-08-31 01:40:00,NSW1,83.34000
2026-08-31 01:40:00,QLD1,69.86511
2026-08-31 01:40:00,SA1,102.35549
2026-08-31 01:40:00,TAS1,87.46544
2026-08-31 01:40:00,VIC1,97.40756
2026-08-31 01:45:00,NSW1,84.79000
2026-08-31 01:45:00,QLD1,70.61642
2026-08-31 01:45:00,SA1,97.77441
2026-08-31 01:45:00,TAS1,81.73236
2026-08-31 01:45:00,VIC1,91.31000
2026-08-31 01:50:00,NSW1,96.19548
2026-08-31 01:50:00,QLD1,78.54000
2026-08-31 01:50:00,SA1,86.44000
2026-08-31 01:50:00,TAS1,83.97998
2026-08-31 01:50:00,VIC1,93.51381
2026-08-31 01:55:00,NSW1,104.49352
2026-08-31 01:55:00,QLD1,84.73006
2026-08-31 01:55:00,SA1,47.97000
2026-08-31 01:55:00,TAS1,120.56063
2026-08-31 01:55:00,VIC1,134.68000
2026-08-31 02:00:00,NSW1,92.29035
2026-08-31 02:00:00,QLD1,75.27796
2026-08-31 02:00:00,SA1,70.44000
2026-08-31 02:00:00,TAS1,82.79246
2026-08-31 02:00:00,VIC1,91.31000
2026-08-31 02:05:00,NSW1,89.12996
2026-08-31 02:05:00,QLD1,73.23300
2026-08-31 02:05:00,SA1,70.44000
2026-08-31 02:05:00,TAS1,82.26737
2026-08-31 02:05:00,VIC1,91.31000
2026-08-31 02:10:00,NSW1,96.22066
2026-08-31 02:10:00,QLD1,78.52000
2026-08-31 02:10:00,SA1,70.44000
2026-08-31 02:10:00,TAS1,112.20466
2026-08-31 02:10:00,VIC1,124.12000
2026-08-31 02:15:00,NSW1,103.74033
2026-08-31 02:15:00,QLD1,84.73006
2026-08-31 02:15:00,SA1,86.44000
2026-08-31 02:15:00,TAS1,116.07599
2026-08-31 02:15:00,VIC1,128.41000
2026-08-31 02:20:00,NSW1,97.09393
2026-08-31 02:20:00,QLD1,78.73000
2026-08-31 02:20:00,SA1,69.73000
2026-08-31 02:20:00,TAS1,86.48589
2026-08-31 02:20:00,VIC1,95.98342
2026-08-31 02:25:00,NSW1,97.63005
2026-08-31 02:25:00,QLD1,78.73000
2026-08-31 02:25:00,SA1,47.97000
2026-08-31 02:25:00,TAS1,119.23114
2026-08-31 02:25:00,VIC1,132.75000
2026-08-31 02:30:00,NSW1,96.16854
2026-08-31 02:30:00,QLD1,78.52000
2026-08-31 02:30:00,SA1,70.44000
2026-08-31 02:30:00,TAS1,117.54900
2026-08-31 02:30:00,VIC1,130.45000
2026-08-31 02:35:00,NSW1,96.80344
2026-08-31 02:35:00,QLD1,78.54000
2026-08-31 02:35:00,SA1,70.44000
2026-08-31 02:35:00,TAS1,115.90247
2026-08-31 02:35:00,VIC1,128.62000
2026-08-31 02:40:00,NSW1,97.80320
2026-08-31 02:40:00,QLD1,78.73000
2026-08-31 02:40:00,SA1,69.73000
2026-08-31 02:40:00,TAS1,111.84784
2026-08-31 02:40:00,VIC1,124.12000
2026-08-31 02:45:00,NSW1,105.10320
2026-08-31 02:45:00,QLD1,84.73006
2026-08-31 02:45:00,SA1,70.44000
2026-08-31 02:45:00,TAS1,111.86481
2026-08-31 02:45:00,VIC1,124.12000
2026-08-31 02:50:00,NSW1,104.37642
2026-08-31 02:50:00,QLD1,84.73009
2026-08-31 02:50:00,SA1,69.73000
2026-08-31 02:50:00,TAS1,94.06665
2026-08-31 02:50:00,VIC1,104.03375
2026-08-31 02:55:00,NSW1,97.63005
2026-08-31 02:55:00,QLD1,79.72201
2026-08-31 02:55:00,SA1,70.44000
2026-08-31 02:55:00,TAS1,87.15601
2026-08-31 02:55:00,VIC1,96.40374
2026-08-31 03:00:00,NSW1,96.86041
2026-08-31 03:00:00,QLD1,78.54000
2026-08-31 03:00:00,SA1,69.73000
2026-08-31 03:00:00,TAS1,86.46903
2026-08-31 03:00:00,VIC1,95.63848
2026-08-31 03:05:00,NSW1,105.08825
2026-08-31 03:05:00,QLD1,84.73009
2026-08-31 03:05:00,SA1,70.44000
2026-08-31 03:05:00,TAS1,111.85692
2026-08-31 03:05:00,VIC1,124.12000
2026-08-31 03:10:00,NSW1,97.50837
2026-08-31 03:10:00,QLD1,78.54000
2026-08-31 03:10:00,SA1,70.44000
2026-08-31 03:10:00,TAS1,86.67308
2026-08-31 03:10:00,VIC1,96.17056
2026-08-31 03:15:00,NSW1,97.63005
2026-08-31 03:15:00,QLD1,78.73000
2026-08-31 03:15:00,SA1,88.06000
2026-08-31 03:15:00,TAS1,87.83337
2026-08-31 03:15:00,VIC1,97.15338
2026-08-31 03:20:00,NSW1,97.50084
2026-08-31 03:20:00,QLD1,78.54000
2026-08-31 03:20:00,SA1,88.06000
2026-08-31 03:20:00,TAS1,87.00625
2026-08-31 03:20:00,VIC1,96.22959
2026-08-31 03:25:00,NSW1,95.54481
2026-08-31 03:25:00,QLD1,78.52000
2026-08-31 03:25:00,SA1,47.97000
2026-08-31 03:25:00,TAS1,84.30131
2026-08-31 03:25:00,VIC1,93.53573
2026-08-31 03:30:00,NSW1,93.75587
2026-08-31 03:30:00,QLD1,78.52000
2026-08-31 03:30:00,SA1,70.44000
2026-08-31 03:30:00,TAS1,82.82901
2026-08-31 03:30:00,VIC1,91.88697
2026-08-31 03:35:00,NSW1,96.19427
2026-08-31 03:35:00,QLD1,78.54002
2026-08-31 03:35:00,SA1,69.73000
2026-08-31 03:35:00,TAS1,85.73512
2026-08-31 03:35:00,VIC1,95.73571
2026-08-31 03:40:00,NSW1,92.35171
2026-08-31 03:40:00,QLD1,76.86760
2026-08-31 03:40:00,SA1,69.73000
2026-08-31 03:40:00,TAS1,81.30133
2026-08-31 03:40:00,VIC1,90.50000
2026-08-31 03:45:00,NSW1,84.79000
2026-08-31 03:45:00,QLD1,70.06904
2026-08-31 03:45:00,SA1,71.20000
2026-08-31 03:45:00,TAS1,73.97688
2026-08-31 03:45:00,VIC1,82.33063
2026-08-31 03:50:00,NSW1,99.01000
2026-08-31 03:50:00,QLD1,78.73000
2026-08-31 03:50:00,SA1,86.44000
2026-08-31 03:50:00,TAS1,86.98401
2026-08-31 03:50:00,VIC1,96.81786
2026-08-31 03:55:00,NSW1,94.01116
2026-08-31 03:55:00,QLD1,77.72071
2026-08-31 03:55:00,SA1,70.44000
2026-08-31 03:55:00,TAS1,81.30763
2026-08-31 03:55:00,VIC1,90.50000
2026-08-31 04:00:00,NSW1,92.54632
2026-08-31 04:00:00,QLD1,78.52000
2026-08-31 04:00:00,SA1,70.44000
2026-08-31 04:00:00,TAS1,79.98301
2026-08-31 04:00:00,VIC1,89.02753
2026-08-31 04:05:00,NSW1,86.89748
2026-08-31 04:05:00,QLD1,72.73220
2026-08-31 04:05:00,SA1,70.44000
2026-08-31 04:05:00,TAS1,76.98988
2026-08-31 04:05:00,VIC1,86.27000
2026-08-31 04:10:00,NSW1,84.86636
2026-08-31 04:10:00,QLD1,70.17502
2026-08-31 04:10:00,SA1,70.44000
2026-08-31 04:10:00,TAS1,77.26837
2026-08-31 04:10:00,VIC1,86.27000
2026-08-31 04:15:00,NSW1,73.41906
2026-08-31 04:15:00,QLD1,62.73004
2026-08-31 04:15:00,SA1,76.96838
2026-08-31 04:15:00,TAS1,66.53022
2026-08-31 04:15:00,VIC1,74.04544
2026-08-31 04:20:00,NSW1,84.89342
2026-08-31 04:20:00,QLD1,71.14561
2026-08-31 04:20:00,SA1,84.44000
2026-08-31 04:20:00,TAS1,77.51228
2026-08-31 04:20:00,VIC1,86.27000
2026-08-31 04:25:00,NSW1,91.23637
2026-08-31 04:25:00,QLD1,78.46473
2026-08-31 04:25:00,SA1,70.44000
2026-08-31 04:25:00,TAS1,81.56340
2026-08-31 04:25:00,VIC1,90.50000
2026-08-31 04:30:00,NSW1,83.73132
2026-08-31 04:30:00,QLD1,72.50380
2026-08-31 04:30:00,SA1,70.44000
2026-08-31 04:30:00,TAS1,73.61703
2026-08-31 04:30:00,VIC1,81.68000
2026-08-31 04:35:00,NSW1,83.98990
2026-08-31 04:35:00,QLD1,71.79750
2026-08-31 04:35:00,SA1,84.42968
2026-08-31 04:35:00,TAS1,73.99713
2026-08-31 04:35:00,VIC1,82.63052
2026-08-31 04:40:00,NSW1,83.99000
2026-08-31 04:40:00,QLD1,72.75851
2026-08-31 04:40:00,SA1,83.64617
2026-08-31 04:40:00,TAS1,73.61895
2026-08-31 04:40:00,VIC1,81.94992
2026-08-31 04:45:00,NSW1,90.18144
2026-08-31 04:45:00,QLD1,78.73000
2026-08-31 04:45:00,SA1,70.44000
2026-08-31 04:45:00,TAS1,79.63685
2026-08-31 04:45:00,VIC1,88.64922
2026-08-31 04:50:00,NSW1,88.88000
2026-08-31 04:50:00,QLD1,76.60003
2026-08-31 04:50:00,SA1,70.44000
2026-08-31 04:50:00,TAS1,81.03155
2026-08-31 04:50:00,VIC1,90.50000
2026-08-31 04:55:00,NSW1,88.88000
2026-08-31 04:55:00,QLD1,76.63098
2026-08-31 04:55:00,SA1,89.74754
2026-08-31 04:55:00,TAS1,78.95174
2026-08-31 04:55:00,VIC1,88.16743
2026-08-31 05:00:00,NSW1,84.79000
2026-08-31 05:00:00,QLD1,73.10304
2026-08-31 05:00:00,SA1,84.44000
2026-08-31 05:00:00,TAS1,74.27830
2026-08-31 05:00:00,VIC1,82.68032
2026-08-31 05:05:00,NSW1,84.79010
2026-08-31 05:05:00,QLD1,72.65611
2026-08-31 05:05:00,SA1,28.50000
2026-08-31 05:05:00,TAS1,51.22000
2026-08-31 05:05:00,VIC1,84.67168
2026-08-31 05:10:00,NSW1,92.03536
2026-08-31 05:10:00,QLD1,78.73000
2026-08-31 05:10:00,SA1,84.44000
2026-08-31 05:10:00,TAS1,52.22000
2026-08-31 05:10:00,VIC1,90.50000
2026-08-31 05:15:00,NSW1,90.36188
2026-08-31 05:15:00,QLD1,78.54000
2026-08-31 05:15:00,SA1,84.44000
2026-08-31 05:15:00,TAS1,81.12781
2026-08-31 05:15:00,VIC1,90.32674
2026-08-31 05:20:00,NSW1,97.36431
2026-08-31 05:20:00,QLD1,84.73002
2026-08-31 05:20:00,SA1,70.44000
2026-08-31 05:20:00,TAS1,87.71152
2026-08-31 05:20:00,VIC1,97.36143
2026-08-31 05:25:00,NSW1,97.63005
2026-08-31 05:25:00,QLD1,83.83607
2026-08-31 05:25:00,SA1,84.44000
2026-08-31 05:25:00,TAS1,88.63646
2026-08-31 05:25:00,VIC1,98.39523
2026-08-31 05:30:00,NSW1,93.66000
2026-08-31 05:30:00,QLD1,80.43908
2026-08-31 05:30:00,SA1,70.44000
2026-08-31 05:30:00,TAS1,85.27051
2026-08-31 05:30:00,VIC1,94.36455
2026-08-31 05:35:00,NSW1,101.38035
2026-08-31 05:35:00,QLD1,88.88000
2026-08-31 05:35:00,SA1,10.16374
2026-08-31 05:35:00,TAS1,89.60847
2026-08-31 05:35:00,VIC1,99.79149
2026-08-31 05:40:00,NSW1,87.35150
2026-08-31 05:40:00,QLD1,78.54000
2026-08-31 05:40:00,SA1,70.44000
2026-08-31 05:40:00,TAS1,79.94317
2026-08-31 05:40:00,VIC1,88.18635
2026-08-31 05:45:00,NSW1,91.45913
2026-08-31 05:45:00,QLD1,78.73000
2026-08-31 05:45:00,SA1,69.41000
2026-08-31 05:45:00,TAS1,83.01289
2026-08-31 05:45:00,VIC1,91.59112
2026-08-31 05:50:00,NSW1,102.49630
2026-08-31 05:50:00,QLD1,87.73000
2026-08-31 05:50:00,SA1,70.44000
2026-08-31 05:50:00,TAS1,92.18675
2026-08-31 05:50:00,VIC1,102.70013
2026-08-31 05:55:00,NSW1,103.45448
2026-08-31 05:55:00,QLD1,87.46749
2026-08-31 05:55:00,SA1,55.90000
2026-08-31 05:55:00,TAS1,93.38485
2026-08-31 05:55:00,VIC1,103.70000
2026-08-31 06:00:00,NSW1,113.08684
2026-08-31 06:00:00,QLD1,93.21000
2026-08-31 06:00:00,SA1,70.44000
2026-08-31 06:00:00,TAS1,102.06135
2026-08-31 06:00:00,VIC1,113.35572
2026-08-31 06:05:00,NSW1,90.35584
2026-08-31 06:05:00,QLD1,76.92428
2026-08-31 06:05:00,SA1,55.90000
2026-08-31 06:05:00,TAS1,81.21730
2026-08-31 06:05:00,VIC1,90.50000
2026-08-31 06:10:00,NSW1,107.60119
2026-08-31 06:10:00,QLD1,90.51000
2026-08-31 06:10:00,SA1,104.10228
2026-08-31 06:10:00,TAS1,96.09675
2026-08-31 06:10:00,VIC1,107.09817
2026-08-31 06:15:00,NSW1,86.81000
2026-08-31 06:15:00,QLD1,74.95020
2026-08-31 06:15:00,SA1,81.91155
2026-08-31 06:15:00,TAS1,76.85140
2026-08-31 06:15:00,VIC1,84.83120
2026-08-31 06:20:00,NSW1,101.43634
2026-08-31 06:20:00,QLD1,87.73000
2026-08-31 06:20:00,SA1,70.44000
2026-08-31 06:20:00,TAS1,87.20000
2026-08-31 06:20:00,VIC1,96.12000
2026-08-31 06:25:00,NSW1,95.20000
2026-08-31 06:25:00,QLD1,83.28810
2026-08-31 06:25:00,SA1,70.44000
2026-08-31 06:25:00,TAS1,82.48820
2026-08-31 06:25:00,VIC1,90.50000
2026-08-31 06:30:00,NSW1,100.84237
2026-08-31 06:30:00,QLD1,87.73000
2026-08-31 06:30:00,SA1,69.41000
2026-08-31 06:30:00,TAS1,86.65240
2026-08-31 06:30:00,VIC1,95.68803
2026-08-31 06:35:00,NSW1,95.20000
2026-08-31 06:35:00,QLD1,80.15673
2026-08-31 06:35:00,SA1,69.41000
2026-08-31 06:35:00,TAS1,79.82069
2026-08-31 06:35:00,VIC1,89.00000
2026-08-31 06:40:00,NSW1,92.87457
2026-08-31 06:40:00,QLD1,77.81981
2026-08-31 06:40:00,SA1,69.41000
2026-08-31 06:40:00,TAS1,81.41884
2026-08-31 06:40:00,VIC1,90.50000
2026-08-31 06:45:00,NSW1,93.10116
2026-08-31 06:45:00,QLD1,78.52000
2026-08-31 06:45:00,SA1,70.44000
2026-08-31 06:45:00,TAS1,80.71385
2026-08-31 06:45:00,VIC1,89.44924
2026-08-31 06:50:00,NSW1,87.43362
2026-08-31 06:50:00,QLD1,72.82724
2026-08-31 06:50:00,SA1,70.44000
2026-08-31 06:50:00,TAS1,80.81261
2026-08-31 06:50:00,VIC1,89.00000
2026-08-31 06:55:00,NSW1,87.15196
2026-08-31 06:55:00,QLD1,49.50000
2026-08-31 06:55:00,SA1,84.44000
2026-08-31 06:55:00,TAS1,80.06026
2026-08-31 06:55:00,VIC1,88.74000
2026-08-31 07:00:00,NSW1,83.99000
2026-08-31 07:00:00,QLD1,49.49000
2026-08-31 07:00:00,SA1,88.82241
2026-08-31 07:00:00,TAS1,83.85975
2026-08-31 07:00:00,VIC1,92.96165
2026-08-31 07:05:00,NSW1,83.99000
2026-08-31 07:05:00,QLD1,49.50000
2026-08-31 07:05:00,SA1,59.55000
2026-08-31 07:05:00,TAS1,78.64310
2026-08-31 07:05:00,VIC1,88.04000
2026-08-31 07:10:00,NSW1,82.90000
2026-08-31 07:10:00,QLD1,49.50000
2026-08-31 07:10:00,SA1,83.64174
2026-08-31 07:10:00,TAS1,78.36468
2026-08-31 07:10:00,VIC1,88.04000
2026-08-31 07:15:00,NSW1,71.40000
2026-08-31 07:15:00,QLD1,47.99000
2026-08-31 07:15:00,SA1,70.44000
2026-08-31 07:15:00,TAS1,66.49387
2026-08-31 07:15:00,VIC1,74.20096
2026-08-31 07:20:00,NSW1,65.51000
2026-08-31 07:20:00,QLD1,49.49000
2026-08-31 07:20:00,SA1,64.73316
2026-08-31 07:20:00,TAS1,61.54784
2026-08-31 07:20:00,VIC1,68.48000
2026-08-31 07:25:00,NSW1,64.70000
2026-08-31 07:25:00,QLD1,2.00000
2026-08-31 07:25:00,SA1,65.35257
2026-08-31 07:25:00,TAS1,61.54531
2026-08-31 07:25:00,VIC1,68.48000
2026-08-31 07:30:00,NSW1,64.05000
2026-08-31 07:30:00,QLD1,6.83000
2026-08-31 07:30:00,SA1,66.71366
2026-08-31 07:30:00,TAS1,62.49265
2026-08-31 07:30:00,VIC1,69.32000
2026-08-31 07:35:00,NSW1,60.91000
2026-08-31 07:35:00,QLD1,6.83000
2026-08-31 07:35:00,SA1,66.14034
2026-08-31 07:35:00,TAS1,61.73252
2026-08-31 07:35:00,VIC1,68.48000
2026-08-31 07:40:00,NSW1,41.76000
2026-08-31 07:40:00,QLD1,0.01000
2026-08-31 07:40:00,SA1,54.38084
2026-08-31 07:40:00,TAS1,50.22000
2026-08-31 07:40:00,VIC1,53.81040
2026-08-31 07:45:00,NSW1,23.95000
2026-08-31 07:45:00,QLD1,0.73000
2026-08-31 07:45:00,SA1,50.57335
2026-08-31 07:45:00,TAS1,48.49700
2026-08-31 07:45:00,VIC1,49.82000
2026-08-31 07:50:00,NSW1,41.88000
2026-08-31 07:50:00,QLD1,0.00002
2026-08-31 07:50:00,SA1,43.27955
2026-08-31 07:50:00,TAS1,42.63977
2026-08-31 07:50:00,VIC1,44.00000
2026-08-31 07:55:00,NSW1,41.59953
2026-08-31 07:55:00,QLD1,0.01000
2026-08-31 07:55:00,SA1,43.29619
2026-08-31 07:55:00,TAS1,42.64405
2026-08-31 07:55:00,VIC1,43.99998
2026-08-31 08:00:00,NSW1,28.01000
2026-08-31 08:00:00,QLD1,0.00026
2026-08-31 08:00:00,SA1,41.91773
2026-08-31 08:00:00,TAS1,41.19509
2026-08-31 08:00:00,VIC1,42.48000
2026-08-31 08:05:00,NSW1,14.20000
2026-08-31 08:05:00,QLD1,0.01000
2026-08-31 08:05:00,SA1,31.94876
2026-08-31 08:05:00,TAS1,32.45274
2026-08-31 08:05:00,VIC1,33.28000
2026-08-31 08:10:00,NSW1,21.88313
2026-08-31 08:10:00,QLD1,0.73000
2026-08-31 08:10:00,SA1,21.84011
2026-08-31 08:10:00,TAS1,25.12000
2026-08-31 08:10:00,VIC1,23.27374
2026-08-31 08:15:00,NSW1,15.35696
2026-08-31 08:15:00,QLD1,0.00024
2026-08-31 08:15:00,SA1,15.54262
2026-08-31 08:15:00,TAS1,25.10000
2026-08-31 08:15:00,VIC1,16.48000
2026-08-31 08:20:00,NSW1,15.61557
2026-08-31 08:20:00,QLD1,0.00002
2026-08-31 08:20:00,SA1,28.88000
2026-08-31 08:20:00,TAS1,15.95195
2026-08-31 08:20:00,VIC1,16.48000
2026-08-31 08:25:00,NSW1,24.99022
2026-08-31 08:25:00,QLD1,0.00002
2026-08-31 08:25:00,SA1,105.08000
2026-08-31 08:25:00,TAS1,27.45097
2026-08-31 08:25:00,VIC1,25.88857
2026-08-31 08:30:00,NSW1,14.20000
2026-08-31 08:30:00,QLD1,0.00000
2026-08-31 08:30:00,SA1,70.44000
2026-08-31 08:30:00,TAS1,17.40140
2026-08-31 08:30:00,VIC1,15.29133
2026-08-31 08:35:00,NSW1,28.95000
2026-08-31 08:35:00,QLD1,0.00003
2026-08-31 08:35:00,SA1,54.27000
2026-08-31 08:35:00,TAS1,32.64197
2026-08-31 08:35:00,VIC1,31.16469
2026-08-31 08:40:00,NSW1,25.43751
2026-08-31 08:40:00,QLD1,0.00024
2026-08-31 08:40:00,SA1,24.66014
2026-08-31 08:40:00,TAS1,27.66233
2026-08-31 08:40:00,VIC1,27.14000
2026-08-31 08:45:00,NSW1,24.11000
2026-08-31 08:45:00,QLD1,0.00002
2026-08-31 08:45:00,SA1,24.43186
2026-08-31 08:45:00,TAS1,25.96241
2026-08-31 08:45:00,VIC1,26.36225
2026-08-31 08:50:00,NSW1,24.11000
2026-08-31 08:50:00,QLD1,0.00000
2026-08-31 08:50:00,SA1,84.51000
2026-08-31 08:50:00,TAS1,27.02101
2026-08-31 08:50:00,VIC1,26.35396
2026-08-31 08:55:00,NSW1,21.35391
2026-08-31 08:55:00,QLD1,0.00025
2026-08-31 08:55:00,SA1,21.15179
2026-08-31 08:55:00,TAS1,22.42128
2026-08-31 08:55:00,VIC1,22.67000
2026-08-31 09:00:00,NSW1,14.20000
2026-08-31 09:00:00,QLD1,0.00000
2026-08-31 09:00:00,SA1,70.44000
2026-08-31 09:00:00,TAS1,15.32345
2026-08-31 09:00:00,VIC1,15.19467
2026-08-31 09:05:00,NSW1,24.98984
2026-08-31 09:05:00,QLD1,0.00003
2026-08-31 09:05:00,SA1,37.91906
2026-08-31 09:05:00,TAS1,27.25103
2026-08-31 09:05:00,VIC1,26.42995
2026-08-31 09:10:00,NSW1,24.11000
2026-08-31 09:10:00,QLD1,0.00002
2026-08-31 09:10:00,SA1,22.87881
2026-08-31 09:10:00,TAS1,28.05766
2026-08-31 09:10:00,VIC1,24.84379
2026-08-31 09:15:00,NSW1,24.99023
2026-08-31 09:15:00,QLD1,-2.91000
2026-08-31 09:15:00,SA1,23.93696
2026-08-31 09:15:00,TAS1,25.53435
2026-08-31 09:15:00,VIC1,25.90667
2026-08-31 09:20:00,NSW1,24.99023
2026-08-31 09:20:00,QLD1,-1.31000
2026-08-31 09:20:00,SA1,24.45749
2026-08-31 09:20:00,TAS1,25.71315
2026-08-31 09:20:00,VIC1,26.09161
2026-08-31 09:25:00,NSW1,14.20000
2026-08-31 09:25:00,QLD1,0.00000
2026-08-31 09:25:00,SA1,13.52770
2026-08-31 09:25:00,TAS1,15.71079
2026-08-31 09:25:00,VIC1,14.56155
2026-08-31 09:30:00,NSW1,13.14354
2026-08-31 09:30:00,QLD1,-1.31000
2026-08-31 09:30:00,SA1,12.50845
2026-08-31 09:30:00,TAS1,15.16000
2026-08-31 09:30:00,VIC1,13.47044
2026-08-31 09:35:00,NSW1,24.99010
2026-08-31 09:35:00,QLD1,-3.00000
2026-08-31 09:35:00,SA1,23.27306
2026-08-31 09:35:00,TAS1,50.22000
2026-08-31 09:35:00,VIC1,25.53069
2026-08-31 09:40:00,NSW1,24.11000
2026-08-31 09:40:00,QLD1,-3.00000
2026-08-31 09:40:00,SA1,21.75673
2026-08-31 09:40:00,TAS1,23.79540
2026-08-31 09:40:00,VIC1,23.98550
2026-08-31 09:45:00,NSW1,24.99036
2026-08-31 09:45:00,QLD1,-3.00000
2026-08-31 09:45:00,SA1,13.46124
2026-08-31 09:45:00,TAS1,15.12000
2026-08-31 09:45:00,VIC1,14.97561
2026-08-31 09:50:00,NSW1,24.99036
2026-08-31 09:50:00,QLD1,-3.00000
2026-08-31 09:50:00,SA1,13.31216
2026-08-31 09:50:00,TAS1,15.10000
2026-08-31 09:50:00,VIC1,14.95453
2026-08-31 09:55:00,NSW1,24.11000
2026-08-31 09:55:00,QLD1,-3.21000
2026-08-31 09:55:00,SA1,13.13800
2026-08-31 09:55:00,TAS1,15.10000
2026-08-31 09:55:00,VIC1,14.76127
2026-08-31 10:00:00,NSW1,14.20000
2026-08-31 10:00:00,QLD1,-3.21000
2026-08-31 10:00:00,SA1,0.00001
2026-08-31 10:00:00,TAS1,0.00001
2026-08-31 10:00:00,VIC1,0.00001
2026-08-31 10:05:00,NSW1,15.62137
2026-08-31 10:05:00,QLD1,-2.99990
2026-08-31 10:05:00,SA1,14.19000
2026-08-31 10:05:00,TAS1,16.52784
2026-08-31 10:05:00,VIC1,15.65583
2026-08-31 10:10:00,NSW1,21.06080
2026-08-31 10:10:00,QLD1,-2.99990
2026-08-31 10:10:00,SA1,18.65829
2026-08-31 10:10:00,TAS1,22.82251
2026-08-31 10:10:00,VIC1,20.88000
2026-08-31 10:15:00,NSW1,14.20000
2026-08-31 10:15:00,QLD1,0.00000
2026-08-31 10:15:00,SA1,12.96697
2026-08-31 10:15:00,TAS1,16.12382
2026-08-31 10:15:00,VIC1,14.54678
2026-08-31 10:20:00,NSW1,12.73170
2026-08-31 10:20:00,QLD1,-1.31000
2026-08-31 10:20:00,SA1,11.11656
2026-08-31 10:20:00,TAS1,13.25808
2026-08-31 10:20:00,VIC1,12.52000
2026-08-31 10:25:00,NSW1,14.20000
2026-08-31 10:25:00,QLD1,-3.22000
2026-08-31 10:25:00,SA1,4.52048
2026-08-31 10:25:00,TAS1,5.31654
2026-08-31 10:25:00,VIC1,5.05000
2026-08-31 10:30:00,NSW1,14.20000
2026-08-31 10:30:00,QLD1,-2.91000
2026-08-31 10:30:00,SA1,6.78000
2026-08-31 10:30:00,TAS1,8.90527
2026-08-31 10:30:00,VIC1,7.69246
2026-08-31 10:35:00,NSW1,14.20000
2026-08-31 10:35:00,QLD1,0.00000
2026-08-31 10:35:00,SA1,12.43884
2026-08-31 10:35:00,TAS1,24.04000
2026-08-31 10:35:00,VIC1,14.22722
2026-08-31 10:40:00,NSW1,14.20000
2026-08-31 10:40:00,QLD1,-2.91000
2026-08-31 10:40:00,SA1,9.20914
2026-08-31 10:40:00,TAS1,25.04000
2026-08-31 10:40:00,VIC1,10.65000
2026-08-31 10:45:00,NSW1,14.20000
2026-08-31 10:45:00,QLD1,-3.21000
2026-08-31 10:45:00,SA1,4.36206
2026-08-31 10:45:00,TAS1,6.08862
2026-08-31 10:45:00,VIC1,5.05000
2026-08-31 10:50:00,NSW1,0.00000
2026-08-31 10:50:00,QLD1,0.00000
2026-08-31 10:50:00,SA1,0.00000
2026-08-31 10:50:00,TAS1,0.00000
2026-08-31 10:50:00,VIC1,0.00000
2026-08-31 10:55:00,NSW1,5.14491
2026-08-31 10:55:00,QLD1,0.73000
2026-08-31 10:55:00,SA1,4.43485
2026-08-31 10:55:00,TAS1,5.33674
2026-08-31 10:55:00,VIC1,5.05000
2026-08-31 11:00:00,NSW1,1.42912
2026-08-31 11:00:00,QLD1,-3.21000
2026-08-31 11:00:00,SA1,1.24289
2026-08-31 11:00:00,TAS1,1.47972
2026-08-31 11:00:00,VIC1,1.40000
2026-08-31 11:05:00,NSW1,13.20028
2026-08-31 11:05:00,QLD1,-2.91000
2026-08-31 11:05:00,SA1,7.89587
2026-08-31 11:05:00,TAS1,9.41966
2026-08-31 11:05:00,VIC1,8.94000
2026-08-31 11:10:00,NSW1,14.20000
2026-08-31 11:10:00,QLD1,2.05000
2026-08-31 11:10:00,SA1,11.80814
2026-08-31 11:10:00,TAS1,14.55993
2026-08-31 11:10:00,VIC1,13.77741
2026-08-31 11:15:00,NSW1,5.16861
2026-08-31 11:15:00,QLD1,4.46550
2026-08-31 11:15:00,SA1,0.88000
2026-08-31 11:15:00,TAS1,5.32026
2026-08-31 11:15:00,VIC1,5.05000
2026-08-31 11:20:00,NSW1,14.20000
2026-08-31 11:20:00,QLD1,2.05000
2026-08-31 11:20:00,SA1,0.88000
2026-08-31 11:20:00,TAS1,10.99422
2026-08-31 11:20:00,VIC1,10.50000
2026-08-31 11:25:00,NSW1,14.20000
2026-08-31 11:25:00,QLD1,0.00002
2026-08-31 11:25:00,SA1,0.88000
2026-08-31 11:25:00,TAS1,1.06730
2026-08-31 11:25:00,VIC1,1.01282
2026-08-31 11:30:00,NSW1,14.20000
2026-08-31 11:30:00,QLD1,2.04000
2026-08-31 11:30:00,SA1,4.36718
2026-08-31 11:30:00,TAS1,5.32271
2026-08-31 11:30:00,VIC1,5.05000
2026-08-31 11:35:00,NSW1,10.80523
2026-08-31 11:35:00,QLD1,2.05000
2026-08-31 11:35:00,SA1,9.10000
2026-08-31 11:35:00,TAS1,11.19873
2026-08-31 11:35:00,VIC1,10.65643
2026-08-31 11:40:00,NSW1,14.20000
2026-08-31 11:40:00,QLD1,2.05000
2026-08-31 11:40:00,SA1,11.11013
2026-08-31 11:40:00,TAS1,14.08538
2026-08-31 11:40:00,VIC1,12.96000
2026-08-31 11:45:00,NSW1,14.20000
2026-08-31 11:45:00,QLD1,2.05000
2026-08-31 11:45:00,SA1,0.57227
2026-08-31 11:45:00,TAS1,1.43857
2026-08-31 11:45:00,VIC1,0.67000
2026-08-31 11:50:00,NSW1,14.20000
2026-08-31 11:50:00,QLD1,2.04000
2026-08-31 11:50:00,SA1,11.79681
2026-08-31 11:50:00,TAS1,14.04000
2026-08-31 11:50:00,VIC1,13.31546
2026-08-31 11:55:00,NSW1,14.20000
2026-08-31 11:55:00,QLD1,2.05000
2026-08-31 11:55:00,SA1,9.13203
2026-08-31 11:55:00,TAS1,11.46639
2026-08-31 11:55:00,VIC1,10.50000
2026-08-31 12:00:00,NSW1,4.47170
2026-08-31 12:00:00,QLD1,2.05000
2026-08-31 12:00:00,SA1,6.66000
2026-08-31 12:00:00,TAS1,4.67558
2026-08-31 12:00:00,VIC1,4.42000
2026-08-31 12:05:00,NSW1,2.32312
2026-08-31 12:05:00,QLD1,2.05000
2026-08-31 12:05:00,SA1,6.66000
2026-08-31 12:05:00,TAS1,3.24551
2026-08-31 12:05:00,VIC1,2.37062
2026-08-31 12:10:00,NSW1,5.90387
2026-08-31 12:10:00,QLD1,5.11361
2026-08-31 12:10:00,SA1,4.84278
2026-08-31 12:10:00,TAS1,14.48182
2026-08-31 12:10:00,VIC1,12.96000
2026-08-31 12:15:00,NSW1,5.83809
2026-08-31 12:15:00,QLD1,2.05000
2026-08-31 12:15:00,SA1,4.95951
2026-08-31 12:15:00,TAS1,14.43948
2026-08-31 12:15:00,VIC1,12.96000
2026-08-31 12:20:00,NSW1,2.36556
2026-08-31 12:20:00,QLD1,2.05000
2026-08-31 12:20:00,SA1,1.69134
2026-08-31 12:20:00,TAS1,10.94431
2026-08-31 12:20:00,VIC1,9.62414
2026-08-31 12:25:00,NSW1,2.12000
2026-08-31 12:25:00,QLD1,1.90783
2026-08-31 12:25:00,SA1,1.76220
2026-08-31 12:25:00,TAS1,4.04874
2026-08-31 12:25:00,VIC1,3.12702
2026-08-31 12:30:00,NSW1,2.25370
2026-08-31 12:30:00,QLD1,2.04000
2026-08-31 12:30:00,SA1,1.51374
2026-08-31 12:30:00,TAS1,8.34374
2026-08-31 12:30:00,VIC1,7.17333
2026-08-31 12:35:00,NSW1,2.26895
2026-08-31 12:35:00,QLD1,2.04000
2026-08-31 12:35:00,SA1,1.49492
2026-08-31 12:35:00,TAS1,10.28918
2026-08-31 12:35:00,VIC1,9.35446
2026-08-31 12:40:00,NSW1,2.12000
2026-08-31 12:40:00,QLD1,1.89353
2026-08-31 12:40:00,SA1,1.25439
2026-08-31 12:40:00,TAS1,10.22495
2026-08-31 12:40:00,VIC1,8.90803
2026-08-31 12:45:00,NSW1,0.00002
2026-08-31 12:45:00,QLD1,0.00002
2026-08-31 12:45:00,SA1,-0.49760
2026-08-31 12:45:00,TAS1,5.02885
2026-08-31 12:45:00,VIC1,4.39819
2026-08-31 12:50:00,NSW1,2.12000
2026-08-31 12:50:00,QLD1,1.90295
2026-08-31 12:50:00,SA1,-0.31286
2026-08-31 12:50:00,TAS1,1.48162
2026-08-31 12:50:00,VIC1,1.40000
2026-08-31 12:55:00,NSW1,0.00076
2026-08-31 12:55:00,QLD1,0.00067
2026-08-31 12:55:00,SA1,-1.00000
2026-08-31 12:55:00,TAS1,-0.78402
2026-08-31 12:55:00,VIC1,-1.09049
2026-08-31 13:00:00,NSW1,0.00000
2026-08-31 13:00:00,QLD1,0.00000
2026-08-31 13:00:00,SA1,-0.16230
2026-08-31 13:00:00,TAS1,1.48143
2026-08-31 13:00:00,VIC1,1.40000
2026-08-31 13:05:00,NSW1,2.33094
2026-08-31 13:05:00,QLD1,2.04000
2026-08-31 13:05:00,SA1,-6.02000
2026-08-31 13:05:00,TAS1,3.33847
2026-08-31 13:05:00,VIC1,2.45717
2026-08-31 13:10:00,NSW1,2.26992
2026-08-31 13:10:00,QLD1,2.05000
2026-08-31 13:10:00,SA1,0.88000
2026-08-31 13:10:00,TAS1,2.82064
2026-08-31 13:10:00,VIC1,2.31779
2026-08-31 13:15:00,NSW1,2.12000
2026-08-31 13:15:00,QLD1,1.87796
2026-08-31 13:15:00,SA1,1.89492
2026-08-31 13:15:00,TAS1,2.25196
2026-08-31 13:15:00,VIC1,2.12804
2026-08-31 13:20:00,NSW1,2.12000
2026-08-31 13:20:00,QLD1,1.96276
2026-08-31 13:20:00,SA1,1.80737
2026-08-31 13:20:00,TAS1,2.93812
2026-08-31 13:20:00,VIC1,2.07376
2026-08-31 13:25:00,NSW1,2.12000
2026-08-31 13:25:00,QLD1,1.93798
2026-08-31 13:25:00,SA1,-1.00000
2026-08-31 13:25:00,TAS1,-0.85366
2026-08-31 13:25:00,VIC1,-1.14329
2026-08-31 13:30:00,NSW1,0.00000
2026-08-31 13:30:00,QLD1,0.00000
2026-08-31 13:30:00,SA1,-1.00000
2026-08-31 13:30:00,TAS1,0.57052
2026-08-31 13:30:00,VIC1,0.19893
2026-08-31 13:35:00,NSW1,2.22774
2026-08-31 13:35:00,QLD1,2.04000
2026-08-31 13:35:00,SA1,-4.21000
2026-08-31 13:35:00,TAS1,-3.83788
2026-08-31 13:35:00,VIC1,-3.63778
2026-08-31 13:40:00,NSW1,2.12000
2026-08-31 13:40:00,QLD1,1.89940
2026-08-31 13:40:00,SA1,-1.00000
2026-08-31 13:40:00,TAS1,2.22090
2026-08-31 13:40:00,VIC1,1.40000
2026-08-31 13:45:00,NSW1,7.64442
2026-08-31 13:45:00,QLD1,6.83000
2026-08-31 13:45:00,SA1,6.66000
2026-08-31 13:45:00,TAS1,8.29407
2026-08-31 13:45:00,VIC1,7.47441
2026-08-31 13:50:00,NSW1,7.64676
2026-08-31 13:50:00,QLD1,6.83000
2026-08-31 13:50:00,SA1,0.00002
2026-08-31 13:50:00,TAS1,0.72002
2026-08-31 13:50:00,VIC1,0.00002
2026-08-31 13:55:00,NSW1,2.19946
2026-08-31 13:55:00,QLD1,2.04000
2026-08-31 13:55:00,SA1,1.24499
2026-08-31 13:55:00,TAS1,1.48173
2026-08-31 13:55:00,VIC1,1.40000
2026-08-31 14:00:00,NSW1,5.13506
2026-08-31 14:00:00,QLD1,4.70780
2026-08-31 14:00:00,SA1,3.94207
2026-08-31 14:00:00,TAS1,11.91018
2026-08-31 14:00:00,VIC1,10.50000
2026-08-31 14:05:00,NSW1,7.66665
2026-08-31 14:05:00,QLD1,6.85000
2026-08-31 14:05:00,SA1,0.88000
2026-08-31 14:05:00,TAS1,2.80235
2026-08-31 14:05:00,VIC1,0.97886
2026-08-31 14:10:00,NSW1,2.25173
2026-08-31 14:10:00,QLD1,2.04000
2026-08-31 14:10:00,SA1,-1.09996
2026-08-31 14:10:00,TAS1,2.10010
2026-08-31 14:10:00,VIC1,1.30000
2026-08-31 14:15:00,NSW1,5.84360
2026-08-31 14:15:00,QLD1,5.16467
2026-08-31 14:15:00,SA1,4.63684
2026-08-31 14:15:00,TAS1,14.02020
2026-08-31 14:15:00,VIC1,12.50000
2026-08-31 14:20:00,NSW1,7.64559
2026-08-31 14:20:00,QLD1,6.85000
2026-08-31 14:20:00,SA1,5.28871
2026-08-31 14:20:00,TAS1,14.52956
2026-08-31 14:20:00,VIC1,12.98000
2026-08-31 14:25:00,NSW1,14.20000
2026-08-31 14:25:00,QLD1,12.21000
2026-08-31 14:25:00,SA1,5.02764
2026-08-31 14:25:00,TAS1,14.01919
2026-08-31 14:25:00,VIC1,12.50000
2026-08-31 14:30:00,NSW1,14.15581
2026-08-31 14:30:00,QLD1,12.22000
2026-08-31 14:30:00,SA1,6.78000
2026-08-31 14:30:00,TAS1,15.22000
2026-08-31 14:30:00,VIC1,13.58987
2026-08-31 14:35:00,NSW1,14.20000
2026-08-31 14:35:00,QLD1,12.49915
2026-08-31 14:35:00,SA1,3.44128
2026-08-31 14:35:00,TAS1,11.84205
2026-08-31 14:35:00,VIC1,10.50005
2026-08-31 14:40:00,NSW1,24.11000
2026-08-31 14:40:00,QLD1,21.66006
2026-08-31 14:40:00,SA1,10.65000
2026-08-31 14:40:00,TAS1,13.79232
2026-08-31 14:40:00,VIC1,12.28608
2026-08-31 14:45:00,NSW1,29.57074
2026-08-31 14:45:00,QLD1,26.75000
2026-08-31 14:45:00,SA1,9.80782
2026-08-31 14:45:00,TAS1,12.82899
2026-08-31 14:45:00,VIC1,11.39000
2026-08-31 14:50:00,NSW1,27.87000
2026-08-31 14:50:00,QLD1,24.42793
2026-08-31 14:50:00,SA1,8.28035
2026-08-31 14:50:00,TAS1,10.77853
2026-08-31 14:50:00,VIC1,9.41992
2026-08-31 14:55:00,NSW1,30.47847
2026-08-31 14:55:00,QLD1,26.75000
2026-08-31 14:55:00,SA1,9.10000
2026-08-31 14:55:00,TAS1,11.63523
2026-08-31 14:55:00,VIC1,10.27620
2026-08-31 15:00:00,NSW1,46.54000
2026-08-31 15:00:00,QLD1,41.37001
2026-08-31 15:00:00,SA1,9.15037
2026-08-31 15:00:00,TAS1,11.92653
2026-08-31 15:00:00,VIC1,10.49995
2026-08-31 15:05:00,NSW1,42.54000
2026-08-31 15:05:00,QLD1,38.33475
2026-08-31 15:05:00,SA1,9.19115
2026-08-31 15:05:00,TAS1,12.02095
2026-08-31 15:05:00,VIC1,10.59000
2026-08-31 15:10:00,NSW1,32.89583
2026-08-31 15:10:00,QLD1,29.86000
2026-08-31 15:10:00,SA1,9.10000
2026-08-31 15:10:00,TAS1,11.83421
2026-08-31 15:10:00,VIC1,10.41391
2026-08-31 15:15:00,NSW1,49.54443
2026-08-31 15:15:00,QLD1,45.54000
2026-08-31 15:15:00,SA1,11.14352
2026-08-31 15:15:00,TAS1,15.22000
2026-08-31 15:15:00,VIC1,12.76988
2026-08-31 15:20:00,NSW1,33.08063
2026-08-31 15:20:00,QLD1,29.85000
2026-08-31 15:20:00,SA1,9.23186
2026-08-31 15:20:00,TAS1,11.10697
2026-08-31 15:20:00,VIC1,10.50000
2026-08-31 15:25:00,NSW1,32.60780
2026-08-31 15:25:00,QLD1,29.86000
2026-08-31 15:25:00,SA1,13.10420
2026-08-31 15:25:00,TAS1,15.61064
2026-08-31 15:25:00,VIC1,14.75988
2026-08-31 15:30:00,NSW1,49.55830
2026-08-31 15:30:00,QLD1,45.68000
2026-08-31 15:30:00,SA1,18.32477
2026-08-31 15:30:00,TAS1,21.86935
2026-08-31 15:30:00,VIC1,20.68000
2026-08-31 15:35:00,NSW1,46.54000
2026-08-31 15:35:00,QLD1,43.21186
2026-08-31 15:35:00,SA1,9.56467
2026-08-31 15:35:00,TAS1,11.13848
2026-08-31 15:35:00,VIC1,10.50000
2026-08-31 15:40:00,NSW1,42.80025
2026-08-31 15:40:00,QLD1,39.76927
2026-08-31 15:40:00,SA1,15.00000
2026-08-31 15:40:00,TAS1,17.46451
2026-08-31 15:40:00,VIC1,16.51811
2026-08-31 15:45:00,NSW1,42.80025
2026-08-31 15:45:00,QLD1,40.30869
2026-08-31 15:45:00,SA1,9.65260
2026-08-31 15:45:00,TAS1,12.02343
2026-08-31 15:45:00,VIC1,10.65000
2026-08-31 15:50:00,NSW1,46.45000
2026-08-31 15:50:00,QLD1,44.04687
2026-08-31 15:50:00,SA1,9.80756
2026-08-31 15:50:00,TAS1,12.03378
2026-08-31 15:50:00,VIC1,10.67000
2026-08-31 15:55:00,NSW1,47.80023
2026-08-31 15:55:00,QLD1,45.68000
2026-08-31 15:55:00,SA1,14.59674
2026-08-31 15:55:00,TAS1,17.40606
2026-08-31 15:55:00,VIC1,15.69000
2026-08-31 16:00:00,NSW1,47.44583
2026-08-31 16:00:00,QLD1,45.68000
2026-08-31 16:00:00,SA1,23.42000
2026-08-31 16:00:00,TAS1,27.41586
2026-08-31 16:00:00,VIC1,25.08583
2026-08-31 16:05:00,NSW1,46.45000
2026-08-31 16:05:00,QLD1,43.95682
2026-08-31 16:05:00,SA1,41.39718
2026-08-31 16:05:00,TAS1,48.60338
2026-08-31 16:05:00,VIC1,45.02921
2026-08-31 16:10:00,NSW1,46.54000
2026-08-31 16:10:00,QLD1,43.89326
2026-08-31 16:10:00,SA1,31.78194
2026-08-31 16:10:00,TAS1,35.14462
2026-08-31 16:10:00,VIC1,34.00002
2026-08-31 16:15:00,NSW1,48.09837
2026-08-31 16:15:00,QLD1,45.68000
2026-08-31 16:15:00,SA1,23.42000
2026-08-31 16:15:00,TAS1,25.23154
2026-08-31 16:15:00,VIC1,24.72365
2026-08-31 16:20:00,NSW1,68.29104
2026-08-31 16:20:00,QLD1,63.73000
2026-08-31 16:20:00,SA1,48.53169
2026-08-31 16:20:00,TAS1,50.22000
2026-08-31 16:20:00,VIC1,50.54167
2026-08-31 16:25:00,NSW1,77.63555
2026-08-31 16:25:00,QLD1,72.50000
2026-08-31 16:25:00,SA1,70.44000
2026-08-31 16:25:00,TAS1,74.15114
2026-08-31 16:25:00,VIC1,74.58660
2026-08-31 16:30:00,NSW1,88.04045
2026-08-31 16:30:00,QLD1,81.82000
2026-08-31 16:30:00,SA1,70.44000
2026-08-31 16:30:00,TAS1,52.31119
2026-08-31 16:30:00,VIC1,73.25053
2026-08-31 16:35:00,NSW1,86.85317
2026-08-31 16:35:00,QLD1,81.82000
2026-08-31 16:35:00,SA1,51.36525
2026-08-31 16:35:00,TAS1,50.22000
2026-08-31 16:35:00,VIC1,51.62916
2026-08-31 16:40:00,NSW1,87.33162
2026-08-31 16:40:00,QLD1,81.82000
2026-08-31 16:40:00,SA1,70.44000
2026-08-31 16:40:00,TAS1,67.44672
2026-08-31 16:40:00,VIC1,71.02977
2026-08-31 16:45:00,NSW1,91.65947
2026-08-31 16:45:00,QLD1,85.39000
2026-08-31 16:45:00,SA1,84.44000
2026-08-31 16:45:00,TAS1,81.93343
2026-08-31 16:45:00,VIC1,85.34817
2026-08-31 16:50:00,NSW1,113.27299
2026-08-31 16:50:00,QLD1,99.69000
2026-08-31 16:50:00,SA1,105.55553
2026-08-31 16:50:00,TAS1,100.10000
2026-08-31 16:50:00,VIC1,107.07702
2026-08-31 16:55:00,NSW1,113.50000
2026-08-31 16:55:00,QLD1,102.80000
2026-08-31 16:55:00,SA1,100.73470
2026-08-31 16:55:00,TAS1,94.91036
2026-08-31 16:55:00,VIC1,100.91297
2026-08-31 17:00:00,NSW1,105.61196
2026-08-31 17:00:00,QLD1,95.57288
2026-08-31 17:00:00,SA1,96.26144
2026-08-31 17:00:00,TAS1,88.24000
2026-08-31 17:00:00,VIC1,95.59553
2026-08-31 17:05:00,NSW1,101.13345
2026-08-31 17:05:00,QLD1,89.90567
2026-08-31 17:05:00,SA1,90.80722
2026-08-31 17:05:00,TAS1,82.74304
2026-08-31 17:05:00,VIC1,90.50000
2026-08-31 17:10:00,NSW1,111.98000
2026-08-31 17:10:00,QLD1,98.21511
2026-08-31 17:10:00,SA1,101.02000
2026-08-31 17:10:00,TAS1,93.42879
2026-08-31 17:10:00,VIC1,101.25411
2026-08-31 17:15:00,NSW1,111.98000
2026-08-31 17:15:00,QLD1,96.41699
2026-08-31 17:15:00,SA1,99.88448
2026-08-31 17:15:00,TAS1,89.16813
2026-08-31 17:15:00,VIC1,99.13594
2026-08-31 17:20:00,NSW1,119.02000
2026-08-31 17:20:00,QLD1,101.88803
2026-08-31 17:20:00,SA1,105.90031
2026-08-31 17:20:00,TAS1,94.66090
2026-08-31 17:20:00,VIC1,105.58186
2026-08-31 17:25:00,NSW1,121.84041
2026-08-31 17:25:00,QLD1,105.70707
2026-08-31 17:25:00,SA1,115.27613
2026-08-31 17:25:00,TAS1,100.70636
2026-08-31 17:25:00,VIC1,111.98000
2026-08-31 17:30:00,NSW1,136.73195
2026-08-31 17:30:00,QLD1,116.51000
2026-08-31 17:30:00,SA1,123.86756
2026-08-31 17:30:00,TAS1,112.68388
2026-08-31 17:30:00,VIC1,124.92161
2026-08-31 17:35:00,NSW1,123.74016
2026-08-31 17:35:00,QLD1,105.49000
2026-08-31 17:35:00,SA1,114.04560
2026-08-31 17:35:00,TAS1,100.64529
2026-08-31 17:35:00,VIC1,112.30431
2026-08-31 17:40:00,NSW1,114.95000
2026-08-31 17:40:00,QLD1,99.96921
2026-08-31 17:40:00,SA1,110.43000
2026-08-31 17:40:00,TAS1,95.60472
2026-08-31 17:40:00,VIC1,106.67731
2026-08-31 17:45:00,NSW1,118.67000
2026-08-31 17:45:00,QLD1,100.01725
2026-08-31 17:45:00,SA1,117.64070
2026-08-31 17:45:00,TAS1,100.65571
2026-08-31 17:45:00,VIC1,111.98000
2026-08-31 17:50:00,NSW1,119.02000
2026-08-31 17:50:00,QLD1,102.28561
2026-08-31 17:50:00,SA1,118.97572
2026-08-31 17:50:00,TAS1,102.95375
2026-08-31 17:50:00,VIC1,114.18524
2026-08-31 17:55:00,NSW1,119.02000
2026-08-31 17:55:00,QLD1,102.80000
2026-08-31 17:55:00,SA1,120.42000
2026-08-31 17:55:00,TAS1,103.57015
2026-08-31 17:55:00,VIC1,115.24892
2026-08-31 18:00:00,NSW1,119.02000
2026-08-31 18:00:00,QLD1,101.05690
2026-08-31 18:00:00,SA1,120.49000
2026-08-31 18:00:00,TAS1,104.47252
2026-08-31 18:00:00,VIC1,116.25812
2026-08-31 18:05:00,NSW1,119.02000
2026-08-31 18:05:00,QLD1,101.72481
2026-08-31 18:05:00,SA1,118.19360
2026-08-31 18:05:00,TAS1,100.24000
2026-08-31 18:05:00,VIC1,111.98000
2026-08-31 18:10:00,NSW1,119.02000
2026-08-31 18:10:00,QLD1,100.42120
2026-08-31 18:10:00,SA1,119.82358
2026-08-31 18:10:00,TAS1,100.86919
2026-08-31 18:10:00,VIC1,112.98009
2026-08-31 18:15:00,NSW1,118.46354
2026-08-31 18:15:00,QLD1,99.89000
2026-08-31 18:15:00,SA1,115.27039
2026-08-31 18:15:00,TAS1,99.00351
2026-08-31 18:15:00,VIC1,109.81488
2026-08-31 18:20:00,NSW1,118.44725
2026-08-31 18:20:00,QLD1,99.89000
2026-08-31 18:20:00,SA1,118.22583
2026-08-31 18:20:00,TAS1,100.24000
2026-08-31 18:20:00,VIC1,111.19492
2026-08-31 18:25:00,NSW1,118.74411
2026-08-31 18:25:00,QLD1,99.90000
2026-08-31 18:25:00,SA1,120.54000
2026-08-31 18:25:00,TAS1,102.98931
2026-08-31 18:25:00,VIC1,115.00000
2026-08-31 18:30:00,NSW1,119.02000
2026-08-31 18:30:00,QLD1,99.89000
2026-08-31 18:30:00,SA1,119.38163
2026-08-31 18:30:00,TAS1,102.11088
2026-08-31 18:30:00,VIC1,113.27860
2026-08-31 18:35:00,NSW1,111.98000
2026-08-31 18:35:00,QLD1,94.41200
2026-08-31 18:35:00,SA1,113.15104
2026-08-31 18:35:00,TAS1,95.76028
2026-08-31 18:35:00,VIC1,106.59659
2026-08-31 18:40:00,NSW1,111.98000
2026-08-31 18:40:00,QLD1,95.62139
2026-08-31 18:40:00,SA1,112.62494
2026-08-31 18:40:00,TAS1,95.29740
2026-08-31 18:40:00,VIC1,106.76906
2026-08-31 18:45:00,NSW1,116.94831
2026-08-31 18:45:00,QLD1,99.89000
2026-08-31 18:45:00,SA1,120.54000
2026-08-31 18:45:00,TAS1,101.91479
2026-08-31 18:45:00,VIC1,113.45261
2026-08-31 18:50:00,NSW1,108.63061
2026-08-31 18:50:00,QLD1,93.30000
2026-08-31 18:50:00,SA1,107.57350
2026-08-31 18:50:00,TAS1,91.71135
2026-08-31 18:50:00,VIC1,102.07431
2026-08-31 18:55:00,NSW1,117.06738
2026-08-31 18:55:00,QLD1,98.64341
2026-08-31 18:55:00,SA1,118.61646
2026-08-31 18:55:00,TAS1,100.27403
2026-08-31 18:55:00,VIC1,111.98000
2026-08-31 19:00:00,NSW1,114.95000
2026-08-31 19:00:00,QLD1,99.89000
2026-08-31 19:00:00,SA1,117.05528
2026-08-31 19:00:00,TAS1,100.24148
2026-08-31 19:00:00,VIC1,111.57846
2026-08-31 19:05:00,NSW1,116.37468
2026-08-31 19:05:00,QLD1,99.90000
2026-08-31 19:05:00,SA1,120.46000
2026-08-31 19:05:00,TAS1,102.35248
2026-08-31 19:05:00,VIC1,113.93398
2026-08-31 19:10:00,NSW1,109.37598
2026-08-31 19:10:00,QLD1,93.73001
2026-08-31 19:10:00,SA1,110.47493
2026-08-31 19:10:00,TAS1,93.55537
2026-08-31 19:10:00,VIC1,104.46611
2026-08-31 19:15:00,NSW1,105.96593
2026-08-31 19:15:00,QLD1,93.73001
2026-08-31 19:15:00,SA1,105.25197
2026-08-31 19:15:00,TAS1,90.03314
2026-08-31 19:15:00,VIC1,100.53000
2026-08-31 19:20:00,NSW1,115.84147
2026-08-31 19:20:00,QLD1,99.89000
2026-08-31 19:20:00,SA1,118.34385
2026-08-31 19:20:00,TAS1,100.37857
2026-08-31 19:20:00,VIC1,111.73295
2026-08-31 19:25:00,NSW1,111.98000
2026-08-31 19:25:00,QLD1,98.99373
2026-08-31 19:25:00,SA1,112.30501
2026-08-31 19:25:00,TAS1,96.25583
2026-08-31 19:25:00,VIC1,107.83187
2026-08-31 19:30:00,NSW1,105.64691
2026-08-31 19:30:00,QLD1,92.69661
2026-08-31 19:30:00,SA1,105.08000
2026-08-31 19:30:00,TAS1,89.46519
2026-08-31 19:30:00,VIC1,100.20815
2026-08-31 19:35:00,NSW1,106.80241
2026-08-31 19:35:00,QLD1,93.73001
2026-08-31 19:35:00,SA1,105.08000
2026-08-31 19:35:00,TAS1,89.69168
2026-08-31 19:35:00,VIC1,100.14050
2026-08-31 19:40:00,NSW1,114.56137
2026-08-31 19:40:00,QLD1,99.89000
2026-08-31 19:40:00,SA1,115.89082
2026-08-31 19:40:00,TAS1,98.19326
2026-08-31 19:40:00,VIC1,109.64150
2026-08-31 19:45:00,NSW1,111.98000
2026-08-31 19:45:00,QLD1,97.56310
2026-08-31 19:45:00,SA1,105.08000
2026-08-31 19:45:00,TAS1,95.03659
2026-08-31 19:45:00,VIC1,106.11144
2026-08-31 19:50:00,NSW1,111.98000
2026-08-31 19:50:00,QLD1,98.09981
2026-08-31 19:50:00,SA1,110.43338
2026-08-31 19:50:00,TAS1,95.49193
2026-08-31 19:50:00,VIC1,106.27847
2026-08-31 19:55:00,NSW1,111.98000
2026-08-31 19:55:00,QLD1,99.39472
2026-08-31 19:55:00,SA1,109.45338
2026-08-31 19:55:00,TAS1,93.61325
2026-08-31 19:55:00,VIC1,104.52512
2026-08-31 20:00:00,NSW1,111.98000
2026-08-31 20:00:00,QLD1,96.90261
2026-08-31 20:00:00,SA1,105.08000
2026-08-31 20:00:00,TAS1,94.80516
2026-08-31 20:00:00,VIC1,106.19796
2026-08-31 20:05:00,NSW1,111.98000
2026-08-31 20:05:00,QLD1,96.27009
2026-08-31 20:05:00,SA1,105.08000
2026-08-31 20:05:00,TAS1,95.19325
2026-08-31 20:05:00,VIC1,106.28418
2026-08-31 20:10:00,NSW1,111.98000
2026-08-31 20:10:00,QLD1,95.65909
2026-08-31 20:10:00,SA1,112.76847
2026-08-31 20:10:00,TAS1,94.87110
2026-08-31 20:10:00,VIC1,106.25512
2026-08-31 20:15:00,NSW1,106.01145
2026-08-31 20:15:00,QLD1,90.51000
2026-08-31 20:15:00,SA1,105.08000
2026-08-31 20:15:00,TAS1,89.24483
2026-08-31 20:15:00,VIC1,99.62498
2026-08-31 20:20:00,NSW1,106.70998
2026-08-31 20:20:00,QLD1,90.52000
2026-08-31 20:20:00,SA1,105.08000
2026-08-31 20:20:00,TAS1,89.12576
2026-08-31 20:20:00,VIC1,99.48000
2026-08-31 20:25:00,NSW1,106.02335
2026-08-31 20:25:00,QLD1,90.51000
2026-08-31 20:25:00,SA1,105.68484
2026-08-31 20:25:00,TAS1,89.12861
2026-08-31 20:25:00,VIC1,99.48000
2026-08-31 20:30:00,NSW1,105.84730
2026-08-31 20:30:00,QLD1,90.52000
2026-08-31 20:30:00,SA1,105.43461
2026-08-31 20:30:00,TAS1,89.11407
2026-08-31 20:30:00,VIC1,99.48000
2026-08-31 20:35:00,NSW1,101.68508
2026-08-31 20:35:00,QLD1,86.10000
2026-08-31 20:35:00,SA1,101.92592
2026-08-31 20:35:00,TAS1,85.23882
2026-08-31 20:35:00,VIC1,94.83106
2026-08-31 20:40:00,NSW1,103.10608
2026-08-31 20:40:00,QLD1,87.44410
2026-08-31 20:40:00,SA1,105.08000
2026-08-31 20:40:00,TAS1,88.42407
2026-08-31 20:40:00,VIC1,98.37740
2026-08-31 20:45:00,NSW1,105.10716
2026-08-31 20:45:00,QLD1,89.73000
2026-08-31 20:45:00,SA1,105.08000
2026-08-31 20:45:00,TAS1,89.42033
2026-08-31 20:45:00,VIC1,99.48000
2026-08-31 20:50:00,NSW1,109.70359
2026-08-31 20:50:00,QLD1,87.73000
2026-08-31 20:50:00,SA1,105.08000
2026-08-31 20:50:00,TAS1,90.68685
2026-08-31 20:50:00,VIC1,101.20606
2026-08-31 20:55:00,NSW1,95.20000
2026-08-31 20:55:00,QLD1,83.89725
2026-08-31 20:55:00,SA1,96.32526
2026-08-31 20:55:00,TAS1,80.09960
2026-08-31 20:55:00,VIC1,89.38447
2026-08-31 21:00:00,NSW1,102.14441
2026-08-31 21:00:00,QLD1,87.73000
2026-08-31 21:00:00,SA1,101.02000
2026-08-31 21:00:00,TAS1,85.24061
2026-08-31 21:00:00,VIC1,95.12298
2026-08-31 21:05:00,NSW1,95.20000
2026-08-31 21:05:00,QLD1,81.67872
2026-08-31 21:05:00,SA1,96.56129
2026-08-31 21:05:00,TAS1,80.28532
2026-08-31 21:05:00,VIC1,89.30004
2026-08-31 21:10:00,NSW1,104.64453
2026-08-31 21:10:00,QLD1,87.73000
2026-08-31 21:10:00,SA1,101.02000
2026-08-31 21:10:00,TAS1,84.88368
2026-08-31 21:10:00,VIC1,94.40334
2026-08-31 21:15:00,NSW1,106.48203
2026-08-31 21:15:00,QLD1,90.51000
2026-08-31 21:15:00,SA1,101.02000
2026-08-31 21:15:00,TAS1,85.57213
2026-08-31 21:15:00,VIC1,95.16057
2026-08-31 21:20:00,NSW1,104.24526
2026-08-31 21:20:00,QLD1,87.73000
2026-08-31 21:20:00,SA1,101.02000
2026-08-31 21:20:00,TAS1,84.13784
2026-08-31 21:20:00,VIC1,93.87402
2026-08-31 21:25:00,NSW1,104.86344
2026-08-31 21:25:00,QLD1,88.23724
2026-08-31 21:25:00,SA1,101.02000
2026-08-31 21:25:00,TAS1,84.00138
2026-08-31 21:25:00,VIC1,93.71675
2026-08-31 21:30:00,NSW1,97.63010
2026-08-31 21:30:00,QLD1,83.76582
2026-08-31 21:30:00,SA1,95.49174
2026-08-31 21:30:00,TAS1,79.57158
2026-08-31 21:30:00,VIC1,88.76900
2026-08-31 21:35:00,NSW1,101.90846
2026-08-31 21:35:00,QLD1,84.50000
2026-08-31 21:35:00,SA1,101.02000
2026-08-31 21:35:00,TAS1,84.55658
2026-08-31 21:35:00,VIC1,94.02527
2026-08-31 21:40:00,NSW1,95.20000
2026-08-31 21:40:00,QLD1,78.57000
2026-08-31 21:40:00,SA1,93.55817
2026-08-31 21:40:00,TAS1,78.94785
2026-08-31 21:40:00,VIC1,87.78154
2026-08-31 21:45:00,NSW1,95.20000
2026-08-31 21:45:00,QLD1,78.52000
2026-08-31 21:45:00,SA1,90.99554
2026-08-31 21:45:00,TAS1,76.79243
2026-08-31 21:45:00,VIC1,85.65078
2026-08-31 21:50:00,NSW1,95.06331
2026-08-31 21:50:00,QLD1,78.51000
2026-08-31 21:50:00,SA1,88.44831
2026-08-31 21:50:00,TAS1,74.37599
2026-08-31 21:50:00,VIC1,83.50000
2026-08-31 21:55:00,NSW1,88.61264
2026-08-31 21:55:00,QLD1,76.80000
2026-08-31 21:55:00,SA1,81.78810
2026-08-31 21:55:00,TAS1,69.01621
2026-08-31 21:55:00,VIC1,77.20647
2026-08-31 22:00:00,NSW1,84.79000
2026-08-31 22:00:00,QLD1,73.48815
2026-08-31 22:00:00,SA1,78.66797
2026-08-31 22:00:00,TAS1,50.24000
2026-08-31 22:00:00,VIC1,73.88585
2026-08-31 22:05:00,NSW1,91.77624
2026-08-31 22:05:00,QLD1,76.79000
2026-08-31 22:05:00,SA1,84.44000
2026-08-31 22:05:00,TAS1,77.12797
2026-08-31 22:05:00,VIC1,83.84458
2026-08-31 22:10:00,NSW1,95.20000
2026-08-31 22:10:00,QLD1,76.79000
2026-08-31 22:10:00,SA1,84.44000
2026-08-31 22:10:00,TAS1,79.78466
2026-08-31 22:10:00,VIC1,86.72733
2026-08-31 22:15:00,NSW1,90.59797
2026-08-31 22:15:00,QLD1,76.38968
2026-08-31 22:15:00,SA1,84.44000
2026-08-31 22:15:00,TAS1,75.03244
2026-08-31 22:15:00,VIC1,81.81403
2026-08-31 22:20:00,NSW1,90.48720
2026-08-31 22:20:00,QLD1,76.27150
2026-08-31 22:20:00,SA1,84.44000
2026-08-31 22:20:00,TAS1,73.30669
2026-08-31 22:20:00,VIC1,80.43211
2026-08-31 22:25:00,NSW1,88.86000
2026-08-31 22:25:00,QLD1,74.80795
2026-08-31 22:25:00,SA1,83.05434
2026-08-31 22:25:00,TAS1,72.24798
2026-08-31 22:25:00,VIC1,79.52133
2026-08-31 22:30:00,NSW1,78.48309
2026-08-31 22:30:00,QLD1,66.01414
2026-08-31 22:30:00,SA1,70.44000
2026-08-31 22:30:00,TAS1,51.22000
2026-08-31 22:30:00,VIC1,68.54431
2026-08-31 22:35:00,NSW1,93.42678
2026-08-31 22:35:00,QLD1,78.52000
2026-08-31 22:35:00,SA1,7.86560
2026-08-31 22:35:00,TAS1,51.22000
2026-08-31 22:35:00,VIC1,84.81161
2026-08-31 22:40:00,NSW1,88.86000
2026-08-31 22:40:00,QLD1,76.79000
2026-08-31 22:40:00,SA1,70.44000
2026-08-31 22:40:00,TAS1,74.42971
2026-08-31 22:40:00,VIC1,81.39404
2026-08-31 22:45:00,NSW1,83.99000
2026-08-31 22:45:00,QLD1,72.79115
2026-08-31 22:45:00,SA1,5.95783
2026-08-31 22:45:00,TAS1,68.89208
2026-08-31 22:45:00,VIC1,75.56916
2026-08-31 22:50:00,NSW1,83.34000
2026-08-31 22:50:00,QLD1,71.74650
2026-08-31 22:50:00,SA1,5.76991
2026-08-31 22:50:00,TAS1,50.22000
2026-08-31 22:50:00,VIC1,74.40525
2026-08-31 22:55:00,NSW1,83.99000
2026-08-31 22:55:00,QLD1,70.83765
2026-08-31 22:55:00,SA1,52.00000
2026-08-31 22:55:00,TAS1,50.22000
2026-08-31 22:55:00,VIC1,76.78043
2026-08-31 23:00:00,NSW1,65.51000
2026-08-31 23:00:00,QLD1,56.72960
2026-08-31 23:00:00,SA1,2.86885
2026-08-31 23:00:00,TAS1,50.22000
2026-08-31 23:00:00,VIC1,57.05172
2026-08-31 23:05:00,NSW1,90.00000
2026-08-31 23:05:00,QLD1,75.44670
2026-08-31 23:05:00,SA1,6.98423
2026-08-31 23:05:00,TAS1,74.21084
2026-08-31 23:05:00,VIC1,80.88682
2026-08-31 23:10:00,NSW1,90.00000
2026-08-31 23:10:00,QLD1,75.93104
2026-08-31 23:10:00,SA1,79.50538
2026-08-31 23:10:00,TAS1,73.86775
2026-08-31 23:10:00,VIC1,80.27345
2026-08-31 23:15:00,NSW1,83.99000
2026-08-31 23:15:00,QLD1,71.30827
2026-08-31 23:15:00,SA1,74.04833
2026-08-31 23:15:00,TAS1,68.11265
2026-08-31 23:15:00,VIC1,74.24837
2026-08-31 23:20:00,NSW1,75.96010
2026-08-31 23:20:00,QLD1,64.05222
2026-08-31 23:20:00,SA1,65.74641
2026-08-31 23:20:00,TAS1,61.05205
2026-08-31 23:20:00,VIC1,66.55168
2026-08-31 23:25:00,NSW1,83.99000
2026-08-31 23:25:00,QLD1,70.78678
2026-08-31 23:25:00,SA1,71.72526
2026-08-31 23:25:00,TAS1,66.73174
2026-08-31 23:25:00,VIC1,72.97659
2026-08-31 23:30:00,NSW1,66.52000
2026-08-31 23:30:00,QLD1,56.36922
2026-08-31 23:30:00,SA1,18.20000
2026-08-31 23:30:00,TAS1,45.61925
2026-08-31 23:30:00,VIC1,42.48000
2026-08-31 23:35:00,NSW1,74.82449
2026-08-31 23:35:00,QLD1,62.73001
2026-08-31 23:35:00,SA1,53.20638
2026-08-31 23:35:00,TAS1,50.22000
2026-08-31 23:35:00,VIC1,44.79616
2026-08-31 23:40:00,NSW1,75.96010
2026-08-31 23:40:00,QLD1,64.03440
2026-08-31 23:40:00,SA1,49.99631
2026-08-31 23:40:00,TAS1,46.02162
2026-08-31 23:40:00,VIC1,35.94000
2026-08-31 23:45:00,NSW1,65.51000
2026-08-31 23:45:00,QLD1,55.89372
2026-08-31 23:45:00,SA1,37.76008
2026-08-31 23:45:00,TAS1,34.47884
2026-08-31 23:45:00,VIC1,20.65000
2026-08-31 23:50:00,NSW1,65.51000
2026-08-31 23:50:00,QLD1,55.85937
2026-08-31 23:50:00,SA1,33.97739
2026-08-31 23:50:00,TAS1,30.36479
2026-08-31 23:50:00,VIC1,12.50000
2026-08-31 23:55:00,NSW1,65.51000
2026-08-31 23:55:00,QLD1,55.80882
2026-08-31 23:55:00,SA1,32.47547
2026-08-31 23:55:00,TAS1,30.43935
2026-08-31 23:55:00,VIC1,19.18000
2026-09-01 00:00:00,NSW1,64.95000
2026-09-01 00:00:00,QLD1,55.01379
2026-09-01 00:00:00,SA1,28.52843
2026-09-01 00:00:00,TAS1,27.15376
2026-09-01 00:00:00,VIC1,13.73000
2026-09-01 00:05:00,NSW1,64.95006
2026-09-01 00:05:00,QLD1,54.95862
2026-09-01 00:05:00,SA1,27.75992
2026-09-01 00:05:00,TAS1,26.52020
2026-09-01 00:05:00,VIC1,12.50000
2026-09-01 00:10:00,NSW1,65.51000
2026-09-01 00:10:00,QLD1,55.42465
2026-09-01 00:10:00,SA1,31.57067
2026-09-01 00:10:00,TAS1,30.56346
2026-09-01 00:10:00,VIC1,19.18000
2026-09-01 00:15:00,NSW1,73.70484
2026-09-01 00:15:00,QLD1,62.73006
2026-09-01 00:15:00,SA1,-1.00000
2026-09-01 00:15:00,TAS1,29.06914
2026-09-01 00:15:00,VIC1,12.50000
2026-09-01 00:20:00,NSW1,65.51000
2026-09-01 00:20:00,QLD1,55.06681
2026-09-01 00:20:00,SA1,-1.00000
2026-09-01 00:20:00,TAS1,25.63344
2026-09-01 00:20:00,VIC1,10.65000
2026-09-01 00:25:00,NSW1,73.24679
2026-09-01 00:25:00,QLD1,62.73002
2026-09-01 00:25:00,SA1,30.93447
2026-09-01 00:25:00,TAS1,29.26379
2026-09-01 00:25:00,VIC1,12.96000
2026-09-01 00:30:00,NSW1,64.80827
2026-09-01 00:30:00,QLD1,54.75000
2026-09-01 00:30:00,SA1,26.45208
2026-09-01 00:30:00,TAS1,25.39917
2026-09-01 00:30:00,VIC1,10.64994
2026-09-01 00:35:00,NSW1,64.94988
2026-09-01 00:35:00,QLD1,54.73000
2026-09-01 00:35:00,SA1,25.74258
2026-09-01 00:35:00,TAS1,25.20000
2026-09-01 00:35:00,VIC1,9.03272
2026-09-01 00:40:00,NSW1,64.94994
2026-09-01 00:40:00,QLD1,54.75000
2026-09-01 00:40:00,SA1,25.84678
2026-09-01 00:40:00,TAS1,25.20000
2026-09-01 00:40:00,VIC1,8.94000
2026-09-01 00:45:00,NSW1,64.94994
2026-09-01 00:45:00,QLD1,54.74988
2026-09-01 00:45:00,SA1,24.09767
2026-09-01 00:45:00,TAS1,25.14000
2026-09-01 00:45:00,VIC1,10.50000
2026-09-01 00:50:00,NSW1,64.95012
2026-09-01 00:50:00,QLD1,54.80181
2026-09-01 00:50:00,SA1,9.85500
2026-09-01 00:50:00,TAS1,25.14000
2026-09-01 00:50:00,VIC1,10.50000
2026-09-01 00:55:00,NSW1,64.94994
2026-09-01 00:55:00,QLD1,55.18739
2026-09-01 00:55:00,SA1,9.95975
2026-09-01 00:55:00,TAS1,15.06000
2026-09-01 00:55:00,VIC1,10.65006
2026-09-01 01:00:00,NSW1,64.88430
2026-09-01 01:00:00,QLD1,54.75000
2026-09-01 01:00:00,SA1,9.77674
2026-09-01 01:00:00,TAS1,10.78025
2026-09-01 01:00:00,VIC1,10.50000
2026-09-01 01:05:00,NSW1,64.88973
2026-09-01 01:05:00,QLD1,54.73000
2026-09-01 01:05:00,SA1,9.81691
2026-09-01 01:05:00,TAS1,10.84861
2026-09-01 01:05:00,VIC1,10.50000
2026-09-01 01:10:00,NSW1,64.95000
2026-09-01 01:10:00,QLD1,55.12784
2026-09-01 01:10:00,SA1,9.77069
2026-09-01 01:10:00,TAS1,10.84895
2026-09-01 01:10:00,VIC1,10.50000
2026-09-01 01:15:00,NSW1,64.89000
2026-09-01 01:15:00,QLD1,54.75000
2026-09-01 01:15:00,SA1,8.25304
2026-09-01 01:15:00,TAS1,9.23745
2026-09-01 01:15:00,VIC1,8.94000
2026-09-01 01:20:00,NSW1,64.49516
2026-09-01 01:20:00,QLD1,54.73004
2026-09-01 01:20:00,SA1,1.28816
2026-09-01 01:20:00,TAS1,1.44680
2026-09-01 01:20:00,VIC1,1.40000
2026-09-01 01:25:00,NSW1,51.56172
2026-09-01 01:25:00,QLD1,43.73000
2026-09-01 01:25:00,SA1,-4.32012
2026-09-01 01:25:00,TAS1,9.20986
2026-09-01 01:25:00,VIC1,8.94000
2026-09-01 01:30:00,NSW1,57.39007
2026-09-01 01:30:00,QLD1,49.65911
2026-09-01 01:30:00,SA1,-6.25000
2026-09-01 01:30:00,TAS1,0.01033
2026-09-01 01:30:00,VIC1,0.01000
2026-09-01 01:35:00,NSW1,64.89000
2026-09-01 01:35:00,QLD1,54.75000
2026-09-01 01:35:00,SA1,-4.93751
2026-09-01 01:35:00,TAS1,10.98971
2026-09-01 01:35:00,VIC1,10.50000
2026-09-01 01:40:00,NSW1,64.89000
2026-09-01 01:40:00,QLD1,54.75000
2026-09-01 01:40:00,SA1,0.62515
2026-09-01 01:40:00,TAS1,0.69898
2026-09-01 01:40:00,VIC1,0.67000
2026-09-01 01:45:00,NSW1,64.51880
2026-09-01 01:45:00,QLD1,54.73004
2026-09-01 01:45:00,SA1,-4.32012
2026-09-01 01:45:00,TAS1,0.66768
2026-09-01 01:45:00,VIC1,0.64000
2026-09-01 01:50:00,NSW1,64.53757
2026-09-01 01:50:00,QLD1,54.73000
2026-09-01 01:50:00,SA1,-5.18963
2026-09-01 01:50:00,TAS1,9.29796
2026-09-01 01:50:00,VIC1,8.94000
2026-09-01 01:55:00,NSW1,63.74089
2026-09-01 01:55:00,QLD1,54.73004
2026-09-01 01:55:00,SA1,-5.18835
2026-09-01 01:55:00,TAS1,9.29848
2026-09-01 01:55:00,VIC1,8.94000
2026-09-01 02:00:00,NSW1,51.27063
2026-09-01 02:00:00,QLD1,43.73000
2026-09-01 02:00:00,SA1,-6.25000
2026-09-01 02:00:00,TAS1,0.00003
2026-09-01 02:00:00,VIC1,0.00003
2026-09-01 02:05:00,NSW1,50.76003
2026-09-01 02:05:00,QLD1,43.00000
2026-09-01 02:05:00,SA1,-4.94272
2026-09-01 02:05:00,TAS1,11.51237
2026-09-01 02:05:00,VIC1,10.50000
2026-09-01 02:10:00,NSW1,65.01966
2026-09-01 02:10:00,QLD1,54.73004
2026-09-01 02:10:00,SA1,-6.50000
2026-09-01 02:10:00,TAS1,15.04000
2026-09-01 02:10:00,VIC1,0.75971
2026-09-01 02:15:00,NSW1,64.89000
2026-09-01 02:15:00,QLD1,54.73004
2026-09-01 02:15:00,SA1,-6.25000
2026-09-01 02:15:00,TAS1,-0.04316
2026-09-01 02:15:00,VIC1,-0.05000
2026-09-01 02:20:00,NSW1,64.15534
2026-09-01 02:20:00,QLD1,54.73004
2026-09-01 02:20:00,SA1,-4.21000
2026-09-01 02:20:00,TAS1,-0.05284
2026-09-01 02:20:00,VIC1,-0.04970
2026-09-01 02:25:00,NSW1,64.54245
2026-09-01 02:25:00,QLD1,54.73004
2026-09-01 02:25:00,SA1,-6.25000
2026-09-01 02:25:00,TAS1,-0.04316
2026-09-01 02:25:00,VIC1,-0.05000
2026-09-01 02:30:00,NSW1,64.54385
2026-09-01 02:30:00,QLD1,54.73004
2026-09-01 02:30:00,SA1,-6.51000
2026-09-01 02:30:00,TAS1,1.09250
2026-09-01 02:30:00,VIC1,0.03998
2026-09-01 02:35:00,NSW1,64.89000
2026-09-01 02:35:00,QLD1,54.28163
2026-09-01 02:35:00,SA1,-6.51000
2026-09-01 02:35:00,TAS1,0.00000
2026-09-01 02:35:00,VIC1,0.00000
2026-09-01 02:40:00,NSW1,64.95000
2026-09-01 02:40:00,QLD1,54.73004
2026-09-01 02:40:00,SA1,-6.62049
2026-09-01 02:40:00,TAS1,0.00000
2026-09-01 02:40:00,VIC1,0.00000
2026-09-01 02:45:00,NSW1,64.95000
2026-09-01 02:45:00,QLD1,54.75000
2026-09-01 02:45:00,SA1,-6.25000
2026-09-01 02:45:00,TAS1,0.71026
2026-09-01 02:45:00,VIC1,0.67000
2026-09-01 02:50:00,NSW1,63.79848
2026-09-01 02:50:00,QLD1,54.73004
2026-09-01 02:50:00,SA1,-6.61912
2026-09-01 02:50:00,TAS1,-0.00001
2026-09-01 02:50:00,VIC1,-0.00001
2026-09-01 02:55:00,NSW1,63.81670
2026-09-01 02:55:00,QLD1,54.73004
2026-09-01 02:55:00,SA1,-6.25000
2026-09-01 02:55:00,TAS1,0.00001
2026-09-01 02:55:00,VIC1,0.00001
2026-09-01 03:00:00,NSW1,64.20163
2026-09-01 03:00:00,QLD1,54.73008
2026-09-01 03:00:00,SA1,-6.25011
2026-09-01 03:00:00,TAS1,0.01050
2026-09-01 03:00:00,VIC1,0.01000
2026-09-01 03:05:00,NSW1,57.39002
2026-09-01 03:05:00,QLD1,48.30000
2026-09-01 03:05:00,SA1,-6.25000
2026-09-01 03:05:00,TAS1,0.00001
2026-09-01 03:05:00,VIC1,0.00001
2026-09-01 03:10:00,NSW1,64.95000
2026-09-01 03:10:00,QLD1,54.66412
2026-09-01 03:10:00,SA1,-6.25000
2026-09-01 03:10:00,TAS1,-0.05268
2026-09-01 03:10:00,VIC1,-0.05000
2026-09-01 03:15:00,NSW1,57.39007
2026-09-01 03:15:00,QLD1,47.67248
2026-09-01 03:15:00,SA1,-6.25000
2026-09-01 03:15:00,TAS1,-0.05253
2026-09-01 03:15:00,VIC1,-0.05000
2026-09-01 03:20:00,NSW1,64.89000
2026-09-01 03:20:00,QLD1,54.75000
2026-09-01 03:20:00,SA1,-6.61246
2026-09-01 03:20:00,TAS1,-0.00001
2026-09-01 03:20:00,VIC1,-0.00001
2026-09-01 03:25:00,NSW1,57.39007
2026-09-01 03:25:00,QLD1,48.11365
2026-09-01 03:25:00,SA1,-6.51000
2026-09-01 03:25:00,TAS1,-0.00001
2026-09-01 03:25:00,VIC1,-0.00001
2026-09-01 03:30:00,NSW1,64.89000
2026-09-01 03:30:00,QLD1,54.23647
2026-09-01 03:30:00,SA1,-6.62127
2026-09-01 03:30:00,TAS1,-0.05221
2026-09-01 03:30:00,VIC1,-0.04970
2026-09-01 03:35:00,NSW1,64.95000
2026-09-01 03:35:00,QLD1,54.73008
2026-09-01 03:35:00,SA1,-6.25000
2026-09-01 03:35:00,TAS1,0.61698
2026-09-01 03:35:00,VIC1,-0.05000
2026-09-01 03:40:00,NSW1,64.89000
2026-09-01 03:40:00,QLD1,54.60027
2026-09-01 03:40:00,SA1,-6.25000
2026-09-01 03:40:00,TAS1,0.26715
2026-09-01 03:40:00,VIC1,-0.05000
2026-09-01 03:45:00,NSW1,64.95000
2026-09-01 03:45:00,QLD1,54.73004
2026-09-01 03:45:00,SA1,-6.51000
2026-09-01 03:45:00,TAS1,0.66699
2026-09-01 03:45:00,VIC1,-0.05000
2026-09-01 03:50:00,NSW1,64.95000
2026-09-01 03:50:00,QLD1,54.73004
2026-09-01 03:50:00,SA1,-6.25000
2026-09-01 03:50:00,TAS1,0.29731
2026-09-01 03:50:00,VIC1,-0.05000
2026-09-01 03:55:00,NSW1,64.95000
2026-09-01 03:55:00,QLD1,54.73004
2026-09-01 03:55:00,SA1,-6.25000
2026-09-01 03:55:00,TAS1,-0.05253
2026-09-01 03:55:00,VIC1,-0.04970
2026-09-01 04:00:00,NSW1,64.95000
2026-09-01 04:00:00,QLD1,54.73004
2026-09-01 04:00:00,SA1,-6.25000
2026-09-01 04:00:00,TAS1,-0.05269
2026-09-01 04:00:00,VIC1,-0.05000
2026-09-01 04:05:00,NSW1,50.78070
2026-09-01 04:05:00,QLD1,43.00000
2026-09-01 04:05:00,SA1,-1.02000
2026-09-01 04:05:00,TAS1,-1.25798
2026-09-01 04:05:00,VIC1,-1.19370
2026-09-01 04:10:00,NSW1,64.56653
2026-09-01 04:10:00,QLD1,54.73008
2026-09-01 04:10:00,SA1,0.00872
2026-09-01 04:10:00,TAS1,0.01077
2026-09-01 04:10:00,VIC1,0.01025
2026-09-01 04:15:00,NSW1,65.51000
2026-09-01 04:15:00,QLD1,56.25303
2026-09-01 04:15:00,SA1,0.00876
2026-09-01 04:15:00,TAS1,0.70084
2026-09-01 04:15:00,VIC1,0.01025
2026-09-01 04:20:00,NSW1,64.95000
2026-09-01 04:20:00,QLD1,54.75000
2026-09-01 04:20:00,SA1,0.00875
2026-09-01 04:20:00,TAS1,0.73084
2026-09-01 04:20:00,VIC1,0.01025
2026-09-01 04:25:00,NSW1,64.89000
2026-09-01 04:25:00,QLD1,54.73004
2026-09-01 04:25:00,SA1,0.00899
2026-09-01 04:25:00,TAS1,0.75106
2026-09-01 04:25:00,VIC1,0.01049
2026-09-01 04:30:00,NSW1,65.38155
2026-09-01 04:30:00,QLD1,54.75000
2026-09-01 04:30:00,SA1,-1.02000
2026-09-01 04:30:00,TAS1,0.75057
2026-09-01 04:30:00,VIC1,0.01000
2026-09-01 04:35:00,NSW1,64.89000
2026-09-01 04:35:00,QLD1,54.73004
2026-09-01 04:35:00,SA1,-1.02000
2026-09-01 04:35:00,TAS1,-0.56718
2026-09-01 04:35:00,VIC1,-1.18930
2026-09-01 04:40:00,NSW1,65.51000
2026-09-01 04:40:00,QLD1,54.75000
2026-09-01 04:40:00,SA1,-1.05000
2026-09-01 04:40:00,TAS1,0.74027
2026-09-01 04:40:00,VIC1,0.00026
2026-09-01 04:45:00,NSW1,65.51000
2026-09-01 04:45:00,QLD1,54.75000
2026-09-01 04:45:00,SA1,-1.05000
2026-09-01 04:45:00,TAS1,-0.55336
2026-09-01 04:45:00,VIC1,-1.21997
2026-09-01 04:50:00,NSW1,65.74555
2026-09-01 04:50:00,QLD1,54.75000
2026-09-01 04:50:00,SA1,-1.02000
2026-09-01 04:50:00,TAS1,-0.52761
2026-09-01 04:50:00,VIC1,-1.19578
2026-09-01 04:55:00,NSW1,75.96007
2026-09-01 04:55:00,QLD1,62.73002
2026-09-01 04:55:00,SA1,-0.87087
2026-09-01 04:55:00,TAS1,0.69027
2026-09-01 04:55:00,VIC1,0.00026
2026-09-01 05:00:00,NSW1,75.96007
2026-09-01 05:00:00,QLD1,62.73002
2026-09-01 05:00:00,SA1,-1.02000
2026-09-01 05:00:00,TAS1,0.71060
2026-09-01 05:00:00,VIC1,0.01000
2026-09-01 05:05:00,NSW1,65.51000
2026-09-01 05:05:00,QLD1,54.75000
2026-09-01 05:05:00,SA1,-1.09992
2026-09-01 05:05:00,TAS1,-1.34500
2026-09-01 05:05:00,VIC1,-1.28080
2026-09-01 05:10:00,NSW1,65.51000
2026-09-01 05:10:00,QLD1,55.75545
2026-09-01 05:10:00,SA1,-1.02000
2026-09-01 05:10:00,TAS1,-1.25875
2026-09-01 05:10:00,VIC1,-1.19877
2026-09-01 05:15:00,NSW1,74.19964
2026-09-01 05:15:00,QLD1,62.73001
2026-09-01 05:15:00,SA1,-0.86952
2026-09-01 05:15:00,TAS1,0.01050
2026-09-01 05:15:00,VIC1,0.01000
2026-09-01 05:20:00,NSW1,73.68129
2026-09-01 05:20:00,QLD1,62.73004
2026-09-01 05:20:00,SA1,0.00030
2026-09-01 05:20:00,TAS1,0.00037
2026-09-01 05:20:00,VIC1,0.00036
2026-09-01 05:25:00,NSW1,72.72460
2026-09-01 05:25:00,QLD1,62.73001
2026-09-01 05:25:00,SA1,-1.02000
2026-09-01 05:25:00,TAS1,0.68057
2026-09-01 05:25:00,VIC1,0.01000
2026-09-01 05:30:00,NSW1,85.12045
2026-09-01 05:30:00,QLD1,72.50000
2026-09-01 05:30:00,SA1,-0.87076
2026-09-01 05:30:00,TAS1,0.72038
2026-09-01 05:30:00,VIC1,0.00036
2026-09-01 05:35:00,NSW1,69.99000
2026-09-01 05:35:00,QLD1,61.98439
2026-09-01 05:35:00,SA1,-0.86950
2026-09-01 05:35:00,TAS1,0.01053
2026-09-01 05:35:00,VIC1,0.01000
2026-09-01 05:40:00,NSW1,70.76580
2026-09-01 05:40:00,QLD1,62.73004
2026-09-01 05:40:00,SA1,0.00854
2026-09-01 05:40:00,TAS1,0.70056
2026-09-01 05:40:00,VIC1,0.01000
2026-09-01 05:45:00,NSW1,70.72860
2026-09-01 05:45:00,QLD1,62.73004
2026-09-01 05:45:00,SA1,0.00857
2026-09-01 05:45:00,TAS1,0.69060
2026-09-01 05:45:00,VIC1,0.01000
2026-09-01 05:50:00,NSW1,73.16761
2026-09-01 05:50:00,QLD1,64.95000
2026-09-01 05:50:00,SA1,0.00850
2026-09-01 05:50:00,TAS1,0.70063
2026-09-01 05:50:00,VIC1,0.01000
2026-09-01 05:55:00,NSW1,69.99000
2026-09-01 05:55:00,QLD1,61.69751
2026-09-01 05:55:00,SA1,0.01735
2026-09-01 05:55:00,TAS1,14.07275
2026-09-01 05:55:00,VIC1,0.02000
2026-09-01 06:00:00,NSW1,70.68771
2026-09-01 06:00:00,QLD1,62.73001
2026-09-01 06:00:00,SA1,0.00870
2026-09-01 06:00:00,TAS1,14.07275
2026-09-01 06:00:00,VIC1,0.01000
2026-09-01 06:05:00,NSW1,60.23558
2026-09-01 06:05:00,QLD1,50.82000
2026-09-01 06:05:00,SA1,0.00856
2026-09-01 06:05:00,TAS1,0.01043
2026-09-01 06:05:00,VIC1,0.01000
2026-09-01 06:10:00,NSW1,69.99000
2026-09-01 06:10:00,QLD1,60.23401
2026-09-01 06:10:00,SA1,0.01720
2026-09-01 06:10:00,TAS1,0.02105
2026-09-01 06:10:00,VIC1,0.02000
2026-09-01 06:15:00,NSW1,65.50000
2026-09-01 06:15:00,QLD1,55.01355
2026-09-01 06:15:00,SA1,0.01717
2026-09-01 06:15:00,TAS1,0.02092
2026-09-01 06:15:00,VIC1,0.02000
2026-09-01 06:20:00,NSW1,69.99000
2026-09-01 06:20:00,QLD1,58.67696
2026-09-01 06:20:00,SA1,7.35584
2026-09-01 06:20:00,TAS1,8.86205
2026-09-01 06:20:00,VIC1,8.50000
2026-09-01 06:25:00,NSW1,75.11917
2026-09-01 06:25:00,QLD1,62.70000
2026-09-01 06:25:00,SA1,7.72580
2026-09-01 06:25:00,TAS1,9.37910
2026-09-01 06:25:00,VIC1,8.94000
2026-09-01 06:30:00,NSW1,76.77000
2026-09-01 06:30:00,QLD1,63.75912
2026-09-01 06:30:00,SA1,14.14849
2026-09-01 06:30:00,TAS1,11.87706
2026-09-01 06:30:00,VIC1,35.77723
2026-09-01 06:35:00,NSW1,76.77002
2026-09-01 06:35:00,QLD1,62.73001
2026-09-01 06:35:00,SA1,6.62360
2026-09-01 06:35:00,TAS1,1.40903
2026-09-01 06:35:00,VIC1,30.87675
2026-09-01 06:40:00,NSW1,90.00000
2026-09-01 06:40:00,QLD1,72.83789
2026-09-01 06:40:00,SA1,8.13038
2026-09-01 06:40:00,TAS1,1.81522
2026-09-01 06:40:00,VIC1,36.66569
2026-09-01 06:45:00,NSW1,90.00000
2026-09-01 06:45:00,QLD1,64.95000
2026-09-01 06:45:00,SA1,4.55335
2026-09-01 06:45:00,TAS1,-2.55014
2026-09-01 06:45:00,VIC1,34.34272
2026-09-01 06:50:00,NSW1,90.00000
2026-09-01 06:50:00,QLD1,64.95000
2026-09-01 06:50:00,SA1,-0.47834
2026-09-01 06:50:00,TAS1,-9.52197
2026-09-01 06:50:00,VIC1,30.83174
2026-09-01 06:55:00,NSW1,90.00000
2026-09-01 06:55:00,QLD1,71.36641
2026-09-01 06:55:00,SA1,6.71668
2026-09-01 06:55:00,TAS1,15.08000
2026-09-01 06:55:00,VIC1,35.97104
2026-09-01 07:00:00,NSW1,69.99000
2026-09-01 07:00:00,QLD1,56.65658
2026-09-01 07:00:00,SA1,-7.14000
2026-09-01 07:00:00,TAS1,15.08000
2026-09-01 07:00:00,VIC1,19.14630
2026-09-01 07:05:00,NSW1,62.80830
2026-09-01 07:05:00,QLD1,50.81000
2026-09-01 07:05:00,SA1,-7.12000
2026-09-01 07:05:00,TAS1,-9.92000
2026-09-01 07:05:00,VIC1,16.73361
2026-09-01 07:10:00,NSW1,61.82021
2026-09-01 07:10:00,QLD1,50.81000
2026-09-01 07:10:00,SA1,-6.85370
2026-09-01 07:10:00,TAS1,-9.92000
2026-09-01 07:10:00,VIC1,16.47527
2026-09-01 07:15:00,NSW1,59.12982
2026-09-01 07:15:00,QLD1,50.81000
2026-09-01 07:15:00,SA1,-8.00000
2026-09-01 07:15:00,TAS1,-9.92000
2026-09-01 07:15:00,VIC1,9.04039
2026-09-01 07:20:00,NSW1,56.93610
2026-09-01 07:20:00,QLD1,50.81000
2026-09-01 07:20:00,SA1,-7.13000
2026-09-01 07:20:00,TAS1,-9.92000
2026-09-01 07:20:00,VIC1,8.24836
2026-09-01 07:25:00,NSW1,23.95000
2026-09-01 07:25:00,QLD1,21.35257
2026-09-01 07:25:00,SA1,-6.25000
2026-09-01 07:25:00,TAS1,-9.92000
2026-09-01 07:25:00,VIC1,3.75382
2026-09-01 07:30:00,NSW1,0.01013
2026-09-01 07:30:00,QLD1,0.01000
2026-09-01 07:30:00,SA1,-6.25000
2026-09-01 07:30:00,TAS1,-6.84651
2026-09-01 07:30:00,VIC1,-6.45455
2026-09-01 07:35:00,NSW1,23.95000
2026-09-01 07:35:00,QLD1,22.18021
2026-09-01 07:35:00,SA1,-1.02000
2026-09-01 07:35:00,TAS1,0.01058
2026-09-01 07:35:00,VIC1,0.01000
2026-09-01 07:40:00,NSW1,23.95000
2026-09-01 07:40:00,QLD1,21.99088
2026-09-01 07:40:00,SA1,-3.87949
2026-09-01 07:40:00,TAS1,0.07000
2026-09-01 07:40:00,VIC1,0.01000
2026-09-01 07:45:00,NSW1,23.95000
2026-09-01 07:45:00,QLD1,22.10658
2026-09-01 07:45:00,SA1,-6.25000
2026-09-01 07:45:00,TAS1,-2.41126
2026-09-01 07:45:00,VIC1,-2.94918
2026-09-01 07:50:00,NSW1,22.27000
2026-09-01 07:50:00,QLD1,19.95261
2026-09-01 07:50:00,SA1,-5.99998
2026-09-01 07:50:00,TAS1,-2.91901
2026-09-01 07:50:00,VIC1,-5.00000
2026-09-01 07:55:00,NSW1,23.95000
2026-09-01 07:55:00,QLD1,22.50039
2026-09-01 07:55:00,SA1,-6.51000
2026-09-01 07:55:00,TAS1,-4.19945
2026-09-01 07:55:00,VIC1,-5.00000
2026-09-01 08:00:00,NSW1,23.95000
2026-09-01 08:00:00,QLD1,22.81397
2026-09-01 08:00:00,SA1,-6.25000
2026-09-01 08:00:00,TAS1,-6.33326
2026-09-01 08:00:00,VIC1,-6.00000
2026-09-01 08:05:00,NSW1,23.95000
2026-09-01 08:05:00,QLD1,22.97675
2026-09-01 08:05:00,SA1,-6.25000
2026-09-01 08:05:00,TAS1,-4.57070
2026-09-01 08:05:00,VIC1,-5.00000
2026-09-01 08:10:00,NSW1,64.89000
2026-09-01 08:10:00,QLD1,62.64941
2026-09-01 08:10:00,SA1,-6.51000
2026-09-01 08:10:00,TAS1,-4.57464
2026-09-01 08:10:00,VIC1,-5.00000
2026-09-01 08:15:00,NSW1,28.95000
2026-09-01 08:15:00,QLD1,27.21643
2026-09-01 08:15:00,SA1,-6.25000
2026-09-01 08:15:00,TAS1,-6.31482
2026-09-01 08:15:00,VIC1,-6.00000
2026-09-01 08:20:00,NSW1,0.77239
2026-09-01 08:20:00,QLD1,0.73000
2026-09-01 08:20:00,SA1,-6.25000
2026-09-01 08:20:00,TAS1,-6.35477
2026-09-01 08:20:00,VIC1,-6.00000
2026-09-01 08:25:00,NSW1,7.29918
2026-09-01 08:25:00,QLD1,6.85000
2026-09-01 08:25:00,SA1,-6.51000
2026-09-01 08:25:00,TAS1,-6.33555
2026-09-01 08:25:00,VIC1,-5.99992
2026-09-01 08:30:00,NSW1,7.23422
2026-09-01 08:30:00,QLD1,6.83000
2026-09-01 08:30:00,SA1,-6.51000
2026-09-01 08:30:00,TAS1,-6.31687
2026-09-01 08:30:00,VIC1,-5.99992
2026-09-01 08:35:00,NSW1,2.81322
2026-09-01 08:35:00,QLD1,2.69000
2026-09-01 08:35:00,SA1,-16.97000
2026-09-01 08:35:00,TAS1,-9.88000
2026-09-01 08:35:00,VIC1,-20.00000
2026-09-01 08:40:00,NSW1,7.25677
2026-09-01 08:40:00,QLD1,6.85000
2026-09-01 08:40:00,SA1,-15.46000
2026-09-01 08:40:00,TAS1,0.24000
2026-09-01 08:40:00,VIC1,-5.03000
2026-09-01 08:45:00,NSW1,7.26555
2026-09-01 08:45:00,QLD1,6.85000
2026-09-01 08:45:00,SA1,-19.51000
2026-09-01 08:45:00,TAS1,88.24000
2026-09-01 08:45:00,VIC1,-5.99992
2026-09-01 08:50:00,NSW1,2.09603
2026-09-01 08:50:00,QLD1,2.00000
2026-09-01 08:50:00,SA1,-18.88000
2026-09-01 08:50:00,TAS1,-9.88000
2026-09-01 08:50:00,VIC1,-35.68000
2026-09-01 08:55:00,NSW1,13.20003
2026-09-01 08:55:00,QLD1,12.12079
2026-09-01 08:55:00,SA1,-8.70580
2026-09-01 08:55:00,TAS1,-8.46431
2026-09-01 08:55:00,VIC1,-8.01000
2026-09-01 09:00:00,NSW1,7.41371
2026-09-01 09:00:00,QLD1,6.85000
2026-09-01 09:00:00,SA1,-19.51000
2026-09-01 09:00:00,TAS1,-1.07550
2026-09-01 09:00:00,VIC1,-1.01771
2026-09-01 09:05:00,NSW1,7.34826
2026-09-01 09:05:00,QLD1,6.83000
2026-09-01 09:05:00,SA1,-100.09000
2026-09-01 09:05:00,TAS1,-6.57468
2026-09-01 09:05:00,VIC1,-6.55000
2026-09-01 09:10:00,NSW1,2.22025
2026-09-01 09:10:00,QLD1,2.09000
2026-09-01 09:10:00,SA1,-20.00000
2026-09-01 09:10:00,TAS1,0.01057
2026-09-01 09:10:00,VIC1,0.01000
2026-09-01 09:15:00,NSW1,15.14612
2026-09-01 09:15:00,QLD1,14.07000
2026-09-01 09:15:00,SA1,-100.09000
2026-09-01 09:15:00,TAS1,0.01057
2026-09-01 09:15:00,VIC1,0.01000
2026-09-01 09:20:00,NSW1,13.20014
2026-09-01 09:20:00,QLD1,12.81884
2026-09-01 09:20:00,SA1,-20.00000
2026-09-01 09:20:00,TAS1,-5.31860
2026-09-01 09:20:00,VIC1,-5.03000
2026-09-01 09:25:00,NSW1,0.01038
2026-09-01 09:25:00,QLD1,0.01000
2026-09-01 09:25:00,SA1,-69.67000
2026-09-01 09:25:00,TAS1,-6.36454
2026-09-01 09:25:00,VIC1,-5.99992
2026-09-01 09:30:00,NSW1,0.00003
2026-09-01 09:30:00,QLD1,0.00002
2026-09-01 09:30:00,SA1,-20.00000
2026-09-01 09:30:00,TAS1,-6.34476
2026-09-01 09:30:00,VIC1,-5.99992
2026-09-01 09:35:00,NSW1,2.07821
2026-09-01 09:35:00,QLD1,2.00000
2026-09-01 09:35:00,SA1,-20.00000
2026-09-01 09:35:00,TAS1,0.01061
2026-09-01 09:35:00,VIC1,0.01000
2026-09-01 09:40:00,NSW1,23.95000
2026-09-01 09:40:00,QLD1,22.85000
2026-09-01 09:40:00,SA1,-119.67000
2026-09-01 09:40:00,TAS1,0.12000
2026-09-01 09:40:00,VIC1,-6.55000
2026-09-01 09:45:00,NSW1,2.17976
2026-09-01 09:45:00,QLD1,2.08000
2026-09-01 09:45:00,SA1,-100.09000
2026-09-01 09:45:00,TAS1,-7.92000
2026-09-01 09:45:00,VIC1,-20.00000
2026-09-01 09:50:00,NSW1,-1.32235
2026-09-01 09:50:00,QLD1,-1.31000
2026-09-01 09:50:00,SA1,-20.00000
2026-09-01 09:50:00,TAS1,-6.32839
2026-09-01 09:50:00,VIC1,-5.99992
2026-09-01 09:55:00,NSW1,13.20014
2026-09-01 09:55:00,QLD1,12.64676
2026-09-01 09:55:00,SA1,-45.00000
2026-09-01 09:55:00,TAS1,0.12000
2026-09-01 09:55:00,VIC1,-5.09000
2026-09-01 10:00:00,NSW1,0.00002
2026-09-01 10:00:00,QLD1,0.00002
2026-09-01 10:00:00,SA1,-20.00000
2026-09-01 10:00:00,TAS1,0.12000
2026-09-01 10:00:00,VIC1,-6.55000
2026-09-01 10:05:00,NSW1,-3.07751
2026-09-01 10:05:00,QLD1,-3.00000
2026-09-01 10:05:00,SA1,-20.00000
2026-09-01 10:05:00,TAS1,15.12000
2026-09-01 10:05:00,VIC1,-20.00000
2026-09-01 10:10:00,NSW1,0.00000
2026-09-01 10:10:00,QLD1,0.00000
2026-09-01 10:10:00,SA1,-20.00000
2026-09-01 10:10:00,TAS1,15.12000
2026-09-01 10:10:00,VIC1,0.00000
2026-09-01 10:15:00,NSW1,-1.34718
2026-09-01 10:15:00,QLD1,-1.31000
2026-09-01 10:15:00,SA1,-20.00000
2026-09-01 10:15:00,TAS1,25.24000
2026-09-01 10:15:00,VIC1,-5.99992
2026-09-01 10:20:00,NSW1,-3.06582
2026-09-01 10:20:00,QLD1,-3.00000
2026-09-01 10:20:00,SA1,-20.00000
2026-09-01 10:20:00,TAS1,0.12000
2026-09-01 10:20:00,VIC1,-5.03000
2026-09-01 10:25:00,NSW1,-3.21926
2026-09-01 10:25:00,QLD1,-3.21000
2026-09-01 10:25:00,SA1,-20.00000
2026-09-01 10:25:00,TAS1,0.12000
2026-09-01 10:25:00,VIC1,-44.23000
2026-09-01 10:30:00,NSW1,-2.89855
2026-09-01 10:30:00,QLD1,-2.91000
2026-09-01 10:30:00,SA1,-20.00000
2026-09-01 10:30:00,TAS1,0.12000
2026-09-01 10:30:00,VIC1,-59.99994
2026-09-01 10:35:00,NSW1,-2.80993
2026-09-01 10:35:00,QLD1,-2.91000
2026-09-01 10:35:00,SA1,-20.00000
2026-09-01 10:35:00,TAS1,0.12000
2026-09-01 10:35:00,VIC1,-59.47000
2026-09-01 10:40:00,NSW1,-3.08230
2026-09-01 10:40:00,QLD1,-3.21000
2026-09-01 10:40:00,SA1,-18.88000
2026-09-01 10:40:00,TAS1,0.12000
2026-09-01 10:40:00,VIC1,-20.00000
2026-09-01 10:45:00,NSW1,-3.01286
2026-09-01 10:45:00,QLD1,-3.22000
2026-09-01 10:45:00,SA1,-16.97000
2026-09-01 10:45:00,TAS1,-15.01000
2026-09-01 10:45:00,VIC1,-48.64000
2026-09-01 10:50:00,NSW1,-3.85231
2026-09-01 10:50:00,QLD1,-4.09000
2026-09-01 10:50:00,SA1,-18.55000
2026-09-01 10:50:00,TAS1,-51.00241
2026-09-01 10:50:00,VIC1,-48.64000
2026-09-01 10:55:00,NSW1,-3.03067
2026-09-01 10:55:00,QLD1,-3.22000
2026-09-01 10:55:00,SA1,-19.51000
2026-09-01 10:55:00,TAS1,-20.97321
2026-09-01 10:55:00,VIC1,-20.00000
2026-09-01 11:00:00,NSW1,-2.95176
2026-09-01 11:00:00,QLD1,-3.22000
2026-09-01 11:00:00,SA1,-17.56000
2026-09-01 11:00:00,TAS1,-36.47770
2026-09-01 11:00:00,VIC1,-34.89000
2026-09-01 11:05:00,NSW1,-2.93367
2026-09-01 11:05:00,QLD1,-3.22000
2026-09-01 11:05:00,SA1,-19.51000
2026-09-01 11:05:00,TAS1,-20.82197
2026-09-01 11:05:00,VIC1,-20.00000
2026-09-01 11:10:00,NSW1,0.00000
2026-09-01 11:10:00,QLD1,0.00000
2026-09-01 11:10:00,SA1,-18.70837
2026-09-01 11:10:00,TAS1,-9.88000
2026-09-01 11:10:00,VIC1,-9.42308
2026-09-01 11:15:00,NSW1,0.00000
2026-09-01 11:15:00,QLD1,0.00000
2026-09-01 11:15:00,SA1,-16.97000
2026-09-01 11:15:00,TAS1,-21.03460
2026-09-01 11:15:00,VIC1,-20.00000
2026-09-01 11:20:00,NSW1,-2.77998
2026-09-01 11:20:00,QLD1,-3.00000
2026-09-01 11:20:00,SA1,-20.00000
2026-09-01 11:20:00,TAS1,-58.91000
2026-09-01 11:20:00,VIC1,-59.47000
2026-09-01 11:25:00,NSW1,-2.73989
2026-09-01 11:25:00,QLD1,-3.00000
2026-09-01 11:25:00,SA1,-20.00000
2026-09-01 11:25:00,TAS1,-9.96000
2026-09-01 11:25:00,VIC1,-9.52847
2026-09-01 11:30:00,NSW1,-18.51000
2026-09-01 11:30:00,QLD1,-5.94000
2026-09-01 11:30:00,SA1,-20.00000
2026-09-01 11:30:00,TAS1,-20.97198
2026-09-01 11:30:00,VIC1,-20.00000
2026-09-01 11:35:00,NSW1,-4.00000
2026-09-01 11:35:00,QLD1,-3.22000
2026-09-01 11:35:00,SA1,-20.00000
2026-09-01 11:35:00,TAS1,-21.17108
2026-09-01 11:35:00,VIC1,-20.00000
2026-09-01 11:40:00,NSW1,-2.00000
2026-09-01 11:40:00,QLD1,0.00000
2026-09-01 11:40:00,SA1,-20.00000
2026-09-01 11:40:00,TAS1,-58.91000
2026-09-01 11:40:00,VIC1,-60.00000
2026-09-01 11:45:00,NSW1,-2.61618
2026-09-01 11:45:00,QLD1,-3.00000
2026-09-01 11:45:00,SA1,-19.51000
2026-09-01 11:45:00,TAS1,-58.56176
2026-09-01 11:45:00,VIC1,-59.47000
2026-09-01 11:50:00,NSW1,-2.61462
2026-09-01 11:50:00,QLD1,-3.00000
2026-09-01 11:50:00,SA1,-20.00000
2026-09-01 11:50:00,TAS1,-15.01000
2026-09-01 11:50:00,VIC1,-34.89000
2026-09-01 11:55:00,NSW1,-2.00000
2026-09-01 11:55:00,QLD1,-1.31000
2026-09-01 11:55:00,SA1,-20.00000
2026-09-01 11:55:00,TAS1,-46.24343
2026-09-01 11:55:00,VIC1,-44.23000
2026-09-01 12:00:00,NSW1,-8.89000
2026-09-01 12:00:00,QLD1,0.00001
2026-09-01 12:00:00,SA1,-20.00000
2026-09-01 12:00:00,TAS1,-46.24621
2026-09-01 12:00:00,VIC1,-44.23000
2026-09-01 12:05:00,NSW1,-4.00000
2026-09-01 12:05:00,QLD1,-2.91000
2026-09-01 12:05:00,SA1,-19.51000
2026-09-01 12:05:00,TAS1,-15.01000
2026-09-01 12:05:00,VIC1,-44.23000
2026-09-01 12:10:00,NSW1,-9.33000
2026-09-01 12:10:00,QLD1,-4.09000
2026-09-01 12:10:00,SA1,-19.51000
2026-09-01 12:10:00,TAS1,-52.38379
2026-09-01 12:10:00,VIC1,-50.01000
2026-09-01 12:15:00,NSW1,-5.01000
2026-09-01 12:15:00,QLD1,0.00000
2026-09-01 12:15:00,SA1,-20.00000
2026-09-01 12:15:00,TAS1,-52.21801
2026-09-01 12:15:00,VIC1,-50.01000
2026-09-01 12:20:00,NSW1,-8.96000
2026-09-01 12:20:00,QLD1,-1.31000
2026-09-01 12:20:00,SA1,-21.44369
2026-09-01 12:20:00,TAS1,-21.17845
2026-09-01 12:20:00,VIC1,-20.00000
2026-09-01 12:25:00,NSW1,-10.50000
2026-09-01 12:25:00,QLD1,-3.00000
2026-09-01 12:25:00,SA1,-21.18247
2026-09-01 12:25:00,TAS1,-15.01000
2026-09-01 12:25:00,VIC1,-20.00000
2026-09-01 12:30:00,NSW1,-8.92000
2026-09-01 12:30:00,QLD1,-2.91000
2026-09-01 12:30:00,SA1,-36.55511
2026-09-01 12:30:00,TAS1,-9.98000
2026-09-01 12:30:00,VIC1,-34.89000
2026-09-01 12:35:00,NSW1,-9.33000
2026-09-01 12:35:00,QLD1,0.00000
2026-09-01 12:35:00,SA1,-37.51931
2026-09-01 12:35:00,TAS1,-15.01000
2026-09-01 12:35:00,VIC1,-36.12000
2026-09-01 12:40:00,NSW1,-10.50000
2026-09-01 12:40:00,QLD1,0.00050
2026-09-01 12:40:00,SA1,-21.04518
2026-09-01 12:40:00,TAS1,-21.10483
2026-09-01 12:40:00,VIC1,-20.00000
2026-09-01 12:45:00,NSW1,-18.50980
2026-09-01 12:45:00,QLD1,2.09000
2026-09-01 12:45:00,SA1,-47.27555
2026-09-01 12:45:00,TAS1,-46.67180
2026-09-01 12:45:00,VIC1,-44.23000
2026-09-01 12:50:00,NSW1,-18.51000
2026-09-01 12:50:00,QLD1,2.08000
2026-09-01 12:50:00,SA1,-20.00000
2026-09-01 12:50:00,TAS1,-36.83221
2026-09-01 12:50:00,VIC1,-34.89000
2026-09-01 12:55:00,NSW1,-8.50000
2026-09-01 12:55:00,QLD1,2.09000
2026-09-01 12:55:00,SA1,-19.51000
2026-09-01 12:55:00,TAS1,-46.09996
2026-09-01 12:55:00,VIC1,-44.23000
2026-09-01 13:00:00,NSW1,-18.51000
2026-09-01 13:00:00,QLD1,2.09000
2026-09-01 13:00:00,SA1,-19.51000
2026-09-01 13:00:00,TAS1,-20.50626
2026-09-01 13:00:00,VIC1,-19.99000
2026-09-01 13:05:00,NSW1,-10.49990
2026-09-01 13:05:00,QLD1,-2.91000
2026-09-01 13:05:00,SA1,-11.18921
2026-09-01 13:05:00,TAS1,-10.02611
2026-09-01 13:05:00,VIC1,-10.13731
2026-09-01 13:10:00,NSW1,-9.33000
2026-09-01 13:10:00,QLD1,2.09000
2026-09-01 13:10:00,SA1,-18.55000
2026-09-01 13:10:00,TAS1,-15.01000
2026-09-01 13:10:00,VIC1,-20.00000
2026-09-01 13:15:00,NSW1,-8.89000
2026-09-01 13:15:00,QLD1,2.08000
2026-09-01 13:15:00,SA1,-16.97000
2026-09-01 13:15:00,TAS1,-15.01000
2026-09-01 13:15:00,VIC1,-20.00000
2026-09-01 13:20:00,NSW1,0.00030
2026-09-01 13:20:00,QLD1,2.09000
2026-09-01 13:20:00,SA1,-16.97000
2026-09-01 13:20:00,TAS1,-40.75774
2026-09-01 13:20:00,VIC1,-39.06000
2026-09-01 13:25:00,NSW1,-8.50000
2026-09-01 13:25:00,QLD1,2.08000
2026-09-01 13:25:00,SA1,-15.46000
2026-09-01 13:25:00,TAS1,-15.01000
2026-09-01 13:25:00,VIC1,-14.17249
2026-09-01 13:30:00,NSW1,-10.50000
2026-09-01 13:30:00,QLD1,2.00000
2026-09-01 13:30:00,SA1,-18.55000
2026-09-01 13:30:00,TAS1,-20.98587
2026-09-01 13:30:00,VIC1,-20.00000
2026-09-01 13:35:00,NSW1,-2.00000
2026-09-01 13:35:00,QLD1,2.09000
2026-09-01 13:35:00,SA1,-18.55000
2026-09-01 13:35:00,TAS1,-15.01000
2026-09-01 13:35:00,VIC1,-19.99000
2026-09-01 13:40:00,NSW1,0.00030
2026-09-01 13:40:00,QLD1,2.09000
2026-09-01 13:40:00,SA1,-8.00000
2026-09-01 13:40:00,TAS1,-9.96000
2026-09-01 13:40:00,VIC1,-20.00000
2026-09-01 13:45:00,NSW1,-9.06000
2026-09-01 13:45:00,QLD1,2.09000
2026-09-01 13:45:00,SA1,-18.55000
2026-09-01 13:45:00,TAS1,-20.52253
2026-09-01 13:45:00,VIC1,-20.00000
2026-09-01 13:50:00,NSW1,1.20000
2026-09-01 13:50:00,QLD1,6.85000
2026-09-01 13:50:00,SA1,-8.00000
2026-09-01 13:50:00,TAS1,-6.80702
2026-09-01 13:50:00,VIC1,-6.55000
2026-09-01 13:55:00,NSW1,-6.34125
2026-09-01 13:55:00,QLD1,6.83000
2026-09-01 13:55:00,SA1,-10.33923
2026-09-01 13:55:00,TAS1,-6.91510
2026-09-01 13:55:00,VIC1,-6.55000
2026-09-01 14:00:00,NSW1,1.78557
2026-09-01 14:00:00,QLD1,2.08000
2026-09-01 14:00:00,SA1,-19.51000
2026-09-01 14:00:00,TAS1,-15.01000
2026-09-01 14:00:00,VIC1,-34.89000
2026-09-01 14:05:00,NSW1,5.89680
2026-09-01 14:05:00,QLD1,6.83000
2026-09-01 14:05:00,SA1,-10.41262
2026-09-01 14:05:00,TAS1,-6.84914
2026-09-01 14:05:00,VIC1,-6.55000
2026-09-01 14:10:00,NSW1,5.93407
2026-09-01 14:10:00,QLD1,6.83000
2026-09-01 14:10:00,SA1,-8.00000
2026-09-01 14:10:00,TAS1,-9.96000
2026-09-01 14:10:00,VIC1,-20.00000
2026-09-01 14:15:00,NSW1,0.77478
2026-09-01 14:15:00,QLD1,0.88000
2026-09-01 14:15:00,SA1,-8.00000
2026-09-01 14:15:00,TAS1,-15.01000
2026-09-01 14:15:00,VIC1,-20.00000
2026-09-01 14:20:00,NSW1,-5.01000
2026-09-01 14:20:00,QLD1,-3.00000
2026-09-01 14:20:00,SA1,-8.00000
2026-09-01 14:20:00,TAS1,-6.25325
2026-09-01 14:20:00,VIC1,-5.99992
2026-09-01 14:25:00,NSW1,6.32121
2026-09-01 14:25:00,QLD1,6.86000
2026-09-01 14:25:00,SA1,-10.96067
2026-09-01 14:25:00,TAS1,-9.96000
2026-09-01 14:25:00,VIC1,-9.46796
2026-09-01 14:30:00,NSW1,4.85360
2026-09-01 14:30:00,QLD1,5.30000
2026-09-01 14:30:00,SA1,-8.00000
2026-09-01 14:30:00,TAS1,-6.84659
2026-09-01 14:30:00,VIC1,-6.55000
2026-09-01 14:35:00,NSW1,-5.31804
2026-09-01 14:35:00,QLD1,-5.99995
2026-09-01 14:35:00,SA1,-8.00000
2026-09-01 14:35:00,TAS1,-6.84597
2026-09-01 14:35:00,VIC1,-6.55000
2026-09-01 14:40:00,NSW1,-5.01000
2026-09-01 14:40:00,QLD1,-5.58776
2026-09-01 14:40:00,SA1,-8.00000
2026-09-01 14:40:00,TAS1,-5.50925
2026-09-01 14:40:00,VIC1,-5.27096
2026-09-01 14:45:00,NSW1,-2.62116
2026-09-01 14:45:00,QLD1,-2.99990
2026-09-01 14:45:00,SA1,-8.00000
2026-09-01 14:45:00,TAS1,-4.76296
2026-09-01 14:45:00,VIC1,-4.52921
2026-09-01 14:50:00,NSW1,-6.03368
2026-09-01 14:50:00,QLD1,-6.46813
2026-09-01 14:50:00,SA1,-8.00000
2026-09-01 14:50:00,TAS1,-6.96747
2026-09-01 14:50:00,VIC1,-6.62677
2026-09-01 14:55:00,NSW1,-4.36604
2026-09-01 14:55:00,QLD1,-4.84008
2026-09-01 14:55:00,SA1,-8.00000
2026-09-01 14:55:00,TAS1,-4.91967
2026-09-01 14:55:00,VIC1,-4.68000
2026-09-01 15:00:00,NSW1,-2.72409
2026-09-01 15:00:00,QLD1,-2.99990
2026-09-01 15:00:00,SA1,-7.12000
2026-09-01 15:00:00,TAS1,-3.68465
2026-09-01 15:00:00,VIC1,-3.50610
2026-09-01 15:05:00,NSW1,-4.35539
2026-09-01 15:05:00,QLD1,-4.55284
2026-09-01 15:05:00,SA1,-7.15000
2026-09-01 15:05:00,TAS1,-4.19268
2026-09-01 15:05:00,VIC1,-4.68000
2026-09-01 15:10:00,NSW1,-4.10460
2026-09-01 15:10:00,QLD1,-4.18554
2026-09-01 15:10:00,SA1,-8.00000
2026-09-01 15:10:00,TAS1,0.04000
2026-09-01 15:10:00,VIC1,-4.68000
2026-09-01 15:15:00,NSW1,-4.13144
2026-09-01 15:15:00,QLD1,-4.26903
2026-09-01 15:15:00,SA1,-8.00000
2026-09-01 15:15:00,TAS1,0.07000
2026-09-01 15:15:00,VIC1,-4.68000
2026-09-01 15:20:00,NSW1,-4.16029
2026-09-01 15:20:00,QLD1,-4.41506
2026-09-01 15:20:00,SA1,-7.25000
2026-09-01 15:20:00,TAS1,0.04000
2026-09-01 15:20:00,VIC1,-4.42005
2026-09-01 15:25:00,NSW1,-4.32883
2026-09-01 15:25:00,QLD1,-4.53847
2026-09-01 15:25:00,SA1,-7.15000
2026-09-01 15:25:00,TAS1,-4.17872
2026-09-01 15:25:00,VIC1,-4.68000
2026-09-01 15:30:00,NSW1,0.00000
2026-09-01 15:30:00,QLD1,0.00000
2026-09-01 15:30:00,SA1,-6.50000
2026-09-01 15:30:00,TAS1,0.73000
2026-09-01 15:30:00,VIC1,0.00000
2026-09-01 15:35:00,NSW1,0.00886
2026-09-01 15:35:00,QLD1,0.00901
2026-09-01 15:35:00,SA1,-6.25000
2026-09-01 15:35:00,TAS1,0.01046
2026-09-01 15:35:00,VIC1,0.01000
2026-09-01 15:40:00,NSW1,0.00000
2026-09-01 15:40:00,QLD1,0.00000
2026-09-01 15:40:00,SA1,-6.51000
2026-09-01 15:40:00,TAS1,-0.55458
2026-09-01 15:40:00,VIC1,-0.53000
2026-09-01 15:45:00,NSW1,0.00911
2026-09-01 15:45:00,QLD1,0.00934
2026-09-01 15:45:00,SA1,-6.25000
2026-09-01 15:45:00,TAS1,0.01046
2026-09-01 15:45:00,VIC1,0.01000
2026-09-01 15:50:00,NSW1,13.04683
2026-09-01 15:50:00,QLD1,13.82603
2026-09-01 15:50:00,SA1,-6.25000
2026-09-01 15:50:00,TAS1,13.99809
2026-09-01 15:50:00,VIC1,13.42000
2026-09-01 15:55:00,NSW1,0.00933
2026-09-01 15:55:00,QLD1,0.00945
2026-09-01 15:55:00,SA1,-6.50000
2026-09-01 15:55:00,TAS1,0.01046
2026-09-01 15:55:00,VIC1,0.01000
2026-09-01 16:00:00,NSW1,22.18536
2026-09-01 16:00:00,QLD1,23.12420
2026-09-01 16:00:00,SA1,-6.51000
2026-09-01 16:00:00,TAS1,23.78484
2026-09-01 16:00:00,VIC1,22.67000
2026-09-01 16:05:00,NSW1,12.26895
2026-09-01 16:05:00,QLD1,12.96201
2026-09-01 16:05:00,SA1,-6.25000
2026-09-01 16:05:00,TAS1,13.51115
2026-09-01 16:05:00,VIC1,12.96000
2026-09-01 16:10:00,NSW1,15.51826
2026-09-01 16:10:00,QLD1,16.51238
2026-09-01 16:10:00,SA1,-6.51000
2026-09-01 16:10:00,TAS1,17.08000
2026-09-01 16:10:00,VIC1,16.38391
2026-09-01 16:15:00,NSW1,12.36462
2026-09-01 16:15:00,QLD1,13.07738
2026-09-01 16:15:00,SA1,-7.15000
2026-09-01 16:15:00,TAS1,17.08000
2026-09-01 16:15:00,VIC1,12.96000
2026-09-01 16:20:00,NSW1,47.53858
2026-09-01 16:20:00,QLD1,50.00000
2026-09-01 16:20:00,SA1,-7.15000
2026-09-01 16:20:00,TAS1,50.24000
2026-09-01 16:20:00,VIC1,48.19323
2026-09-01 16:25:00,NSW1,52.98029
2026-09-01 16:25:00,QLD1,54.75000
2026-09-01 16:25:00,SA1,-7.14000
2026-09-01 16:25:00,TAS1,50.24000
2026-09-01 16:25:00,VIC1,48.34926
2026-09-01 16:30:00,NSW1,44.61011
2026-09-01 16:30:00,QLD1,47.52500
2026-09-01 16:30:00,SA1,-7.01000
2026-09-01 16:30:00,TAS1,20.08884
2026-09-01 16:30:00,VIC1,19.45362
2026-09-01 16:35:00,NSW1,69.43240
2026-09-01 16:35:00,QLD1,74.00000
2026-09-01 16:35:00,SA1,-6.25000
2026-09-01 16:35:00,TAS1,32.51217
2026-09-01 16:35:00,VIC1,31.68903
2026-09-01 16:40:00,NSW1,69.99000
2026-09-01 16:40:00,QLD1,72.50004
2026-09-01 16:40:00,SA1,-6.25000
2026-09-01 16:40:00,TAS1,21.30046
2026-09-01 16:40:00,VIC1,13.07000
2026-09-01 16:45:00,NSW1,71.50853
2026-09-01 16:45:00,QLD1,74.00000
2026-09-01 16:45:00,SA1,-6.25000
2026-09-01 16:45:00,TAS1,32.73319
2026-09-01 16:45:00,VIC1,13.07000
2026-09-01 16:50:00,NSW1,72.79333
2026-09-01 16:50:00,QLD1,74.00000
2026-09-01 16:50:00,SA1,-4.21000
2026-09-01 16:50:00,TAS1,35.20871
2026-09-01 16:50:00,VIC1,10.50000
2026-09-01 16:55:00,NSW1,81.01000
2026-09-01 16:55:00,QLD1,79.28236
2026-09-01 16:55:00,SA1,-4.21000
2026-09-01 16:55:00,TAS1,38.58720
2026-09-01 16:55:00,VIC1,10.65006
2026-09-01 17:00:00,NSW1,92.49547
2026-09-01 17:00:00,QLD1,87.73000
2026-09-01 17:00:00,SA1,-6.25000
2026-09-01 17:00:00,TAS1,43.35210
2026-09-01 17:00:00,VIC1,10.64994
2026-09-01 17:05:00,NSW1,79.75694
2026-09-01 17:05:00,QLD1,78.73000
2026-09-01 17:05:00,SA1,-7.12000
2026-09-01 17:05:00,TAS1,39.57147
2026-09-01 17:05:00,VIC1,13.07000
2026-09-01 17:10:00,NSW1,81.01000
2026-09-01 17:10:00,QLD1,78.52000
2026-09-01 17:10:00,SA1,-7.13000
2026-09-01 17:10:00,TAS1,38.21541
2026-09-01 17:10:00,VIC1,10.64994
2026-09-01 17:15:00,NSW1,82.63667
2026-09-01 17:15:00,QLD1,78.54004
2026-09-01 17:15:00,SA1,-4.21000
2026-09-01 17:15:00,TAS1,38.97904
2026-09-01 17:15:00,VIC1,10.64994
2026-09-01 17:20:00,NSW1,81.00039
2026-09-01 17:20:00,QLD1,78.52000
2026-09-01 17:20:00,SA1,22.20000
2026-09-01 17:20:00,TAS1,34.35978
2026-09-01 17:20:00,VIC1,3.95004
2026-09-01 17:25:00,NSW1,81.50255
2026-09-01 17:25:00,QLD1,78.54002
2026-09-01 17:25:00,SA1,46.48067
2026-09-01 17:25:00,TAS1,37.56468
2026-09-01 17:25:00,VIC1,8.94000
2026-09-01 17:30:00,NSW1,84.21282
2026-09-01 17:30:00,QLD1,79.73000
2026-09-01 17:30:00,SA1,138.00000
2026-09-01 17:30:00,TAS1,39.66320
2026-09-01 17:30:00,VIC1,10.50028
2026-09-01 17:35:00,NSW1,83.99000
2026-09-01 17:35:00,QLD1,81.12874
2026-09-01 17:35:00,SA1,46.66010
2026-09-01 17:35:00,TAS1,17.12000
2026-09-01 17:35:00,VIC1,8.94000
2026-09-01 17:40:00,NSW1,83.10764
2026-09-01 17:40:00,QLD1,79.73000
2026-09-01 17:40:00,SA1,47.56484
2026-09-01 17:40:00,TAS1,19.86004
2026-09-01 17:40:00,VIC1,10.50000
2026-09-01 17:45:00,NSW1,84.12837
2026-09-01 17:45:00,QLD1,81.82000
2026-09-01 17:45:00,SA1,47.97476
2026-09-01 17:45:00,TAS1,38.90605
2026-09-01 17:45:00,VIC1,10.50000
2026-09-01 17:50:00,NSW1,84.09050
2026-09-01 17:50:00,QLD1,81.82000
2026-09-01 17:50:00,SA1,47.96496
2026-09-01 17:50:00,TAS1,38.98601
2026-09-01 17:50:00,VIC1,10.65000
2026-09-01 17:55:00,NSW1,86.88000
2026-09-01 17:55:00,QLD1,84.04107
2026-09-01 17:55:00,SA1,50.04062
2026-09-01 17:55:00,TAS1,40.20972
2026-09-01 17:55:00,VIC1,10.65000
2026-09-01 18:00:00,NSW1,86.17651
2026-09-01 18:00:00,QLD1,81.82000
2026-09-01 18:00:00,SA1,49.51629
2026-09-01 18:00:00,TAS1,39.86990
2026-09-01 18:00:00,VIC1,10.50000
2026-09-01 18:05:00,NSW1,90.00000
2026-09-01 18:05:00,QLD1,84.50000
2026-09-01 18:05:00,SA1,51.29315
2026-09-01 18:05:00,TAS1,30.02150
2026-09-01 18:05:00,VIC1,10.49974
2026-09-01 18:10:00,NSW1,83.40760
2026-09-01 18:10:00,QLD1,78.73000
2026-09-01 18:10:00,SA1,48.14892
2026-09-01 18:10:00,TAS1,38.66078
2026-09-01 18:10:00,VIC1,10.49974
2026-09-01 18:15:00,NSW1,87.75200
2026-09-01 18:15:00,QLD1,84.50000
2026-09-01 18:15:00,SA1,84.51000
2026-09-01 18:15:00,TAS1,40.36068
2026-09-01 18:15:00,VIC1,10.49974
2026-09-01 18:20:00,NSW1,88.35250
2026-09-01 18:20:00,QLD1,84.50000
2026-09-01 18:20:00,SA1,84.51000
2026-09-01 18:20:00,TAS1,40.72038
2026-09-01 18:20:00,VIC1,10.65000
2026-09-01 18:25:00,NSW1,83.78138
2026-09-01 18:25:00,QLD1,78.55000
2026-09-01 18:25:00,SA1,101.02000
2026-09-01 18:25:00,TAS1,53.19376
2026-09-01 18:25:00,VIC1,10.50000
2026-09-01 18:30:00,NSW1,84.67000
2026-09-01 18:30:00,QLD1,78.55000
2026-09-01 18:30:00,SA1,55.90000
2026-09-01 18:30:00,TAS1,50.10000
2026-09-01 18:30:00,VIC1,10.65000
2026-09-01 18:35:00,NSW1,83.99005
2026-09-01 18:35:00,QLD1,78.73000
2026-09-01 18:35:00,SA1,59.55000
2026-09-01 18:35:00,TAS1,39.50938
2026-09-01 18:35:00,VIC1,10.65000
2026-09-01 18:40:00,NSW1,83.99000
2026-09-01 18:40:00,QLD1,78.55000
2026-09-01 18:40:00,SA1,105.08000
2026-09-01 18:40:00,TAS1,39.37893
2026-09-01 18:40:00,VIC1,10.50026
2026-09-01 18:45:00,NSW1,84.26755
2026-09-01 18:45:00,QLD1,78.55000
2026-09-01 18:45:00,SA1,101.02000
2026-09-01 18:45:00,TAS1,38.71897
2026-09-01 18:45:00,VIC1,10.50052
2026-09-01 18:50:00,NSW1,83.99005
2026-09-01 18:50:00,QLD1,78.52000
2026-09-01 18:50:00,SA1,105.08000
2026-09-01 18:50:00,TAS1,38.61594
2026-09-01 18:50:00,VIC1,10.50000
2026-09-01 18:55:00,NSW1,83.20264
2026-09-01 18:55:00,QLD1,78.51000
2026-09-01 18:55:00,SA1,110.43000
2026-09-01 18:55:00,TAS1,41.04559
2026-09-01 18:55:00,VIC1,15.37973
2026-09-01 19:00:00,NSW1,82.25229
2026-09-01 19:00:00,QLD1,78.54000
2026-09-01 19:00:00,SA1,105.08000
2026-09-01 19:00:00,TAS1,39.31547
2026-09-01 19:00:00,VIC1,13.09000
2026-09-01 19:05:00,NSW1,81.77420
2026-09-01 19:05:00,QLD1,78.55000
2026-09-01 19:05:00,SA1,110.43000
2026-09-01 19:05:00,TAS1,37.67829
2026-09-01 19:05:00,VIC1,10.65000
2026-09-01 19:10:00,NSW1,82.45780
2026-09-01 19:10:00,QLD1,79.73000
2026-09-01 19:10:00,SA1,110.43000
2026-09-01 19:10:00,TAS1,37.93350
2026-09-01 19:10:00,VIC1,10.65000
2026-09-01 19:15:00,NSW1,86.89000
2026-09-01 19:15:00,QLD1,83.39211
2026-09-01 19:15:00,SA1,101.02000
2026-09-01 19:15:00,TAS1,39.59597
2026-09-01 19:15:00,VIC1,10.50000
2026-09-01 19:20:00,NSW1,84.67000
2026-09-01 19:20:00,QLD1,81.04985
2026-09-01 19:20:00,SA1,101.02000
2026-09-01 19:20:00,TAS1,38.61392
2026-09-01 19:20:00,VIC1,10.50000
2026-09-01 19:25:00,NSW1,79.83518
2026-09-01 19:25:00,QLD1,78.55000
2026-09-01 19:25:00,SA1,105.08000
2026-09-01 19:25:00,TAS1,3.06000
2026-09-01 19:25:00,VIC1,10.50000
2026-09-01 19:30:00,NSW1,84.67000
2026-09-01 19:30:00,QLD1,81.82000
2026-09-01 19:30:00,SA1,105.08000
2026-09-01 19:30:00,TAS1,0.14000
2026-09-01 19:30:00,VIC1,8.94000
2026-09-01 19:35:00,NSW1,84.67000
2026-09-01 19:35:00,QLD1,82.71030
2026-09-01 19:35:00,SA1,101.02000
2026-09-01 19:35:00,TAS1,37.83735
2026-09-01 19:35:00,VIC1,8.94000
2026-09-01 19:40:00,NSW1,79.37157
2026-09-01 19:40:00,QLD1,78.55000
2026-09-01 19:40:00,SA1,84.51000
2026-09-01 19:40:00,TAS1,37.98212
2026-09-01 19:40:00,VIC1,10.49977
2026-09-01 19:45:00,NSW1,79.86488
2026-09-01 19:45:00,QLD1,78.55000
2026-09-01 19:45:00,SA1,101.02000
2026-09-01 19:45:00,TAS1,42.29738
2026-09-01 19:45:00,VIC1,10.49977
2026-09-01 19:50:00,NSW1,82.95000
2026-09-01 19:50:00,QLD1,79.73000
2026-09-01 19:50:00,SA1,101.02000
2026-09-01 19:50:00,TAS1,39.51145
2026-09-01 19:50:00,VIC1,10.50000
2026-09-01 19:55:00,NSW1,81.67392
2026-09-01 19:55:00,QLD1,79.73000
2026-09-01 19:55:00,SA1,101.02000
2026-09-01 19:55:00,TAS1,39.98662
2026-09-01 19:55:00,VIC1,10.50000
2026-09-01 20:00:00,NSW1,78.38310
2026-09-01 20:00:00,QLD1,78.55000
2026-09-01 20:00:00,SA1,101.02000
2026-09-01 20:00:00,TAS1,39.19891
2026-09-01 20:00:00,VIC1,10.50000
2026-09-01 20:05:00,NSW1,78.46407
2026-09-01 20:05:00,QLD1,78.54000
2026-09-01 20:05:00,SA1,101.02000
2026-09-01 20:05:00,TAS1,37.99559
2026-09-01 20:05:00,VIC1,10.50000
2026-09-01 20:10:00,NSW1,78.45152
2026-09-01 20:10:00,QLD1,78.55000
2026-09-01 20:10:00,SA1,84.51000
2026-09-01 20:10:00,TAS1,37.84106
2026-09-01 20:10:00,VIC1,10.50000
2026-09-01 20:15:00,NSW1,75.96010
2026-09-01 20:15:00,QLD1,76.98922
2026-09-01 20:15:00,SA1,101.02000
2026-09-01 20:15:00,TAS1,88.24000
2026-09-01 20:15:00,VIC1,0.67000
2026-09-01 20:20:00,NSW1,77.02326
2026-09-01 20:20:00,QLD1,78.54000
2026-09-01 20:20:00,SA1,120.43000
2026-09-01 20:20:00,TAS1,36.53295
2026-09-01 20:20:00,VIC1,10.49977
2026-09-01 20:25:00,NSW1,77.55329
2026-09-01 20:25:00,QLD1,78.51000
2026-09-01 20:25:00,SA1,105.08000
2026-09-01 20:25:00,TAS1,36.38064
2026-09-01 20:25:00,VIC1,10.50023
2026-09-01 20:30:00,NSW1,77.54443
2026-09-01 20:30:00,QLD1,78.54000
2026-09-01 20:30:00,SA1,101.02000
2026-09-01 20:30:00,TAS1,36.84009
2026-09-01 20:30:00,VIC1,10.65000
2026-09-01 20:35:00,NSW1,77.60655
2026-09-01 20:35:00,QLD1,78.52000
2026-09-01 20:35:00,SA1,84.51000
2026-09-01 20:35:00,TAS1,33.32461
2026-09-01 20:35:00,VIC1,5.05228
2026-09-01 20:40:00,NSW1,80.50022
2026-09-01 20:40:00,QLD1,78.54000
2026-09-01 20:40:00,SA1,84.51000
2026-09-01 20:40:00,TAS1,37.23366
2026-09-01 20:40:00,VIC1,10.49950
2026-09-01 20:45:00,NSW1,80.55180
2026-09-01 20:45:00,QLD1,78.55000
2026-09-01 20:45:00,SA1,101.02000
2026-09-01 20:45:00,TAS1,37.22964
2026-09-01 20:45:00,VIC1,10.50000
2026-09-01 20:50:00,NSW1,80.56084
2026-09-01 20:50:00,QLD1,78.54000
2026-09-01 20:50:00,SA1,101.02000
2026-09-01 20:50:00,TAS1,37.26628
2026-09-01 20:50:00,VIC1,10.50000
2026-09-01 20:55:00,NSW1,75.96010
2026-09-01 20:55:00,QLD1,75.93665
2026-09-01 20:55:00,SA1,84.51000
2026-09-01 20:55:00,TAS1,37.35608
2026-09-01 20:55:00,VIC1,10.65000
2026-09-01 21:00:00,NSW1,78.50768
2026-09-01 21:00:00,QLD1,78.54000
2026-09-01 21:00:00,SA1,84.51000
2026-09-01 21:00:00,TAS1,37.35708
2026-09-01 21:00:00,VIC1,10.49977
2026-09-01 21:05:00,NSW1,79.19700
2026-09-01 21:05:00,QLD1,78.52000
2026-09-01 21:05:00,SA1,84.51000
2026-09-01 21:05:00,TAS1,36.86498
2026-09-01 21:05:00,VIC1,10.49955
2026-09-01 21:10:00,NSW1,89.58314
2026-09-01 21:10:00,QLD1,84.50000
2026-09-01 21:10:00,SA1,84.51000
2026-09-01 21:10:00,TAS1,40.72357
2026-09-01 21:10:00,VIC1,10.50000
2026-09-01 21:15:00,NSW1,82.89590
2026-09-01 21:15:00,QLD1,79.73000
2026-09-01 21:15:00,SA1,84.51000
2026-09-01 21:15:00,TAS1,38.25144
2026-09-01 21:15:00,VIC1,10.50000
2026-09-01 21:20:00,NSW1,82.73637
2026-09-01 21:20:00,QLD1,78.54000
2026-09-01 21:20:00,SA1,84.70000
2026-09-01 21:20:00,TAS1,38.20920
2026-09-01 21:20:00,VIC1,10.50000
2026-09-01 21:25:00,NSW1,76.77002
2026-09-01 21:25:00,QLD1,75.74689
2026-09-01 21:25:00,SA1,84.51000
2026-09-01 21:25:00,TAS1,35.77377
2026-09-01 21:25:00,VIC1,10.50000
2026-09-01 21:30:00,NSW1,71.40000
2026-09-01 21:30:00,QLD1,71.34368
2026-09-01 21:30:00,SA1,101.02000
2026-09-01 21:30:00,TAS1,33.74534
2026-09-01 21:30:00,VIC1,10.50000
2026-09-01 21:35:00,NSW1,81.21891
2026-09-01 21:35:00,QLD1,78.52008
2026-09-01 21:35:00,SA1,59.55000
2026-09-01 21:35:00,TAS1,37.49563
2026-09-01 21:35:00,VIC1,10.47026
2026-09-01 21:40:00,NSW1,73.53099
2026-09-01 21:40:00,QLD1,72.50000
2026-09-01 21:40:00,SA1,41.05611
2026-09-01 21:40:00,TAS1,33.47967
2026-09-01 21:40:00,VIC1,8.94000
2026-09-01 21:45:00,NSW1,76.77000
2026-09-01 21:45:00,QLD1,74.63593
2026-09-01 21:45:00,SA1,88.88000
2026-09-01 21:45:00,TAS1,30.09789
2026-09-01 21:45:00,VIC1,0.02000
2026-09-01 21:50:00,NSW1,64.95003
2026-09-01 21:50:00,QLD1,60.75996
2026-09-01 21:50:00,SA1,59.55000
2026-09-01 21:50:00,TAS1,25.92431
2026-09-01 21:50:00,VIC1,0.65000
2026-09-01 21:55:00,NSW1,64.95006
2026-09-01 21:55:00,QLD1,60.71180
2026-09-01 21:55:00,SA1,37.80690
2026-09-01 21:55:00,TAS1,25.47227
2026-09-01 21:55:00,VIC1,0.02000
2026-09-01 22:00:00,NSW1,58.58215
2026-09-01 22:00:00,QLD1,54.73009
2026-09-01 22:00:00,SA1,84.51000
2026-09-01 22:00:00,TAS1,23.08616
2026-09-01 22:00:00,VIC1,0.02000
2026-09-01 22:05:00,NSW1,58.29949
2026-09-01 22:05:00,QLD1,54.75000
2026-09-01 22:05:00,SA1,61.05416
2026-09-01 22:05:00,TAS1,24.18000
2026-09-01 22:05:00,VIC1,0.02000
2026-09-01 22:10:00,NSW1,65.51000
2026-09-01 22:10:00,QLD1,61.12885
2026-09-01 22:10:00,SA1,31.63181
2026-09-01 22:10:00,TAS1,25.08000
2026-09-01 22:10:00,VIC1,0.02000
2026-09-01 22:15:00,NSW1,65.51000
2026-09-01 22:15:00,QLD1,60.31942
2026-09-01 22:15:00,SA1,59.55000
2026-09-01 22:15:00,TAS1,25.08000
2026-09-01 22:15:00,VIC1,0.02000
2026-09-01 22:20:00,NSW1,65.51000
2026-09-01 22:20:00,QLD1,60.31610
2026-09-01 22:20:00,SA1,59.55000
2026-09-01 22:20:00,TAS1,25.08000
2026-09-01 22:20:00,VIC1,0.02000
2026-09-01 22:25:00,NSW1,65.51000
2026-09-01 22:25:00,QLD1,59.48655
2026-09-01 22:25:00,SA1,59.55000
2026-09-01 22:25:00,TAS1,25.08000
2026-09-01 22:25:00,VIC1,0.02000
2026-09-01 22:30:00,NSW1,65.51000
2026-09-01 22:30:00,QLD1,58.69311
2026-09-01 22:30:00,SA1,84.51000
2026-09-01 22:30:00,TAS1,25.08000
2026-09-01 22:30:00,VIC1,0.02000
2026-09-01 22:35:00,NSW1,65.51000
2026-09-01 22:35:00,QLD1,60.56081
2026-09-01 22:35:00,SA1,84.51000
2026-09-01 22:35:00,TAS1,25.18000
2026-09-01 22:35:00,VIC1,0.41719
2026-09-01 22:40:00,NSW1,65.51000
2026-09-01 22:40:00,QLD1,60.95062
2026-09-01 22:40:00,SA1,84.51000
2026-09-01 22:40:00,TAS1,29.63834
2026-09-01 22:40:00,VIC1,8.94000
2026-09-01 22:45:00,NSW1,64.95006
2026-09-01 22:45:00,QLD1,59.58694
2026-09-01 22:45:00,SA1,36.23996
2026-09-01 22:45:00,TAS1,29.30363
2026-09-01 22:45:00,VIC1,8.94000
2026-09-01 22:50:00,NSW1,65.51000
2026-09-01 22:50:00,QLD1,61.28564
2026-09-01 22:50:00,SA1,84.69000
2026-09-01 22:50:00,TAS1,29.53308
2026-09-01 22:50:00,VIC1,8.94000
2026-09-01 22:55:00,NSW1,65.51000
2026-09-01 22:55:00,QLD1,62.04745
2026-09-01 22:55:00,SA1,84.76000
2026-09-01 22:55:00,TAS1,29.50424
2026-09-01 22:55:00,VIC1,8.94000
2026-09-01 23:00:00,NSW1,64.00522
2026-09-01 23:00:00,QLD1,60.57050
2026-09-01 23:00:00,SA1,84.63000
2026-09-01 23:00:00,TAS1,25.08000
2026-09-01 23:00:00,VIC1,0.02000
2026-09-01 23:05:00,NSW1,71.40000
2026-09-01 23:05:00,QLD1,68.88051
2026-09-01 23:05:00,SA1,84.51000
2026-09-01 23:05:00,TAS1,27.01850
2026-09-01 23:05:00,VIC1,0.02000
2026-09-01 23:10:00,NSW1,65.51000
2026-09-01 23:10:00,QLD1,63.17241
2026-09-01 23:10:00,SA1,36.59628
2026-09-01 23:10:00,TAS1,29.41329
2026-09-01 23:10:00,VIC1,8.94000
2026-09-01 23:15:00,NSW1,75.15228
2026-09-01 23:15:00,QLD1,72.50000
2026-09-01 23:15:00,SA1,84.51000
2026-09-01 23:15:00,TAS1,34.02071
2026-09-01 23:15:00,VIC1,10.49956
2026-09-01 23:20:00,NSW1,75.67605
2026-09-01 23:20:00,QLD1,72.50000
2026-09-01 23:20:00,SA1,101.00000
2026-09-01 23:20:00,TAS1,34.19228
2026-09-01 23:20:00,VIC1,10.50026
2026-09-01 23:25:00,NSW1,65.51000
2026-09-01 23:25:00,QLD1,62.73003
2026-09-01 23:25:00,SA1,36.75772
2026-09-01 23:25:00,TAS1,29.98159
2026-09-01 23:25:00,VIC1,10.12982
2026-09-01 23:30:00,NSW1,65.51000
2026-09-01 23:30:00,QLD1,62.73003
2026-09-01 23:30:00,SA1,37.29300
2026-09-01 23:30:00,TAS1,30.29312
2026-09-01 23:30:00,VIC1,10.50026
2026-09-01 23:35:00,NSW1,65.51000
2026-09-01 23:35:00,QLD1,62.73003
2026-09-01 23:35:00,SA1,37.58265
2026-09-01 23:35:00,TAS1,30.28482
2026-09-01 23:35:00,VIC1,10.50000
2026-09-01 23:40:00,NSW1,64.95006
2026-09-01 23:40:00,QLD1,63.01667
2026-09-01 23:40:00,SA1,101.02000
2026-09-01 23:40:00,TAS1,30.11526
2026-09-01 23:40:00,VIC1,10.50000
2026-09-01 23:45:00,NSW1,64.69860
2026-09-01 23:45:00,QLD1,62.72999
2026-09-01 23:45:00,SA1,101.00000
2026-09-01 23:45:00,TAS1,29.98521
2026-09-01 23:45:00,VIC1,10.65000
2026-09-01 23:50:00,NSW1,64.79000
2026-09-01 23:50:00,QLD1,62.37210
2026-09-01 23:50:00,SA1,36.93695
2026-09-01 23:50:00,TAS1,30.00658
2026-09-01 23:50:00,VIC1,10.50000
2026-09-01 23:55:00,NSW1,57.39011
2026-09-01 23:55:00,QLD1,55.23437
2026-09-01 23:55:00,SA1,101.02000
2026-09-01 23:55:00,TAS1,27.20133
2026-09-01 23:55:00,VIC1,10.50000
2026-09-02 00:00:00,NSW1,56.15755
2026-09-02 00:00:00,QLD1,54.73004
2026-09-02 00:00:00,SA1,101.02000
2026-09-02 00:00:00,TAS1,26.66510
2026-09-02 00:00:00,VIC1,10.50000
2026-09-02 00:05:00,NSW1,57.39015
2026-09-02 00:05:00,QLD1,55.52920
2026-09-02 00:05:00,SA1,101.02000
2026-09-02 00:05:00,TAS1,27.10981
2026-09-02 00:05:00,VIC1,10.50000
2026-09-02 00:10:00,NSW1,64.95009
2026-09-02 00:10:00,QLD1,62.73002
2026-09-02 00:10:00,SA1,142.70000
2026-09-02 00:10:00,TAS1,30.06660
2026-09-02 00:10:00,VIC1,10.65000
2026-09-02 00:15:00,NSW1,65.30603
2026-09-02 00:15:00,QLD1,62.73002
2026-09-02 00:15:00,SA1,110.43000
2026-09-02 00:15:00,TAS1,30.13355
2026-09-02 00:15:00,VIC1,10.65006
2026-09-02 00:20:00,NSW1,65.75089
2026-09-02 00:20:00,QLD1,62.73002
2026-09-02 00:20:00,SA1,155.90000
2026-09-02 00:20:00,TAS1,30.43495
2026-09-02 00:20:00,VIC1,10.64994
2026-09-02 00:25:00,NSW1,65.51000
2026-09-02 00:25:00,QLD1,62.73002
2026-09-02 00:25:00,SA1,154.54001
2026-09-02 00:25:00,TAS1,30.21684
2026-09-02 00:25:00,VIC1,10.65000
2026-09-02 00:30:00,NSW1,57.53991
2026-09-02 00:30:00,QLD1,54.75000
2026-09-02 00:30:00,SA1,142.77000
2026-09-02 00:30:00,TAS1,27.15102
2026-09-02 00:30:00,VIC1,10.65000
2026-09-02 00:35:00,NSW1,55.98038
2026-09-02 00:35:00,QLD1,54.73004
2026-09-02 00:35:00,SA1,105.08000
2026-09-02 00:35:00,TAS1,26.64797
2026-09-02 00:35:00,VIC1,10.65000
2026-09-02 00:40:00,NSW1,64.95000
2026-09-02 00:40:00,QLD1,61.87166
2026-09-02 00:40:00,SA1,145.12000
2026-09-02 00:40:00,TAS1,30.10572
2026-09-02 00:40:00,VIC1,10.50026
2026-09-02 00:45:00,NSW1,64.89000
2026-09-02 00:45:00,QLD1,62.24169
2026-09-02 00:45:00,SA1,101.02000
2026-09-02 00:45:00,TAS1,30.06873
2026-09-02 00:45:00,VIC1,10.50044
2026-09-02 00:50:00,NSW1,61.31991
2026-09-02 00:50:00,QLD1,58.04245
2026-09-02 00:50:00,SA1,120.30000
2026-09-02 00:50:00,TAS1,28.72644
2026-09-02 00:50:00,VIC1,10.50026
2026-09-02 00:55:00,NSW1,57.85209
2026-09-02 00:55:00,QLD1,54.75000
2026-09-02 00:55:00,SA1,110.43000
2026-09-02 00:55:00,TAS1,27.35765
2026-09-02 00:55:00,VIC1,10.50000
2026-09-02 01:00:00,NSW1,58.99645
2026-09-02 01:00:00,QLD1,54.75000
2026-09-02 01:00:00,SA1,145.12000
2026-09-02 01:00:00,TAS1,27.89467
2026-09-02 01:00:00,VIC1,10.50000
2026-09-02 01:05:00,NSW1,65.51000
2026-09-02 01:05:00,QLD1,61.21253
2026-09-02 01:05:00,SA1,145.12000
2026-09-02 01:05:00,TAS1,30.37930
2026-09-02 01:05:00,VIC1,10.50026
2026-09-02 01:10:00,NSW1,58.63065
2026-09-02 01:10:00,QLD1,54.75000
2026-09-02 01:10:00,SA1,118.88000
2026-09-02 01:10:00,TAS1,39.08819
2026-09-02 01:10:00,VIC1,33.28000
2026-09-02 01:15:00,NSW1,59.03092
2026-09-02 01:15:00,QLD1,54.75000
2026-09-02 01:15:00,SA1,118.88000
2026-09-02 01:15:00,TAS1,39.24532
2026-09-02 01:15:00,VIC1,33.28000
2026-09-02 01:20:00,NSW1,64.94995
2026-09-02 01:20:00,QLD1,60.66573
2026-09-02 01:20:00,SA1,145.12000
2026-09-02 01:20:00,TAS1,52.79114
2026-09-02 01:20:00,VIC1,55.67000
2026-09-02 01:25:00,NSW1,59.43692
2026-09-02 01:25:00,QLD1,54.75000
2026-09-02 01:25:00,SA1,155.90000
2026-09-02 01:25:00,TAS1,49.91857
2026-09-02 01:25:00,VIC1,54.52903
2026-09-02 01:30:00,NSW1,47.24527
2026-09-02 01:30:00,QLD1,45.54000
2026-09-02 01:30:00,SA1,110.43000
2026-09-02 01:30:00,TAS1,35.25183
2026-09-02 01:30:00,VIC1,35.45000
2026-09-02 01:35:00,NSW1,56.80301
2026-09-02 01:35:00,QLD1,54.73004
2026-09-02 01:35:00,SA1,153.54000
2026-09-02 01:35:00,TAS1,37.86102
2026-09-02 01:35:00,VIC1,33.28000
2026-09-02 01:40:00,NSW1,57.58523
2026-09-02 01:40:00,QLD1,54.75000
2026-09-02 01:40:00,SA1,154.67996
2026-09-02 01:40:00,TAS1,38.24416
2026-09-02 01:40:00,VIC1,33.28000
2026-09-02 01:45:00,NSW1,57.58249
2026-09-02 01:45:00,QLD1,54.75000
2026-09-02 01:45:00,SA1,155.90000
2026-09-02 01:45:00,TAS1,38.21079
2026-09-02 01:45:00,VIC1,33.29000
2026-09-02 01:50:00,NSW1,64.95000
2026-09-02 01:50:00,QLD1,61.76722
2026-09-02 01:50:00,SA1,155.99000
2026-09-02 01:50:00,TAS1,41.14275
2026-09-02 01:50:00,VIC1,33.28000
2026-09-02 01:55:00,NSW1,58.32999
2026-09-02 01:55:00,QLD1,54.75000
2026-09-02 01:55:00,SA1,220.67000
2026-09-02 01:55:00,TAS1,38.39883
2026-09-02 01:55:00,VIC1,33.29000
2026-09-02 02:00:00,NSW1,57.39007
2026-09-02 02:00:00,QLD1,54.75000
2026-09-02 02:00:00,SA1,101.02000
2026-09-02 02:00:00,TAS1,46.30487
2026-09-02 02:00:00,VIC1,50.56429
2026-09-02 02:05:00,NSW1,57.96346
2026-09-02 02:05:00,QLD1,54.75000
2026-09-02 02:05:00,SA1,129.52000
2026-09-02 02:05:00,TAS1,48.01816
2026-09-02 02:05:00,VIC1,52.43780
2026-09-02 02:10:00,NSW1,59.64571
2026-09-02 02:10:00,QLD1,56.34994
2026-09-02 02:10:00,SA1,208.87000
2026-09-02 02:10:00,TAS1,39.13096
2026-09-02 02:10:00,VIC1,33.36000
2026-09-02 02:15:00,NSW1,61.02000
2026-09-02 02:15:00,QLD1,57.24324
2026-09-02 02:15:00,SA1,70.35000
2026-09-02 02:15:00,TAS1,49.99811
2026-09-02 02:15:00,VIC1,54.59885
2026-09-02 02:20:00,NSW1,58.34574
2026-09-02 02:20:00,QLD1,54.73004
2026-09-02 02:20:00,SA1,208.87000
2026-09-02 02:20:00,TAS1,46.15218
2026-09-02 02:20:00,VIC1,48.40000
2026-09-02 02:25:00,NSW1,57.61977
2026-09-02 02:25:00,QLD1,54.75000
2026-09-02 02:25:00,SA1,101.02000
2026-09-02 02:25:00,TAS1,38.18636
2026-09-02 02:25:00,VIC1,33.35000
2026-09-02 02:30:00,NSW1,56.81475
2026-09-02 02:30:00,QLD1,54.75000
2026-09-02 02:30:00,SA1,56.27462
2026-09-02 02:30:00,TAS1,46.14854
2026-09-02 02:30:00,VIC1,50.55287
2026-09-02 02:35:00,NSW1,57.59508
2026-09-02 02:35:00,QLD1,54.75000
2026-09-02 02:35:00,SA1,101.02000
2026-09-02 02:35:00,TAS1,47.56309
2026-09-02 02:35:00,VIC1,52.10008
2026-09-02 02:40:00,NSW1,57.62056
2026-09-02 02:40:00,QLD1,54.75000
2026-09-02 02:40:00,SA1,110.43000
2026-09-02 02:40:00,TAS1,47.64752
2026-09-02 02:40:00,VIC1,52.19288
2026-09-02 02:45:00,NSW1,56.49988
2026-09-02 02:45:00,QLD1,54.75000
2026-09-02 02:45:00,SA1,208.87000
2026-09-02 02:45:00,TAS1,46.19932
2026-09-02 02:45:00,VIC1,50.76656
2026-09-02 02:50:00,NSW1,65.51000
2026-09-02 02:50:00,QLD1,62.73004
2026-09-02 02:50:00,SA1,88.88000
2026-09-02 02:50:00,TAS1,25.08000
2026-09-02 02:50:00,VIC1,59.60135
2026-09-02 02:55:00,NSW1,65.51000
2026-09-02 02:55:00,QLD1,62.64881
2026-09-02 02:55:00,SA1,208.87000
2026-09-02 02:55:00,TAS1,25.08000
2026-09-02 02:55:00,VIC1,48.41000
2026-09-02 03:00:00,NSW1,57.38991
2026-09-02 03:00:00,QLD1,54.91042
2026-09-02 03:00:00,SA1,101.02000
2026-09-02 03:00:00,TAS1,46.27737
2026-09-02 03:00:00,VIC1,48.45000
2026-09-02 03:05:00,NSW1,57.99477
2026-09-02 03:05:00,QLD1,54.75000
2026-09-02 03:05:00,SA1,70.35000
2026-09-02 03:05:00,TAS1,49.48785
2026-09-02 03:05:00,VIC1,53.69231
2026-09-02 03:10:00,NSW1,65.51000
2026-09-02 03:10:00,QLD1,62.73004
2026-09-02 03:10:00,SA1,101.02000
2026-09-02 03:10:00,TAS1,56.61000
2026-09-02 03:10:00,VIC1,61.22906
2026-09-02 03:15:00,NSW1,57.38991
2026-09-02 03:15:00,QLD1,55.27620
2026-09-02 03:15:00,SA1,101.02000
2026-09-02 03:15:00,TAS1,49.71694
2026-09-02 03:15:00,VIC1,53.60531
2026-09-02 03:20:00,NSW1,57.38991
2026-09-02 03:20:00,QLD1,54.89265
2026-09-02 03:20:00,SA1,101.02000
2026-09-02 03:20:00,TAS1,49.11748
2026-09-02 03:20:00,VIC1,53.12316
2026-09-02 03:25:00,NSW1,57.24986
2026-09-02 03:25:00,QLD1,54.75000
2026-09-02 03:25:00,SA1,101.02000
2026-09-02 03:25:00,TAS1,49.45680
2026-09-02 03:25:00,VIC1,53.48986
2026-09-02 03:30:00,NSW1,64.72472
2026-09-02 03:30:00,QLD1,62.73004
2026-09-02 03:30:00,SA1,101.02000
2026-09-02 03:30:00,TAS1,56.03708
2026-09-02 03:30:00,VIC1,60.41310
2026-09-02 03:35:00,NSW1,68.81776
2026-09-02 03:35:00,QLD1,64.69000
2026-09-02 03:35:00,SA1,101.02000
2026-09-02 03:35:00,TAS1,62.67442
2026-09-02 03:35:00,VIC1,67.36000
2026-09-02 03:40:00,NSW1,77.22356
2026-09-02 03:40:00,QLD1,71.57000
2026-09-02 03:40:00,SA1,86.20210
2026-09-02 03:40:00,TAS1,70.17959
2026-09-02 03:40:00,VIC1,76.13243
2026-09-02 03:45:00,NSW1,58.32012
2026-09-02 03:45:00,QLD1,54.75000
2026-09-02 03:45:00,SA1,101.02000
2026-09-02 03:45:00,TAS1,50.65617
2026-09-02 03:45:00,VIC1,55.30204
2026-09-02 03:50:00,NSW1,58.71998
2026-09-02 03:50:00,QLD1,54.75000
2026-09-02 03:50:00,SA1,101.02000
2026-09-02 03:50:00,TAS1,25.08000
2026-09-02 03:50:00,VIC1,55.62901
2026-09-02 03:55:00,NSW1,65.51000
2026-09-02 03:55:00,QLD1,61.91516
2026-09-02 03:55:00,SA1,101.02000
2026-09-02 03:55:00,TAS1,25.08000
2026-09-02 03:55:00,VIC1,61.96797
2026-09-02 04:00:00,NSW1,64.95005
2026-09-02 04:00:00,QLD1,61.42108
2026-09-02 04:00:00,SA1,101.02000
2026-09-02 04:00:00,TAS1,56.28803
2026-09-02 04:00:00,VIC1,61.44822
2026-09-02 04:05:00,NSW1,57.39004
2026-09-02 04:05:00,QLD1,54.73004
2026-09-02 04:05:00,SA1,101.02000
2026-09-02 04:05:00,TAS1,48.91218
2026-09-02 04:05:00,VIC1,53.39899
2026-09-02 04:10:00,NSW1,73.56189
2026-09-02 04:10:00,QLD1,69.10000
2026-09-02 04:10:00,SA1,101.02000
2026-09-02 04:10:00,TAS1,63.92409
2026-09-02 04:10:00,VIC1,69.57277
2026-09-02 04:15:00,NSW1,65.51000
2026-09-02 04:15:00,QLD1,62.70905
2026-09-02 04:15:00,SA1,68.69819
2026-09-02 04:15:00,TAS1,56.60937
2026-09-02 04:15:00,VIC1,61.41736
2026-09-02 04:20:00,NSW1,65.84416
2026-09-02 04:20:00,QLD1,62.73005
2026-09-02 04:20:00,SA1,69.56104
2026-09-02 04:20:00,TAS1,56.96890
2026-09-02 04:20:00,VIC1,61.81000
2026-09-02 04:25:00,NSW1,66.93313
2026-09-02 04:25:00,QLD1,63.37660
2026-09-02 04:25:00,SA1,70.35000
2026-09-02 04:25:00,TAS1,56.61396
2026-09-02 04:25:00,VIC1,61.81000
2026-09-02 04:30:00,NSW1,65.86319
2026-09-02 04:30:00,QLD1,62.76301
2026-09-02 04:30:00,SA1,70.35000
2026-09-02 04:30:00,TAS1,56.79059
2026-09-02 04:30:00,VIC1,61.81000
2026-09-02 04:35:00,NSW1,64.95004
2026-09-02 04:35:00,QLD1,61.87616
2026-09-02 04:35:00,SA1,88.06000
2026-09-02 04:35:00,TAS1,54.31931
2026-09-02 04:35:00,VIC1,59.49512
2026-09-02 04:40:00,NSW1,67.48502
2026-09-02 04:40:00,QLD1,64.73454
2026-09-02 04:40:00,SA1,70.35000
2026-09-02 04:40:00,TAS1,56.39786
2026-09-02 04:40:00,VIC1,61.77354
2026-09-02 04:45:00,NSW1,71.40000
2026-09-02 04:45:00,QLD1,68.96793
2026-09-02 04:45:00,SA1,69.57595
2026-09-02 04:45:00,TAS1,56.28228
2026-09-02 04:45:00,VIC1,59.17557
2026-09-02 04:50:00,NSW1,71.40000
2026-09-02 04:50:00,QLD1,69.88356
2026-09-02 04:50:00,SA1,75.27569
2026-09-02 04:50:00,TAS1,61.36853
2026-09-02 04:50:00,VIC1,67.00296
2026-09-02 04:55:00,NSW1,71.40000
2026-09-02 04:55:00,QLD1,69.88738
2026-09-02 04:55:00,SA1,73.84410
2026-09-02 04:55:00,TAS1,60.80881
2026-09-02 04:55:00,VIC1,66.39375
2026-09-02 05:00:00,NSW1,67.48239
2026-09-02 05:00:00,QLD1,65.60409
2026-09-02 05:00:00,SA1,69.62935
2026-09-02 05:00:00,TAS1,56.43070
2026-09-02 05:00:00,VIC1,61.81000
2026-09-02 05:05:00,NSW1,66.52000
2026-09-02 05:05:00,QLD1,64.67904
2026-09-02 05:05:00,SA1,66.77007
2026-09-02 05:05:00,TAS1,40.18000
2026-09-02 05:05:00,VIC1,59.52265
2026-09-02 05:10:00,NSW1,71.40000
2026-09-02 05:10:00,QLD1,70.78965
2026-09-02 05:10:00,SA1,69.10207
2026-09-02 05:10:00,TAS1,57.04769
2026-09-02 05:10:00,VIC1,61.91098
2026-09-02 05:15:00,NSW1,71.26988
2026-09-02 05:15:00,QLD1,70.99000
2026-09-02 05:15:00,SA1,68.39467
2026-09-02 05:15:00,TAS1,56.94684
2026-09-02 05:15:00,VIC1,61.81000
2026-09-02 05:20:00,NSW1,65.22041
2026-09-02 05:20:00,QLD1,66.09305
2026-09-02 05:20:00,SA1,61.58154
2026-09-02 05:20:00,TAS1,51.45073
2026-09-02 05:20:00,VIC1,55.67000
2026-09-02 05:25:00,NSW1,71.40000
2026-09-02 05:25:00,QLD1,72.37020
2026-09-02 05:25:00,SA1,68.37514
2026-09-02 05:25:00,TAS1,57.30454
2026-09-02 05:25:00,VIC1,61.81000
2026-09-02 05:30:00,NSW1,72.46087
2026-09-02 05:30:00,QLD1,72.50000
2026-09-02 05:30:00,SA1,70.35000
2026-09-02 05:30:00,TAS1,58.82661
2026-09-02 05:30:00,VIC1,62.85421
2026-09-02 05:35:00,NSW1,71.28138
2026-09-02 05:35:00,QLD1,71.83598
2026-09-02 05:35:00,SA1,69.42953
2026-09-02 05:35:00,TAS1,56.95948
2026-09-02 05:35:00,VIC1,61.81000
2026-09-02 05:40:00,NSW1,62.21142
2026-09-02 05:40:00,QLD1,62.70000
2026-09-02 05:40:00,SA1,56.88394
2026-09-02 05:40:00,TAS1,46.89385
2026-09-02 05:40:00,VIC1,48.48000
2026-09-02 05:45:00,NSW1,71.40000
2026-09-02 05:45:00,QLD1,72.03100
2026-09-02 05:45:00,SA1,88.06000
2026-09-02 05:45:00,TAS1,58.31249
2026-09-02 05:45:00,VIC1,63.48000
2026-09-02 05:50:00,NSW1,71.40000
2026-09-02 05:50:00,QLD1,71.59658
2026-09-02 05:50:00,SA1,88.06000
2026-09-02 05:50:00,TAS1,58.30985
2026-09-02 05:50:00,VIC1,63.48000
2026-09-02 05:55:00,NSW1,74.70621
2026-09-02 05:55:00,QLD1,71.68000
2026-09-02 05:55:00,SA1,101.02000
2026-09-02 05:55:00,TAS1,60.71016
2026-09-02 05:55:00,VIC1,65.88957
2026-09-02 06:00:00,NSW1,71.95458
2026-09-02 06:00:00,QLD1,70.82474
2026-09-02 06:00:00,SA1,101.02000
2026-09-02 06:00:00,TAS1,58.66880
2026-09-02 06:00:00,VIC1,63.48000
2026-09-02 06:05:00,NSW1,76.11097
2026-09-02 06:05:00,QLD1,74.00000
2026-09-02 06:05:00,SA1,88.06000
2026-09-02 06:05:00,TAS1,59.26864
2026-09-02 06:05:00,VIC1,64.53212
2026-09-02 06:10:00,NSW1,83.29161
2026-09-02 06:10:00,QLD1,78.52000
2026-09-02 06:10:00,SA1,101.02000
2026-09-02 06:10:00,TAS1,66.71588
2026-09-02 06:10:00,VIC1,72.42475
2026-09-02 06:15:00,NSW1,84.78593
2026-09-02 06:15:00,QLD1,78.52000
2026-09-02 06:15:00,SA1,101.02000
2026-09-02 06:15:00,TAS1,70.31806
2026-09-02 06:15:00,VIC1,75.87000
2026-09-02 06:20:00,NSW1,84.81921
2026-09-02 06:20:00,QLD1,78.55000
2026-09-02 06:20:00,SA1,101.02000
2026-09-02 06:20:00,TAS1,69.53134
2026-09-02 06:20:00,VIC1,75.49747
2026-09-02 06:25:00,NSW1,85.80203
2026-09-02 06:25:00,QLD1,79.73000
2026-09-02 06:25:00,SA1,101.02000
2026-09-02 06:25:00,TAS1,69.86982
2026-09-02 06:25:00,VIC1,75.87000
2026-09-02 06:30:00,NSW1,84.79000
2026-09-02 06:30:00,QLD1,78.55000
2026-09-02 06:30:00,SA1,88.06000
2026-09-02 06:30:00,TAS1,70.08078
2026-09-02 06:30:00,VIC1,75.87000
2026-09-02 06:35:00,NSW1,85.49719
2026-09-02 06:35:00,QLD1,79.73000
2026-09-02 06:35:00,SA1,76.31479
2026-09-02 06:35:00,TAS1,60.22000
2026-09-02 06:35:00,VIC1,63.48000
2026-09-02 06:40:00,NSW1,88.45426
2026-09-02 06:40:00,QLD1,84.50000
2026-09-02 06:40:00,SA1,84.94699
2026-09-02 06:40:00,TAS1,70.49472
2026-09-02 06:40:00,VIC1,75.87000
2026-09-02 06:45:00,NSW1,84.79000
2026-09-02 06:45:00,QLD1,78.62450
2026-09-02 06:45:00,SA1,110.43000
2026-09-02 06:45:00,TAS1,69.62700
2026-09-02 06:45:00,VIC1,75.87000
2026-09-02 06:50:00,NSW1,83.60183
2026-09-02 06:50:00,QLD1,78.52000
2026-09-02 06:50:00,SA1,83.73333
2026-09-02 06:50:00,TAS1,69.59567
2026-09-02 06:50:00,VIC1,75.36587
2026-09-02 06:55:00,NSW1,77.43384
2026-09-02 06:55:00,QLD1,73.16465
2026-09-02 06:55:00,SA1,76.11510
2026-09-02 06:55:00,TAS1,64.20516
2026-09-02 06:55:00,VIC1,69.32000
2026-09-02 07:00:00,NSW1,77.74299
2026-09-02 07:00:00,QLD1,72.49985
2026-09-02 07:00:00,SA1,105.08000
2026-09-02 07:00:00,TAS1,66.47286
2026-09-02 07:00:00,VIC1,71.99671
2026-09-02 07:05:00,NSW1,60.12926
2026-09-02 07:05:00,QLD1,54.98346
2026-09-02 07:05:00,SA1,61.89766
2026-09-02 07:05:00,TAS1,52.03640
2026-09-02 07:05:00,VIC1,55.67000
2026-09-02 07:10:00,NSW1,55.02895
2026-09-02 07:10:00,QLD1,50.62773
2026-09-02 07:10:00,SA1,55.87990
2026-09-02 07:10:00,TAS1,46.49009
2026-09-02 07:10:00,VIC1,51.00000
2026-09-02 07:15:00,NSW1,53.25009
2026-09-02 07:15:00,QLD1,48.36038
2026-09-02 07:15:00,SA1,101.02000
2026-09-02 07:15:00,TAS1,25.22000
2026-09-02 07:15:00,VIC1,51.00000
2026-09-02 07:20:00,NSW1,50.89000
2026-09-02 07:20:00,QLD1,46.12758
2026-09-02 07:20:00,SA1,59.55000
2026-09-02 07:20:00,TAS1,45.82115
2026-09-02 07:20:00,VIC1,49.49375
2026-09-02 07:25:00,NSW1,33.85576
2026-09-02 07:25:00,QLD1,30.86678
2026-09-02 07:25:00,SA1,55.55000
2026-09-02 07:25:00,TAS1,30.79963
2026-09-02 07:25:00,VIC1,33.27000
2026-09-02 07:30:00,NSW1,33.03515
2026-09-02 07:30:00,QLD1,29.33914
2026-09-02 07:30:00,SA1,101.02000
2026-09-02 07:30:00,TAS1,30.50795
2026-09-02 07:30:00,VIC1,33.27000
2026-09-02 07:35:00,NSW1,33.61552
2026-09-02 07:35:00,QLD1,29.62260
2026-09-02 07:35:00,SA1,47.97000
2026-09-02 07:35:00,TAS1,30.60411
2026-09-02 07:35:00,VIC1,33.27000
2026-09-02 07:40:00,NSW1,32.46024
2026-09-02 07:40:00,QLD1,28.03332
2026-09-02 07:40:00,SA1,38.18640
2026-09-02 07:40:00,TAS1,30.21987
2026-09-02 07:40:00,VIC1,33.27000
2026-09-02 07:45:00,NSW1,29.44211
2026-09-02 07:45:00,QLD1,25.51770
2026-09-02 07:45:00,SA1,54.90000
2026-09-02 07:45:00,TAS1,28.68266
2026-09-02 07:45:00,VIC1,31.48000
2026-09-02 07:50:00,NSW1,30.36980
2026-09-02 07:50:00,QLD1,25.51486
2026-09-02 07:50:00,SA1,35.98314
2026-09-02 07:50:00,TAS1,28.73671
2026-09-02 07:50:00,VIC1,31.64000
2026-09-02 07:55:00,NSW1,23.95000
2026-09-02 07:55:00,QLD1,20.34929
2026-09-02 07:55:00,SA1,34.74467
2026-09-02 07:55:00,TAS1,28.68235
2026-09-02 07:55:00,VIC1,31.48000
2026-09-02 08:00:00,NSW1,23.95000
2026-09-02 08:00:00,QLD1,20.38994
2026-09-02 08:00:00,SA1,29.93992
2026-09-02 08:00:00,TAS1,25.18000
2026-09-02 08:00:00,VIC1,27.14000
2026-09-02 08:05:00,NSW1,20.72834
2026-09-02 08:05:00,QLD1,17.74187
2026-09-02 08:05:00,SA1,24.59350
2026-09-02 08:05:00,TAS1,25.08000
2026-09-02 08:05:00,VIC1,22.46756
2026-09-02 08:10:00,NSW1,-3.35875
2026-09-02 08:10:00,QLD1,-3.00000
2026-09-02 08:10:00,SA1,27.56045
2026-09-02 08:10:00,TAS1,25.16000
2026-09-02 08:10:00,VIC1,25.72015
2026-09-02 08:15:00,NSW1,0.01163
2026-09-02 08:15:00,QLD1,0.01000
2026-09-02 08:15:00,SA1,23.72811
2026-09-02 08:15:00,TAS1,23.34394
2026-09-02 08:15:00,VIC1,22.67000
2026-09-02 08:20:00,NSW1,22.95968
2026-09-02 08:20:00,QLD1,19.24853
2026-09-02 08:20:00,SA1,59.55000
2026-09-02 08:20:00,TAS1,25.08000
2026-09-02 08:20:00,VIC1,25.47987
2026-09-02 08:25:00,NSW1,23.58000
2026-09-02 08:25:00,QLD1,-3.00000
2026-09-02 08:25:00,SA1,52.19000
2026-09-02 08:25:00,TAS1,25.08000
2026-09-02 08:25:00,VIC1,25.89216
2026-09-02 08:30:00,NSW1,8.88365
2026-09-02 08:30:00,QLD1,0.00044
2026-09-02 08:30:00,SA1,55.28000
2026-09-02 08:30:00,TAS1,9.77560
2026-09-02 08:30:00,VIC1,9.66006
2026-09-02 08:35:00,NSW1,2.39700
2026-09-02 08:35:00,QLD1,2.00000
2026-09-02 08:35:00,SA1,11.20094
2026-09-02 08:35:00,TAS1,15.14204
2026-09-02 08:35:00,VIC1,10.49948
2026-09-02 08:40:00,NSW1,13.86109
2026-09-02 08:40:00,QLD1,11.55730
2026-09-02 08:40:00,SA1,101.02000
2026-09-02 08:40:00,TAS1,15.10000
2026-09-02 08:40:00,VIC1,15.07739
2026-09-02 08:45:00,NSW1,2.41685
2026-09-02 08:45:00,QLD1,2.00000
2026-09-02 08:45:00,SA1,13.83624
2026-09-02 08:45:00,TAS1,15.10000
2026-09-02 08:45:00,VIC1,12.50000
2026-09-02 08:50:00,NSW1,0.00000
2026-09-02 08:50:00,QLD1,0.00000
2026-09-02 08:50:00,SA1,26.01181
2026-09-02 08:50:00,TAS1,15.10000
2026-09-02 08:50:00,VIC1,13.95329
2026-09-02 08:55:00,NSW1,4.07980
2026-09-02 08:55:00,QLD1,-3.21000
2026-09-02 08:55:00,SA1,9.37017
2026-09-02 08:55:00,TAS1,10.60918
2026-09-02 08:55:00,VIC1,4.42000
2026-09-02 09:00:00,NSW1,9.68645
2026-09-02 09:00:00,QLD1,2.00000
2026-09-02 09:00:00,SA1,22.75335
2026-09-02 09:00:00,TAS1,10.20550
2026-09-02 09:00:00,VIC1,10.50052
2026-09-02 09:05:00,NSW1,16.02078
2026-09-02 09:05:00,QLD1,2.05000
2026-09-02 09:05:00,SA1,18.20000
2026-09-02 09:05:00,TAS1,25.12000
2026-09-02 09:05:00,VIC1,17.03546
2026-09-02 09:10:00,NSW1,15.59081
2026-09-02 09:10:00,QLD1,0.00002
2026-09-02 09:10:00,SA1,18.20000
2026-09-02 09:10:00,TAS1,16.54112
2026-09-02 09:10:00,VIC1,16.81857
2026-09-02 09:15:00,NSW1,-3.59825
2026-09-02 09:15:00,QLD1,-3.22000
2026-09-02 09:15:00,SA1,4.72163
2026-09-02 09:15:00,TAS1,4.49180
2026-09-02 09:15:00,VIC1,4.42000
2026-09-02 09:20:00,NSW1,-4.40396
2026-09-02 09:20:00,QLD1,-4.09000
2026-09-02 09:20:00,SA1,11.31019
2026-09-02 09:20:00,TAS1,10.63578
2026-09-02 09:20:00,VIC1,10.49974
2026-09-02 09:25:00,NSW1,13.20038
2026-09-02 09:25:00,QLD1,-2.99990
2026-09-02 09:25:00,SA1,22.20000
2026-09-02 09:25:00,TAS1,15.16000
2026-09-02 09:25:00,VIC1,20.29274
2026-09-02 09:30:00,NSW1,-2.01000
2026-09-02 09:30:00,QLD1,-3.21000
2026-09-02 09:30:00,SA1,6.66000
2026-09-02 09:30:00,TAS1,6.20230
2026-09-02 09:30:00,VIC1,6.14258
2026-09-02 09:35:00,NSW1,-3.59764
2026-09-02 09:35:00,QLD1,-3.21000
2026-09-02 09:35:00,SA1,6.78000
2026-09-02 09:35:00,TAS1,6.36298
2026-09-02 09:35:00,VIC1,6.26076
2026-09-02 09:40:00,NSW1,-3.47467
2026-09-02 09:40:00,QLD1,-2.99990
2026-09-02 09:40:00,SA1,28.88000
2026-09-02 09:40:00,TAS1,4.09284
2026-09-02 09:40:00,VIC1,4.04000
2026-09-02 09:45:00,NSW1,-3.70967
2026-09-02 09:45:00,QLD1,-3.22000
2026-09-02 09:45:00,SA1,9.44295
2026-09-02 09:45:00,TAS1,9.08743
2026-09-02 09:45:00,VIC1,8.94000
2026-09-02 09:50:00,NSW1,-3.61652
2026-09-02 09:50:00,QLD1,-3.22000
2026-09-02 09:50:00,SA1,11.61432
2026-09-02 09:50:00,TAS1,10.82622
2026-09-02 09:50:00,VIC1,10.65000
2026-09-02 09:55:00,NSW1,-3.68935
2026-09-02 09:55:00,QLD1,-3.22000
2026-09-02 09:55:00,SA1,22.20000
2026-09-02 09:55:00,TAS1,4.47938
2026-09-02 09:55:00,VIC1,4.42000
2026-09-02 10:00:00,NSW1,-3.62115
2026-09-02 10:00:00,QLD1,-3.22000
2026-09-02 10:00:00,SA1,6.78000
2026-09-02 10:00:00,TAS1,4.26306
2026-09-02 10:00:00,VIC1,4.22000
2026-09-02 10:05:00,NSW1,-4.51769
2026-09-02 10:05:00,QLD1,-4.09000
2026-09-02 10:05:00,SA1,2.10000
2026-09-02 10:05:00,TAS1,1.45404
2026-09-02 10:05:00,VIC1,1.43000
2026-09-02 10:10:00,NSW1,0.00030
2026-09-02 10:10:00,QLD1,-3.49000
2026-09-02 10:10:00,SA1,9.51632
2026-09-02 10:10:00,TAS1,9.09046
2026-09-02 10:10:00,VIC1,8.94000
2026-09-02 10:15:00,NSW1,-6.74423
2026-09-02 10:15:00,QLD1,-6.30000
2026-09-02 10:15:00,SA1,22.87928
2026-09-02 10:15:00,TAS1,21.64094
2026-09-02 10:15:00,VIC1,21.42000
2026-09-02 10:20:00,NSW1,-6.68254
2026-09-02 10:20:00,QLD1,-6.40000
2026-09-02 10:20:00,SA1,28.88000
2026-09-02 10:20:00,TAS1,21.57708
2026-09-02 10:20:00,VIC1,21.42000
2026-09-02 10:25:00,NSW1,-6.26861
2026-09-02 10:25:00,QLD1,-6.00000
2026-09-02 10:25:00,SA1,23.42000
2026-09-02 10:25:00,TAS1,10.89988
2026-09-02 10:25:00,VIC1,10.64994
2026-09-02 10:30:00,NSW1,-6.68969
2026-09-02 10:30:00,QLD1,-6.40000
2026-09-02 10:30:00,SA1,14.01593
2026-09-02 10:30:00,TAS1,13.42009
2026-09-02 10:30:00,VIC1,13.07000
2026-09-02 10:35:00,NSW1,-3.91394
2026-09-02 10:35:00,QLD1,-3.49000
2026-09-02 10:35:00,SA1,14.95000
2026-09-02 10:35:00,TAS1,14.92344
2026-09-02 10:35:00,VIC1,14.21791
2026-09-02 10:40:00,NSW1,-3.89293
2026-09-02 10:40:00,QLD1,-3.49000
2026-09-02 10:40:00,SA1,13.76223
2026-09-02 10:40:00,TAS1,13.56047
2026-09-02 10:40:00,VIC1,12.96000
2026-09-02 10:45:00,NSW1,-3.84337
2026-09-02 10:45:00,QLD1,-3.49000
2026-09-02 10:45:00,SA1,6.57000
2026-09-02 10:45:00,TAS1,6.46620
2026-09-02 10:45:00,VIC1,6.16003
2026-09-02 10:50:00,NSW1,-6.61607
2026-09-02 10:50:00,QLD1,-5.99997
2026-09-02 10:50:00,SA1,69.41000
2026-09-02 10:50:00,TAS1,9.38522
2026-09-02 10:50:00,VIC1,8.93996
2026-09-02 10:55:00,NSW1,-6.64868
2026-09-02 10:55:00,QLD1,-5.99993
2026-09-02 10:55:00,SA1,23.42000
2026-09-02 10:55:00,TAS1,9.35633
2026-09-02 10:55:00,VIC1,8.94000
2026-09-02 11:00:00,NSW1,-5.49000
2026-09-02 11:00:00,QLD1,-5.11443
2026-09-02 11:00:00,SA1,11.48926
2026-09-02 11:00:00,TAS1,11.18099
2026-09-02 11:00:00,VIC1,10.65000
2026-09-02 11:05:00,NSW1,-6.32130
2026-09-02 11:05:00,QLD1,-6.00000
2026-09-02 11:05:00,SA1,16.68668
2026-09-02 11:05:00,TAS1,16.16000
2026-09-02 11:05:00,VIC1,15.53694
2026-09-02 11:10:00,NSW1,-3.74145
2026-09-02 11:10:00,QLD1,-3.49000
2026-09-02 11:10:00,SA1,13.60923
2026-09-02 11:10:00,TAS1,13.67641
2026-09-02 11:10:00,VIC1,13.07000
2026-09-02 11:15:00,NSW1,-5.01000
2026-09-02 11:15:00,QLD1,-4.73106
2026-09-02 11:15:00,SA1,12.94483
2026-09-02 11:15:00,TAS1,13.03950
2026-09-02 11:15:00,VIC1,12.50000
2026-09-02 11:20:00,NSW1,-6.73891
2026-09-02 11:20:00,QLD1,-6.40000
2026-09-02 11:20:00,SA1,13.10826
2026-09-02 11:20:00,TAS1,13.08182
2026-09-02 11:20:00,VIC1,12.50000
2026-09-02 11:25:00,NSW1,-6.51270
2026-09-02 11:25:00,QLD1,-5.99993
2026-09-02 11:25:00,SA1,14.19000
2026-09-02 11:25:00,TAS1,1.49668
2026-09-02 11:25:00,VIC1,1.43000
2026-09-02 11:30:00,NSW1,-3.69369
2026-09-02 11:30:00,QLD1,-3.49000
2026-09-02 11:30:00,SA1,26.81000
2026-09-02 11:30:00,TAS1,1.49663
2026-09-02 11:30:00,VIC1,1.43000
2026-09-02 11:35:00,NSW1,-4.27974
2026-09-02 11:35:00,QLD1,-4.09000
2026-09-02 11:35:00,SA1,23.42000
2026-09-02 11:35:00,TAS1,11.05722
2026-09-02 11:35:00,VIC1,10.49976
2026-09-02 11:40:00,NSW1,-5.01000
2026-09-02 11:40:00,QLD1,-4.75882
2026-09-02 11:40:00,SA1,10.78731
2026-09-02 11:40:00,TAS1,11.93485
2026-09-02 11:40:00,VIC1,10.65000
2026-09-02 11:45:00,NSW1,-6.19467
2026-09-02 11:45:00,QLD1,-6.00000
2026-09-02 11:45:00,SA1,10.66531
2026-09-02 11:45:00,TAS1,11.05850
2026-09-02 11:45:00,VIC1,10.49976
2026-09-02 11:50:00,NSW1,-7.85080
2026-09-02 11:50:00,QLD1,-7.50000
2026-09-02 11:50:00,SA1,8.92669
2026-09-02 11:50:00,TAS1,10.18541
2026-09-02 11:50:00,VIC1,8.94000
2026-09-02 11:55:00,NSW1,-6.73811
2026-09-02 11:55:00,QLD1,-6.40000
2026-09-02 11:55:00,SA1,14.19000
2026-09-02 11:55:00,TAS1,11.97910
2026-09-02 11:55:00,VIC1,10.67006
2026-09-02 12:00:00,NSW1,-8.41920
2026-09-02 12:00:00,QLD1,-7.99978
2026-09-02 12:00:00,SA1,10.80693
2026-09-02 12:00:00,TAS1,11.02625
2026-09-02 12:00:00,VIC1,10.50000
2026-09-02 12:05:00,NSW1,-6.85040
2026-09-02 12:05:00,QLD1,-6.30000
2026-09-02 12:05:00,SA1,14.19000
2026-09-02 12:05:00,TAS1,9.41838
2026-09-02 12:05:00,VIC1,8.94000
2026-09-02 12:10:00,NSW1,-6.51968
2026-09-02 12:10:00,QLD1,-6.00000
2026-09-02 12:10:00,SA1,14.19000
2026-09-02 12:10:00,TAS1,11.83657
2026-09-02 12:10:00,VIC1,10.49959
2026-09-02 12:15:00,NSW1,-6.86654
2026-09-02 12:15:00,QLD1,-6.40000
2026-09-02 12:15:00,SA1,14.19000
2026-09-02 12:15:00,TAS1,14.55408
2026-09-02 12:15:00,VIC1,13.07000
2026-09-02 12:20:00,NSW1,-8.58359
2026-09-02 12:20:00,QLD1,-7.99978
2026-09-02 12:20:00,SA1,9.95613
2026-09-02 12:20:00,TAS1,10.94102
2026-09-02 12:20:00,VIC1,9.65006
2026-09-02 12:25:00,NSW1,-5.49000
2026-09-02 12:25:00,QLD1,-5.15216
2026-09-02 12:25:00,SA1,11.92596
2026-09-02 12:25:00,TAS1,13.00759
2026-09-02 12:25:00,VIC1,11.64000
2026-09-02 12:30:00,NSW1,-6.74077
2026-09-02 12:30:00,QLD1,-6.40000
2026-09-02 12:30:00,SA1,9.10000
2026-09-02 12:30:00,TAS1,10.00943
2026-09-02 12:30:00,VIC1,8.76772
2026-09-02 12:35:00,NSW1,-6.69474
2026-09-02 12:35:00,QLD1,-6.40000
2026-09-02 12:35:00,SA1,9.10000
2026-09-02 12:35:00,TAS1,2.27193
2026-09-02 12:35:00,VIC1,1.43000
2026-09-02 12:40:00,NSW1,-6.77991
2026-09-02 12:40:00,QLD1,-6.40000
2026-09-02 12:40:00,SA1,28.88000
2026-09-02 12:40:00,TAS1,40.24000
2026-09-02 12:40:00,VIC1,1.43000
2026-09-02 12:45:00,NSW1,-4.00263
2026-09-02 12:45:00,QLD1,-3.73000
2026-09-02 12:45:00,SA1,14.19000
2026-09-02 12:45:00,TAS1,40.24000
2026-09-02 12:45:00,VIC1,1.40000
2026-09-02 12:50:00,NSW1,-6.70474
2026-09-02 12:50:00,QLD1,-6.41000
2026-09-02 12:50:00,SA1,24.89000
2026-09-02 12:50:00,TAS1,40.24000
2026-09-02 12:50:00,VIC1,1.43000
2026-09-02 12:55:00,NSW1,-4.38563
2026-09-02 12:55:00,QLD1,-4.09000
2026-09-02 12:55:00,SA1,9.31595
2026-09-02 12:55:00,TAS1,40.24000
2026-09-02 12:55:00,VIC1,8.94000
2026-09-02 13:00:00,NSW1,-6.96572
2026-09-02 13:00:00,QLD1,-6.41000
2026-09-02 13:00:00,SA1,9.10000
2026-09-02 13:00:00,TAS1,10.07801
2026-09-02 13:00:00,VIC1,8.80029
2026-09-02 13:05:00,NSW1,-7.98542
2026-09-02 13:05:00,QLD1,-7.50000
2026-09-02 13:05:00,SA1,9.10000
2026-09-02 13:05:00,TAS1,25.24000
2026-09-02 13:05:00,VIC1,0.53000
2026-09-02 13:10:00,NSW1,-6.94763
2026-09-02 13:10:00,QLD1,-6.40000
2026-09-02 13:10:00,SA1,6.36000
2026-09-02 13:10:00,TAS1,25.24000
2026-09-02 13:10:00,VIC1,0.01000
2026-09-02 13:15:00,NSW1,-6.55848
2026-09-02 13:15:00,QLD1,-5.99997
2026-09-02 13:15:00,SA1,14.19000
2026-09-02 13:15:00,TAS1,25.24000
2026-09-02 13:15:00,VIC1,-3.42000
2026-09-02 13:20:00,NSW1,-6.85925
2026-09-02 13:20:00,QLD1,-6.40000
2026-09-02 13:20:00,SA1,9.10000
2026-09-02 13:20:00,TAS1,0.73065
2026-09-02 13:20:00,VIC1,0.01000
2026-09-02 13:25:00,NSW1,-6.93520
2026-09-02 13:25:00,QLD1,-6.40000
2026-09-02 13:25:00,SA1,9.10000
2026-09-02 13:25:00,TAS1,-2.92102
2026-09-02 13:25:00,VIC1,-3.42000
2026-09-02 13:30:00,NSW1,-8.39875
2026-09-02 13:30:00,QLD1,-7.99990
2026-09-02 13:30:00,SA1,14.19000
2026-09-02 13:30:00,TAS1,-2.45367
2026-09-02 13:30:00,VIC1,-2.99000
2026-09-02 13:35:00,NSW1,-5.49000
2026-09-02 13:35:00,QLD1,-4.81710
2026-09-02 13:35:00,SA1,14.19000
2026-09-02 13:35:00,TAS1,-4.68966
2026-09-02 13:35:00,VIC1,-5.10000
2026-09-02 13:40:00,NSW1,-4.69178
2026-09-02 13:40:00,QLD1,-4.09000
2026-09-02 13:40:00,SA1,9.10000
2026-09-02 13:40:00,TAS1,-4.61503
2026-09-02 13:40:00,VIC1,-5.03000
2026-09-02 13:45:00,NSW1,-4.79114
2026-09-02 13:45:00,QLD1,-4.25767
2026-09-02 13:45:00,SA1,14.19000
2026-09-02 13:45:00,TAS1,25.24000
2026-09-02 13:45:00,VIC1,-5.03000
2026-09-02 13:50:00,NSW1,-3.78763
2026-09-02 13:50:00,QLD1,-4.34532
2026-09-02 13:50:00,SA1,9.10000
2026-09-02 13:50:00,TAS1,-3.46675
2026-09-02 13:50:00,VIC1,-3.96995
2026-09-02 13:55:00,NSW1,-3.63316
2026-09-02 13:55:00,QLD1,-5.99993
2026-09-02 13:55:00,SA1,23.42000
2026-09-02 13:55:00,TAS1,-3.29645
2026-09-02 13:55:00,VIC1,-3.81000
2026-09-02 14:00:00,NSW1,-4.11446
2026-09-02 14:00:00,QLD1,-3.73000
2026-09-02 14:00:00,SA1,28.50000
2026-09-02 14:00:00,TAS1,25.24000
2026-09-02 14:00:00,VIC1,-4.17072
2026-09-02 14:05:00,NSW1,-4.77352
2026-09-02 14:05:00,QLD1,-5.99997
2026-09-02 14:05:00,SA1,52.00000
2026-09-02 14:05:00,TAS1,25.24000
2026-09-02 14:05:00,VIC1,-5.00000
2026-09-02 14:10:00,NSW1,-3.68551
2026-09-02 14:10:00,QLD1,-3.22000
2026-09-02 14:10:00,SA1,52.00000
2026-09-02 14:10:00,TAS1,25.24000
2026-09-02 14:10:00,VIC1,-3.76487
2026-09-02 14:15:00,NSW1,-4.81349
2026-09-02 14:15:00,QLD1,-6.00000
2026-09-02 14:15:00,SA1,28.50000
2026-09-02 14:15:00,TAS1,-4.54696
2026-09-02 14:15:00,VIC1,-5.00000
2026-09-02 14:20:00,NSW1,-4.94162
2026-09-02 14:20:00,QLD1,-6.00000
2026-09-02 14:20:00,SA1,22.20000
2026-09-02 14:20:00,TAS1,-4.65234
2026-09-02 14:20:00,VIC1,-5.09000
2026-09-02 14:25:00,NSW1,-5.05476
2026-09-02 14:25:00,QLD1,-4.54435
2026-09-02 14:25:00,SA1,71.01000
2026-09-02 14:25:00,TAS1,-4.65915
2026-09-02 14:25:00,VIC1,-5.09000
2026-09-02 14:30:00,NSW1,-5.14109
2026-09-02 14:30:00,QLD1,-4.65393
2026-09-02 14:30:00,SA1,52.00000
2026-09-02 14:30:00,TAS1,-4.56680
2026-09-02 14:30:00,VIC1,-5.00000
2026-09-02 14:35:00,NSW1,-4.17046
2026-09-02 14:35:00,QLD1,-3.73000
2026-09-02 14:35:00,SA1,52.00000
2026-09-02 14:35:00,TAS1,-4.26839
2026-09-02 14:35:00,VIC1,-4.05946
2026-09-02 14:40:00,NSW1,-3.43853
2026-09-02 14:40:00,QLD1,-2.99990
2026-09-02 14:40:00,SA1,23.42000
2026-09-02 14:40:00,TAS1,-2.96398
2026-09-02 14:40:00,VIC1,-3.50000
2026-09-02 14:45:00,NSW1,0.00000
2026-09-02 14:45:00,QLD1,0.00000
2026-09-02 14:45:00,SA1,23.42000
2026-09-02 14:45:00,TAS1,0.76000
2026-09-02 14:45:00,VIC1,0.00000
2026-09-02 14:50:00,NSW1,0.00024
2026-09-02 14:50:00,QLD1,0.00022
2026-09-02 14:50:00,SA1,47.97000
2026-09-02 14:50:00,TAS1,0.75026
2026-09-02 14:50:00,VIC1,0.00025
2026-09-02 14:55:00,NSW1,2.38010
2026-09-02 14:55:00,QLD1,2.08000
2026-09-02 14:55:00,SA1,47.97000
2026-09-02 14:55:00,TAS1,0.75033
2026-09-02 14:55:00,VIC1,0.00031
2026-09-02 15:00:00,NSW1,7.50000
2026-09-02 15:00:00,QLD1,6.56123
2026-09-02 15:00:00,SA1,23.42000
2026-09-02 15:00:00,TAS1,-4.56823
2026-09-02 15:00:00,VIC1,-5.00000
2026-09-02 15:05:00,NSW1,0.00997
2026-09-02 15:05:00,QLD1,0.00000
2026-09-02 15:05:00,SA1,23.42000
2026-09-02 15:05:00,TAS1,0.77066
2026-09-02 15:05:00,VIC1,0.01008
2026-09-02 15:10:00,NSW1,0.00000
2026-09-02 15:10:00,QLD1,0.00000
2026-09-02 15:10:00,SA1,28.50000
2026-09-02 15:10:00,TAS1,0.76000
2026-09-02 15:10:00,VIC1,0.00000
2026-09-02 15:15:00,NSW1,0.01036
2026-09-02 15:15:00,QLD1,-0.00584
2026-09-02 15:15:00,SA1,22.20000
2026-09-02 15:15:00,TAS1,0.77117
2026-09-02 15:15:00,VIC1,0.01049
2026-09-02 15:20:00,NSW1,8.45810
2026-09-02 15:20:00,QLD1,7.48988
2026-09-02 15:20:00,SA1,28.50000
2026-09-02 15:20:00,TAS1,25.22000
2026-09-02 15:20:00,VIC1,8.94000
2026-09-02 15:25:00,NSW1,14.20000
2026-09-02 15:25:00,QLD1,13.08386
2026-09-02 15:25:00,SA1,23.42000
2026-09-02 15:25:00,TAS1,25.22000
2026-09-02 15:25:00,VIC1,15.00820
2026-09-02 15:30:00,NSW1,12.92042
2026-09-02 15:30:00,QLD1,11.91562
2026-09-02 15:30:00,SA1,23.42000
2026-09-02 15:30:00,TAS1,25.22000
2026-09-02 15:30:00,VIC1,13.20981
2026-09-02 15:35:00,NSW1,25.12000
2026-09-02 15:35:00,QLD1,24.08467
2026-09-02 15:35:00,SA1,22.20000
2026-09-02 15:35:00,TAS1,22.79575
2026-09-02 15:35:00,VIC1,20.89001
2026-09-02 15:40:00,NSW1,25.12000
2026-09-02 15:40:00,QLD1,24.42155
2026-09-02 15:40:00,SA1,22.20000
2026-09-02 15:40:00,TAS1,23.27040
2026-09-02 15:40:00,VIC1,21.23741
2026-09-02 15:45:00,NSW1,25.12000
2026-09-02 15:45:00,QLD1,24.12111
2026-09-02 15:45:00,SA1,25.16637
2026-09-02 15:45:00,TAS1,25.24000
2026-09-02 15:45:00,VIC1,24.32801
2026-09-02 15:50:00,NSW1,25.12000
2026-09-02 15:50:00,QLD1,23.68700
2026-09-02 15:50:00,SA1,25.31492
2026-09-02 15:50:00,TAS1,25.24000
2026-09-02 15:50:00,VIC1,24.17710
2026-09-02 15:55:00,NSW1,25.12000
2026-09-02 15:55:00,QLD1,24.80385
2026-09-02 15:55:00,SA1,24.78575
2026-09-02 15:55:00,TAS1,25.22000
2026-09-02 15:55:00,VIC1,23.93829
2026-09-02 16:00:00,NSW1,40.34488
2026-09-02 16:00:00,QLD1,40.00000
2026-09-02 16:00:00,SA1,25.22231
2026-09-02 16:00:00,TAS1,25.24000
2026-09-02 16:00:00,VIC1,24.03264
2026-09-02 16:05:00,NSW1,25.12000
2026-09-02 16:05:00,QLD1,25.52129
2026-09-02 16:05:00,SA1,2.10000
2026-09-02 16:05:00,TAS1,2.03129
2026-09-02 16:05:00,VIC1,1.95820
2026-09-02 16:10:00,NSW1,29.32935
2026-09-02 16:10:00,QLD1,29.83000
2026-09-02 16:10:00,SA1,15.25070
2026-09-02 16:10:00,TAS1,15.12000
2026-09-02 16:10:00,VIC1,14.67378
2026-09-02 16:15:00,NSW1,61.88469
2026-09-02 16:15:00,QLD1,60.23451
2026-09-02 16:15:00,SA1,66.28803
2026-09-02 16:15:00,TAS1,60.22000
2026-09-02 16:15:00,VIC1,64.00000
2026-09-02 16:20:00,NSW1,61.96882
2026-09-02 16:20:00,QLD1,61.77729
2026-09-02 16:20:00,SA1,65.10336
2026-09-02 16:20:00,TAS1,60.22000
2026-09-02 16:20:00,VIC1,63.07685
2026-09-02 16:25:00,NSW1,69.99000
2026-09-02 16:25:00,QLD1,70.33322
2026-09-02 16:25:00,SA1,73.11444
2026-09-02 16:25:00,TAS1,72.08788
2026-09-02 16:25:00,VIC1,72.49103
2026-09-02 16:30:00,NSW1,90.67000
2026-09-02 16:30:00,QLD1,89.48695
2026-09-02 16:30:00,SA1,93.29456
2026-09-02 16:30:00,TAS1,83.30775
2026-09-02 16:30:00,VIC1,93.04851
2026-09-02 16:35:00,NSW1,79.12219
2026-09-02 16:35:00,QLD1,79.73000
2026-09-02 16:35:00,SA1,76.16578
2026-09-02 16:35:00,TAS1,25.14000
2026-09-02 16:35:00,VIC1,72.73024
2026-09-02 16:40:00,NSW1,83.87342
2026-09-02 16:40:00,QLD1,81.82000
2026-09-02 16:40:00,SA1,83.91141
2026-09-02 16:40:00,TAS1,25.18000
2026-09-02 16:40:00,VIC1,82.09446
2026-09-02 16:45:00,NSW1,84.67000
2026-09-02 16:45:00,QLD1,82.72494
2026-09-02 16:45:00,SA1,82.40334
2026-09-02 16:45:00,TAS1,75.02365
2026-09-02 16:45:00,VIC1,80.97722
2026-09-02 16:50:00,NSW1,80.25071
2026-09-02 16:50:00,QLD1,78.51000
2026-09-02 16:50:00,SA1,69.88455
2026-09-02 16:50:00,TAS1,63.92950
2026-09-02 16:50:00,VIC1,63.48000
2026-09-02 16:55:00,NSW1,84.67000
2026-09-02 16:55:00,QLD1,79.75000
2026-09-02 16:55:00,SA1,83.99885
2026-09-02 16:55:00,TAS1,75.30094
2026-09-02 16:55:00,VIC1,81.28926
2026-09-02 17:00:00,NSW1,90.01000
2026-09-02 17:00:00,QLD1,87.06685
2026-09-02 17:00:00,SA1,89.61058
2026-09-02 17:00:00,TAS1,80.61490
2026-09-02 17:00:00,VIC1,86.49712
2026-09-02 17:05:00,NSW1,72.68519
2026-09-02 17:05:00,QLD1,74.07795
2026-09-02 17:05:00,SA1,67.30337
2026-09-02 17:05:00,TAS1,60.36003
2026-09-02 17:05:00,VIC1,63.48000
2026-09-02 17:10:00,NSW1,77.40359
2026-09-02 17:10:00,QLD1,78.51000
2026-09-02 17:10:00,SA1,68.47589
2026-09-02 17:10:00,TAS1,61.79330
2026-09-02 17:10:00,VIC1,63.48000
2026-09-02 17:15:00,NSW1,82.90000
2026-09-02 17:15:00,QLD1,81.82000
2026-09-02 17:15:00,SA1,79.58871
2026-09-02 17:15:00,TAS1,70.09447
2026-09-02 17:15:00,VIC1,75.87000
2026-09-02 17:20:00,NSW1,86.88000
2026-09-02 17:20:00,QLD1,87.51496
2026-09-02 17:20:00,SA1,85.57627
2026-09-02 17:20:00,TAS1,74.61939
2026-09-02 17:20:00,VIC1,81.35301
2026-09-02 17:25:00,NSW1,86.53124
2026-09-02 17:25:00,QLD1,85.00462
2026-09-02 17:25:00,SA1,84.51000
2026-09-02 17:25:00,TAS1,74.34811
2026-09-02 17:25:00,VIC1,81.07458
2026-09-02 17:30:00,NSW1,84.67000
2026-09-02 17:30:00,QLD1,82.69806
2026-09-02 17:30:00,SA1,85.04790
2026-09-02 17:30:00,TAS1,73.50240
2026-09-02 17:30:00,VIC1,80.16465
2026-09-02 17:35:00,NSW1,84.57453
2026-09-02 17:35:00,QLD1,83.73000
2026-09-02 17:35:00,SA1,84.51000
2026-09-02 17:35:00,TAS1,70.98022
2026-09-02 17:35:00,VIC1,77.66706
2026-09-02 17:40:00,NSW1,84.26193
2026-09-02 17:40:00,QLD1,84.50000
2026-09-02 17:40:00,SA1,84.55546
2026-09-02 17:40:00,TAS1,71.04705
2026-09-02 17:40:00,VIC1,78.00000
2026-09-02 17:45:00,NSW1,82.90000
2026-09-02 17:45:00,QLD1,81.82000
2026-09-02 17:45:00,SA1,84.40043
2026-09-02 17:45:00,TAS1,69.74228
2026-09-02 17:45:00,VIC1,76.32481
2026-09-02 17:50:00,NSW1,84.14651
2026-09-02 17:50:00,QLD1,81.82000
2026-09-02 17:50:00,SA1,101.02000
2026-09-02 17:50:00,TAS1,72.30083
2026-09-02 17:50:00,VIC1,78.89097
2026-09-02 17:55:00,NSW1,88.20178
2026-09-02 17:55:00,QLD1,86.36776
2026-09-02 17:55:00,SA1,95.87487
2026-09-02 17:55:00,TAS1,78.82795
2026-09-02 17:55:00,VIC1,85.48000
2026-09-02 18:00:00,NSW1,88.80638
2026-09-02 18:00:00,QLD1,87.59695
2026-09-02 18:00:00,SA1,95.54955
2026-09-02 18:00:00,TAS1,78.82300
2026-09-02 18:00:00,VIC1,85.48000
2026-09-02 18:05:00,NSW1,83.21370
2026-09-02 18:05:00,QLD1,83.73000
2026-09-02 18:05:00,SA1,85.72211
2026-09-02 18:05:00,TAS1,71.23900
2026-09-02 18:05:00,VIC1,77.74603
2026-09-02 18:10:00,NSW1,83.39658
2026-09-02 18:10:00,QLD1,83.40285
2026-09-02 18:10:00,SA1,87.14832
2026-09-02 18:10:00,TAS1,71.47048
2026-09-02 18:10:00,VIC1,78.00000
2026-09-02 18:15:00,NSW1,83.26218
2026-09-02 18:15:00,QLD1,82.67424
2026-09-02 18:15:00,SA1,101.02000
2026-09-02 18:15:00,TAS1,71.69593
2026-09-02 18:15:00,VIC1,78.00000
2026-09-02 18:20:00,NSW1,83.20036
2026-09-02 18:20:00,QLD1,81.82000
2026-09-02 18:20:00,SA1,101.02000
2026-09-02 18:20:00,TAS1,71.91573
2026-09-02 18:20:00,VIC1,78.00000
2026-09-02 18:25:00,NSW1,82.90000
2026-09-02 18:25:00,QLD1,82.31855
2026-09-02 18:25:00,SA1,101.02000
2026-09-02 18:25:00,TAS1,71.46712
2026-09-02 18:25:00,VIC1,77.76614
2026-09-02 18:30:00,NSW1,84.67000
2026-09-02 18:30:00,QLD1,84.15237
2026-09-02 18:30:00,SA1,90.09551
2026-09-02 18:30:00,TAS1,74.05627
2026-09-02 18:30:00,VIC1,80.85309
2026-09-02 18:35:00,NSW1,82.23044
2026-09-02 18:35:00,QLD1,81.70187
2026-09-02 18:35:00,SA1,86.40005
2026-09-02 18:35:00,TAS1,70.99386
2026-09-02 18:35:00,VIC1,78.00000
2026-09-02 18:40:00,NSW1,82.90000
2026-09-02 18:40:00,QLD1,83.89333
2026-09-02 18:40:00,SA1,86.64522
2026-09-02 18:40:00,TAS1,60.22000
2026-09-02 18:40:00,VIC1,77.93747
2026-09-02 18:45:00,NSW1,81.19669
2026-09-02 18:45:00,QLD1,80.57521
2026-09-02 18:45:00,SA1,84.51000
2026-09-02 18:45:00,TAS1,60.22000
2026-09-02 18:45:00,VIC1,75.87000
2026-09-02 18:50:00,NSW1,79.78979
2026-09-02 18:50:00,QLD1,78.73000
2026-09-02 18:50:00,SA1,84.51000
2026-09-02 18:50:00,TAS1,60.22000
2026-09-02 18:50:00,VIC1,75.87000
2026-09-02 18:55:00,NSW1,80.37383
2026-09-02 18:55:00,QLD1,80.21233
2026-09-02 18:55:00,SA1,84.51000
2026-09-02 18:55:00,TAS1,60.22000
2026-09-02 18:55:00,VIC1,75.87000
2026-09-02 19:00:00,NSW1,82.75659
2026-09-02 19:00:00,QLD1,82.60685
2026-09-02 19:00:00,SA1,84.51000
2026-09-02 19:00:00,TAS1,70.16166
2026-09-02 19:00:00,VIC1,76.83359
2026-09-02 19:05:00,NSW1,82.90000
2026-09-02 19:05:00,QLD1,82.67275
2026-09-02 19:05:00,SA1,84.86909
2026-09-02 19:05:00,TAS1,71.13368
2026-09-02 19:05:00,VIC1,77.65192
2026-09-02 19:10:00,NSW1,82.90000
2026-09-02 19:10:00,QLD1,83.73000
2026-09-02 19:10:00,SA1,84.51000
2026-09-02 19:10:00,TAS1,70.19853
2026-09-02 19:10:00,VIC1,76.38379
2026-09-02 19:15:00,NSW1,81.47489
2026-09-02 19:15:00,QLD1,81.82000
2026-09-02 19:15:00,SA1,84.51000
2026-09-02 19:15:00,TAS1,70.43836
2026-09-02 19:15:00,VIC1,76.89090
2026-09-02 19:20:00,NSW1,81.00642
2026-09-02 19:20:00,QLD1,81.82000
2026-09-02 19:20:00,SA1,83.93909
2026-09-02 19:20:00,TAS1,69.69978
2026-09-02 19:20:00,VIC1,76.31937
2026-09-02 19:25:00,NSW1,80.44396
2026-09-02 19:25:00,QLD1,81.71805
2026-09-02 19:25:00,SA1,84.23026
2026-09-02 19:25:00,TAS1,69.07097
2026-09-02 19:25:00,VIC1,75.87000
2026-09-02 19:30:00,NSW1,81.17223
2026-09-02 19:30:00,QLD1,80.47834
2026-09-02 19:30:00,SA1,83.80619
2026-09-02 19:30:00,TAS1,69.29003
2026-09-02 19:30:00,VIC1,75.87000
2026-09-02 19:35:00,NSW1,81.79816
2026-09-02 19:35:00,QLD1,81.92925
2026-09-02 19:35:00,SA1,84.51000
2026-09-02 19:35:00,TAS1,71.11058
2026-09-02 19:35:00,VIC1,77.14098
2026-09-02 19:40:00,NSW1,79.85596
2026-09-02 19:40:00,QLD1,81.51460
2026-09-02 19:40:00,SA1,83.04162
2026-09-02 19:40:00,TAS1,69.71731
2026-09-02 19:40:00,VIC1,75.87000
2026-09-02 19:45:00,NSW1,81.79595
2026-09-02 19:45:00,QLD1,83.53921
2026-09-02 19:45:00,SA1,83.81425
2026-09-02 19:45:00,TAS1,69.72837
2026-09-02 19:45:00,VIC1,75.87000
2026-09-02 19:50:00,NSW1,75.96413
2026-09-02 19:50:00,QLD1,78.55000
2026-09-02 19:50:00,SA1,78.04791
2026-09-02 19:50:00,TAS1,64.73838
2026-09-02 19:50:00,VIC1,70.44187
2026-09-02 19:55:00,NSW1,79.49018
2026-09-02 19:55:00,QLD1,79.75000
2026-09-02 19:55:00,SA1,84.51000
2026-09-02 19:55:00,TAS1,69.47055
2026-09-02 19:55:00,VIC1,75.59805
2026-09-02 20:00:00,NSW1,78.58787
2026-09-02 20:00:00,QLD1,79.73000
2026-09-02 20:00:00,SA1,84.51000
2026-09-02 20:00:00,TAS1,69.09598
2026-09-02 20:00:00,VIC1,75.18764
2026-09-02 20:05:00,NSW1,80.18969
2026-09-02 20:05:00,QLD1,79.73000
2026-09-02 20:05:00,SA1,84.51000
2026-09-02 20:05:00,TAS1,69.90124
2026-09-02 20:05:00,VIC1,76.05663
2026-09-02 20:10:00,NSW1,75.96360
2026-09-02 20:10:00,QLD1,78.51996
2026-09-02 20:10:00,SA1,76.43266
2026-09-02 20:10:00,TAS1,63.88155
2026-09-02 20:10:00,VIC1,69.72882
2026-09-02 20:15:00,NSW1,79.19740
2026-09-02 20:15:00,QLD1,79.75000
2026-09-02 20:15:00,SA1,83.18578
2026-09-02 20:15:00,TAS1,68.41364
2026-09-02 20:15:00,VIC1,75.15389
2026-09-02 20:20:00,NSW1,82.18476
2026-09-02 20:20:00,QLD1,81.16465
2026-09-02 20:20:00,SA1,84.51000
2026-09-02 20:20:00,TAS1,70.36281
2026-09-02 20:20:00,VIC1,77.29255
2026-09-02 20:25:00,NSW1,82.90000
2026-09-02 20:25:00,QLD1,80.25529
2026-09-02 20:25:00,SA1,84.51000
2026-09-02 20:25:00,TAS1,61.14000
2026-09-02 20:25:00,VIC1,77.31963
2026-09-02 20:30:00,NSW1,79.55573
2026-09-02 20:30:00,QLD1,78.99684
2026-09-02 20:30:00,SA1,84.28180
2026-09-02 20:30:00,TAS1,69.30891
2026-09-02 20:30:00,VIC1,75.87000
2026-09-02 20:35:00,NSW1,82.90000
2026-09-02 20:35:00,QLD1,82.23705
2026-09-02 20:35:00,SA1,86.28236
2026-09-02 20:35:00,TAS1,73.30325
2026-09-02 20:35:00,VIC1,79.73912
2026-09-02 20:40:00,NSW1,87.95957
2026-09-02 20:40:00,QLD1,89.73000
2026-09-02 20:40:00,SA1,93.80146
2026-09-02 20:40:00,TAS1,78.71508
2026-09-02 20:40:00,VIC1,85.90769
2026-09-02 20:45:00,NSW1,89.54598
2026-09-02 20:45:00,QLD1,90.51000
2026-09-02 20:45:00,SA1,93.49808
2026-09-02 20:45:00,TAS1,79.16964
2026-09-02 20:45:00,VIC1,86.67000
2026-09-02 20:50:00,NSW1,90.49000
2026-09-02 20:50:00,QLD1,89.84311
2026-09-02 20:50:00,SA1,97.23097
2026-09-02 20:50:00,TAS1,80.62842
2026-09-02 20:50:00,VIC1,88.24875
2026-09-02 20:55:00,NSW1,91.34264
2026-09-02 20:55:00,QLD1,92.55000
2026-09-02 20:55:00,SA1,99.06123
2026-09-02 20:55:00,TAS1,83.82759
2026-09-02 20:55:00,VIC1,92.04822
2026-09-02 21:00:00,NSW1,94.37868
2026-09-02 21:00:00,QLD1,92.55000
2026-09-02 21:00:00,SA1,101.02000
2026-09-02 21:00:00,TAS1,91.55257
2026-09-02 21:00:00,VIC1,100.53000
2026-09-02 21:05:00,NSW1,98.13638
2026-09-02 21:05:00,QLD1,92.55000
2026-09-02 21:05:00,SA1,98.00000
2026-09-02 21:05:00,TAS1,94.86362
2026-09-02 21:05:00,VIC1,103.83473
2026-09-02 21:10:00,NSW1,98.44738
2026-09-02 21:10:00,QLD1,92.82849
2026-09-02 21:10:00,SA1,109.76160
2026-09-02 21:10:00,TAS1,100.05856
2026-09-02 21:10:00,VIC1,107.48000
2026-09-02 21:15:00,NSW1,93.03105
2026-09-02 21:15:00,QLD1,90.51000
2026-09-02 21:15:00,SA1,96.94812
2026-09-02 21:15:00,TAS1,92.09484
2026-09-02 21:15:00,VIC1,98.91349
2026-09-02 21:20:00,NSW1,89.64632
2026-09-02 21:20:00,QLD1,88.88000
2026-09-02 21:20:00,SA1,59.55000
2026-09-02 21:20:00,TAS1,89.48956
2026-09-02 21:20:00,VIC1,96.10945
2026-09-02 21:25:00,NSW1,83.99000
2026-09-02 21:25:00,QLD1,83.33804
2026-09-02 21:25:00,SA1,89.17948
2026-09-02 21:25:00,TAS1,79.56004
2026-09-02 21:25:00,VIC1,87.32952
2026-09-02 21:30:00,NSW1,80.35962
2026-09-02 21:30:00,QLD1,79.75000
2026-09-02 21:30:00,SA1,88.68564
2026-09-02 21:30:00,TAS1,77.62147
2026-09-02 21:30:00,VIC1,85.48002
2026-09-02 21:35:00,NSW1,86.35853
2026-09-02 21:35:00,QLD1,84.50000
2026-09-02 21:35:00,SA1,91.25000
2026-09-02 21:35:00,TAS1,83.24000
2026-09-02 21:35:00,VIC1,90.51084
2026-09-02 21:40:00,NSW1,82.90000
2026-09-02 21:40:00,QLD1,81.13413
2026-09-02 21:40:00,SA1,81.08176
2026-09-02 21:40:00,TAS1,77.63611
2026-09-02 21:40:00,VIC1,84.40215
2026-09-02 21:45:00,NSW1,82.90000
2026-09-02 21:45:00,QLD1,83.26513
2026-09-02 21:45:00,SA1,81.80517
2026-09-02 21:45:00,TAS1,76.33479
2026-09-02 21:45:00,VIC1,82.99336
2026-09-02 21:50:00,NSW1,76.06123
2026-09-02 21:50:00,QLD1,76.79000
2026-09-02 21:50:00,SA1,75.91270
2026-09-02 21:50:00,TAS1,69.40002
2026-09-02 21:50:00,VIC1,75.44620
2026-09-02 21:55:00,NSW1,75.57364
2026-09-02 21:55:00,QLD1,76.79000
2026-09-02 21:55:00,SA1,69.41000
2026-09-02 21:55:00,TAS1,69.91849
2026-09-02 21:55:00,VIC1,74.36932
2026-09-02 22:00:00,NSW1,71.38000
2026-09-02 22:00:00,QLD1,72.50000
2026-09-02 22:00:00,SA1,68.68037
2026-09-02 22:00:00,TAS1,66.92492
2026-09-02 22:00:00,VIC1,69.60374
2026-09-02 22:05:00,NSW1,72.39624
2026-09-02 22:05:00,QLD1,72.50000
2026-09-02 22:05:00,SA1,67.59537
2026-09-02 22:05:00,TAS1,75.81184
2026-09-02 22:05:00,VIC1,69.40868
2026-09-02 22:10:00,NSW1,65.50000
2026-09-02 22:10:00,QLD1,66.01548
2026-09-02 22:10:00,SA1,60.18530
2026-09-02 22:10:00,TAS1,61.03517
2026-09-02 22:10:00,VIC1,61.23699
2026-09-02 22:15:00,NSW1,65.50000
2026-09-02 22:15:00,QLD1,66.02608
2026-09-02 22:15:00,SA1,58.72440
2026-09-02 22:15:00,TAS1,60.49073
2026-09-02 22:15:00,VIC1,60.64599
2026-09-02 22:20:00,NSW1,65.50000
2026-09-02 22:20:00,QLD1,64.94009
2026-09-02 22:20:00,SA1,57.90766
2026-09-02 22:20:00,TAS1,60.22000
2026-09-02 22:20:00,VIC1,60.18374
2026-09-02 22:25:00,NSW1,64.95000
2026-09-02 22:25:00,QLD1,64.52287
2026-09-02 22:25:00,SA1,57.00158
2026-09-02 22:25:00,TAS1,60.22000
2026-09-02 22:25:00,VIC1,59.22437
2026-09-02 22:30:00,NSW1,64.95000
2026-09-02 22:30:00,QLD1,63.99000
2026-09-02 22:30:00,SA1,55.82300
2026-09-02 22:30:00,TAS1,60.23504
2026-09-02 22:30:00,VIC1,58.69571
2026-09-02 22:35:00,NSW1,70.26661
2026-09-02 22:35:00,QLD1,69.69000
2026-09-02 22:35:00,SA1,60.04062
2026-09-02 22:35:00,TAS1,60.22000
2026-09-02 22:35:00,VIC1,62.50270
2026-09-02 22:40:00,NSW1,69.99020
2026-09-02 22:40:00,QLD1,70.28131
2026-09-02 22:40:00,SA1,60.06286
2026-09-02 22:40:00,TAS1,60.22000
2026-09-02 22:40:00,VIC1,62.34713
2026-09-02 22:45:00,NSW1,69.99000
2026-09-02 22:45:00,QLD1,69.80170
2026-09-02 22:45:00,SA1,60.48443
2026-09-02 22:45:00,TAS1,60.24051
2026-09-02 22:45:00,VIC1,62.56549
2026-09-02 22:50:00,NSW1,69.99000
2026-09-02 22:50:00,QLD1,71.17798
2026-09-02 22:50:00,SA1,59.24758
2026-09-02 22:50:00,TAS1,60.22000
2026-09-02 22:50:00,VIC1,61.49271
2026-09-02 22:55:00,NSW1,64.94997
2026-09-02 22:55:00,QLD1,65.60269
2026-09-02 22:55:00,SA1,54.31874
2026-09-02 22:55:00,TAS1,57.15751
2026-09-02 22:55:00,VIC1,56.59692
2026-09-02 23:00:00,NSW1,65.50000
2026-09-02 23:00:00,QLD1,65.66649
2026-09-02 23:00:00,SA1,55.54205
2026-09-02 23:00:00,TAS1,59.39420
2026-09-02 23:00:00,VIC1,57.97281
2026-09-02 23:05:00,NSW1,65.50000
2026-09-02 23:05:00,QLD1,66.45151
2026-09-02 23:05:00,SA1,39.30814
2026-09-02 23:05:00,TAS1,40.16000
2026-09-02 23:05:00,VIC1,41.22073
2026-09-02 23:10:00,NSW1,64.95000
2026-09-02 23:10:00,QLD1,66.34161
2026-09-02 23:10:00,SA1,39.24806
2026-09-02 23:10:00,TAS1,40.16000
2026-09-02 23:10:00,VIC1,41.22112
2026-09-02 23:15:00,NSW1,64.95006
2026-09-02 23:15:00,QLD1,66.79349
2026-09-02 23:15:00,SA1,33.93092
2026-09-02 23:15:00,TAS1,36.78645
2026-09-02 23:15:00,VIC1,35.94007
2026-09-02 23:20:00,NSW1,64.95000
2026-09-02 23:20:00,QLD1,65.41882
2026-09-02 23:20:00,SA1,23.72632
2026-09-02 23:20:00,TAS1,26.14000
2026-09-02 23:20:00,VIC1,24.91908
2026-09-02 23:25:00,NSW1,64.94997
2026-09-02 23:25:00,QLD1,65.42513
2026-09-02 23:25:00,SA1,18.04139
2026-09-02 23:25:00,TAS1,26.14000
2026-09-02 23:25:00,VIC1,19.18000
2026-09-02 23:30:00,NSW1,65.50000
2026-09-02 23:30:00,QLD1,65.99844
2026-09-02 23:30:00,SA1,11.99119
2026-09-02 23:30:00,TAS1,25.16000
2026-09-02 23:30:00,VIC1,12.50000
2026-09-02 23:35:00,NSW1,65.50000
2026-09-02 23:35:00,QLD1,65.10609
2026-09-02 23:35:00,SA1,14.22461
2026-09-02 23:35:00,TAS1,15.12000
2026-09-02 23:35:00,VIC1,15.14850
2026-09-02 23:40:00,NSW1,63.69570
2026-09-02 23:40:00,QLD1,63.73000
2026-09-02 23:40:00,SA1,20.55726
2026-09-02 23:40:00,TAS1,15.12000
2026-09-02 23:40:00,VIC1,19.18000
2026-09-02 23:45:00,NSW1,64.89000
2026-09-02 23:45:00,QLD1,64.08949
2026-09-02 23:45:00,SA1,13.95352
2026-09-02 23:45:00,TAS1,15.08000
2026-09-02 23:45:00,VIC1,14.78922
2026-09-02 23:50:00,NSW1,64.95000
2026-09-02 23:50:00,QLD1,64.17626
2026-09-02 23:50:00,SA1,11.76975
2026-09-02 23:50:00,TAS1,12.76603
2026-09-02 23:50:00,VIC1,12.52000
2026-09-02 23:55:00,NSW1,56.25603
2026-09-02 23:55:00,QLD1,55.53000
2026-09-02 23:55:00,SA1,11.76116
2026-09-02 23:55:00,TAS1,12.70598
2026-09-02 23:55:00,VIC1,12.50000
2026-09-03 00:00:00,NSW1,57.01202
2026-09-03 00:00:00,QLD1,55.53000
2026-09-03 00:00:00,SA1,9.75612
2026-09-03 00:00:00,TAS1,10.67270
2026-09-03 00:00:00,VIC1,10.50000
2026-09-03 00:05:00,NSW1,65.50000
2026-09-03 00:05:00,QLD1,64.59980
2026-09-03 00:05:00,SA1,13.47173
2026-09-03 00:05:00,TAS1,15.08000
2026-09-03 00:05:00,VIC1,14.55483
2026-09-03 00:10:00,NSW1,74.03240
2026-09-03 00:10:00,QLD1,72.50000
2026-09-03 00:10:00,SA1,25.02570
2026-09-03 00:10:00,TAS1,27.58767
2026-09-03 00:10:00,VIC1,27.14000
2026-09-03 00:15:00,NSW1,75.96010
2026-09-03 00:15:00,QLD1,73.88707
2026-09-03 00:15:00,SA1,13.24653
2026-09-03 00:15:00,TAS1,15.10000
2026-09-03 00:15:00,VIC1,14.80646
2026-09-03 00:20:00,NSW1,75.00542
2026-09-03 00:20:00,QLD1,72.50000
2026-09-03 00:20:00,SA1,14.60494
2026-09-03 00:20:00,TAS1,16.03368
2026-09-03 00:20:00,VIC1,15.77105
2026-09-03 00:25:00,NSW1,73.07748
2026-09-03 00:25:00,QLD1,69.69000
2026-09-03 00:25:00,SA1,14.10594
2026-09-03 00:25:00,TAS1,16.03368
2026-09-03 00:25:00,VIC1,15.77207
2026-09-03 00:30:00,NSW1,75.96010
2026-09-03 00:30:00,QLD1,71.48309
2026-09-03 00:30:00,SA1,9.74262
2026-09-03 00:30:00,TAS1,11.14011
2026-09-03 00:30:00,VIC1,10.65000
2026-09-03 00:35:00,NSW1,71.40000
2026-09-03 00:35:00,QLD1,68.05308
2026-09-03 00:35:00,SA1,-1.07000
2026-09-03 00:35:00,TAS1,28.47801
2026-09-03 00:35:00,VIC1,27.14000
2026-09-03 00:40:00,NSW1,65.84111
2026-09-03 00:40:00,QLD1,62.73006
2026-09-03 00:40:00,SA1,24.68903
2026-09-03 00:40:00,TAS1,28.47768
2026-09-03 00:40:00,VIC1,27.14000
2026-09-03 00:45:00,NSW1,65.53192
2026-09-03 00:45:00,QLD1,62.73004
2026-09-03 00:45:00,SA1,3.92529
2026-09-03 00:45:00,TAS1,13.85852
2026-09-03 00:45:00,VIC1,12.50000
2026-09-03 00:50:00,NSW1,64.94998
2026-09-03 00:50:00,QLD1,62.67737
2026-09-03 00:50:00,SA1,9.72356
2026-09-03 00:50:00,TAS1,11.90546
2026-09-03 00:50:00,VIC1,10.65000
2026-09-03 00:55:00,NSW1,65.50000
2026-09-03 00:55:00,QLD1,63.60671
2026-09-03 00:55:00,SA1,0.01815
2026-09-03 00:55:00,TAS1,0.02093
2026-09-03 00:55:00,VIC1,0.02000
2026-09-03 01:00:00,NSW1,45.44000
2026-09-03 01:00:00,QLD1,43.82472
2026-09-03 01:00:00,SA1,11.19958
2026-09-03 01:00:00,TAS1,12.79428
2026-09-03 01:00:00,VIC1,12.19000
2026-09-03 01:05:00,NSW1,57.15485
2026-09-03 01:05:00,QLD1,54.73008
2026-09-03 01:05:00,SA1,5.85080
2026-09-03 01:05:00,TAS1,11.87292
2026-09-03 01:05:00,VIC1,10.65000
2026-09-03 01:10:00,NSW1,57.19545
2026-09-03 01:10:00,QLD1,54.75000
2026-09-03 01:10:00,SA1,9.64829
2026-09-03 01:10:00,TAS1,11.87239
2026-09-03 01:10:00,VIC1,10.65000
2026-09-03 01:15:00,NSW1,57.18136
2026-09-03 01:15:00,QLD1,54.75000
2026-09-03 01:15:00,SA1,-1.00000
2026-09-03 01:15:00,TAS1,10.66183
2026-09-03 01:15:00,VIC1,9.50000
2026-09-03 01:20:00,NSW1,57.53068
2026-09-03 01:20:00,QLD1,54.75006
2026-09-03 01:20:00,SA1,-4.36217
2026-09-03 01:20:00,TAS1,10.08343
2026-09-03 01:20:00,VIC1,8.94000
2026-09-03 01:25:00,NSW1,44.63575
2026-09-03 01:25:00,QLD1,43.01000
2026-09-03 01:25:00,SA1,6.12538
2026-09-03 01:25:00,TAS1,11.71508
2026-09-03 01:25:00,VIC1,10.49988
2026-09-03 01:30:00,NSW1,56.09129
2026-09-03 01:30:00,QLD1,54.75000
2026-09-03 01:30:00,SA1,-4.11967
2026-09-03 01:30:00,TAS1,11.71540
2026-09-03 01:30:00,VIC1,10.50000
2026-09-03 01:35:00,NSW1,44.03474
2026-09-03 01:35:00,QLD1,43.00000
2026-09-03 01:35:00,SA1,7.82655
2026-09-03 01:35:00,TAS1,9.41343
2026-09-03 01:35:00,VIC1,8.94000
2026-09-03 01:40:00,NSW1,42.80007
2026-09-03 01:40:00,QLD1,41.20675
2026-09-03 01:40:00,SA1,7.86158
2026-09-03 01:40:00,TAS1,9.41380
2026-09-03 01:40:00,VIC1,8.94000
2026-09-03 01:45:00,NSW1,41.27890
2026-09-03 01:45:00,QLD1,39.75000
2026-09-03 01:45:00,SA1,-1.00000
2026-09-03 01:45:00,TAS1,0.67191
2026-09-03 01:45:00,VIC1,0.64000
2026-09-03 01:50:00,NSW1,42.80007
2026-09-03 01:50:00,QLD1,41.74498
2026-09-03 01:50:00,SA1,0.01784
2026-09-03 01:50:00,TAS1,0.02100
2026-09-03 01:50:00,VIC1,0.02000
2026-09-03 01:55:00,NSW1,43.80243
2026-09-03 01:55:00,QLD1,43.00000
2026-09-03 01:55:00,SA1,4.50718
2026-09-03 01:55:00,TAS1,5.98872
2026-09-03 01:55:00,VIC1,5.05000
2026-09-03 02:00:00,NSW1,56.50486
2026-09-03 02:00:00,QLD1,54.73008
2026-09-03 02:00:00,SA1,3.11827
2026-09-03 02:00:00,TAS1,4.34594
2026-09-03 02:00:00,VIC1,3.49000
2026-09-03 02:05:00,NSW1,44.70254
2026-09-03 02:05:00,QLD1,43.01000
2026-09-03 02:05:00,SA1,-3.69252
2026-09-03 02:05:00,TAS1,2.14472
2026-09-03 02:05:00,VIC1,1.40000
2026-09-03 02:10:00,NSW1,64.89000
2026-09-03 02:10:00,QLD1,62.07142
2026-09-03 02:10:00,SA1,4.66582
2026-09-03 02:10:00,TAS1,5.26965
2026-09-03 02:10:00,VIC1,5.05000
2026-09-03 02:15:00,NSW1,57.39007
2026-09-03 02:15:00,QLD1,54.75000
2026-09-03 02:15:00,SA1,0.59522
2026-09-03 02:15:00,TAS1,1.34416
2026-09-03 02:15:00,VIC1,0.64000
2026-09-03 02:20:00,NSW1,57.39007
2026-09-03 02:20:00,QLD1,54.14530
2026-09-03 02:20:00,SA1,4.71506
2026-09-03 02:20:00,TAS1,5.31916
2026-09-03 02:20:00,VIC1,5.05000
2026-09-03 02:25:00,NSW1,45.58602
2026-09-03 02:25:00,QLD1,43.00000
2026-09-03 02:25:00,SA1,0.59559
2026-09-03 02:25:00,TAS1,0.67415
2026-09-03 02:25:00,VIC1,0.64000
2026-09-03 02:30:00,NSW1,41.86870
2026-09-03 02:30:00,QLD1,39.75000
2026-09-03 02:30:00,SA1,0.01862
2026-09-03 02:30:00,TAS1,0.69107
2026-09-03 02:30:00,VIC1,0.02000
2026-09-03 02:35:00,NSW1,57.39007
2026-09-03 02:35:00,QLD1,54.51737
2026-09-03 02:35:00,SA1,0.01869
2026-09-03 02:35:00,TAS1,0.02107
2026-09-03 02:35:00,VIC1,0.02000
2026-09-03 02:40:00,NSW1,65.51000
2026-09-03 02:40:00,QLD1,61.85438
2026-09-03 02:40:00,SA1,0.01862
2026-09-03 02:40:00,TAS1,0.02100
2026-09-03 02:40:00,VIC1,0.02000
2026-09-03 02:45:00,NSW1,58.32785
2026-09-03 02:45:00,QLD1,54.75005
2026-09-03 02:45:00,SA1,0.01841
2026-09-03 02:45:00,TAS1,0.02100
2026-09-03 02:45:00,VIC1,0.02000
2026-09-03 02:50:00,NSW1,57.39007
2026-09-03 02:50:00,QLD1,53.83924
2026-09-03 02:50:00,SA1,0.00919
2026-09-03 02:50:00,TAS1,0.01054
2026-09-03 02:50:00,VIC1,0.01000
2026-09-03 02:55:00,NSW1,57.39007
2026-09-03 02:55:00,QLD1,53.82201
2026-09-03 02:55:00,SA1,0.00912
2026-09-03 02:55:00,TAS1,0.02000
2026-09-03 02:55:00,VIC1,0.01000
2026-09-03 03:00:00,NSW1,57.39007
2026-09-03 03:00:00,QLD1,53.10032
2026-09-03 03:00:00,SA1,0.00908
2026-09-03 03:00:00,TAS1,0.01050
2026-09-03 03:00:00,VIC1,0.01000
2026-09-03 03:05:00,NSW1,58.02651
2026-09-03 03:05:00,QLD1,54.75000
2026-09-03 03:05:00,SA1,0.00906
2026-09-03 03:05:00,TAS1,0.01050
2026-09-03 03:05:00,VIC1,0.01000
2026-09-03 03:10:00,NSW1,57.39007
2026-09-03 03:10:00,QLD1,54.75000
2026-09-03 03:10:00,SA1,-2.21660
2026-09-03 03:10:00,TAS1,0.68054
2026-09-03 03:10:00,VIC1,0.01000
2026-09-03 03:15:00,NSW1,42.54000
2026-09-03 03:15:00,QLD1,40.41485
2026-09-03 03:15:00,SA1,-2.27634
2026-09-03 03:15:00,TAS1,0.68054
2026-09-03 03:15:00,VIC1,0.01000
2026-09-03 03:20:00,NSW1,31.41077
2026-09-03 03:20:00,QLD1,29.83000
2026-09-03 03:20:00,SA1,-1.00000
2026-09-03 03:20:00,TAS1,0.01054
2026-09-03 03:20:00,VIC1,0.01000
2026-09-03 03:25:00,NSW1,45.25745
2026-09-03 03:25:00,QLD1,43.00000
2026-09-03 03:25:00,SA1,0.00921
2026-09-03 03:25:00,TAS1,0.68054
2026-09-03 03:25:00,VIC1,0.01000
2026-09-03 03:30:00,NSW1,57.28179
2026-09-03 03:30:00,QLD1,54.75000
2026-09-03 03:30:00,SA1,0.00892
2026-09-03 03:30:00,TAS1,0.01050
2026-09-03 03:30:00,VIC1,0.01000
2026-09-03 03:35:00,NSW1,31.41769
2026-09-03 03:35:00,QLD1,29.83000
2026-09-03 03:35:00,SA1,0.00904
2026-09-03 03:35:00,TAS1,0.01054
2026-09-03 03:35:00,VIC1,0.01000
2026-09-03 03:40:00,NSW1,31.19992
2026-09-03 03:40:00,QLD1,29.83000
2026-09-03 03:40:00,SA1,0.00905
2026-09-03 03:40:00,TAS1,0.01050
2026-09-03 03:40:00,VIC1,0.01000
2026-09-03 03:45:00,NSW1,57.39007
2026-09-03 03:45:00,QLD1,54.54575
2026-09-03 03:45:00,SA1,0.00909
2026-09-03 03:45:00,TAS1,0.01050
2026-09-03 03:45:00,VIC1,0.01000
2026-09-03 03:50:00,NSW1,57.39007
2026-09-03 03:50:00,QLD1,54.53013
2026-09-03 03:50:00,SA1,0.00909
2026-09-03 03:50:00,TAS1,0.01050
2026-09-03 03:50:00,VIC1,0.01000
2026-09-03 03:55:00,NSW1,58.35948
2026-09-03 03:55:00,QLD1,54.75000
2026-09-03 03:55:00,SA1,0.00904
2026-09-03 03:55:00,TAS1,0.01050
2026-09-03 03:55:00,VIC1,0.01000
2026-09-03 04:00:00,NSW1,65.51000
2026-09-03 04:00:00,QLD1,61.06316
2026-09-03 04:00:00,SA1,-4.32012
2026-09-03 04:00:00,TAS1,0.01054
2026-09-03 04:00:00,VIC1,0.01000
2026-09-03 04:05:00,NSW1,65.50000
2026-09-03 04:05:00,QLD1,61.47979
2026-09-03 04:05:00,SA1,0.00911
2026-09-03 04:05:00,TAS1,0.01058
2026-09-03 04:05:00,VIC1,0.01004
2026-09-03 04:10:00,NSW1,64.95012
2026-09-03 04:10:00,QLD1,60.58126
2026-09-03 04:10:00,SA1,0.00950
2026-09-03 04:10:00,TAS1,0.71058
2026-09-03 04:10:00,VIC1,0.01004
2026-09-03 04:15:00,NSW1,64.89000
2026-09-03 04:15:00,QLD1,60.95492
2026-09-03 04:15:00,SA1,0.00910
2026-09-03 04:15:00,TAS1,0.68058
2026-09-03 04:15:00,VIC1,0.01004
2026-09-03 04:20:00,NSW1,65.50000
2026-09-03 04:20:00,QLD1,61.94217
2026-09-03 04:20:00,SA1,0.00895
2026-09-03 04:20:00,TAS1,0.02000
2026-09-03 04:20:00,VIC1,0.01004
2026-09-03 04:25:00,NSW1,64.95000
2026-09-03 04:25:00,QLD1,61.02036
2026-09-03 04:25:00,SA1,0.00900
2026-09-03 04:25:00,TAS1,0.73061
2026-09-03 04:25:00,VIC1,0.01004
2026-09-03 04:30:00,NSW1,65.27012
2026-09-03 04:30:00,QLD1,61.70958
2026-09-03 04:30:00,SA1,0.00899
2026-09-03 04:30:00,TAS1,0.70061
2026-09-03 04:30:00,VIC1,0.01004
2026-09-03 04:35:00,NSW1,64.95000
2026-09-03 04:35:00,QLD1,61.79990
2026-09-03 04:35:00,SA1,0.00902
2026-09-03 04:35:00,TAS1,0.70058
2026-09-03 04:35:00,VIC1,0.01004
2026-09-03 04:40:00,NSW1,66.52000
2026-09-03 04:40:00,QLD1,64.60723
2026-09-03 04:40:00,SA1,0.00905
2026-09-03 04:40:00,TAS1,0.68058
2026-09-03 04:40:00,VIC1,0.01004
2026-09-03 04:45:00,NSW1,64.95000
2026-09-03 04:45:00,QLD1,62.73004
2026-09-03 04:45:00,SA1,0.00905
2026-09-03 04:45:00,TAS1,0.02000
2026-09-03 04:45:00,VIC1,0.01004
2026-09-03 04:50:00,NSW1,65.50000
2026-09-03 04:50:00,QLD1,63.18764
2026-09-03 04:50:00,SA1,0.00904
2026-09-03 04:50:00,TAS1,0.72061
2026-09-03 04:50:00,VIC1,0.01004
2026-09-03 04:55:00,NSW1,45.44000
2026-09-03 04:55:00,QLD1,44.38405
2026-09-03 04:55:00,SA1,0.00907
2026-09-03 04:55:00,TAS1,0.73061
2026-09-03 04:55:00,VIC1,0.01004
2026-09-03 05:00:00,NSW1,64.89000
2026-09-03 05:00:00,QLD1,63.01400
2026-09-03 05:00:00,SA1,0.00904
2026-09-03 05:00:00,TAS1,0.72061
2026-09-03 05:00:00,VIC1,0.01004
2026-09-03 05:05:00,NSW1,57.38997
2026-09-03 05:05:00,QLD1,55.75679
2026-09-03 05:05:00,SA1,0.00907
2026-09-03 05:05:00,TAS1,0.72061
2026-09-03 05:05:00,VIC1,0.01004
2026-09-03 05:10:00,NSW1,57.39022
2026-09-03 05:10:00,QLD1,56.15035
2026-09-03 05:10:00,SA1,0.00909
2026-09-03 05:10:00,TAS1,0.72064
2026-09-03 05:10:00,VIC1,0.01004
2026-09-03 05:15:00,NSW1,69.99000
2026-09-03 05:15:00,QLD1,69.39170
2026-09-03 05:15:00,SA1,0.00910
2026-09-03 05:15:00,TAS1,19.22000
2026-09-03 05:15:00,VIC1,0.01004
2026-09-03 05:20:00,NSW1,69.99000
2026-09-03 05:20:00,QLD1,68.98821
2026-09-03 05:20:00,SA1,0.00913
2026-09-03 05:20:00,TAS1,20.22000
2026-09-03 05:20:00,VIC1,0.01004
2026-09-03 05:25:00,NSW1,65.50000
2026-09-03 05:25:00,QLD1,64.60903
2026-09-03 05:25:00,SA1,0.00914
2026-09-03 05:25:00,TAS1,20.22000
2026-09-03 05:25:00,VIC1,0.01004
2026-09-03 05:30:00,NSW1,54.78518
2026-09-03 05:30:00,QLD1,54.75000
2026-09-03 05:30:00,SA1,0.00916
2026-09-03 05:30:00,TAS1,0.71064
2026-09-03 05:30:00,VIC1,0.01004
2026-09-03 05:35:00,NSW1,54.05019
2026-09-03 05:35:00,QLD1,54.73012
2026-09-03 05:35:00,SA1,0.00923
2026-09-03 05:35:00,TAS1,0.68057
2026-09-03 05:35:00,VIC1,0.01004
2026-09-03 05:40:00,NSW1,62.30513
2026-09-03 05:40:00,QLD1,62.73003
2026-09-03 05:40:00,SA1,0.00936
2026-09-03 05:40:00,TAS1,0.68057
2026-09-03 05:40:00,VIC1,0.01004
2026-09-03 05:45:00,NSW1,62.30043
2026-09-03 05:45:00,QLD1,62.73003
2026-09-03 05:45:00,SA1,0.00939
2026-09-03 05:45:00,TAS1,0.68057
2026-09-03 05:45:00,VIC1,0.01004
2026-09-03 05:50:00,NSW1,64.05000
2026-09-03 05:50:00,QLD1,64.11778
2026-09-03 05:50:00,SA1,0.01868
2026-09-03 05:50:00,TAS1,0.68106
2026-09-03 05:50:00,VIC1,0.02000
2026-09-03 05:55:00,NSW1,56.81592
2026-09-03 05:55:00,QLD1,54.73012
2026-09-03 05:55:00,SA1,0.01872
2026-09-03 05:55:00,TAS1,0.71112
2026-09-03 05:55:00,VIC1,0.02000
2026-09-03 06:00:00,NSW1,64.05000
2026-09-03 06:00:00,QLD1,64.18537
2026-09-03 06:00:00,SA1,0.01879
2026-09-03 06:00:00,TAS1,0.70112
2026-09-03 06:00:00,VIC1,0.02000
2026-09-03 06:05:00,NSW1,61.95025
2026-09-03 06:05:00,QLD1,61.29331
2026-09-03 06:05:00,SA1,9.85382
2026-09-03 06:05:00,TAS1,20.22000
2026-09-03 06:05:00,VIC1,10.50000
2026-09-03 06:10:00,NSW1,64.05000
2026-09-03 06:10:00,QLD1,64.26649
2026-09-03 06:10:00,SA1,11.47745
2026-09-03 06:10:00,TAS1,13.51085
2026-09-03 06:10:00,VIC1,12.21006
2026-09-03 06:15:00,NSW1,64.71508
2026-09-03 06:15:00,QLD1,64.95000
2026-09-03 06:15:00,SA1,10.05394
2026-09-03 06:15:00,TAS1,59.02000
2026-09-03 06:15:00,VIC1,10.65006
2026-09-03 06:20:00,NSW1,64.95002
2026-09-03 06:20:00,QLD1,64.95000
2026-09-03 06:20:00,SA1,10.05644
2026-09-03 06:20:00,TAS1,60.22000
2026-09-03 06:20:00,VIC1,10.65006
2026-09-03 06:25:00,NSW1,65.50000
2026-09-03 06:25:00,QLD1,64.95000
2026-09-03 06:25:00,SA1,21.28436
2026-09-03 06:25:00,TAS1,60.22000
2026-09-03 06:25:00,VIC1,22.67000
2026-09-03 06:30:00,NSW1,65.50000
2026-09-03 06:30:00,QLD1,64.95000
2026-09-03 06:30:00,SA1,9.83046
2026-09-03 06:30:00,TAS1,10.97924
2026-09-03 06:30:00,VIC1,10.50023
2026-09-03 06:35:00,NSW1,66.52000
2026-09-03 06:35:00,QLD1,65.55032
2026-09-03 06:35:00,SA1,10.04845
2026-09-03 06:35:00,TAS1,11.09998
2026-09-03 06:35:00,VIC1,10.65006
2026-09-03 06:40:00,NSW1,71.16699
2026-09-03 06:40:00,QLD1,69.69000
2026-09-03 06:40:00,SA1,37.43009
2026-09-03 06:40:00,TAS1,35.14149
2026-09-03 06:40:00,VIC1,13.44000
2026-09-03 06:45:00,NSW1,56.59164
2026-09-03 06:45:00,QLD1,54.73012
2026-09-03 06:45:00,SA1,30.27245
2026-09-03 06:45:00,TAS1,29.07433
2026-09-03 06:45:00,VIC1,12.52000
2026-09-03 06:50:00,NSW1,45.17095
2026-09-03 06:50:00,QLD1,43.66000
2026-09-03 06:50:00,SA1,24.30534
2026-09-03 06:50:00,TAS1,23.53259
2026-09-03 06:50:00,VIC1,10.50026
2026-09-03 06:55:00,NSW1,23.95000
2026-09-03 06:55:00,QLD1,22.69944
2026-09-03 06:55:00,SA1,15.12087
2026-09-03 06:55:00,TAS1,15.64171
2026-09-03 06:55:00,VIC1,10.65006
2026-09-03 07:00:00,NSW1,42.54000
2026-09-03 07:00:00,QLD1,40.28873
2026-09-03 07:00:00,SA1,23.53359
2026-09-03 07:00:00,TAS1,22.76191
2026-09-03 07:00:00,VIC1,10.65006
2026-09-03 07:05:00,NSW1,23.95000
2026-09-03 07:05:00,QLD1,21.96491
2026-09-03 07:05:00,SA1,15.65270
2026-09-03 07:05:00,TAS1,15.57832
2026-09-03 07:05:00,VIC1,10.65006
2026-09-03 07:10:00,NSW1,23.95000
2026-09-03 07:10:00,QLD1,21.55599
2026-09-03 07:10:00,SA1,15.64695
2026-09-03 07:10:00,TAS1,15.48665
2026-09-03 07:10:00,VIC1,10.50026
2026-09-03 07:15:00,NSW1,23.51000
2026-09-03 07:15:00,QLD1,20.62297
2026-09-03 07:15:00,SA1,16.43352
2026-09-03 07:15:00,TAS1,16.64542
2026-09-03 07:15:00,VIC1,12.53006
2026-09-03 07:20:00,NSW1,23.95000
2026-09-03 07:20:00,QLD1,20.46335
2026-09-03 07:20:00,SA1,21.36422
2026-09-03 07:20:00,TAS1,23.04744
2026-09-03 07:20:00,VIC1,22.13183
2026-09-03 07:25:00,NSW1,23.51000
2026-09-03 07:25:00,QLD1,0.01000
2026-09-03 07:25:00,SA1,15.61313
2026-09-03 07:25:00,TAS1,15.58651
2026-09-03 07:25:00,VIC1,10.50052
2026-09-03 07:30:00,NSW1,0.01004
2026-09-03 07:30:00,QLD1,0.00000
2026-09-03 07:30:00,SA1,0.00960
2026-09-03 07:30:00,TAS1,0.01041
2026-09-03 07:30:00,VIC1,0.01000
2026-09-03 07:35:00,NSW1,23.51000
2026-09-03 07:35:00,QLD1,-1.31000
2026-09-03 07:35:00,SA1,15.59064
2026-09-03 07:35:00,TAS1,15.54758
2026-09-03 07:35:00,VIC1,10.49948
2026-09-03 07:40:00,NSW1,0.00999
2026-09-03 07:40:00,QLD1,-3.73000
2026-09-03 07:40:00,SA1,0.00972
2026-09-03 07:40:00,TAS1,0.01049
2026-09-03 07:40:00,VIC1,0.01004
2026-09-03 07:45:00,NSW1,9.40192
2026-09-03 07:45:00,QLD1,-5.00000
2026-09-03 07:45:00,SA1,8.72178
2026-09-03 07:45:00,TAS1,9.37079
2026-09-03 07:45:00,VIC1,8.94004
2026-09-03 07:50:00,NSW1,0.05267
2026-09-03 07:50:00,QLD1,-4.09000
2026-09-03 07:50:00,SA1,0.04849
2026-09-03 07:50:00,TAS1,0.05250
2026-09-03 07:50:00,VIC1,0.05008
2026-09-03 07:55:00,NSW1,0.00983
2026-09-03 07:55:00,QLD1,-5.53000
2026-09-03 07:55:00,SA1,0.00972
2026-09-03 07:55:00,TAS1,0.01046
2026-09-03 07:55:00,VIC1,0.01004
2026-09-03 08:00:00,NSW1,0.00936
2026-09-03 08:00:00,QLD1,-5.00000
2026-09-03 08:00:00,SA1,0.00972
2026-09-03 08:00:00,TAS1,0.01046
2026-09-03 08:00:00,VIC1,0.01004
2026-09-03 08:05:00,NSW1,-3.92855
2026-09-03 08:05:00,QLD1,-5.00000
2026-09-03 08:05:00,SA1,-4.32012
2026-09-03 08:05:00,TAS1,-4.52192
2026-09-03 08:05:00,VIC1,-4.35382
2026-09-03 08:10:00,NSW1,-5.88834
2026-09-03 08:10:00,QLD1,-5.53000
2026-09-03 08:10:00,SA1,-6.38950
2026-09-03 08:10:00,TAS1,-6.78646
2026-09-03 08:10:00,VIC1,-6.53442
2026-09-03 08:15:00,NSW1,-6.27348
2026-09-03 08:15:00,QLD1,-6.00000
2026-09-03 08:15:00,SA1,-6.89964
2026-09-03 08:15:00,TAS1,-7.17570
2026-09-03 08:15:00,VIC1,-6.90865
2026-09-03 08:20:00,NSW1,-5.43000
2026-09-03 08:20:00,QLD1,-5.00000
2026-09-03 08:20:00,SA1,-6.17422
2026-09-03 08:20:00,TAS1,-6.23259
2026-09-03 08:20:00,VIC1,-6.00000
2026-09-03 08:25:00,NSW1,-6.09046
2026-09-03 08:25:00,QLD1,-5.53000
2026-09-03 08:25:00,SA1,-4.70833
2026-09-03 08:25:00,TAS1,-4.85112
2026-09-03 08:25:00,VIC1,-4.67000
2026-09-03 08:30:00,NSW1,-6.05670
2026-09-03 08:30:00,QLD1,-5.53000
2026-09-03 08:30:00,SA1,-4.71919
2026-09-03 08:30:00,TAS1,-4.83595
2026-09-03 08:30:00,VIC1,-4.67000
2026-09-03 08:35:00,NSW1,0.00949
2026-09-03 08:35:00,QLD1,-5.00000
2026-09-03 08:35:00,SA1,0.00967
2026-09-03 08:35:00,TAS1,0.01046
2026-09-03 08:35:00,VIC1,0.01004
2026-09-03 08:40:00,NSW1,0.00957
2026-09-03 08:40:00,QLD1,-5.00000
2026-09-03 08:40:00,SA1,0.00932
2026-09-03 08:40:00,TAS1,0.01056
2026-09-03 08:40:00,VIC1,0.01004
2026-09-03 08:45:00,NSW1,0.00000
2026-09-03 08:45:00,QLD1,-6.40000
2026-09-03 08:45:00,SA1,0.00000
2026-09-03 08:45:00,TAS1,0.00000
2026-09-03 08:45:00,VIC1,0.00000
2026-09-03 08:50:00,NSW1,-8.14501
2026-09-03 08:50:00,QLD1,-8.00000
2026-09-03 08:50:00,SA1,-1.02000
2026-09-03 08:50:00,TAS1,-1.16922
2026-09-03 08:50:00,VIC1,-1.12554
2026-09-03 08:55:00,NSW1,-6.86372
2026-09-03 08:55:00,QLD1,-6.40000
2026-09-03 08:55:00,SA1,0.00000
2026-09-03 08:55:00,TAS1,0.00000
2026-09-03 08:55:00,VIC1,0.00000
2026-09-03 09:00:00,NSW1,-6.50000
2026-09-03 09:00:00,QLD1,-5.75266
2026-09-03 09:00:00,SA1,0.00707
2026-09-03 09:00:00,TAS1,20.18000
2026-09-03 09:00:00,VIC1,0.01004
2026-09-03 09:05:00,NSW1,0.00030
2026-09-03 09:05:00,QLD1,-6.00000
2026-09-03 09:05:00,SA1,0.00013
2026-09-03 09:05:00,TAS1,0.00035
2026-09-03 09:05:00,VIC1,0.00033
2026-09-03 09:10:00,NSW1,-7.00596
2026-09-03 09:10:00,QLD1,-6.00000
2026-09-03 09:10:00,SA1,-3.73220
2026-09-03 09:10:00,TAS1,22.18000
2026-09-03 09:10:00,VIC1,0.01004
2026-09-03 09:15:00,NSW1,-7.01431
2026-09-03 09:15:00,QLD1,-6.40000
2026-09-03 09:15:00,SA1,0.00013
2026-09-03 09:15:00,TAS1,20.18000
2026-09-03 09:15:00,VIC1,0.01004
2026-09-03 09:20:00,NSW1,-7.31871
2026-09-03 09:20:00,QLD1,-6.30000
2026-09-03 09:20:00,SA1,-1.09996
2026-09-03 09:20:00,TAS1,20.14000
2026-09-03 09:20:00,VIC1,0.01004
2026-09-03 09:25:00,NSW1,-7.22757
2026-09-03 09:25:00,QLD1,-6.30000
2026-09-03 09:25:00,SA1,-6.51000
2026-09-03 09:25:00,TAS1,0.74056
2026-09-03 09:25:00,VIC1,0.01004
2026-09-03 09:30:00,NSW1,-6.94748
2026-09-03 09:30:00,QLD1,-6.41000
2026-09-03 09:30:00,SA1,-7.12000
2026-09-03 09:30:00,TAS1,0.01043
2026-09-03 09:30:00,VIC1,0.01004
2026-09-03 09:35:00,NSW1,-7.00370
2026-09-03 09:35:00,QLD1,-6.41000
2026-09-03 09:35:00,SA1,-6.02000
2026-09-03 09:35:00,TAS1,3.53657
2026-09-03 09:35:00,VIC1,3.39439
2026-09-03 09:40:00,NSW1,-7.18177
2026-09-03 09:40:00,QLD1,-6.40000
2026-09-03 09:40:00,SA1,-18.58000
2026-09-03 09:40:00,TAS1,39.12101
2026-09-03 09:40:00,VIC1,37.43000
2026-09-03 09:45:00,NSW1,-8.69609
2026-09-03 09:45:00,QLD1,-8.00000
2026-09-03 09:45:00,SA1,-15.46000
2026-09-03 09:45:00,TAS1,60.24000
2026-09-03 09:45:00,VIC1,92.42000
2026-09-03 09:50:00,NSW1,-7.85156
2026-09-03 09:50:00,QLD1,-6.94380
2026-09-03 09:50:00,SA1,-14.99000
2026-09-03 09:50:00,TAS1,83.24000
2026-09-03 09:50:00,VIC1,83.21271
2026-09-03 09:55:00,NSW1,-7.33345
2026-09-03 09:55:00,QLD1,-6.40000
2026-09-03 09:55:00,SA1,-7.00000
2026-09-03 09:55:00,TAS1,56.55324
2026-09-03 09:55:00,VIC1,55.67000
2026-09-03 10:00:00,NSW1,-8.76552
2026-09-03 10:00:00,QLD1,-8.00000
2026-09-03 10:00:00,SA1,-7.25000
2026-09-03 10:00:00,TAS1,88.21067
2026-09-03 10:00:00,VIC1,92.42000
2026-09-03 10:05:00,NSW1,-7.35131
2026-09-03 10:05:00,QLD1,-6.41000
2026-09-03 10:05:00,SA1,-19.85000
2026-09-03 10:05:00,TAS1,109.71737
2026-09-03 10:05:00,VIC1,110.36000
2026-09-03 10:10:00,NSW1,-7.49000
2026-09-03 10:10:00,QLD1,-6.65355
2026-09-03 10:10:00,SA1,-14.99000
2026-09-03 10:10:00,TAS1,83.02000
2026-09-03 10:10:00,VIC1,127.48000
2026-09-03 10:15:00,NSW1,-9.06160
2026-09-03 10:15:00,QLD1,-8.47000
2026-09-03 10:15:00,SA1,-7.00000
2026-09-03 10:15:00,TAS1,220.42369
2026-09-03 10:15:00,VIC1,216.99588
2026-09-03 10:20:00,NSW1,-8.88000
2026-09-03 10:20:00,QLD1,-8.35050
2026-09-03 10:20:00,SA1,-16.97000
2026-09-03 10:20:00,TAS1,61.22000
2026-09-03 10:20:00,VIC1,60.45024
2026-09-03 10:25:00,NSW1,-8.71130
2026-09-03 10:25:00,QLD1,-8.51008
2026-09-03 10:25:00,SA1,-20.00000
2026-09-03 10:25:00,TAS1,30.22000
2026-09-03 10:25:00,VIC1,29.36339
2026-09-03 10:30:00,NSW1,-8.66152
2026-09-03 10:30:00,QLD1,-8.51000
2026-09-03 10:30:00,SA1,-18.62000
2026-09-03 10:30:00,TAS1,30.14000
2026-09-03 10:30:00,VIC1,22.67000
2026-09-03 10:35:00,NSW1,-8.73927
2026-09-03 10:35:00,QLD1,-8.00000
2026-09-03 10:35:00,SA1,-18.66000
2026-09-03 10:35:00,TAS1,30.22000
2026-09-03 10:35:00,VIC1,29.26783
2026-09-03 10:40:00,NSW1,-8.46333
2026-09-03 10:40:00,QLD1,-8.00000
2026-09-03 10:40:00,SA1,-18.55000
2026-09-03 10:40:00,TAS1,30.14000
2026-09-03 10:40:00,VIC1,29.00556
2026-09-03 10:45:00,NSW1,-8.57604
2026-09-03 10:45:00,QLD1,-8.00000
2026-09-03 10:45:00,SA1,-7.01000
2026-09-03 10:45:00,TAS1,1.48606
2026-09-03 10:45:00,VIC1,1.43000
2026-09-03 10:50:00,NSW1,-8.63922
2026-09-03 10:50:00,QLD1,-8.00000
2026-09-03 10:50:00,SA1,-13.86000
2026-09-03 10:50:00,TAS1,0.00006
2026-09-03 10:50:00,VIC1,0.00006
2026-09-03 10:55:00,NSW1,-8.79579
2026-09-03 10:55:00,QLD1,-8.00000
2026-09-03 10:55:00,SA1,-20.00000
2026-09-03 10:55:00,TAS1,-5.06640
2026-09-03 10:55:00,VIC1,-4.89000
2026-09-03 11:00:00,NSW1,-8.10000
2026-09-03 11:00:00,QLD1,-7.36212
2026-09-03 11:00:00,SA1,-14.99000
2026-09-03 11:00:00,TAS1,-9.25764
2026-09-03 11:00:00,VIC1,-8.96118
2026-09-03 11:05:00,NSW1,-7.09547
2026-09-03 11:05:00,QLD1,-6.41000
2026-09-03 11:05:00,SA1,-7.00000
2026-09-03 11:05:00,TAS1,0.01047
2026-09-03 11:05:00,VIC1,0.01004
2026-09-03 11:10:00,NSW1,-7.05387
2026-09-03 11:10:00,QLD1,-6.30000
2026-09-03 11:10:00,SA1,-7.01000
2026-09-03 11:10:00,TAS1,0.01047
2026-09-03 11:10:00,VIC1,0.01004
2026-09-03 11:15:00,NSW1,-7.07613
2026-09-03 11:15:00,QLD1,-6.40000
2026-09-03 11:15:00,SA1,-7.25000
2026-09-03 11:15:00,TAS1,0.00028
2026-09-03 11:15:00,VIC1,0.00027
2026-09-03 11:20:00,NSW1,-7.49000
2026-09-03 11:20:00,QLD1,-6.81121
2026-09-03 11:20:00,SA1,-7.00000
2026-09-03 11:20:00,TAS1,0.01047
2026-09-03 11:20:00,VIC1,0.01004
2026-09-03 11:25:00,NSW1,-8.70994
2026-09-03 11:25:00,QLD1,-7.73000
2026-09-03 11:25:00,SA1,-7.00000
2026-09-03 11:25:00,TAS1,0.01043
2026-09-03 11:25:00,VIC1,0.01000
2026-09-03 11:30:00,NSW1,-8.88000
2026-09-03 11:30:00,QLD1,-7.88239
2026-09-03 11:30:00,SA1,-7.25000
2026-09-03 11:30:00,TAS1,0.01050
2026-09-03 11:30:00,VIC1,0.01004
2026-09-03 11:35:00,NSW1,-8.88000
2026-09-03 11:35:00,QLD1,-8.00000
2026-09-03 11:35:00,SA1,-6.02000
2026-09-03 11:35:00,TAS1,0.01050
2026-09-03 11:35:00,VIC1,0.01004
2026-09-03 11:40:00,NSW1,-7.50000
2026-09-03 11:40:00,QLD1,-8.00000
2026-09-03 11:40:00,SA1,-6.02000
2026-09-03 11:40:00,TAS1,19.99100
2026-09-03 11:40:00,VIC1,19.18000
2026-09-03 11:45:00,NSW1,-8.73180
2026-09-03 11:45:00,QLD1,-8.00000
2026-09-03 11:45:00,SA1,-7.01000
2026-09-03 11:45:00,TAS1,25.45134
2026-09-03 11:45:00,VIC1,24.42000
2026-09-03 11:50:00,NSW1,-8.95000
2026-09-03 11:50:00,QLD1,-8.19551
2026-09-03 11:50:00,SA1,-7.00000
2026-09-03 11:50:00,TAS1,19.92455
2026-09-03 11:50:00,VIC1,19.18000
2026-09-03 11:55:00,NSW1,-8.67266
2026-09-03 11:55:00,QLD1,-8.00000
2026-09-03 11:55:00,SA1,-4.21000
2026-09-03 11:55:00,TAS1,28.96000
2026-09-03 11:55:00,VIC1,27.87939
2026-09-03 12:00:00,NSW1,-8.88000
2026-09-03 12:00:00,QLD1,-8.08789
2026-09-03 12:00:00,SA1,-1.09986
2026-09-03 12:00:00,TAS1,19.92742
2026-09-03 12:00:00,VIC1,19.18000
2026-09-03 12:05:00,NSW1,-9.47894
2026-09-03 12:05:00,QLD1,-8.47000
2026-09-03 12:05:00,SA1,-6.02000
2026-09-03 12:05:00,TAS1,55.94736
2026-09-03 12:05:00,VIC1,54.88000
2026-09-03 12:10:00,NSW1,-9.50000
2026-09-03 12:10:00,QLD1,-8.65361
2026-09-03 12:10:00,SA1,-1.09986
2026-09-03 12:10:00,TAS1,47.40002
2026-09-03 12:10:00,VIC1,46.50000
2026-09-03 12:15:00,NSW1,-7.50000
2026-09-03 12:15:00,QLD1,-8.00000
2026-09-03 12:15:00,SA1,-1.02000
2026-09-03 12:15:00,TAS1,30.18000
2026-09-03 12:15:00,VIC1,29.41858
2026-09-03 12:20:00,NSW1,-9.36538
2026-09-03 12:20:00,QLD1,-8.47000
2026-09-03 12:20:00,SA1,-1.02000
2026-09-03 12:20:00,TAS1,31.18000
2026-09-03 12:20:00,VIC1,30.28883
2026-09-03 12:25:00,NSW1,-9.50000
2026-09-03 12:25:00,QLD1,-8.41954
2026-09-03 12:25:00,SA1,-1.00000
2026-09-03 12:25:00,TAS1,30.14000
2026-09-03 12:25:00,VIC1,29.18723
2026-09-03 12:30:00,NSW1,-9.08568
2026-09-03 12:30:00,QLD1,-8.00000
2026-09-03 12:30:00,SA1,-1.00000
2026-09-03 12:30:00,TAS1,29.18000
2026-09-03 12:30:00,VIC1,27.98912
2026-09-03 12:35:00,NSW1,-9.72547
2026-09-03 12:35:00,QLD1,-8.79000
2026-09-03 12:35:00,SA1,-1.00000
2026-09-03 12:35:00,TAS1,20.06013
2026-09-03 12:35:00,VIC1,19.18000
2026-09-03 12:40:00,NSW1,-9.54385
2026-09-03 12:40:00,QLD1,-8.51000
2026-09-03 12:40:00,SA1,-1.00000
2026-09-03 12:40:00,TAS1,20.90944
2026-09-03 12:40:00,VIC1,19.18000
2026-09-03 12:45:00,NSW1,-10.50000
2026-09-03 12:45:00,QLD1,-9.24949
2026-09-03 12:45:00,SA1,-1.00000
2026-09-03 12:45:00,TAS1,30.18000
2026-09-03 12:45:00,VIC1,19.18000
2026-09-03 12:50:00,NSW1,-8.50000
2026-09-03 12:50:00,QLD1,-11.30000
2026-09-03 12:50:00,SA1,0.00013
2026-09-03 12:50:00,TAS1,0.01084
2026-09-03 12:50:00,VIC1,0.01033
2026-09-03 12:55:00,NSW1,-8.50000
2026-09-03 12:55:00,QLD1,-8.79000
2026-09-03 12:55:00,SA1,9.07552
2026-09-03 12:55:00,TAS1,0.01084
2026-09-03 12:55:00,VIC1,0.01033
2026-09-03 13:00:00,NSW1,-7.00000
2026-09-03 13:00:00,QLD1,-8.79000
2026-09-03 13:00:00,SA1,-1.09986
2026-09-03 13:00:00,TAS1,0.01052
2026-09-03 13:00:00,VIC1,0.01008
2026-09-03 13:05:00,NSW1,-7.50000
2026-09-03 13:05:00,QLD1,-11.30000
2026-09-03 13:05:00,SA1,-16.97000
2026-09-03 13:05:00,TAS1,10.95426
2026-09-03 13:05:00,VIC1,10.50026
2026-09-03 13:10:00,NSW1,-8.50000
2026-09-03 13:10:00,QLD1,-8.51000
2026-09-03 13:10:00,SA1,-5.99998
2026-09-03 13:10:00,TAS1,10.92253
2026-09-03 13:10:00,VIC1,10.50000
2026-09-03 13:15:00,NSW1,-8.88000
2026-09-03 13:15:00,QLD1,-11.30000
2026-09-03 13:15:00,SA1,0.00013
2026-09-03 13:15:00,TAS1,1.46131
2026-09-03 13:15:00,VIC1,1.40000
2026-09-03 13:20:00,NSW1,-7.50000
2026-09-03 13:20:00,QLD1,-16.76610
2026-09-03 13:20:00,SA1,-6.02000
2026-09-03 13:20:00,TAS1,13.64433
2026-09-03 13:20:00,VIC1,13.07000
2026-09-03 13:25:00,NSW1,-8.88000
2026-09-03 13:25:00,QLD1,-25.01000
2026-09-03 13:25:00,SA1,-15.56000
2026-09-03 13:25:00,TAS1,13.68913
2026-09-03 13:25:00,VIC1,13.07000
2026-09-03 13:30:00,NSW1,-10.00000
2026-09-03 13:30:00,QLD1,-30.32000
2026-09-03 13:30:00,SA1,-5.99999
2026-09-03 13:30:00,TAS1,1.46181
2026-09-03 13:30:00,VIC1,1.40000
2026-09-03 13:35:00,NSW1,-9.50000
2026-09-03 13:35:00,QLD1,-33.85000
2026-09-03 13:35:00,SA1,-1.09986
2026-09-03 13:35:00,TAS1,11.03260
2026-09-03 13:35:00,VIC1,10.50026
2026-09-03 13:40:00,NSW1,-10.00000
2026-09-03 13:40:00,QLD1,-30.32000
2026-09-03 13:40:00,SA1,-1.05000
2026-09-03 13:40:00,TAS1,28.96000
2026-09-03 13:40:00,VIC1,10.50000
2026-09-03 13:45:00,NSW1,-7.50000
2026-09-03 13:45:00,QLD1,-30.32000
2026-09-03 13:45:00,SA1,-1.09986
2026-09-03 13:45:00,TAS1,30.18000
2026-09-03 13:45:00,VIC1,0.01008
2026-09-03 13:50:00,NSW1,-6.51000
2026-09-03 13:50:00,QLD1,-30.32000
2026-09-03 13:50:00,SA1,-1.09986
2026-09-03 13:50:00,TAS1,20.18000
2026-09-03 13:50:00,VIC1,0.78000
2026-09-03 13:55:00,NSW1,-6.51000
2026-09-03 13:55:00,QLD1,-11.30000
2026-09-03 13:55:00,SA1,-1.05000
2026-09-03 13:55:00,TAS1,20.18000
2026-09-03 13:55:00,VIC1,7.04000
2026-09-03 14:00:00,NSW1,-6.51000
2026-09-03 14:00:00,QLD1,-9.28075
2026-09-03 14:00:00,SA1,-1.02000
2026-09-03 14:00:00,TAS1,20.18000
2026-09-03 14:00:00,VIC1,13.07000
2026-09-03 14:05:00,NSW1,-7.49000
2026-09-03 14:05:00,QLD1,-30.32000
2026-09-03 14:05:00,SA1,-6.02000
2026-09-03 14:05:00,TAS1,32.14000
2026-09-03 14:05:00,VIC1,0.01004
2026-09-03 14:10:00,NSW1,-6.50000
2026-09-03 14:10:00,QLD1,-8.47000
2026-09-03 14:10:00,SA1,-5.99998
2026-09-03 14:10:00,TAS1,83.24000
2026-09-03 14:10:00,VIC1,0.00013
2026-09-03 14:15:00,NSW1,-3.60906
2026-09-03 14:15:00,QLD1,-8.88000
2026-09-03 14:15:00,SA1,-6.51000
2026-09-03 14:15:00,TAS1,83.24000
2026-09-03 14:15:00,VIC1,0.00013
2026-09-03 14:20:00,NSW1,-7.50000
2026-09-03 14:20:00,QLD1,-11.30000
2026-09-03 14:20:00,SA1,-7.00000
2026-09-03 14:20:00,TAS1,0.01052
2026-09-03 14:20:00,VIC1,0.01004
2026-09-03 14:25:00,NSW1,-7.00000
2026-09-03 14:25:00,QLD1,-11.30000
2026-09-03 14:25:00,SA1,-5.99997
2026-09-03 14:25:00,TAS1,0.01039
2026-09-03 14:25:00,VIC1,0.01004
2026-09-03 14:30:00,NSW1,-3.60906
2026-09-03 14:30:00,QLD1,-30.32000
2026-09-03 14:30:00,SA1,-6.02000
2026-09-03 14:30:00,TAS1,-3.11505
2026-09-03 14:30:00,VIC1,-2.98996
2026-09-03 14:35:00,NSW1,-3.60906
2026-09-03 14:35:00,QLD1,-33.85000
2026-09-03 14:35:00,SA1,-1.09986
2026-09-03 14:35:00,TAS1,0.00013
2026-09-03 14:35:00,VIC1,0.00013
2026-09-03 14:40:00,NSW1,0.00012
2026-09-03 14:40:00,QLD1,-35.00000
2026-09-03 14:40:00,SA1,-5.99998
2026-09-03 14:40:00,TAS1,0.00013
2026-09-03 14:40:00,VIC1,0.00013
2026-09-03 14:45:00,NSW1,-7.50000
2026-09-03 14:45:00,QLD1,-33.85000
2026-09-03 14:45:00,SA1,-6.02000
2026-09-03 14:45:00,TAS1,-7.93791
2026-09-03 14:45:00,VIC1,-7.61778
2026-09-03 14:50:00,NSW1,-6.50000
2026-09-03 14:50:00,QLD1,-33.85000
2026-09-03 14:50:00,SA1,-7.00000
2026-09-03 14:50:00,TAS1,-6.27208
2026-09-03 14:50:00,VIC1,-6.00000
2026-09-03 14:55:00,NSW1,-6.50000
2026-09-03 14:55:00,QLD1,-30.32000
2026-09-03 14:55:00,SA1,-6.02000
2026-09-03 14:55:00,TAS1,-5.22396
2026-09-03 14:55:00,VIC1,-5.03000
2026-09-03 15:00:00,NSW1,0.00968
2026-09-03 15:00:00,QLD1,-11.30000
2026-09-03 15:00:00,SA1,-6.02000
2026-09-03 15:00:00,TAS1,0.01050
2026-09-03 15:00:00,VIC1,0.01008
2026-09-03 15:05:00,NSW1,-2.86277
2026-09-03 15:05:00,QLD1,-33.85000
2026-09-03 15:05:00,SA1,-6.51000
2026-09-03 15:05:00,TAS1,-3.12517
2026-09-03 15:05:00,VIC1,-2.98996
2026-09-03 15:10:00,NSW1,0.00995
2026-09-03 15:10:00,QLD1,-33.85000
2026-09-03 15:10:00,SA1,-1.09986
2026-09-03 15:10:00,TAS1,0.01053
2026-09-03 15:10:00,VIC1,0.01004
2026-09-03 15:15:00,NSW1,-12.33524
2026-09-03 15:15:00,QLD1,-11.30000
2026-09-03 15:15:00,SA1,-1.09986
2026-09-03 15:15:00,TAS1,83.23300
2026-09-03 15:15:00,VIC1,-12.43477
2026-09-03 15:20:00,NSW1,-8.88000
2026-09-03 15:20:00,QLD1,-10.32000
2026-09-03 15:20:00,SA1,0.00020
2026-09-03 15:20:00,TAS1,83.24000
2026-09-03 15:20:00,VIC1,-9.11474
2026-09-03 15:25:00,NSW1,0.00999
2026-09-03 15:25:00,QLD1,-8.00000
2026-09-03 15:25:00,SA1,2.10000
2026-09-03 15:25:00,TAS1,83.24000
2026-09-03 15:25:00,VIC1,0.01008
2026-09-03 15:30:00,NSW1,-3.02010
2026-09-03 15:30:00,QLD1,-8.71000
2026-09-03 15:30:00,SA1,4.68000
2026-09-03 15:30:00,TAS1,-3.11454
2026-09-03 15:30:00,VIC1,-2.98996
2026-09-03 15:35:00,NSW1,-9.50000
2026-09-03 15:35:00,QLD1,-8.62743
2026-09-03 15:35:00,SA1,1.66000
2026-09-03 15:35:00,TAS1,30.18000
2026-09-03 15:35:00,VIC1,-9.40614
2026-09-03 15:40:00,NSW1,-6.51000
2026-09-03 15:40:00,QLD1,-8.00000
2026-09-03 15:40:00,SA1,14.19000
2026-09-03 15:40:00,TAS1,30.84000
2026-09-03 15:40:00,VIC1,-6.50011
2026-09-03 15:45:00,NSW1,-6.79555
2026-09-03 15:45:00,QLD1,-5.99986
2026-09-03 15:45:00,SA1,28.88000
2026-09-03 15:45:00,TAS1,-6.30559
2026-09-03 15:45:00,VIC1,-6.72484
2026-09-03 15:50:00,NSW1,-6.50000
2026-09-03 15:50:00,QLD1,-5.99983
2026-09-03 15:50:00,SA1,69.41000
2026-09-03 15:50:00,TAS1,-6.28008
2026-09-03 15:50:00,VIC1,-6.70236
2026-09-03 15:55:00,NSW1,-6.01799
2026-09-03 15:55:00,QLD1,-5.27353
2026-09-03 15:55:00,SA1,47.33000
2026-09-03 15:55:00,TAS1,-5.55599
2026-09-03 15:55:00,VIC1,-6.00000
2026-09-03 16:00:00,NSW1,11.47596
2026-09-03 16:00:00,QLD1,-3.00000
2026-09-03 16:00:00,SA1,69.41000
2026-09-03 16:00:00,TAS1,11.59839
2026-09-03 16:00:00,VIC1,10.50000
2026-09-03 16:05:00,NSW1,0.01075
2026-09-03 16:05:00,QLD1,-0.49000
2026-09-03 16:05:00,SA1,1.17000
2026-09-03 16:05:00,TAS1,0.01046
2026-09-03 16:05:00,VIC1,0.01008
2026-09-03 16:10:00,NSW1,46.45000
2026-09-03 16:10:00,QLD1,0.00006
2026-09-03 16:10:00,SA1,0.01138
2026-09-03 16:10:00,TAS1,0.01049
2026-09-03 16:10:00,VIC1,0.01008
2026-09-03 16:15:00,NSW1,44.27659
2026-09-03 16:15:00,QLD1,40.00000
2026-09-03 16:15:00,SA1,-1.02000
2026-09-03 16:15:00,TAS1,-0.97879
2026-09-03 16:15:00,VIC1,-0.94048
2026-09-03 16:20:00,NSW1,46.45000
2026-09-03 16:20:00,QLD1,43.39622
2026-09-03 16:20:00,SA1,-1.09986
2026-09-03 16:20:00,TAS1,-7.07595
2026-09-03 16:20:00,VIC1,-6.77910
2026-09-03 16:25:00,NSW1,53.13026
2026-09-03 16:25:00,QLD1,50.00000
2026-09-03 16:25:00,SA1,11.86241
2026-09-03 16:25:00,TAS1,10.95791
2026-09-03 16:25:00,VIC1,10.50010
2026-09-03 16:30:00,NSW1,76.91723
2026-09-03 16:30:00,QLD1,72.50000
2026-09-03 16:30:00,SA1,40.20769
2026-09-03 16:30:00,TAS1,37.43351
2026-09-03 16:30:00,VIC1,35.87000
2026-09-03 16:35:00,NSW1,84.19891
2026-09-03 16:35:00,QLD1,79.75000
2026-09-03 16:35:00,SA1,89.82500
2026-09-03 16:35:00,TAS1,83.24000
2026-09-03 16:35:00,VIC1,80.83144
2026-09-03 16:40:00,NSW1,92.44884
2026-09-03 16:40:00,QLD1,85.39000
2026-09-03 16:40:00,SA1,97.17445
2026-09-03 16:40:00,TAS1,90.54315
2026-09-03 16:40:00,VIC1,86.76000
2026-09-03 16:45:00,NSW1,110.38415
2026-09-03 16:45:00,QLD1,99.69000
2026-09-03 16:45:00,SA1,118.76768
2026-09-03 16:45:00,TAS1,109.46572
2026-09-03 16:45:00,VIC1,110.01000
2026-09-03 16:50:00,NSW1,102.11322
2026-09-03 16:50:00,QLD1,93.30000
2026-09-03 16:50:00,SA1,94.03110
2026-09-03 16:50:00,TAS1,92.56780
2026-09-03 16:50:00,VIC1,81.68000
2026-09-03 16:55:00,NSW1,101.10000
2026-09-03 16:55:00,QLD1,93.02673
2026-09-03 16:55:00,SA1,105.13064
2026-09-03 16:55:00,TAS1,100.89706
2026-09-03 16:55:00,VIC1,100.84151
2026-09-03 17:00:00,NSW1,101.04571
2026-09-03 17:00:00,QLD1,93.06654
2026-09-03 17:00:00,SA1,104.10812
2026-09-03 17:00:00,TAS1,100.24000
2026-09-03 17:00:00,VIC1,99.95115
2026-09-03 17:05:00,NSW1,100.64222
2026-09-03 17:05:00,QLD1,96.29000
2026-09-03 17:05:00,SA1,101.02000
2026-09-03 17:05:00,TAS1,33.84000
2026-09-03 17:05:00,VIC1,95.07863
2026-09-03 17:10:00,NSW1,98.54025
2026-09-03 17:10:00,QLD1,90.49000
2026-09-03 17:10:00,SA1,101.02000
2026-09-03 17:10:00,TAS1,91.67832
2026-09-03 17:10:00,VIC1,94.86005
2026-09-03 17:15:00,NSW1,98.84658
2026-09-03 17:15:00,QLD1,90.49000
2026-09-03 17:15:00,SA1,101.02000
2026-09-03 17:15:00,TAS1,91.43326
2026-09-03 17:15:00,VIC1,94.90000
2026-09-03 17:20:00,NSW1,99.64043
2026-09-03 17:20:00,QLD1,92.51000
2026-09-03 17:20:00,SA1,100.24862
2026-09-03 17:20:00,TAS1,88.68353
2026-09-03 17:20:00,VIC1,93.06659
2026-09-03 17:25:00,NSW1,101.10000
2026-09-03 17:25:00,QLD1,92.51000
2026-09-03 17:25:00,SA1,101.52001
2026-09-03 17:25:00,TAS1,90.14632
2026-09-03 17:25:00,VIC1,94.60126
2026-09-03 17:30:00,NSW1,101.10000
2026-09-03 17:30:00,QLD1,91.06076
2026-09-03 17:30:00,SA1,107.54302
2026-09-03 17:30:00,TAS1,93.47228
2026-09-03 17:30:00,VIC1,97.80808
2026-09-03 17:35:00,NSW1,101.10000
2026-09-03 17:35:00,QLD1,95.29440
2026-09-03 17:35:00,SA1,106.99617
2026-09-03 17:35:00,TAS1,90.02124
2026-09-03 17:35:00,VIC1,96.36186
2026-09-03 17:40:00,NSW1,101.10000
2026-09-03 17:40:00,QLD1,95.93844
2026-09-03 17:40:00,SA1,106.78542
2026-09-03 17:40:00,TAS1,89.61139
2026-09-03 17:40:00,VIC1,95.94439
2026-09-03 17:45:00,NSW1,115.57865
2026-09-03 17:45:00,QLD1,106.87784
2026-09-03 17:45:00,SA1,120.47000
2026-09-03 17:45:00,TAS1,102.74530
2026-09-03 17:45:00,VIC1,110.01000
2026-09-03 17:50:00,NSW1,99.40215
2026-09-03 17:50:00,QLD1,93.21000
2026-09-03 17:50:00,SA1,103.82319
2026-09-03 17:50:00,TAS1,87.53293
2026-09-03 17:50:00,VIC1,94.01072
2026-09-03 17:55:00,NSW1,114.77428
2026-09-03 17:55:00,QLD1,107.73000
2026-09-03 17:55:00,SA1,122.03963
2026-09-03 17:55:00,TAS1,102.86211
2026-09-03 17:55:00,VIC1,110.50000
2026-09-03 18:00:00,NSW1,111.88070
2026-09-03 18:00:00,QLD1,102.41017
2026-09-03 18:00:00,SA1,122.41968
2026-09-03 18:00:00,TAS1,103.16755
2026-09-03 18:00:00,VIC1,110.50000
2026-09-03 18:05:00,NSW1,109.78677
2026-09-03 18:05:00,QLD1,99.82654
2026-09-03 18:05:00,SA1,120.55000
2026-09-03 18:05:00,TAS1,100.82056
2026-09-03 18:05:00,VIC1,107.66164
2026-09-03 18:10:00,NSW1,101.94775
2026-09-03 18:10:00,QLD1,96.30000
2026-09-03 18:10:00,SA1,110.43000
2026-09-03 18:10:00,TAS1,93.32810
2026-09-03 18:10:00,VIC1,98.40907
2026-09-03 18:15:00,NSW1,119.30327
2026-09-03 18:15:00,QLD1,107.73000
2026-09-03 18:15:00,SA1,130.44000
2026-09-03 18:15:00,TAS1,104.19779
2026-09-03 18:15:00,VIC1,110.91889
2026-09-03 18:20:00,NSW1,129.63000
2026-09-03 18:20:00,QLD1,114.87728
2026-09-03 18:20:00,SA1,142.67000
2026-09-03 18:20:00,TAS1,119.87114
2026-09-03 18:20:00,VIC1,127.62420
2026-09-03 18:25:00,NSW1,121.10000
2026-09-03 18:25:00,QLD1,109.75000
2026-09-03 18:25:00,SA1,132.92253
2026-09-03 18:25:00,TAS1,111.95992
2026-09-03 18:25:00,VIC1,119.58000
2026-09-03 18:30:00,NSW1,142.90000
2026-09-03 18:30:00,QLD1,123.53003
2026-09-03 18:30:00,SA1,160.02787
2026-09-03 18:30:00,TAS1,135.24577
2026-09-03 18:30:00,VIC1,144.44638
2026-09-03 18:35:00,NSW1,113.87368
2026-09-03 18:35:00,QLD1,106.25801
2026-09-03 18:35:00,SA1,123.01563
2026-09-03 18:35:00,TAS1,103.31011
2026-09-03 18:35:00,VIC1,110.36000
2026-09-03 18:40:00,NSW1,115.32026
2026-09-03 18:40:00,QLD1,105.49000
2026-09-03 18:40:00,SA1,128.37000
2026-09-03 18:40:00,TAS1,103.91006
2026-09-03 18:40:00,VIC1,111.35120
2026-09-03 18:45:00,NSW1,121.10000
2026-09-03 18:45:00,QLD1,114.37291
2026-09-03 18:45:00,SA1,153.53000
2026-09-03 18:45:00,TAS1,111.49513
2026-09-03 18:45:00,VIC1,119.84620
2026-09-03 18:50:00,NSW1,121.10000
2026-09-03 18:50:00,QLD1,109.34674
2026-09-03 18:50:00,SA1,142.67000
2026-09-03 18:50:00,TAS1,111.76110
2026-09-03 18:50:00,VIC1,120.49101
2026-09-03 18:55:00,NSW1,113.62382
2026-09-03 18:55:00,QLD1,104.55902
2026-09-03 18:55:00,SA1,124.06371
2026-09-03 18:55:00,TAS1,102.04555
2026-09-03 18:55:00,VIC1,110.36000
2026-09-03 19:00:00,NSW1,121.10000
2026-09-03 19:00:00,QLD1,111.46375
2026-09-03 19:00:00,SA1,156.09000
2026-09-03 19:00:00,TAS1,111.51151
2026-09-03 19:00:00,VIC1,119.86498
2026-09-03 19:05:00,NSW1,120.01302
2026-09-03 19:05:00,QLD1,105.49000
2026-09-03 19:05:00,SA1,155.90000
2026-09-03 19:05:00,TAS1,112.39982
2026-09-03 19:05:00,VIC1,120.43818
2026-09-03 19:10:00,NSW1,121.10000
2026-09-03 19:10:00,QLD1,111.33943
2026-09-03 19:10:00,SA1,137.62113
2026-09-03 19:10:00,TAS1,110.66935
2026-09-03 19:10:00,VIC1,118.57108
2026-09-03 19:15:00,NSW1,135.02494
2026-09-03 19:15:00,QLD1,119.30000
2026-09-03 19:15:00,SA1,156.07000
2026-09-03 19:15:00,TAS1,122.12135
2026-09-03 19:15:00,VIC1,131.25088
2026-09-03 19:20:00,NSW1,121.10000
2026-09-03 19:20:00,QLD1,109.75000
2026-09-03 19:20:00,SA1,153.54000
2026-09-03 19:20:00,TAS1,112.53965
2026-09-03 19:20:00,VIC1,120.57901
2026-09-03 19:25:00,NSW1,129.88000
2026-09-03 19:25:00,QLD1,118.35437
2026-09-03 19:25:00,SA1,153.53000
2026-09-03 19:25:00,TAS1,123.67252
2026-09-03 19:25:00,VIC1,130.26805
2026-09-03 19:30:00,NSW1,140.66457
2026-09-03 19:30:00,QLD1,123.44000
2026-09-03 19:30:00,SA1,155.90000
2026-09-03 19:30:00,TAS1,134.31875
2026-09-03 19:30:00,VIC1,140.55999
2026-09-03 19:35:00,NSW1,121.10000
2026-09-03 19:35:00,QLD1,109.01434
2026-09-03 19:35:00,SA1,136.33760
2026-09-03 19:35:00,TAS1,115.42421
2026-09-03 19:35:00,VIC1,121.42963
2026-09-03 19:40:00,NSW1,121.10000
2026-09-03 19:40:00,QLD1,111.79335
2026-09-03 19:40:00,SA1,197.78000
2026-09-03 19:40:00,TAS1,113.33264
2026-09-03 19:40:00,VIC1,120.67476
2026-09-03 19:45:00,NSW1,142.90000
2026-09-03 19:45:00,QLD1,123.44000
2026-09-03 19:45:00,SA1,155.02532
2026-09-03 19:45:00,TAS1,131.14166
2026-09-03 19:45:00,VIC1,140.94615
2026-09-03 19:50:00,NSW1,135.98044
2026-09-03 19:50:00,QLD1,119.99000
2026-09-03 19:50:00,SA1,155.90000
2026-09-03 19:50:00,TAS1,122.76302
2026-09-03 19:50:00,VIC1,133.17462
2026-09-03 19:55:00,NSW1,130.99533
2026-09-03 19:55:00,QLD1,119.30000
2026-09-03 19:55:00,SA1,157.43915
2026-09-03 19:55:00,TAS1,121.22729
2026-09-03 19:55:00,VIC1,131.51275
2026-09-03 20:00:00,NSW1,139.99195
2026-09-03 20:00:00,QLD1,121.12000
2026-09-03 20:00:00,SA1,159.05988
2026-09-03 20:00:00,TAS1,130.14867
2026-09-03 20:00:00,VIC1,141.63079
2026-09-03 20:05:00,NSW1,128.41976
2026-09-03 20:05:00,QLD1,114.69000
2026-09-03 20:05:00,SA1,154.54000
2026-09-03 20:05:00,TAS1,119.62607
2026-09-03 20:05:00,VIC1,129.77091
2026-09-03 20:10:00,NSW1,136.11909
2026-09-03 20:10:00,QLD1,119.99000
2026-09-03 20:10:00,SA1,154.54000
2026-09-03 20:10:00,TAS1,121.83861
2026-09-03 20:10:00,VIC1,132.17382
2026-09-03 20:15:00,NSW1,134.04898
2026-09-03 20:15:00,QLD1,121.12000
2026-09-03 20:15:00,SA1,153.54000
2026-09-03 20:15:00,TAS1,121.62544
2026-09-03 20:15:00,VIC1,132.34656
2026-09-03 20:20:00,NSW1,142.90000
2026-09-03 20:20:00,QLD1,128.24927
2026-09-03 20:20:00,SA1,153.54000
2026-09-03 20:20:00,TAS1,127.04711
2026-09-03 20:20:00,VIC1,137.79389
2026-09-03 20:25:00,NSW1,134.92850
2026-09-03 20:25:00,QLD1,123.44000
2026-09-03 20:25:00,SA1,147.80953
2026-09-03 20:25:00,TAS1,121.03051
2026-09-03 20:25:00,VIC1,131.28252
2026-09-03 20:30:00,NSW1,142.90000
2026-09-03 20:30:00,QLD1,125.73659
2026-09-03 20:30:00,SA1,153.54000
2026-09-03 20:30:00,TAS1,125.69714
2026-09-03 20:30:00,VIC1,136.76280
2026-09-03 20:35:00,NSW1,131.58014
2026-09-03 20:35:00,QLD1,119.49833
2026-09-03 20:35:00,SA1,153.54000
2026-09-03 20:35:00,TAS1,118.98298
2026-09-03 20:35:00,VIC1,129.06000
2026-09-03 20:40:00,NSW1,132.69951
2026-09-03 20:40:00,QLD1,121.12000
2026-09-03 20:40:00,SA1,153.54000
2026-09-03 20:40:00,TAS1,118.98096
2026-09-03 20:40:00,VIC1,129.06000
2026-09-03 20:45:00,NSW1,161.93000
2026-09-03 20:45:00,QLD1,151.01104
2026-09-03 20:45:00,SA1,166.15053
2026-09-03 20:45:00,TAS1,142.03310
2026-09-03 20:45:00,VIC1,153.57307
2026-09-03 20:50:00,NSW1,153.57261
2026-09-03 20:50:00,QLD1,136.89831
2026-09-03 20:50:00,SA1,156.08000
2026-09-03 20:50:00,TAS1,133.34968
2026-09-03 20:50:00,VIC1,143.27484
2026-09-03 20:55:00,NSW1,121.10000
2026-09-03 20:55:00,QLD1,112.28085
2026-09-03 20:55:00,SA1,154.54000
2026-09-03 20:55:00,TAS1,107.75407
2026-09-03 20:55:00,VIC1,115.77723
2026-09-03 21:00:00,NSW1,128.19297
2026-09-03 21:00:00,QLD1,120.23457
2026-09-03 21:00:00,SA1,155.90000
2026-09-03 21:00:00,TAS1,112.46143
2026-09-03 21:00:00,VIC1,122.35000
2026-09-03 21:05:00,NSW1,162.75525
2026-09-03 21:05:00,QLD1,140.51588
2026-09-03 21:05:00,SA1,173.91579
2026-09-03 21:05:00,TAS1,145.89805
2026-09-03 21:05:00,VIC1,157.71000
2026-09-03 21:10:00,NSW1,161.93000
2026-09-03 21:10:00,QLD1,143.36950
2026-09-03 21:10:00,SA1,171.80530
2026-09-03 21:10:00,TAS1,145.89337
2026-09-03 21:10:00,VIC1,157.71000
2026-09-03 21:15:00,NSW1,141.30298
2026-09-03 21:15:00,QLD1,123.44000
2026-09-03 21:15:00,SA1,155.90000
2026-09-03 21:15:00,TAS1,127.79233
2026-09-03 21:15:00,VIC1,139.00000
2026-09-03 21:20:00,NSW1,140.47074
2026-09-03 21:20:00,QLD1,123.44000
2026-09-03 21:20:00,SA1,155.90000
2026-09-03 21:20:00,TAS1,128.30100
2026-09-03 21:20:00,VIC1,139.53826
2026-09-03 21:25:00,NSW1,146.00000
2026-09-03 21:25:00,QLD1,127.53369
2026-09-03 21:25:00,SA1,158.56608
2026-09-03 21:25:00,TAS1,131.95434
2026-09-03 21:25:00,VIC1,143.52201
2026-09-03 21:30:00,NSW1,140.50337
2026-09-03 21:30:00,QLD1,123.44000
2026-09-03 21:30:00,SA1,155.90000
2026-09-03 21:30:00,TAS1,127.89485
2026-09-03 21:30:00,VIC1,139.10960
2026-09-03 21:35:00,NSW1,140.39570
2026-09-03 21:35:00,QLD1,123.44000
2026-09-03 21:35:00,SA1,155.21667
2026-09-03 21:35:00,TAS1,128.22237
2026-09-03 21:35:00,VIC1,139.02550
2026-09-03 21:40:00,NSW1,141.61280
2026-09-03 21:40:00,QLD1,123.44000
2026-09-03 21:40:00,SA1,154.54000
2026-09-03 21:40:00,TAS1,128.80302
2026-09-03 21:40:00,VIC1,140.08599
2026-09-03 21:45:00,NSW1,113.50000
2026-09-03 21:45:00,QLD1,102.80000
2026-09-03 21:45:00,SA1,145.12000
2026-09-03 21:45:00,TAS1,111.31159
2026-09-03 21:45:00,VIC1,121.41909
2026-09-03 21:50:00,NSW1,108.61682
2026-09-03 21:50:00,QLD1,99.64208
2026-09-03 21:50:00,SA1,145.12000
2026-09-03 21:50:00,TAS1,100.85477
2026-09-03 21:50:00,VIC1,110.01000
2026-09-03 21:55:00,NSW1,137.77689
2026-09-03 21:55:00,QLD1,123.44000
2026-09-03 21:55:00,SA1,148.63421
2026-09-03 21:55:00,TAS1,122.80204
2026-09-03 21:55:00,VIC1,133.93330
2026-09-03 22:00:00,NSW1,121.01000
2026-09-03 22:00:00,QLD1,109.56240
2026-09-03 22:00:00,SA1,133.77232
2026-09-03 22:00:00,TAS1,111.75855
2026-09-03 22:00:00,VIC1,120.38591
2026-09-03 22:05:00,NSW1,101.10000
2026-09-03 22:05:00,QLD1,91.99539
2026-09-03 22:05:00,SA1,130.44000
2026-09-03 22:05:00,TAS1,100.24000
2026-09-03 22:05:00,VIC1,104.78997
2026-09-03 22:10:00,NSW1,101.10000
2026-09-03 22:10:00,QLD1,91.33492
2026-09-03 22:10:00,SA1,123.21453
2026-09-03 22:10:00,TAS1,93.38512
2026-09-03 22:10:00,VIC1,99.65956
2026-09-03 22:15:00,NSW1,119.02000
2026-09-03 22:15:00,QLD1,106.21670
2026-09-03 22:15:00,SA1,130.44000
2026-09-03 22:15:00,TAS1,103.30250
2026-09-03 22:15:00,VIC1,111.61148
2026-09-03 22:20:00,NSW1,120.00000
2026-09-03 22:20:00,QLD1,107.51295
2026-09-03 22:20:00,SA1,130.44000
2026-09-03 22:20:00,TAS1,102.91786
2026-09-03 22:20:00,VIC1,111.54139
2026-09-03 22:25:00,NSW1,120.00000
2026-09-03 22:25:00,QLD1,106.28513
2026-09-03 22:25:00,SA1,125.97277
2026-09-03 22:25:00,TAS1,104.32151
2026-09-03 22:25:00,VIC1,113.41229
2026-09-03 22:30:00,NSW1,93.24450
2026-09-03 22:30:00,QLD1,81.95713
2026-09-03 22:30:00,SA1,101.02000
2026-09-03 22:30:00,TAS1,83.08161
2026-09-03 22:30:00,VIC1,90.87438
2026-09-03 22:35:00,NSW1,90.49000
2026-09-03 22:35:00,QLD1,79.51028
2026-09-03 22:35:00,SA1,130.44000
2026-09-03 22:35:00,TAS1,83.35459
2026-09-03 22:35:00,VIC1,90.32247
2026-09-03 22:40:00,NSW1,115.70457
2026-09-03 22:40:00,QLD1,101.61580
2026-09-03 22:40:00,SA1,130.44000
2026-09-03 22:40:00,TAS1,100.26654
2026-09-03 22:40:00,VIC1,110.01000
2026-09-03 22:45:00,NSW1,113.98151
2026-09-03 22:45:00,QLD1,98.83908
2026-09-03 22:45:00,SA1,120.99397
2026-09-03 22:45:00,TAS1,100.24000
2026-09-03 22:45:00,VIC1,110.01000
2026-09-03 22:50:00,NSW1,99.37583
2026-09-03 22:50:00,QLD1,86.15859
2026-09-03 22:50:00,SA1,103.68000
2026-09-03 22:50:00,TAS1,83.24000
2026-09-03 22:50:00,VIC1,94.26388
2026-09-03 22:55:00,NSW1,97.43117
2026-09-03 22:55:00,QLD1,83.34898
2026-09-03 22:55:00,SA1,101.02000
2026-09-03 22:55:00,TAS1,83.06401
2026-09-03 22:55:00,VIC1,90.83000
2026-09-03 23:00:00,NSW1,117.95844
2026-09-03 23:00:00,QLD1,100.84107
2026-09-03 23:00:00,SA1,121.37114
2026-09-03 23:00:00,TAS1,83.24000
2026-09-03 23:00:00,VIC1,110.01000
2026-09-03 23:05:00,NSW1,114.24542
2026-09-03 23:05:00,QLD1,97.06607
2026-09-03 23:05:00,SA1,120.80241
2026-09-03 23:05:00,TAS1,101.22088
2026-09-03 23:05:00,VIC1,110.01000
2026-09-03 23:10:00,NSW1,101.10000
2026-09-03 23:10:00,QLD1,86.97473
2026-09-03 23:10:00,SA1,109.22597
2026-09-03 23:10:00,TAS1,91.97904
2026-09-03 23:10:00,VIC1,99.66981
2026-09-03 23:15:00,NSW1,101.10000
2026-09-03 23:15:00,QLD1,87.01589
2026-09-03 23:15:00,SA1,105.26854
2026-09-03 23:15:00,TAS1,90.46017
2026-09-03 23:15:00,VIC1,98.02307
2026-09-03 23:20:00,NSW1,96.69147
2026-09-03 23:20:00,QLD1,82.66546
2026-09-03 23:20:00,SA1,101.02000
2026-09-03 23:20:00,TAS1,85.52390
2026-09-03 23:20:00,VIC1,92.95582
2026-09-03 23:25:00,NSW1,117.23874
2026-09-03 23:25:00,QLD1,100.17661
2026-09-03 23:25:00,SA1,118.58355
2026-09-03 23:25:00,TAS1,100.89471
2026-09-03 23:25:00,VIC1,110.01000
2026-09-03 23:30:00,NSW1,96.18248
2026-09-03 23:30:00,QLD1,82.72422
2026-09-03 23:30:00,SA1,101.02000
2026-09-03 23:30:00,TAS1,84.18600
2026-09-03 23:30:00,VIC1,91.78482
2026-09-03 23:35:00,NSW1,113.50000
2026-09-03 23:35:00,QLD1,97.01532
2026-09-03 23:35:00,SA1,119.32097
2026-09-03 23:35:00,TAS1,99.69323
2026-09-03 23:35:00,VIC1,108.35717
2026-09-03 23:40:00,NSW1,90.70365
2026-09-03 23:40:00,QLD1,78.52000
2026-09-03 23:40:00,SA1,101.02000
2026-09-03 23:40:00,TAS1,81.56031
2026-09-03 23:40:00,VIC1,88.09352
2026-09-03 23:45:00,NSW1,90.49000
2026-09-03 23:45:00,QLD1,78.42838
2026-09-03 23:45:00,SA1,101.02000
2026-09-03 23:45:00,TAS1,81.29478
2026-09-03 23:45:00,VIC1,87.79880
2026-09-03 23:50:00,NSW1,91.31237
2026-09-03 23:50:00,QLD1,78.52000
2026-09-03 23:50:00,SA1,101.02000
2026-09-03 23:50:00,TAS1,81.35378
2026-09-03 23:50:00,VIC1,87.85012
2026-09-03 23:55:00,NSW1,98.27771
2026-09-03 23:55:00,QLD1,83.34978
2026-09-03 23:55:00,SA1,101.72000
2026-09-03 23:55:00,TAS1,85.29452
2026-09-03 23:55:00,VIC1,92.97696
2026-09-04 00:00:00,NSW1,96.85086
2026-09-04 00:00:00,QLD1,81.59575
2026-09-04 00:00:00,SA1,101.02000
2026-09-04 00:00:00,TAS1,84.05852
2026-09-04 00:00:00,VIC1,91.63163
2026-09-04 00:05:00,NSW1,99.70392
2026-09-04 00:05:00,QLD1,84.50000
2026-09-04 00:05:00,SA1,102.93123
2026-09-04 00:05:00,TAS1,87.55510
2026-09-04 00:05:00,VIC1,95.14277
2026-09-04 00:10:00,NSW1,113.50000
2026-09-04 00:10:00,QLD1,94.37637
2026-09-04 00:10:00,SA1,117.98990
2026-09-04 00:10:00,TAS1,100.19696
2026-09-04 00:10:00,VIC1,108.87807
2026-09-04 00:15:00,NSW1,121.10000
2026-09-04 00:15:00,QLD1,102.58014
2026-09-04 00:15:00,SA1,120.48084
2026-09-04 00:15:00,TAS1,102.67090
2026-09-04 00:15:00,VIC1,111.55423
2026-09-04 00:20:00,NSW1,129.08642
2026-09-04 00:20:00,QLD1,107.23327
2026-09-04 00:20:00,SA1,130.44000
2026-09-04 00:20:00,TAS1,110.48820
2026-09-04 00:20:00,VIC1,120.04580
2026-09-04 00:25:00,NSW1,146.00000
2026-09-04 00:25:00,QLD1,121.27047
2026-09-04 00:25:00,SA1,148.64451
2026-09-04 00:25:00,TAS1,125.95629
2026-09-04 00:25:00,VIC1,136.85477
2026-09-04 00:30:00,NSW1,142.68974
2026-09-04 00:30:00,QLD1,117.69000
2026-09-04 00:30:00,SA1,137.36911
2026-09-04 00:30:00,TAS1,120.03639
2026-09-04 00:30:00,VIC1,130.41502
2026-09-04 00:35:00,NSW1,146.00000
2026-09-04 00:35:00,QLD1,121.18931
2026-09-04 00:35:00,SA1,148.88699
2026-09-04 00:35:00,TAS1,126.51980
2026-09-04 00:35:00,VIC1,136.58628
2026-09-04 00:40:00,NSW1,121.10000
2026-09-04 00:40:00,QLD1,98.62072
2026-09-04 00:40:00,SA1,130.44000
2026-09-04 00:40:00,TAS1,106.83528
2026-09-04 00:40:00,VIC1,115.34036
2026-09-04 00:45:00,NSW1,144.41643
2026-09-04 00:45:00,QLD1,119.89000
2026-09-04 00:45:00,SA1,143.75294
2026-09-04 00:45:00,TAS1,123.20955
2026-09-04 00:45:00,VIC1,134.27172
2026-09-04 00:50:00,NSW1,120.00005
2026-09-04 00:50:00,QLD1,100.84359
2026-09-04 00:50:00,SA1,120.29037
2026-09-04 00:50:00,TAS1,102.67728
2026-09-04 00:50:00,VIC1,111.53737
2026-09-04 00:55:00,NSW1,118.23598
2026-09-04 00:55:00,QLD1,99.12455
2026-09-04 00:55:00,SA1,119.37084
2026-09-04 00:55:00,TAS1,102.23011
2026-09-04 00:55:00,VIC1,110.01000
2026-09-04 01:00:00,NSW1,107.23525
2026-09-04 01:00:00,QLD1,89.47675
2026-09-04 01:00:00,SA1,108.27000
2026-09-04 01:00:00,TAS1,93.67920
2026-09-04 01:00:00,VIC1,100.47930
2026-09-04 01:05:00,NSW1,101.10000
2026-09-04 01:05:00,QLD1,84.50000
2026-09-04 01:05:00,SA1,101.08984
2026-09-04 01:05:00,TAS1,89.95460
2026-09-04 01:05:00,VIC1,94.63493
2026-09-04 01:10:00,NSW1,101.17926
2026-09-04 01:10:00,QLD1,84.73006
2026-09-04 01:10:00,SA1,101.02000
2026-09-04 01:10:00,TAS1,87.02963
2026-09-04 01:10:00,VIC1,93.93056
2026-09-04 01:15:00,NSW1,100.62887
2026-09-04 01:15:00,QLD1,84.50000
2026-09-04 01:15:00,SA1,101.02000
2026-09-04 01:15:00,TAS1,86.32125
2026-09-04 01:15:00,VIC1,93.45592
2026-09-04 01:20:00,NSW1,96.94686
2026-09-04 01:20:00,QLD1,81.35000
2026-09-04 01:20:00,SA1,98.66867
2026-09-04 01:20:00,TAS1,83.24000
2026-09-04 01:20:00,VIC1,89.93639
2026-09-04 01:25:00,NSW1,102.01983
2026-09-04 01:25:00,QLD1,84.50000
2026-09-04 01:25:00,SA1,106.29457
2026-09-04 01:25:00,TAS1,88.59715
2026-09-04 01:25:00,VIC1,96.21647
2026-09-04 01:30:00,NSW1,97.65317
2026-09-04 01:30:00,QLD1,81.35000
2026-09-04 01:30:00,SA1,100.68750
2026-09-04 01:30:00,TAS1,83.39709
2026-09-04 01:30:00,VIC1,91.42830
2026-09-04 01:35:00,NSW1,99.07785
2026-09-04 01:35:00,QLD1,82.58860
2026-09-04 01:35:00,SA1,101.04000
2026-09-04 01:35:00,TAS1,45.24000
2026-09-04 01:35:00,VIC1,92.79049
2026-09-04 01:40:00,NSW1,97.91186
2026-09-04 01:40:00,QLD1,81.07364
2026-09-04 01:40:00,SA1,101.02000
2026-09-04 01:40:00,TAS1,83.24000
2026-09-04 01:40:00,VIC1,91.66710
2026-09-04 01:45:00,NSW1,98.25990
2026-09-04 01:45:00,QLD1,81.35000
2026-09-04 01:45:00,SA1,101.02000
2026-09-04 01:45:00,TAS1,84.38846
2026-09-04 01:45:00,VIC1,91.91515
2026-09-04 01:50:00,NSW1,103.34577
2026-09-04 01:50:00,QLD1,84.50003
2026-09-04 01:50:00,SA1,107.85241
2026-09-04 01:50:00,TAS1,90.76641
2026-09-04 01:50:00,VIC1,98.24956
2026-09-04 01:55:00,NSW1,104.12198
2026-09-04 01:55:00,QLD1,84.50000
2026-09-04 01:55:00,SA1,107.70389
2026-09-04 01:55:00,TAS1,91.34039
2026-09-04 01:55:00,VIC1,98.86761
2026-09-04 02:00:00,NSW1,104.12963
2026-09-04 02:00:00,QLD1,84.50000
2026-09-04 02:00:00,SA1,108.05442
2026-09-04 02:00:00,TAS1,91.31904
2026-09-04 02:00:00,VIC1,98.83429
2026-09-04 02:05:00,NSW1,106.56802
2026-09-04 02:05:00,QLD1,84.50000
2026-09-04 02:05:00,SA1,113.01028
2026-09-04 02:05:00,TAS1,95.96564
2026-09-04 02:05:00,VIC1,103.54837
2026-09-04 02:10:00,NSW1,106.55650
2026-09-04 02:10:00,QLD1,84.50000
2026-09-04 02:10:00,SA1,112.56367
2026-09-04 02:10:00,TAS1,95.66501
2026-09-04 02:10:00,VIC1,103.54774
2026-09-04 02:15:00,NSW1,97.63005
2026-09-04 02:15:00,QLD1,78.54000
2026-09-04 02:15:00,SA1,101.82114
2026-09-04 02:15:00,TAS1,86.63630
2026-09-04 02:15:00,VIC1,94.06688
2026-09-04 02:20:00,NSW1,95.32677
2026-09-04 02:20:00,QLD1,76.31963
2026-09-04 02:20:00,SA1,101.02000
2026-09-04 02:20:00,TAS1,85.27769
2026-09-04 02:20:00,VIC1,92.58703
2026-09-04 02:25:00,NSW1,89.28225
2026-09-04 02:25:00,QLD1,72.50000
2026-09-04 02:25:00,SA1,101.02000
2026-09-04 02:25:00,TAS1,79.57964
2026-09-04 02:25:00,VIC1,85.85324
2026-09-04 02:30:00,NSW1,97.39058
2026-09-04 02:30:00,QLD1,78.54000
2026-09-04 02:30:00,SA1,101.02000
2026-09-04 02:30:00,TAS1,85.06963
2026-09-04 02:30:00,VIC1,92.34612
2026-09-04 02:35:00,NSW1,97.35789
2026-09-04 02:35:00,QLD1,78.52000
2026-09-04 02:35:00,SA1,101.02000
2026-09-04 02:35:00,TAS1,86.04351
2026-09-04 02:35:00,VIC1,93.70589
2026-09-04 02:40:00,NSW1,83.99000
2026-09-04 02:40:00,QLD1,67.22402
2026-09-04 02:40:00,SA1,88.60348
2026-09-04 02:40:00,TAS1,60.24000
2026-09-04 02:40:00,VIC1,80.88315
2026-09-04 02:45:00,NSW1,83.99000
2026-09-04 02:45:00,QLD1,67.28978
2026-09-04 02:45:00,SA1,87.23636
2026-09-04 02:45:00,TAS1,60.24000
2026-09-04 02:45:00,VIC1,80.24864
2026-09-04 02:50:00,NSW1,88.26398
2026-09-04 02:50:00,QLD1,72.50000
2026-09-04 02:50:00,SA1,89.44542
2026-09-04 02:50:00,TAS1,60.24000
2026-09-04 02:50:00,VIC1,82.97512
2026-09-04 02:55:00,NSW1,87.12208
2026-09-04 02:55:00,QLD1,72.50000
2026-09-04 02:55:00,SA1,88.71301
2026-09-04 02:55:00,TAS1,75.00799
2026-09-04 02:55:00,VIC1,81.93341
2026-09-04 03:00:00,NSW1,96.22039
2026-09-04 03:00:00,QLD1,78.54000
2026-09-04 03:00:00,SA1,99.07697
2026-09-04 03:00:00,TAS1,83.87089
2026-09-04 03:00:00,VIC1,91.90167
2026-09-04 03:05:00,NSW1,87.86000
2026-09-04 03:05:00,QLD1,72.50000
2026-09-04 03:05:00,SA1,88.85309
2026-09-04 03:05:00,TAS1,75.26951
2026-09-04 03:05:00,VIC1,81.94799
2026-09-04 03:10:00,NSW1,87.86000
2026-09-04 03:10:00,QLD1,72.66197
2026-09-04 03:10:00,SA1,90.22485
2026-09-04 03:10:00,TAS1,75.89695
2026-09-04 03:10:00,VIC1,82.64183
2026-09-04 03:15:00,NSW1,87.86000
2026-09-04 03:15:00,QLD1,73.60220
2026-09-04 03:15:00,SA1,86.87960
2026-09-04 03:15:00,TAS1,73.99390
2026-09-04 03:15:00,VIC1,80.55994
2026-09-04 03:20:00,NSW1,93.75787
2026-09-04 03:20:00,QLD1,78.52000
2026-09-04 03:20:00,SA1,94.60319
2026-09-04 03:20:00,TAS1,80.63292
2026-09-04 03:20:00,VIC1,88.07190
2026-09-04 03:25:00,NSW1,98.19164
2026-09-04 03:25:00,QLD1,81.20770
2026-09-04 03:25:00,SA1,101.02000
2026-09-04 03:25:00,TAS1,86.09809
2026-09-04 03:25:00,VIC1,93.75424
2026-09-04 03:30:00,NSW1,94.93267
2026-09-04 03:30:00,QLD1,78.52000
2026-09-04 03:30:00,SA1,95.49844
2026-09-04 03:30:00,TAS1,81.61209
2026-09-04 03:30:00,VIC1,89.15132
2026-09-04 03:35:00,NSW1,101.09581
2026-09-04 03:35:00,QLD1,84.73006
2026-09-04 03:35:00,SA1,100.74570
2026-09-04 03:35:00,TAS1,87.83609
2026-09-04 03:35:00,VIC1,95.64561
2026-09-04 03:40:00,NSW1,114.54000
2026-09-04 03:40:00,QLD1,95.03004
2026-09-04 03:40:00,SA1,101.04000
2026-09-04 03:40:00,TAS1,98.55596
2026-09-04 03:40:00,VIC1,107.66071
2026-09-04 03:45:00,NSW1,114.54000
2026-09-04 03:45:00,QLD1,95.98645
2026-09-04 03:45:00,SA1,113.23117
2026-09-04 03:45:00,TAS1,100.39472
2026-09-04 03:45:00,VIC1,109.32282
2026-09-04 03:50:00,NSW1,114.54000
2026-09-04 03:50:00,QLD1,94.23694
2026-09-04 03:50:00,SA1,102.21105
2026-09-04 03:50:00,TAS1,100.20766
2026-09-04 03:50:00,VIC1,109.12390
2026-09-04 03:55:00,NSW1,114.54000
2026-09-04 03:55:00,QLD1,94.81489
2026-09-04 03:55:00,SA1,101.02000
2026-09-04 03:55:00,TAS1,99.44514
2026-09-04 03:55:00,VIC1,108.29047
2026-09-04 04:00:00,NSW1,103.42761
2026-09-04 04:00:00,QLD1,85.58653
2026-09-04 04:00:00,SA1,101.02000
2026-09-04 04:00:00,TAS1,89.84907
2026-09-04 04:00:00,VIC1,97.83116
2026-09-04 04:05:00,NSW1,100.73269
2026-09-04 04:05:00,QLD1,83.91201
2026-09-04 04:05:00,SA1,101.02000
2026-09-04 04:05:00,TAS1,88.46049
2026-09-04 04:05:00,VIC1,96.02162
2026-09-04 04:10:00,NSW1,114.54000
2026-09-04 04:10:00,QLD1,94.85827
2026-09-04 04:10:00,SA1,111.19366
2026-09-04 04:10:00,TAS1,102.19564
2026-09-04 04:10:00,VIC1,110.94898
2026-09-04 04:15:00,NSW1,112.55848
2026-09-04 04:15:00,QLD1,95.03000
2026-09-04 04:15:00,SA1,101.83944
2026-09-04 04:15:00,TAS1,96.45327
2026-09-04 04:15:00,VIC1,104.71434
2026-09-04 04:20:00,NSW1,111.98000
2026-09-04 04:20:00,QLD1,95.03000
2026-09-04 04:20:00,SA1,101.04000
2026-09-04 04:20:00,TAS1,95.97361
2026-09-04 04:20:00,VIC1,104.20019
2026-09-04 04:25:00,NSW1,111.82221
2026-09-04 04:25:00,QLD1,95.03000
2026-09-04 04:25:00,SA1,101.04000
2026-09-04 04:25:00,TAS1,96.59944
2026-09-04 04:25:00,VIC1,104.87737
2026-09-04 04:30:00,NSW1,121.10000
2026-09-04 04:30:00,QLD1,101.52564
2026-09-04 04:30:00,SA1,116.52437
2026-09-04 04:30:00,TAS1,108.05755
2026-09-04 04:30:00,VIC1,117.32319
2026-09-04 04:35:00,NSW1,109.66016
2026-09-04 04:35:00,QLD1,95.03000
2026-09-04 04:35:00,SA1,101.02000
2026-09-04 04:35:00,TAS1,94.74558
2026-09-04 04:35:00,VIC1,102.86213
2026-09-04 04:40:00,NSW1,116.65352
2026-09-04 04:40:00,QLD1,99.20000
2026-09-04 04:40:00,SA1,106.81633
2026-09-04 04:40:00,TAS1,104.51860
2026-09-04 04:40:00,VIC1,113.11319
2026-09-04 04:45:00,NSW1,125.22333
2026-09-04 04:45:00,QLD1,104.98248
2026-09-04 04:45:00,SA1,114.23515
2026-09-04 04:45:00,TAS1,109.15173
2026-09-04 04:45:00,VIC1,118.50000
2026-09-04 04:50:00,NSW1,115.86318
2026-09-04 04:50:00,QLD1,99.21000
2026-09-04 04:50:00,SA1,104.79321
2026-09-04 04:50:00,TAS1,99.57881
2026-09-04 04:50:00,VIC1,108.80169
2026-09-04 04:55:00,NSW1,129.67000
2026-09-04 04:55:00,QLD1,111.08043
2026-09-04 04:55:00,SA1,115.03225
2026-09-04 04:55:00,TAS1,110.06906
2026-09-04 04:55:00,VIC1,119.88647
2026-09-04 05:00:00,NSW1,129.67000
2026-09-04 05:00:00,QLD1,109.00853
2026-09-04 05:00:00,SA1,117.60356
2026-09-04 05:00:00,TAS1,111.76066
2026-09-04 05:00:00,VIC1,121.73512
2026-09-04 05:05:00,NSW1,134.86000
2026-09-04 05:05:00,QLD1,112.66767
2026-09-04 05:05:00,SA1,118.73568
2026-09-04 05:05:00,TAS1,114.31026
2026-09-04 05:05:00,VIC1,124.52037
2026-09-04 05:10:00,NSW1,138.20524
2026-09-04 05:10:00,QLD1,114.11000
2026-09-04 05:10:00,SA1,122.80030
2026-09-04 05:10:00,TAS1,118.95282
2026-09-04 05:10:00,VIC1,128.78347
2026-09-04 05:15:00,NSW1,146.00000
2026-09-04 05:15:00,QLD1,121.38962
2026-09-04 05:15:00,SA1,127.82776
2026-09-04 05:15:00,TAS1,124.00090
2026-09-04 05:15:00,VIC1,134.68000
2026-09-04 05:20:00,NSW1,131.49444
2026-09-04 05:20:00,QLD1,114.11000
2026-09-04 05:20:00,SA1,111.06250
2026-09-04 05:20:00,TAS1,108.77505
2026-09-04 05:20:00,VIC1,118.50000
2026-09-04 05:25:00,NSW1,140.38088
2026-09-04 05:25:00,QLD1,117.69000
2026-09-04 05:25:00,SA1,122.50932
2026-09-04 05:25:00,TAS1,120.29158
2026-09-04 05:25:00,VIC1,130.63869
2026-09-04 05:30:00,NSW1,138.74357
2026-09-04 05:30:00,QLD1,117.69000
2026-09-04 05:30:00,SA1,118.81507
2026-09-04 05:30:00,TAS1,117.12515
2026-09-04 05:30:00,VIC1,127.21602
2026-09-04 05:35:00,NSW1,135.35954
2026-09-04 05:35:00,QLD1,117.69000
2026-09-04 05:35:00,SA1,102.95524
2026-09-04 05:35:00,TAS1,108.06081
2026-09-04 05:35:00,VIC1,118.50000
2026-09-04 05:40:00,NSW1,150.78901
2026-09-04 05:40:00,QLD1,130.69000
2026-09-04 05:40:00,SA1,115.88591
2026-09-04 05:40:00,TAS1,122.96817
2026-09-04 05:40:00,VIC1,135.29422
2026-09-04 05:45:00,NSW1,137.18982
2026-09-04 05:45:00,QLD1,128.11000
2026-09-04 05:45:00,SA1,118.14169
2026-09-04 05:45:00,TAS1,115.42264
2026-09-04 05:45:00,VIC1,126.19103
2026-09-04 05:50:00,NSW1,154.02880
2026-09-04 05:50:00,QLD1,130.69000
2026-09-04 05:50:00,SA1,138.92000
2026-09-04 05:50:00,TAS1,134.03433
2026-09-04 05:50:00,VIC1,146.56694
2026-09-04 05:55:00,NSW1,146.00000
2026-09-04 05:55:00,QLD1,127.86270
2026-09-04 05:55:00,SA1,119.74144
2026-09-04 05:55:00,TAS1,120.56318
2026-09-04 05:55:00,VIC1,131.02003
2026-09-04 06:00:00,NSW1,172.99526
2026-09-04 06:00:00,QLD1,152.59985
2026-09-04 06:00:00,SA1,134.95796
2026-09-04 06:00:00,TAS1,143.51036
2026-09-04 06:00:00,VIC1,155.48000
2026-09-04 06:05:00,NSW1,184.29463
2026-09-04 06:05:00,QLD1,163.57000
2026-09-04 06:05:00,SA1,101.02000
2026-09-04 06:05:00,TAS1,147.05565
2026-09-04 06:05:00,VIC1,161.86200
2026-09-04 06:10:00,NSW1,150.78901
2026-09-04 06:10:00,QLD1,130.69000
2026-09-04 06:10:00,SA1,107.25338
2026-09-04 06:10:00,TAS1,116.54650
2026-09-04 06:10:00,VIC1,127.48000
2026-09-04 06:15:00,NSW1,190.06963
2026-09-04 06:15:00,QLD1,163.57000
2026-09-04 06:15:00,SA1,100.87000
2026-09-04 06:15:00,TAS1,132.94610
2026-09-04 06:15:00,VIC1,128.67000
2026-09-04 06:20:00,NSW1,230.59000
2026-09-04 06:20:00,QLD1,192.24052
2026-09-04 06:20:00,SA1,26.69562
2026-09-04 06:20:00,TAS1,186.50535
2026-09-04 06:20:00,VIC1,202.76472
2026-09-04 06:25:00,NSW1,274.30502
2026-09-04 06:25:00,QLD1,233.00294
2026-09-04 06:25:00,SA1,86.44000
2026-09-04 06:25:00,TAS1,218.56027
2026-09-04 06:25:00,VIC1,237.64752
2026-09-04 06:30:00,NSW1,293.79284
2026-09-04 06:30:00,QLD1,246.60880
2026-09-04 06:30:00,SA1,86.44000
2026-09-04 06:30:00,TAS1,233.80154
2026-09-04 06:30:00,VIC1,252.65000
2026-09-04 06:35:00,NSW1,299.99000
2026-09-04 06:35:00,QLD1,256.85873
2026-09-04 06:35:00,SA1,68.05000
2026-09-04 06:35:00,TAS1,230.88815
2026-09-04 06:35:00,VIC1,252.68000
2026-09-04 06:40:00,NSW1,237.85000
2026-09-04 06:40:00,QLD1,202.36857
2026-09-04 06:40:00,SA1,101.02000
2026-09-04 06:40:00,TAS1,186.58173
2026-09-04 06:40:00,VIC1,203.60182
2026-09-04 06:45:00,NSW1,279.21537
2026-09-04 06:45:00,QLD1,229.97409
2026-09-04 06:45:00,SA1,86.44000
2026-09-04 06:45:00,TAS1,230.78250
2026-09-04 06:45:00,VIC1,252.65000
2026-09-04 06:50:00,NSW1,281.25733
2026-09-04 06:50:00,QLD1,234.39692
2026-09-04 06:50:00,SA1,101.02000
2026-09-04 06:50:00,TAS1,231.46974
2026-09-04 06:50:00,VIC1,252.65000
2026-09-04 06:55:00,NSW1,203.02071
2026-09-04 06:55:00,QLD1,173.58712
2026-09-04 06:55:00,SA1,101.02000
2026-09-04 06:55:00,TAS1,169.62602
2026-09-04 06:55:00,VIC1,184.00000
2026-09-04 07:00:00,NSW1,126.49822
2026-09-04 07:00:00,QLD1,104.10443
2026-09-04 07:00:00,SA1,86.44000
2026-09-04 07:00:00,TAS1,109.23233
2026-09-04 07:00:00,VIC1,118.50000
2026-09-04 07:05:00,NSW1,131.80076
2026-09-04 07:05:00,QLD1,95.03000
2026-09-04 07:05:00,SA1,112.13327
2026-09-04 07:05:00,TAS1,118.24310
2026-09-04 07:05:00,VIC1,127.48000
2026-09-04 07:10:00,NSW1,111.98000
2026-09-04 07:10:00,QLD1,78.52000
2026-09-04 07:10:00,SA1,96.89436
2026-09-04 07:10:00,TAS1,100.62445
2026-09-04 07:10:00,VIC1,108.48000
2026-09-04 07:15:00,NSW1,102.70720
2026-09-04 07:15:00,QLD1,70.99000
2026-09-04 07:15:00,SA1,92.42000
2026-09-04 07:15:00,TAS1,95.02708
2026-09-04 07:15:00,VIC1,101.81618
2026-09-04 07:20:00,NSW1,101.25871
2026-09-04 07:20:00,QLD1,0.00000
2026-09-04 07:20:00,SA1,92.42000
2026-09-04 07:20:00,TAS1,96.13472
2026-09-04 07:20:00,VIC1,103.01511
2026-09-04 07:25:00,NSW1,88.10959
2026-09-04 07:25:00,QLD1,0.00000
2026-09-04 07:25:00,SA1,81.91346
2026-09-04 07:25:00,TAS1,84.19123
2026-09-04 07:25:00,VIC1,90.50000
2026-09-04 07:30:00,NSW1,0.06000
2026-09-04 07:30:00,QLD1,0.00000
2026-09-04 07:30:00,SA1,80.44000
2026-09-04 07:30:00,TAS1,82.09330
2026-09-04 07:30:00,VIC1,87.70352
2026-09-04 07:35:00,NSW1,42.53967
2026-09-04 07:35:00,QLD1,0.00076
2026-09-04 07:35:00,SA1,98.00000
2026-09-04 07:35:00,TAS1,102.83649
2026-09-04 07:35:00,VIC1,110.19633
2026-09-04 07:40:00,NSW1,23.51000
2026-09-04 07:40:00,QLD1,0.00071
2026-09-04 07:40:00,SA1,90.22541
2026-09-04 07:40:00,TAS1,93.04907
2026-09-04 07:40:00,VIC1,100.02743
2026-09-04 07:45:00,NSW1,23.51000
2026-09-04 07:45:00,QLD1,0.01000
2026-09-04 07:45:00,SA1,87.47388
2026-09-04 07:45:00,TAS1,93.86785
2026-09-04 07:45:00,VIC1,99.97108
2026-09-04 07:50:00,NSW1,23.51000
2026-09-04 07:50:00,QLD1,0.01000
2026-09-04 07:50:00,SA1,87.43910
2026-09-04 07:50:00,TAS1,94.75990
2026-09-04 07:50:00,VIC1,99.92751
2026-09-04 07:55:00,NSW1,42.53967
2026-09-04 07:55:00,QLD1,-3.00000
2026-09-04 07:55:00,SA1,73.40183
2026-09-04 07:55:00,TAS1,79.54990
2026-09-04 07:55:00,VIC1,83.50000
2026-09-04 08:00:00,NSW1,24.98998
2026-09-04 08:00:00,QLD1,0.00049
2026-09-04 08:00:00,SA1,86.44000
2026-09-04 08:00:00,TAS1,93.35682
2026-09-04 08:00:00,VIC1,98.10907
2026-09-04 08:05:00,NSW1,42.79998
2026-09-04 08:05:00,QLD1,0.00046
2026-09-04 08:05:00,SA1,139.01000
2026-09-04 08:05:00,TAS1,152.60663
2026-09-04 08:05:00,VIC1,159.77667
2026-09-04 08:10:00,NSW1,42.53990
2026-09-04 08:10:00,QLD1,0.01000
2026-09-04 08:10:00,SA1,156.55981
2026-09-04 08:10:00,TAS1,171.76669
2026-09-04 08:10:00,VIC1,180.50785
2026-09-04 08:15:00,NSW1,42.79998
2026-09-04 08:15:00,QLD1,-1.92000
2026-09-04 08:15:00,SA1,86.44000
2026-09-04 08:15:00,TAS1,93.49575
2026-09-04 08:15:00,VIC1,97.90508
2026-09-04 08:20:00,NSW1,24.99004
2026-09-04 08:20:00,QLD1,-1.92000
2026-09-04 08:20:00,SA1,61.96126
2026-09-04 08:20:00,TAS1,100.22000
2026-09-04 08:20:00,VIC1,69.31000
2026-09-04 08:25:00,NSW1,42.53990
2026-09-04 08:25:00,QLD1,-1.92000
2026-09-04 08:25:00,SA1,74.84870
2026-09-04 08:25:00,TAS1,100.22000
2026-09-04 08:25:00,VIC1,81.68000
2026-09-04 08:30:00,NSW1,23.51000
2026-09-04 08:30:00,QLD1,0.00000
2026-09-04 08:30:00,SA1,55.15806
2026-09-04 08:30:00,TAS1,83.22000
2026-09-04 08:30:00,VIC1,60.20520
2026-09-04 08:35:00,NSW1,42.79998
2026-09-04 08:35:00,QLD1,-1.31000
2026-09-04 08:35:00,SA1,42.16025
2026-09-04 08:35:00,TAS1,180.66974
2026-09-04 08:35:00,VIC1,46.40544
2026-09-04 08:40:00,NSW1,42.79998
2026-09-04 08:40:00,QLD1,-3.20000
2026-09-04 08:40:00,SA1,41.97594
2026-09-04 08:40:00,TAS1,83.22000
2026-09-04 08:40:00,VIC1,46.37606
2026-09-04 08:45:00,NSW1,23.51000
2026-09-04 08:45:00,QLD1,-1.31000
2026-09-04 08:45:00,SA1,76.75963
2026-09-04 08:45:00,TAS1,83.15000
2026-09-04 08:45:00,VIC1,83.38509
2026-09-04 08:50:00,NSW1,23.51000
2026-09-04 08:50:00,QLD1,-3.00000
2026-09-04 08:50:00,SA1,54.37040
2026-09-04 08:50:00,TAS1,59.20000
2026-09-04 08:50:00,VIC1,58.27661
2026-09-04 08:55:00,NSW1,23.51000
2026-09-04 08:55:00,QLD1,0.00046
2026-09-04 08:55:00,SA1,24.34845
2026-09-04 08:55:00,TAS1,26.93574
2026-09-04 08:55:00,VIC1,26.17913
2026-09-04 09:00:00,NSW1,23.51000
2026-09-04 09:00:00,QLD1,-3.00000
2026-09-04 09:00:00,SA1,23.70479
2026-09-04 09:00:00,TAS1,26.37724
2026-09-04 09:00:00,VIC1,25.71661
2026-09-04 09:05:00,NSW1,71.40035
2026-09-04 09:05:00,QLD1,-5.00000
2026-09-04 09:05:00,SA1,76.80688
2026-09-04 09:05:00,TAS1,83.22000
2026-09-04 09:05:00,VIC1,81.12422
2026-09-04 09:10:00,NSW1,23.51000
2026-09-04 09:10:00,QLD1,0.00001
2026-09-04 09:10:00,SA1,27.48279
2026-09-04 09:10:00,TAS1,30.18000
2026-09-04 09:10:00,VIC1,29.05110
2026-09-04 09:15:00,NSW1,21.06670
2026-09-04 09:15:00,QLD1,-3.00000
2026-09-04 09:15:00,SA1,20.60733
2026-09-04 09:15:00,TAS1,23.05489
2026-09-04 09:15:00,VIC1,22.12000
2026-09-04 09:20:00,NSW1,19.04805
2026-09-04 09:20:00,QLD1,-5.53000
2026-09-04 09:20:00,SA1,19.29398
2026-09-04 09:20:00,TAS1,21.55469
2026-09-04 09:20:00,VIC1,20.68000
2026-09-04 09:25:00,NSW1,20.35705
2026-09-04 09:25:00,QLD1,-3.30000
2026-09-04 09:25:00,SA1,20.34325
2026-09-04 09:25:00,TAS1,23.05529
2026-09-04 09:25:00,VIC1,22.12000
2026-09-04 09:30:00,NSW1,18.84665
2026-09-04 09:30:00,QLD1,-3.00000
2026-09-04 09:30:00,SA1,18.38394
2026-09-04 09:30:00,TAS1,21.22085
2026-09-04 09:30:00,VIC1,20.42000
2026-09-04 09:35:00,NSW1,23.51000
2026-09-04 09:35:00,QLD1,-3.21000
2026-09-04 09:35:00,SA1,0.00895
2026-09-04 09:35:00,TAS1,0.69062
2026-09-04 09:35:00,VIC1,0.01000
2026-09-04 09:40:00,NSW1,13.20028
2026-09-04 09:40:00,QLD1,-3.30000
2026-09-04 09:40:00,SA1,0.00887
2026-09-04 09:40:00,TAS1,0.34056
2026-09-04 09:40:00,VIC1,0.01000
2026-09-04 09:45:00,NSW1,23.51000
2026-09-04 09:45:00,QLD1,-4.09000
2026-09-04 09:45:00,SA1,-0.50576
2026-09-04 09:45:00,TAS1,-0.23082
2026-09-04 09:45:00,VIC1,-0.54992
2026-09-04 09:50:00,NSW1,0.00950
2026-09-04 09:50:00,QLD1,-5.00000
2026-09-04 09:50:00,SA1,0.00913
2026-09-04 09:50:00,TAS1,0.36056
2026-09-04 09:50:00,VIC1,0.01000
2026-09-04 09:55:00,NSW1,2.12000
2026-09-04 09:55:00,QLD1,-5.00000
2026-09-04 09:55:00,SA1,0.00936
2026-09-04 09:55:00,TAS1,0.75091
2026-09-04 09:55:00,VIC1,0.01030
2026-09-04 10:00:00,NSW1,13.20011
2026-09-04 10:00:00,QLD1,-5.00000
2026-09-04 10:00:00,SA1,-0.51037
2026-09-04 10:00:00,TAS1,15.09000
2026-09-04 10:00:00,VIC1,-0.54986
2026-09-04 10:05:00,NSW1,42.55000
2026-09-04 10:05:00,QLD1,-3.73000
2026-09-04 10:05:00,SA1,-0.51687
2026-09-04 10:05:00,TAS1,29.11000
2026-09-04 10:05:00,VIC1,-0.55000
2026-09-04 10:10:00,NSW1,2.12000
2026-09-04 10:10:00,QLD1,-4.09000
2026-09-04 10:10:00,SA1,0.00021
2026-09-04 10:10:00,TAS1,29.18000
2026-09-04 10:10:00,VIC1,0.00023
2026-09-04 10:15:00,NSW1,42.55000
2026-09-04 10:15:00,QLD1,-5.53000
2026-09-04 10:15:00,SA1,0.00000
2026-09-04 10:15:00,TAS1,0.00000
2026-09-04 10:15:00,VIC1,0.00000
2026-09-04 10:20:00,NSW1,13.20018
2026-09-04 10:20:00,QLD1,-5.53000
2026-09-04 10:20:00,SA1,0.00000
2026-09-04 10:20:00,TAS1,0.00000
2026-09-04 10:20:00,VIC1,0.00000
2026-09-04 10:25:00,NSW1,2.12000
2026-09-04 10:25:00,QLD1,-5.53000
2026-09-04 10:25:00,SA1,-1.10000
2026-09-04 10:25:00,TAS1,-4.61876
2026-09-04 10:25:00,VIC1,-4.41000
2026-09-04 10:30:00,NSW1,-0.99541
2026-09-04 10:30:00,QLD1,-6.00000
2026-09-04 10:30:00,SA1,-1.02000
2026-09-04 10:30:00,TAS1,-1.10875
2026-09-04 10:30:00,VIC1,-1.05852
2026-09-04 10:35:00,NSW1,7.50000
2026-09-04 10:35:00,QLD1,-5.73000
2026-09-04 10:35:00,SA1,7.79458
2026-09-04 10:35:00,TAS1,9.09850
2026-09-04 10:35:00,VIC1,7.85764
2026-09-04 10:40:00,NSW1,7.50000
2026-09-04 10:40:00,QLD1,-6.00000
2026-09-04 10:40:00,SA1,14.19000
2026-09-04 10:40:00,TAS1,15.09000
2026-09-04 10:40:00,VIC1,8.14959
2026-09-04 10:45:00,NSW1,7.50000
2026-09-04 10:45:00,QLD1,-5.53000
2026-09-04 10:45:00,SA1,7.04295
2026-09-04 10:45:00,TAS1,15.09000
2026-09-04 10:45:00,VIC1,7.04000
2026-09-04 10:50:00,NSW1,7.50000
2026-09-04 10:50:00,QLD1,-6.00000
2026-09-04 10:50:00,SA1,52.00000
2026-09-04 10:50:00,TAS1,8.16623
2026-09-04 10:50:00,VIC1,7.04000
2026-09-04 10:55:00,NSW1,7.50000
2026-09-04 10:55:00,QLD1,-6.00000
2026-09-04 10:55:00,SA1,0.01167
2026-09-04 10:55:00,TAS1,0.01111
2026-09-04 10:55:00,VIC1,0.01054
2026-09-04 11:00:00,NSW1,7.50000
2026-09-04 11:00:00,QLD1,-5.00000
2026-09-04 11:00:00,SA1,0.00990
2026-09-04 11:00:00,TAS1,0.01086
2026-09-04 11:00:00,VIC1,0.01030
2026-09-04 11:05:00,NSW1,7.50000
2026-09-04 11:05:00,QLD1,-5.00000
2026-09-04 11:05:00,SA1,0.00971
2026-09-04 11:05:00,TAS1,0.01057
2026-09-04 11:05:00,VIC1,0.01000
2026-09-04 11:10:00,NSW1,52.21000
2026-09-04 11:10:00,QLD1,-4.09000
2026-09-04 11:10:00,SA1,0.01061
2026-09-04 11:10:00,TAS1,0.01138
2026-09-04 11:10:00,VIC1,0.01079
2026-09-04 11:15:00,NSW1,13.20066
2026-09-04 11:15:00,QLD1,-5.00000
2026-09-04 11:15:00,SA1,0.01022
2026-09-04 11:15:00,TAS1,0.01086
2026-09-04 11:15:00,VIC1,0.01030
2026-09-04 11:20:00,NSW1,-0.49833
2026-09-04 11:20:00,QLD1,-5.00000
2026-09-04 11:20:00,SA1,-0.52907
2026-09-04 11:20:00,TAS1,-0.57986
2026-09-04 11:20:00,VIC1,-0.55000
2026-09-04 11:25:00,NSW1,6.51695
2026-09-04 11:25:00,QLD1,-5.99993
2026-09-04 11:25:00,SA1,7.09095
2026-09-04 11:25:00,TAS1,7.42116
2026-09-04 11:25:00,VIC1,7.04000
2026-09-04 11:30:00,NSW1,1.20000
2026-09-04 11:30:00,QLD1,-5.53000
2026-09-04 11:30:00,SA1,1.32741
2026-09-04 11:30:00,TAS1,1.36750
2026-09-04 11:30:00,VIC1,1.29729
2026-09-04 11:35:00,NSW1,0.00940
2026-09-04 11:35:00,QLD1,-6.00000
2026-09-04 11:35:00,SA1,0.03149
2026-09-04 11:35:00,TAS1,0.73088
2026-09-04 11:35:00,VIC1,0.01026
2026-09-04 11:40:00,NSW1,0.00906
2026-09-04 11:40:00,QLD1,-6.00000
2026-09-04 11:40:00,SA1,0.01024
2026-09-04 11:40:00,TAS1,0.06000
2026-09-04 11:40:00,VIC1,0.01000
2026-09-04 11:45:00,NSW1,0.00941
2026-09-04 11:45:00,QLD1,-5.53000
2026-09-04 11:45:00,SA1,0.01064
2026-09-04 11:45:00,TAS1,0.01082
2026-09-04 11:45:00,VIC1,0.01030
2026-09-04 11:50:00,NSW1,0.00916
2026-09-04 11:50:00,QLD1,-6.00000
2026-09-04 11:50:00,SA1,0.01036
2026-09-04 11:50:00,TAS1,0.01054
2026-09-04 11:50:00,VIC1,0.01000
2026-09-04 11:55:00,NSW1,-6.99591
2026-09-04 11:55:00,QLD1,-6.30000
2026-09-04 11:55:00,SA1,-0.56545
2026-09-04 11:55:00,TAS1,-0.57988
2026-09-04 11:55:00,VIC1,-0.55000
2026-09-04 12:00:00,NSW1,-0.50459
2026-09-04 12:00:00,QLD1,-5.53000
2026-09-04 12:00:00,SA1,-0.56077
2026-09-04 12:00:00,TAS1,15.09000
2026-09-04 12:00:00,VIC1,-0.54992
2026-09-04 12:05:00,NSW1,0.00000
2026-09-04 12:05:00,QLD1,-6.00000
2026-09-04 12:05:00,SA1,0.00000
2026-09-04 12:05:00,TAS1,15.02000
2026-09-04 12:05:00,VIC1,0.00000
2026-09-04 12:10:00,NSW1,0.00002
2026-09-04 12:10:00,QLD1,-7.50000
2026-09-04 12:10:00,SA1,0.00002
2026-09-04 12:10:00,TAS1,0.74002
2026-09-04 12:10:00,VIC1,0.00002
2026-09-04 12:15:00,NSW1,2.15279
2026-09-04 12:15:00,QLD1,-6.41000
2026-09-04 12:15:00,SA1,2.63463
2026-09-04 12:15:00,TAS1,3.32853
2026-09-04 12:15:00,VIC1,2.44980
2026-09-04 12:20:00,NSW1,-3.41526
2026-09-04 12:20:00,QLD1,-6.00000
2026-09-04 12:20:00,SA1,0.00006
2026-09-04 12:20:00,TAS1,0.73006
2026-09-04 12:20:00,VIC1,0.00005
2026-09-04 12:25:00,NSW1,-0.51620
2026-09-04 12:25:00,QLD1,-8.00000
2026-09-04 12:25:00,SA1,-0.54413
2026-09-04 12:25:00,TAS1,0.06000
2026-09-04 12:25:00,VIC1,-0.55000
2026-09-04 12:30:00,NSW1,0.00000
2026-09-04 12:30:00,QLD1,-8.00000
2026-09-04 12:30:00,SA1,0.00000
2026-09-04 12:30:00,TAS1,0.36000
2026-09-04 12:30:00,VIC1,0.00000
2026-09-04 12:35:00,NSW1,0.00000
2026-09-04 12:35:00,QLD1,-7.50000
2026-09-04 12:35:00,SA1,0.00000
2026-09-04 12:35:00,TAS1,0.72000
2026-09-04 12:35:00,VIC1,0.00000
2026-09-04 12:40:00,NSW1,0.00025
2026-09-04 12:40:00,QLD1,-6.00000
2026-09-04 12:40:00,SA1,0.00025
2026-09-04 12:40:00,TAS1,0.06000
2026-09-04 12:40:00,VIC1,0.00026
2026-09-04 12:45:00,NSW1,0.00002
2026-09-04 12:45:00,QLD1,-7.50000
2026-09-04 12:45:00,SA1,0.00002
2026-09-04 12:45:00,TAS1,0.06000
2026-09-04 12:45:00,VIC1,0.00002
2026-09-04 12:50:00,NSW1,0.00945
2026-09-04 12:50:00,QLD1,-8.00000
2026-09-04 12:50:00,SA1,0.00986
2026-09-04 12:50:00,TAS1,0.01051
2026-09-04 12:50:00,VIC1,0.01000
2026-09-04 12:55:00,NSW1,0.00967
2026-09-04 12:55:00,QLD1,-8.00000
2026-09-04 12:55:00,SA1,0.01010
2026-09-04 12:55:00,TAS1,0.01058
2026-09-04 12:55:00,VIC1,0.01004
2026-09-04 13:00:00,NSW1,0.00950
2026-09-04 13:00:00,QLD1,-5.99995
2026-09-04 13:00:00,SA1,0.00968
2026-09-04 13:00:00,TAS1,0.06000
2026-09-04 13:00:00,VIC1,0.01004
2026-09-04 13:05:00,NSW1,0.00971
2026-09-04 13:05:00,QLD1,-6.00000
2026-09-04 13:05:00,SA1,0.00935
2026-09-04 13:05:00,TAS1,0.75062
2026-09-04 13:05:00,VIC1,0.01004
2026-09-04 13:10:00,NSW1,0.00000
2026-09-04 13:10:00,QLD1,-8.00000
2026-09-04 13:10:00,SA1,0.00000
2026-09-04 13:10:00,TAS1,0.76000
2026-09-04 13:10:00,VIC1,0.00000
2026-09-04 13:15:00,NSW1,0.00000
2026-09-04 13:15:00,QLD1,-8.00000
2026-09-04 13:15:00,SA1,-1.02000
2026-09-04 13:15:00,TAS1,15.09000
2026-09-04 13:15:00,VIC1,0.00000
2026-09-04 13:20:00,NSW1,0.00025
2026-09-04 13:20:00,QLD1,-8.00000
2026-09-04 13:20:00,SA1,0.00023
2026-09-04 13:20:00,TAS1,14.02000
2026-09-04 13:20:00,VIC1,0.00025
2026-09-04 13:25:00,NSW1,1.44777
2026-09-04 13:25:00,QLD1,-7.99996
2026-09-04 13:25:00,SA1,1.31385
2026-09-04 13:25:00,TAS1,14.02000
2026-09-04 13:25:00,VIC1,1.43000
2026-09-04 13:30:00,NSW1,0.01008
2026-09-04 13:30:00,QLD1,-5.99995
2026-09-04 13:30:00,SA1,0.00894
2026-09-04 13:30:00,TAS1,2.65068
2026-09-04 13:30:00,VIC1,0.01004
2026-09-04 13:35:00,NSW1,0.01056
2026-09-04 13:35:00,QLD1,-6.00000
2026-09-04 13:35:00,SA1,0.00958
2026-09-04 13:35:00,TAS1,14.02000
2026-09-04 13:35:00,VIC1,0.01053
2026-09-04 13:40:00,NSW1,5.17550
2026-09-04 13:40:00,QLD1,-6.00000
2026-09-04 13:40:00,SA1,4.75095
2026-09-04 13:40:00,TAS1,14.02000
2026-09-04 13:40:00,VIC1,5.05000
2026-09-04 13:45:00,NSW1,1.47193
2026-09-04 13:45:00,QLD1,-6.00000
2026-09-04 13:45:00,SA1,1.36305
2026-09-04 13:45:00,TAS1,2.25183
2026-09-04 13:45:00,VIC1,1.43000
2026-09-04 13:50:00,NSW1,7.13283
2026-09-04 13:50:00,QLD1,-6.00000
2026-09-04 13:50:00,SA1,6.57925
2026-09-04 13:50:00,TAS1,7.25951
2026-09-04 13:50:00,VIC1,6.91000
2026-09-04 13:55:00,NSW1,4.55295
2026-09-04 13:55:00,QLD1,-6.00000
2026-09-04 13:55:00,SA1,4.20843
2026-09-04 13:55:00,TAS1,4.65839
2026-09-04 13:55:00,VIC1,4.42000
2026-09-04 14:00:00,NSW1,0.01018
2026-09-04 14:00:00,QLD1,-6.00000
2026-09-04 14:00:00,SA1,0.00959
2026-09-04 14:00:00,TAS1,0.01055
2026-09-04 14:00:00,VIC1,0.01004
2026-09-04 14:05:00,NSW1,0.45022
2026-09-04 14:05:00,QLD1,-6.00000
2026-09-04 14:05:00,SA1,0.42049
2026-09-04 14:05:00,TAS1,0.46375
2026-09-04 14:05:00,VIC1,0.44000
2026-09-04 14:10:00,NSW1,0.01069
2026-09-04 14:10:00,QLD1,-6.14000
2026-09-04 14:10:00,SA1,0.01002
2026-09-04 14:10:00,TAS1,0.01080
2026-09-04 14:10:00,VIC1,0.01034
2026-09-04 14:15:00,NSW1,1.41437
2026-09-04 14:15:00,QLD1,-5.00000
2026-09-04 14:15:00,SA1,1.32701
2026-09-04 14:15:00,TAS1,1.45718
2026-09-04 14:15:00,VIC1,1.40000
2026-09-04 14:20:00,NSW1,1.40386
2026-09-04 14:20:00,QLD1,-6.00000
2026-09-04 14:20:00,SA1,1.28544
2026-09-04 14:20:00,TAS1,1.45680
2026-09-04 14:20:00,VIC1,1.40000
2026-09-04 14:25:00,NSW1,0.00991
2026-09-04 14:25:00,QLD1,-6.00000
2026-09-04 14:25:00,SA1,0.00931
2026-09-04 14:25:00,TAS1,0.01054
2026-09-04 14:25:00,VIC1,0.01004
2026-09-04 14:30:00,NSW1,0.00974
2026-09-04 14:30:00,QLD1,-6.49000
2026-09-04 14:30:00,SA1,0.00935
2026-09-04 14:30:00,TAS1,0.01058
2026-09-04 14:30:00,VIC1,0.01004
2026-09-04 14:35:00,NSW1,0.01007
2026-09-04 14:35:00,QLD1,-7.50000
2026-09-04 14:35:00,SA1,0.00931
2026-09-04 14:35:00,TAS1,0.06000
2026-09-04 14:35:00,VIC1,0.01004
2026-09-04 14:40:00,NSW1,1.20000
2026-09-04 14:40:00,QLD1,-7.50000
2026-09-04 14:40:00,SA1,1.11078
2026-09-04 14:40:00,TAS1,1.26952
2026-09-04 14:40:00,VIC1,1.20530
2026-09-04 14:45:00,NSW1,0.01017
2026-09-04 14:45:00,QLD1,-6.00000
2026-09-04 14:45:00,SA1,0.00907
2026-09-04 14:45:00,TAS1,0.74061
2026-09-04 14:45:00,VIC1,0.01004
2026-09-04 14:50:00,NSW1,0.00995
2026-09-04 14:50:00,QLD1,-5.00000
2026-09-04 14:50:00,SA1,0.00901
2026-09-04 14:50:00,TAS1,0.74061
2026-09-04 14:50:00,VIC1,0.01004
2026-09-04 14:55:00,NSW1,0.57674
2026-09-04 14:55:00,QLD1,-5.00000
2026-09-04 14:55:00,SA1,0.53906
2026-09-04 14:55:00,TAS1,14.02000
2026-09-04 14:55:00,VIC1,0.58819
2026-09-04 15:00:00,NSW1,2.39499
2026-09-04 15:00:00,QLD1,-5.00000
2026-09-04 15:00:00,SA1,2.10000
2026-09-04 15:00:00,TAS1,15.09000
2026-09-04 15:00:00,VIC1,2.35695
2026-09-04 15:05:00,NSW1,0.01041
2026-09-04 15:05:00,QLD1,-3.20000
2026-09-04 15:05:00,SA1,0.00879
2026-09-04 15:05:00,TAS1,14.02000
2026-09-04 15:05:00,VIC1,0.01004
2026-09-04 15:10:00,NSW1,-2.07000
2026-09-04 15:10:00,QLD1,-2.99990
2026-09-04 15:10:00,SA1,-1.78085
2026-09-04 15:10:00,TAS1,-1.45959
2026-09-04 15:10:00,VIC1,-2.03837
2026-09-04 15:15:00,NSW1,0.01062
2026-09-04 15:15:00,QLD1,-4.09000
2026-09-04 15:15:00,SA1,-5.75797
2026-09-04 15:15:00,TAS1,15.09000
2026-09-04 15:15:00,VIC1,0.01000
2026-09-04 15:20:00,NSW1,0.01021
2026-09-04 15:20:00,QLD1,-5.00000
2026-09-04 15:20:00,SA1,-4.49737
2026-09-04 15:20:00,TAS1,15.09000
2026-09-04 15:20:00,VIC1,0.01000
2026-09-04 15:25:00,NSW1,0.01032
2026-09-04 15:25:00,QLD1,-5.00000
2026-09-04 15:25:00,SA1,-4.49359
2026-09-04 15:25:00,TAS1,0.75059
2026-09-04 15:25:00,VIC1,0.01000
2026-09-04 15:30:00,NSW1,0.01050
2026-09-04 15:30:00,QLD1,0.00000
2026-09-04 15:30:00,SA1,-4.36820
2026-09-04 15:30:00,TAS1,15.09000
2026-09-04 15:30:00,VIC1,0.01000
2026-09-04 15:35:00,NSW1,-1.03112
2026-09-04 15:35:00,QLD1,-0.89231
2026-09-04 15:35:00,SA1,-1.09992
2026-09-04 15:35:00,TAS1,15.09000
2026-09-04 15:35:00,VIC1,-0.96036
2026-09-04 15:40:00,NSW1,0.00010
2026-09-04 15:40:00,QLD1,0.00000
2026-09-04 15:40:00,SA1,-1.09992
2026-09-04 15:40:00,TAS1,17.09000
2026-09-04 15:40:00,VIC1,0.00010
2026-09-04 15:45:00,NSW1,0.00011
2026-09-04 15:45:00,QLD1,0.00010
2026-09-04 15:45:00,SA1,-1.09992
2026-09-04 15:45:00,TAS1,30.12000
2026-09-04 15:45:00,VIC1,0.00010
2026-09-04 15:50:00,NSW1,0.01124
2026-09-04 15:50:00,QLD1,0.00005
2026-09-04 15:50:00,SA1,-0.00493
2026-09-04 15:50:00,TAS1,30.12000
2026-09-04 15:50:00,VIC1,0.01000
2026-09-04 15:55:00,NSW1,0.01149
2026-09-04 15:55:00,QLD1,0.00002
2026-09-04 15:55:00,SA1,-2.32610
2026-09-04 15:55:00,TAS1,29.12000
2026-09-04 15:55:00,VIC1,0.01000
2026-09-04 16:00:00,NSW1,42.54015
2026-09-04 16:00:00,QLD1,37.24054
2026-09-04 16:00:00,SA1,-1.09992
2026-09-04 16:00:00,TAS1,0.76062
2026-09-04 16:00:00,VIC1,0.01000
2026-09-04 16:05:00,NSW1,0.61085
2026-09-04 16:05:00,QLD1,0.57413
2026-09-04 16:05:00,SA1,-4.03339
2026-09-04 16:05:00,TAS1,0.01056
2026-09-04 16:05:00,VIC1,0.01000
2026-09-04 16:10:00,NSW1,0.61882
2026-09-04 16:10:00,QLD1,0.57423
2026-09-04 16:10:00,SA1,0.44231
2026-09-04 16:10:00,TAS1,0.56750
2026-09-04 16:10:00,VIC1,0.54109
2026-09-04 16:15:00,NSW1,42.52003
2026-09-04 16:15:00,QLD1,39.24264
2026-09-04 16:15:00,SA1,-1.05000
2026-09-04 16:15:00,TAS1,10.85556
2026-09-04 16:15:00,VIC1,10.35000
2026-09-04 16:20:00,NSW1,53.75753
2026-09-04 16:20:00,QLD1,49.33928
2026-09-04 16:20:00,SA1,-1.02000
2026-09-04 16:20:00,TAS1,48.91520
2026-09-04 16:20:00,VIC1,46.50000
2026-09-04 16:25:00,NSW1,65.09162
2026-09-04 16:25:00,QLD1,61.17306
2026-09-04 16:25:00,SA1,7.96000
2026-09-04 16:25:00,TAS1,59.15000
2026-09-04 16:25:00,VIC1,56.05731
2026-09-04 16:30:00,NSW1,88.47277
2026-09-04 16:30:00,QLD1,83.73000
2026-09-04 16:30:00,SA1,13.93723
2026-09-04 16:30:00,TAS1,54.70739
2026-09-04 16:30:00,VIC1,33.27000
2026-09-04 16:35:00,NSW1,64.94000
2026-09-04 16:35:00,QLD1,62.16343
2026-09-04 16:35:00,SA1,7.96000
2026-09-04 16:35:00,TAS1,11.04486
2026-09-04 16:35:00,VIC1,10.50000
2026-09-04 16:40:00,NSW1,64.94000
2026-09-04 16:40:00,QLD1,61.53507
2026-09-04 16:40:00,SA1,11.90225
2026-09-04 16:40:00,TAS1,18.50742
2026-09-04 16:40:00,VIC1,7.48000
2026-09-04 16:45:00,NSW1,71.38000
2026-09-04 16:45:00,QLD1,69.69000
2026-09-04 16:45:00,SA1,7.96000
2026-09-04 16:45:00,TAS1,33.24875
2026-09-04 16:45:00,VIC1,10.49974
2026-09-04 16:50:00,NSW1,71.40000
2026-09-04 16:50:00,QLD1,69.69000
2026-09-04 16:50:00,SA1,7.96000
2026-09-04 16:50:00,TAS1,33.24215
2026-09-04 16:50:00,VIC1,10.50000
2026-09-04 16:55:00,NSW1,71.40000
2026-09-04 16:55:00,QLD1,70.99000
2026-09-04 16:55:00,SA1,33.55925
2026-09-04 16:55:00,TAS1,33.20560
2026-09-04 16:55:00,VIC1,10.50000
2026-09-04 17:00:00,NSW1,72.82788
2026-09-04 17:00:00,QLD1,72.50000
2026-09-04 17:00:00,SA1,7.95000
2026-09-04 17:00:00,TAS1,33.76964
2026-09-04 17:00:00,VIC1,10.50000
2026-09-04 17:05:00,NSW1,71.40000
2026-09-04 17:05:00,QLD1,72.05195
2026-09-04 17:05:00,SA1,33.75106
2026-09-04 17:05:00,TAS1,33.04818
2026-09-04 17:05:00,VIC1,10.50000
2026-09-04 17:10:00,NSW1,71.38000
2026-09-04 17:10:00,QLD1,70.99000
2026-09-04 17:10:00,SA1,7.74854
2026-09-04 17:10:00,TAS1,32.67960
2026-09-04 17:10:00,VIC1,10.50000
2026-09-04 17:15:00,NSW1,71.38000
2026-09-04 17:15:00,QLD1,71.09734
2026-09-04 17:15:00,SA1,-1.09992
2026-09-04 17:15:00,TAS1,32.68444
2026-09-04 17:15:00,VIC1,10.50000
2026-09-04 17:20:00,NSW1,73.12510
2026-09-04 17:20:00,QLD1,72.50000
2026-09-04 17:20:00,SA1,28.02411
2026-09-04 17:20:00,TAS1,52.29780
2026-09-04 17:20:00,VIC1,36.43308
2026-09-04 17:25:00,NSW1,71.40000
2026-09-04 17:25:00,QLD1,71.68000
2026-09-04 17:25:00,SA1,6.74111
2026-09-04 17:25:00,TAS1,60.99366
2026-09-04 17:25:00,VIC1,46.30597
2026-09-04 17:30:00,NSW1,79.28228
2026-09-04 17:30:00,QLD1,78.55000
2026-09-04 17:30:00,SA1,21.34543
2026-09-04 17:30:00,TAS1,42.92742
2026-09-04 17:30:00,VIC1,16.03081
2026-09-04 17:35:00,NSW1,71.40000
2026-09-04 17:35:00,QLD1,74.00000
2026-09-04 17:35:00,SA1,23.04720
2026-09-04 17:35:00,TAS1,37.39660
2026-09-04 17:35:00,VIC1,13.55757
2026-09-04 17:40:00,NSW1,71.40000
2026-09-04 17:40:00,QLD1,72.50000
2026-09-04 17:40:00,SA1,22.58751
2026-09-04 17:40:00,TAS1,37.95754
2026-09-04 17:40:00,VIC1,14.01921
2026-09-04 17:45:00,NSW1,71.38000
2026-09-04 17:45:00,QLD1,72.52719
2026-09-04 17:45:00,SA1,13.83092
2026-09-04 17:45:00,TAS1,30.14000
2026-09-04 17:45:00,VIC1,0.13248
2026-09-04 17:50:00,NSW1,71.38000
2026-09-04 17:50:00,QLD1,71.68000
2026-09-04 17:50:00,SA1,-14.22220
2026-09-04 17:50:00,TAS1,15.62635
2026-09-04 17:50:00,VIC1,-29.03519
2026-09-04 17:55:00,NSW1,71.38000
2026-09-04 17:55:00,QLD1,72.50000
2026-09-04 17:55:00,SA1,22.97504
2026-09-04 17:55:00,TAS1,38.71082
2026-09-04 17:55:00,VIC1,15.30261
2026-09-04 18:00:00,NSW1,71.40000
2026-09-04 18:00:00,QLD1,72.15620
2026-09-04 18:00:00,SA1,23.18297
2026-09-04 18:00:00,TAS1,38.66607
2026-09-04 18:00:00,VIC1,15.30520
2026-09-04 18:05:00,NSW1,71.40000
2026-09-04 18:05:00,QLD1,71.21201
2026-09-04 18:05:00,SA1,11.16437
2026-09-04 18:05:00,TAS1,33.08000
2026-09-04 18:05:00,VIC1,3.43541
2026-09-04 18:10:00,NSW1,77.30526
2026-09-04 18:10:00,QLD1,74.00000
2026-09-04 18:10:00,SA1,-7.34114
2026-09-04 18:10:00,TAS1,17.09000
2026-09-04 18:10:00,VIC1,-29.11691
2026-09-04 18:15:00,NSW1,65.50000
2026-09-04 18:15:00,QLD1,66.19426
2026-09-04 18:15:00,SA1,21.01220
2026-09-04 18:15:00,TAS1,34.90565
2026-09-04 18:15:00,VIC1,13.10974
2026-09-04 18:20:00,NSW1,72.50801
2026-09-04 18:20:00,QLD1,70.93000
2026-09-04 18:20:00,SA1,-2.12308
2026-09-04 18:20:00,TAS1,40.35046
2026-09-04 18:20:00,VIC1,8.94000
2026-09-04 18:25:00,NSW1,73.03373
2026-09-04 18:25:00,QLD1,70.99000
2026-09-04 18:25:00,SA1,-1.92069
2026-09-04 18:25:00,TAS1,41.90136
2026-09-04 18:25:00,VIC1,10.64996
2026-09-04 18:30:00,NSW1,72.54889
2026-09-04 18:30:00,QLD1,70.99000
2026-09-04 18:30:00,SA1,-5.64964
2026-09-04 18:30:00,TAS1,43.63093
2026-09-04 18:30:00,VIC1,12.50000
2026-09-04 18:35:00,NSW1,71.38000
2026-09-04 18:35:00,QLD1,69.82433
2026-09-04 18:35:00,SA1,-2.21497
2026-09-04 18:35:00,TAS1,41.10341
2026-09-04 18:35:00,VIC1,10.64996
2026-09-04 18:40:00,NSW1,71.38000
2026-09-04 18:40:00,QLD1,69.69000
2026-09-04 18:40:00,SA1,-6.48624
2026-09-04 18:40:00,TAS1,41.83557
2026-09-04 18:40:00,VIC1,10.65002
2026-09-04 18:45:00,NSW1,64.94000
2026-09-04 18:45:00,QLD1,64.76921
2026-09-04 18:45:00,SA1,-9.82500
2026-09-04 18:45:00,TAS1,39.43982
2026-09-04 18:45:00,VIC1,10.64996
2026-09-04 18:50:00,NSW1,65.50000
2026-09-04 18:50:00,QLD1,64.47480
2026-09-04 18:50:00,SA1,-18.88000
2026-09-04 18:50:00,TAS1,41.43116
2026-09-04 18:50:00,VIC1,10.64996
2026-09-04 18:55:00,NSW1,71.38000
2026-09-04 18:55:00,QLD1,69.69000
2026-09-04 18:55:00,SA1,-14.99000
2026-09-04 18:55:00,TAS1,45.57389
2026-09-04 18:55:00,VIC1,14.04000
2026-09-04 19:00:00,NSW1,65.50000
2026-09-04 19:00:00,QLD1,63.95033
2026-09-04 19:00:00,SA1,-18.55000
2026-09-04 19:00:00,TAS1,41.14286
2026-09-04 19:00:00,VIC1,10.64992
2026-09-04 19:05:00,NSW1,64.94981
2026-09-04 19:05:00,QLD1,63.43132
2026-09-04 19:05:00,SA1,-7.01000
2026-09-04 19:05:00,TAS1,15.14000
2026-09-04 19:05:00,VIC1,-23.02478
2026-09-04 19:10:00,NSW1,65.00000
2026-09-04 19:10:00,QLD1,64.70790
2026-09-04 19:10:00,SA1,8.51000
2026-09-04 19:10:00,TAS1,41.76932
2026-09-04 19:10:00,VIC1,20.35929
2026-09-04 19:15:00,NSW1,71.38000
2026-09-04 19:15:00,QLD1,69.64135
2026-09-04 19:15:00,SA1,0.03600
2026-09-04 19:15:00,TAS1,40.22596
2026-09-04 19:15:00,VIC1,10.64992
2026-09-04 19:20:00,NSW1,70.96963
2026-09-04 19:20:00,QLD1,69.69000
2026-09-04 19:20:00,SA1,-69.67000
2026-09-04 19:20:00,TAS1,64.25751
2026-09-04 19:20:00,VIC1,10.64992
2026-09-04 19:25:00,NSW1,65.50000
2026-09-04 19:25:00,QLD1,64.66469
2026-09-04 19:25:00,SA1,-21.00000
2026-09-04 19:25:00,TAS1,39.25767
2026-09-04 19:25:00,VIC1,6.94004
2026-09-04 19:30:00,NSW1,65.50000
2026-09-04 19:30:00,QLD1,65.07434
2026-09-04 19:30:00,SA1,13.38373
2026-09-04 19:30:00,TAS1,39.06325
2026-09-04 19:30:00,VIC1,17.40779
2026-09-04 19:35:00,NSW1,75.96010
2026-09-04 19:35:00,QLD1,74.00000
2026-09-04 19:35:00,SA1,-59.00000
2026-09-04 19:35:00,TAS1,15.09000
2026-09-04 19:35:00,VIC1,-60.90557
2026-09-04 19:40:00,NSW1,64.94981
2026-09-04 19:40:00,QLD1,64.95000
2026-09-04 19:40:00,SA1,0.12042
2026-09-04 19:40:00,TAS1,45.24329
2026-09-04 19:40:00,VIC1,22.48468
2026-09-04 19:45:00,NSW1,64.94991
2026-09-04 19:45:00,QLD1,65.31132
2026-09-04 19:45:00,SA1,1.52271
2026-09-04 19:45:00,TAS1,-13.33138
2026-09-04 19:45:00,VIC1,-60.84183
2026-09-04 19:50:00,NSW1,64.94000
2026-09-04 19:50:00,QLD1,65.29497
2026-09-04 19:50:00,SA1,16.26208
2026-09-04 19:50:00,TAS1,33.42579
2026-09-04 19:50:00,VIC1,10.65000
2026-09-04 19:55:00,NSW1,65.50000
2026-09-04 19:55:00,QLD1,65.83752
2026-09-04 19:55:00,SA1,12.81588
2026-09-04 19:55:00,TAS1,16.09000
2026-09-04 19:55:00,VIC1,-8.34920
2026-09-04 20:00:00,NSW1,64.94000
2026-09-04 20:00:00,QLD1,64.83227
2026-09-04 20:00:00,SA1,8.51000
2026-09-04 20:00:00,TAS1,32.04737
2026-09-04 20:00:00,VIC1,8.71210
2026-09-04 20:05:00,NSW1,64.94991
2026-09-04 20:05:00,QLD1,64.84435
2026-09-04 20:05:00,SA1,8.56000
2026-09-04 20:05:00,TAS1,-3.33803
2026-09-04 20:05:00,VIC1,-48.15502
2026-09-04 20:10:00,NSW1,64.94000
2026-09-04 20:10:00,QLD1,64.38356
2026-09-04 20:10:00,SA1,8.58000
2026-09-04 20:10:00,TAS1,17.09000
2026-09-04 20:10:00,VIC1,-2.99000
2026-09-04 20:15:00,NSW1,64.89000
2026-09-04 20:15:00,QLD1,64.32405
2026-09-04 20:15:00,SA1,8.98998
2026-09-04 20:15:00,TAS1,19.72196
2026-09-04 20:15:00,VIC1,-10.53414
2026-09-04 20:20:00,NSW1,64.94000
2026-09-04 20:20:00,QLD1,63.93588
2026-09-04 20:20:00,SA1,27.87790
2026-09-04 20:20:00,TAS1,24.69292
2026-09-04 20:20:00,VIC1,0.01000
2026-09-04 20:25:00,NSW1,64.94000
2026-09-04 20:25:00,QLD1,63.73000
2026-09-04 20:25:00,SA1,25.69437
2026-09-04 20:25:00,TAS1,21.58973
2026-09-04 20:25:00,VIC1,-5.00000
2026-09-04 20:30:00,NSW1,64.94000
2026-09-04 20:30:00,QLD1,63.73000
2026-09-04 20:30:00,SA1,16.29809
2026-09-04 20:30:00,TAS1,24.47266
2026-09-04 20:30:00,VIC1,-2.99000
2026-09-04 20:35:00,NSW1,71.40000
2026-09-04 20:35:00,QLD1,70.28212
2026-09-04 20:35:00,SA1,20.52066
2026-09-04 20:35:00,TAS1,15.09000
2026-09-04 20:35:00,VIC1,-20.13911
2026-09-04 20:40:00,NSW1,65.50000
2026-09-04 20:40:00,QLD1,64.95000
2026-09-04 20:40:00,SA1,27.84690
2026-09-04 20:40:00,TAS1,24.79643
2026-09-04 20:40:00,VIC1,0.01008
2026-09-04 20:45:00,NSW1,65.50000
2026-09-04 20:45:00,QLD1,64.95000
2026-09-04 20:45:00,SA1,25.78934
2026-09-04 20:45:00,TAS1,21.83579
2026-09-04 20:45:00,VIC1,-5.00000
2026-09-04 20:50:00,NSW1,64.94000
2026-09-04 20:50:00,QLD1,65.59940
2026-09-04 20:50:00,SA1,11.99369
2026-09-04 20:50:00,TAS1,16.84462
2026-09-04 20:50:00,VIC1,-10.76584
2026-09-04 20:55:00,NSW1,65.50000
2026-09-04 20:55:00,QLD1,64.95000
2026-09-04 20:55:00,SA1,25.82213
2026-09-04 20:55:00,TAS1,21.79938
2026-09-04 20:55:00,VIC1,-5.00000
2026-09-04 21:00:00,NSW1,71.40000
2026-09-04 21:00:00,QLD1,70.29899
2026-09-04 21:00:00,SA1,28.46330
2026-09-04 21:00:00,TAS1,23.98271
2026-09-04 21:00:00,VIC1,-5.00000
2026-09-04 21:05:00,NSW1,65.50000
2026-09-04 21:05:00,QLD1,64.95000
2026-09-04 21:05:00,SA1,24.61380
2026-09-04 21:05:00,TAS1,23.06336
2026-09-04 21:05:00,VIC1,-2.99000
2026-09-04 21:10:00,NSW1,71.40000
2026-09-04 21:10:00,QLD1,71.68658
2026-09-04 21:10:00,SA1,22.25081
2026-09-04 21:10:00,TAS1,15.10000
2026-09-04 21:10:00,VIC1,-19.46317
2026-09-04 21:15:00,NSW1,71.40000
2026-09-04 21:15:00,QLD1,71.68000
2026-09-04 21:15:00,SA1,28.26726
2026-09-04 21:15:00,TAS1,19.62780
2026-09-04 21:15:00,VIC1,-5.00000
2026-09-04 21:20:00,NSW1,62.74571
2026-09-04 21:20:00,QLD1,63.73000
2026-09-04 21:20:00,SA1,24.74042
2026-09-04 21:20:00,TAS1,17.04737
2026-09-04 21:20:00,VIC1,-5.00000
2026-09-04 21:25:00,NSW1,65.50000
2026-09-04 21:25:00,QLD1,64.95000
2026-09-04 21:25:00,SA1,25.65087
2026-09-04 21:25:00,TAS1,16.09000
2026-09-04 21:25:00,VIC1,-5.00000
2026-09-04 21:30:00,NSW1,65.00000
2026-09-04 21:30:00,QLD1,63.73000
2026-09-04 21:30:00,SA1,25.58043
2026-09-04 21:30:00,TAS1,16.09000
2026-09-04 21:30:00,VIC1,-5.00000
2026-09-04 21:35:00,NSW1,65.00000
2026-09-04 21:35:00,QLD1,64.95000
2026-09-04 21:35:00,SA1,25.49225
2026-09-04 21:35:00,TAS1,21.32464
2026-09-04 21:35:00,VIC1,-5.00000
2026-09-04 21:40:00,NSW1,62.81091
2026-09-04 21:40:00,QLD1,63.73000
2026-09-04 21:40:00,SA1,24.50451
2026-09-04 21:40:00,TAS1,20.52737
2026-09-04 21:40:00,VIC1,-5.00000
2026-09-04 21:45:00,NSW1,62.40283
2026-09-04 21:45:00,QLD1,63.73000
2026-09-04 21:45:00,SA1,20.96787
2026-09-04 21:45:00,TAS1,15.14000
2026-09-04 21:45:00,VIC1,-13.88855
2026-09-04 21:50:00,NSW1,64.94000
2026-09-04 21:50:00,QLD1,63.73000
2026-09-04 21:50:00,SA1,21.44041
2026-09-04 21:50:00,TAS1,15.12000
2026-09-04 21:50:00,VIC1,-15.28327
2026-09-04 21:55:00,NSW1,65.50000
2026-09-04 21:55:00,QLD1,65.56811
2026-09-04 21:55:00,SA1,25.67283
2026-09-04 21:55:00,TAS1,17.09000
2026-09-04 21:55:00,VIC1,-5.00000
2026-09-04 22:00:00,NSW1,64.94000
2026-09-04 22:00:00,QLD1,64.52285
2026-09-04 22:00:00,SA1,21.33227
2026-09-04 22:00:00,TAS1,15.14000
2026-09-04 22:00:00,VIC1,-15.48671
2026-09-04 22:05:00,NSW1,65.50000
2026-09-04 22:05:00,QLD1,68.49613
2026-09-04 22:05:00,SA1,18.48682
2026-09-04 22:05:00,TAS1,15.12000
2026-09-04 22:05:00,VIC1,-5.00000
2026-09-04 22:10:00,NSW1,65.50000
2026-09-04 22:10:00,QLD1,66.22319
2026-09-04 22:10:00,SA1,0.82192
2026-09-04 22:10:00,TAS1,0.06000
2026-09-04 22:10:00,VIC1,-5.00000
2026-09-04 22:15:00,NSW1,71.40000
2026-09-04 22:15:00,QLD1,72.50000
2026-09-04 22:15:00,SA1,0.43622
2026-09-04 22:15:00,TAS1,-0.73224
2026-09-04 22:15:00,VIC1,-6.67000
2026-09-04 22:20:00,NSW1,71.40000
2026-09-04 22:20:00,QLD1,71.68000
2026-09-04 22:20:00,SA1,0.43625
2026-09-04 22:20:00,TAS1,-0.72103
2026-09-04 22:20:00,VIC1,-6.67000
2026-09-04 22:25:00,NSW1,65.50000
2026-09-04 22:25:00,QLD1,66.57183
2026-09-04 22:25:00,SA1,0.44352
2026-09-04 22:25:00,TAS1,-0.74408
2026-09-04 22:25:00,VIC1,-6.67000
2026-09-04 22:30:00,NSW1,71.40000
2026-09-04 22:30:00,QLD1,74.44481
2026-09-04 22:30:00,SA1,-1.02000
2026-09-04 22:30:00,TAS1,-1.58078
2026-09-04 22:30:00,VIC1,-5.00000
2026-09-04 22:35:00,NSW1,71.40000
2026-09-04 22:35:00,QLD1,73.92383
2026-09-04 22:35:00,SA1,-0.49134
2026-09-04 22:35:00,TAS1,0.10948
2026-09-04 22:35:00,VIC1,-0.55000
2026-09-04 22:40:00,NSW1,71.40000
2026-09-04 22:40:00,QLD1,73.43415
2026-09-04 22:40:00,SA1,-0.48960
2026-09-04 22:40:00,TAS1,0.15587
2026-09-04 22:40:00,VIC1,-0.55000
2026-09-04 22:45:00,NSW1,71.40000
2026-09-04 22:45:00,QLD1,72.50000
2026-09-04 22:45:00,SA1,-0.48680
2026-09-04 22:45:00,TAS1,0.13769
2026-09-04 22:45:00,VIC1,-0.55000
2026-09-04 22:50:00,NSW1,82.90000
2026-09-04 22:50:00,QLD1,82.19135
2026-09-04 22:50:00,SA1,-0.48707
2026-09-04 22:50:00,TAS1,0.13939
2026-09-04 22:50:00,VIC1,-0.55000
2026-09-04 22:55:00,NSW1,65.72012
2026-09-04 22:55:00,QLD1,67.12000
2026-09-04 22:55:00,SA1,-1.02000
2026-09-04 22:55:00,TAS1,-0.52921
2026-09-04 22:55:00,VIC1,-1.15124
2026-09-04 23:00:00,NSW1,71.40000
2026-09-04 23:00:00,QLD1,72.40347
2026-09-04 23:00:00,SA1,-1.04000
2026-09-04 23:00:00,TAS1,-0.57041
2026-09-04 23:00:00,VIC1,-1.17491
2026-09-04 23:05:00,NSW1,71.40000
2026-09-04 23:05:00,QLD1,72.88691
2026-09-04 23:05:00,SA1,-0.48261
2026-09-04 23:05:00,TAS1,2.10579
2026-09-04 23:05:00,VIC1,-0.55000
2026-09-04 23:10:00,NSW1,71.40000
2026-09-04 23:10:00,QLD1,73.38180
2026-09-04 23:10:00,SA1,-1.02000
2026-09-04 23:10:00,TAS1,-0.53703
2026-09-04 23:10:00,VIC1,-1.15890
2026-09-04 23:15:00,NSW1,71.40000
2026-09-04 23:15:00,QLD1,72.91176
2026-09-04 23:15:00,SA1,0.00875
2026-09-04 23:15:00,TAS1,0.72062
2026-09-04 23:15:00,VIC1,0.01000
2026-09-04 23:20:00,NSW1,67.76458
2026-09-04 23:20:00,QLD1,69.69000
2026-09-04 23:20:00,SA1,0.00020
2026-09-04 23:20:00,TAS1,0.69024
2026-09-04 23:20:00,VIC1,0.00022
2026-09-04 23:25:00,NSW1,71.40000
2026-09-04 23:25:00,QLD1,72.50000
2026-09-04 23:25:00,SA1,0.22858
2026-09-04 23:25:00,TAS1,-0.52015
2026-09-04 23:25:00,VIC1,-5.00000
2026-09-04 23:30:00,NSW1,82.90000
2026-09-04 23:30:00,QLD1,81.89772
2026-09-04 23:30:00,SA1,-1.02000
2026-09-04 23:30:00,TAS1,-0.91644
2026-09-04 23:30:00,VIC1,-5.00000
2026-09-04 23:35:00,NSW1,71.40000
2026-09-04 23:35:00,QLD1,72.38822
2026-09-04 23:35:00,SA1,-4.54646
2026-09-04 23:35:00,TAS1,14.09000
2026-09-04 23:35:00,VIC1,-5.00000
2026-09-04 23:40:00,NSW1,83.99020
2026-09-04 23:40:00,QLD1,82.45596
2026-09-04 23:40:00,SA1,0.00020
2026-09-04 23:40:00,TAS1,14.09000
2026-09-04 23:40:00,VIC1,0.00022
2026-09-04 23:45:00,NSW1,65.50000
2026-09-04 23:45:00,QLD1,66.41170
2026-09-04 23:45:00,SA1,-0.48697
2026-09-04 23:45:00,TAS1,14.09000
2026-09-04 23:45:00,VIC1,-0.55000
2026-09-04 23:50:00,NSW1,65.00000
2026-09-04 23:50:00,QLD1,65.41345
2026-09-04 23:50:00,SA1,-0.49440
2026-09-04 23:50:00,TAS1,14.09000
2026-09-04 23:50:00,VIC1,-0.55000
2026-09-04 23:55:00,NSW1,65.50000
2026-09-04 23:55:00,QLD1,66.35559
2026-09-04 23:55:00,SA1,-0.49598
2026-09-04 23:55:00,TAS1,0.12568
2026-09-04 23:55:00,VIC1,-0.55000
2026-09-05 00:00:00,NSW1,62.98064
2026-09-05 00:00:00,QLD1,63.73000
2026-09-05 00:00:00,SA1,0.00000
2026-09-05 00:00:00,TAS1,0.71000
2026-09-05 00:00:00,VIC1,0.00000
2026-09-05 00:05:00,NSW1,64.27948
2026-09-05 00:05:00,QLD1,63.73000
2026-09-05 00:05:00,SA1,0.00000
2026-09-05 00:05:00,TAS1,0.73000
2026-09-05 00:05:00,VIC1,0.00000
2026-09-05 00:10:00,NSW1,68.01143
2026-09-05 00:10:00,QLD1,69.69000
2026-09-05 00:10:00,SA1,0.00003
2026-09-05 00:10:00,TAS1,0.70003
2026-09-05 00:10:00,VIC1,0.00003
2026-09-05 00:15:00,NSW1,65.50000
2026-09-05 00:15:00,QLD1,66.61825
2026-09-05 00:15:00,SA1,-4.66541
2026-09-05 00:15:00,TAS1,-4.61551
2026-09-05 00:15:00,VIC1,-5.00000
2026-09-05 00:20:00,NSW1,65.00000
2026-09-05 00:20:00,QLD1,66.12124
2026-09-05 00:20:00,SA1,-0.50142
2026-09-05 00:20:00,TAS1,0.10922
2026-09-05 00:20:00,VIC1,-0.55000
2026-09-05 00:25:00,NSW1,53.55837
2026-09-05 00:25:00,QLD1,55.53000
2026-09-05 00:25:00,SA1,-0.49734
2026-09-05 00:25:00,TAS1,0.08924
2026-09-05 00:25:00,VIC1,-0.55000
2026-09-05 00:30:00,NSW1,65.50000
2026-09-05 00:30:00,QLD1,66.13322
2026-09-05 00:30:00,SA1,-0.49749
2026-09-05 00:30:00,TAS1,-0.57898
2026-09-05 00:30:00,VIC1,-0.55000
2026-09-05 00:35:00,NSW1,51.82125
2026-09-05 00:35:00,QLD1,54.75000
2026-09-05 00:35:00,SA1,-1.02000
2026-09-05 00:35:00,TAS1,-1.18175
2026-09-05 00:35:00,VIC1,-1.12242
2026-09-05 00:40:00,NSW1,62.18334
2026-09-05 00:40:00,QLD1,62.73006
2026-09-05 00:40:00,SA1,-1.41828
2026-09-05 00:40:00,TAS1,-0.94000
2026-09-05 00:40:00,VIC1,-1.53381
2026-09-05 00:45:00,NSW1,65.50000
2026-09-05 00:45:00,QLD1,65.67567
2026-09-05 00:45:00,SA1,-0.50090
2026-09-05 00:45:00,TAS1,-0.23913
2026-09-05 00:45:00,VIC1,-0.55000
2026-09-05 00:50:00,NSW1,67.74484
2026-09-05 00:50:00,QLD1,69.69000
2026-09-05 00:50:00,SA1,-0.51386
2026-09-05 00:50:00,TAS1,0.06000
2026-09-05 00:50:00,VIC1,-0.55000
2026-09-05 00:55:00,NSW1,64.94991
2026-09-05 00:55:00,QLD1,65.90369
2026-09-05 00:55:00,SA1,-0.52229
2026-09-05 00:55:00,TAS1,0.06000
2026-09-05 00:55:00,VIC1,-0.55000
2026-09-05 01:00:00,NSW1,60.61790
2026-09-05 01:00:00,QLD1,62.73002
2026-09-05 01:00:00,SA1,-0.51670
2026-09-05 01:00:00,TAS1,0.09894
2026-09-05 01:00:00,VIC1,-0.55000
2026-09-05 01:05:00,NSW1,65.50000
2026-09-05 01:05:00,QLD1,66.45040
2026-09-05 01:05:00,SA1,-1.04000
2026-09-05 01:05:00,TAS1,-0.44167
2026-09-05 01:05:00,VIC1,-1.10211
2026-09-05 01:10:00,NSW1,64.95000
2026-09-05 01:10:00,QLD1,65.46273
2026-09-05 01:10:00,SA1,-4.68187
2026-09-05 01:10:00,TAS1,-4.58971
2026-09-05 01:10:00,VIC1,-5.00000
2026-09-05 01:15:00,NSW1,61.86471
2026-09-05 01:15:00,QLD1,62.73006
2026-09-05 01:15:00,SA1,-4.77385
2026-09-05 01:15:00,TAS1,-4.62636
2026-09-05 01:15:00,VIC1,-5.00000
2026-09-05 01:20:00,NSW1,52.89000
2026-09-05 01:20:00,QLD1,54.75000
2026-09-05 01:20:00,SA1,-4.73088
2026-09-05 01:20:00,TAS1,-4.59005
2026-09-05 01:20:00,VIC1,-5.00000
2026-09-05 01:25:00,NSW1,53.72458
2026-09-05 01:25:00,QLD1,55.53000
2026-09-05 01:25:00,SA1,-4.67147
2026-09-05 01:25:00,TAS1,-4.60572
2026-09-05 01:25:00,VIC1,-5.00000
2026-09-05 01:30:00,NSW1,65.44988
2026-09-05 01:30:00,QLD1,65.47866
2026-09-05 01:30:00,SA1,-4.67432
2026-09-05 01:30:00,TAS1,-2.80607
2026-09-05 01:30:00,VIC1,-5.00000
2026-09-05 01:35:00,NSW1,61.87653
2026-09-05 01:35:00,QLD1,62.73006
2026-09-05 01:35:00,SA1,-4.56816
2026-09-05 01:35:00,TAS1,-2.82284
2026-09-05 01:35:00,VIC1,-5.00000
2026-09-05 01:40:00,NSW1,62.73963
2026-09-05 01:40:00,QLD1,62.73006
2026-09-05 01:40:00,SA1,-4.67146
2026-09-05 01:40:00,TAS1,-0.94000
2026-09-05 01:40:00,VIC1,-5.09000
2026-09-05 01:45:00,NSW1,62.31178
2026-09-05 01:45:00,QLD1,62.73006
2026-09-05 01:45:00,SA1,-4.66816
2026-09-05 01:45:00,TAS1,0.06000
2026-09-05 01:45:00,VIC1,-5.09000
2026-09-05 01:50:00,NSW1,64.89000
2026-09-05 01:50:00,QLD1,65.79712
2026-09-05 01:50:00,SA1,-4.70792
2026-09-05 01:50:00,TAS1,15.09000
2026-09-05 01:50:00,VIC1,-5.09000
2026-09-05 01:55:00,NSW1,62.72994
2026-09-05 01:55:00,QLD1,62.73006
2026-09-05 01:55:00,SA1,-4.73081
2026-09-05 01:55:00,TAS1,15.09000
2026-09-05 01:55:00,VIC1,-5.09000
2026-09-05 02:00:00,NSW1,55.18071
2026-09-05 02:00:00,QLD1,55.53000
2026-09-05 02:00:00,SA1,-4.72821
2026-09-05 02:00:00,TAS1,15.02000
2026-09-05 02:00:00,VIC1,-5.09000
2026-09-05 02:05:00,NSW1,55.51896
2026-09-05 02:05:00,QLD1,55.53000
2026-09-05 02:05:00,SA1,-4.80617
2026-09-05 02:05:00,TAS1,-4.63796
2026-09-05 02:05:00,VIC1,-5.00000
2026-09-05 02:10:00,NSW1,57.39010
2026-09-05 02:10:00,QLD1,56.60391
2026-09-05 02:10:00,SA1,-4.88437
2026-09-05 02:10:00,TAS1,-4.61857
2026-09-05 02:10:00,VIC1,-5.00000
2026-09-05 02:15:00,NSW1,57.38989
2026-09-05 02:15:00,QLD1,56.97402
2026-09-05 02:15:00,SA1,-4.85777
2026-09-05 02:15:00,TAS1,-5.30181
2026-09-05 02:15:00,VIC1,-5.00000
2026-09-05 02:20:00,NSW1,57.39007
2026-09-05 02:20:00,QLD1,57.36667
2026-09-05 02:20:00,SA1,-4.85435
2026-09-05 02:20:00,TAS1,-5.30189
2026-09-05 02:20:00,VIC1,-5.00000
2026-09-05 02:25:00,NSW1,57.38989
2026-09-05 02:25:00,QLD1,57.36868
2026-09-05 02:25:00,SA1,-4.89050
2026-09-05 02:25:00,TAS1,-4.61830
2026-09-05 02:25:00,VIC1,-5.00000
2026-09-05 02:30:00,NSW1,54.80875
2026-09-05 02:30:00,QLD1,54.75000
2026-09-05 02:30:00,SA1,-5.01784
2026-09-05 02:30:00,TAS1,-5.39750
2026-09-05 02:30:00,VIC1,-5.09000
2026-09-05 02:35:00,NSW1,57.39000
2026-09-05 02:35:00,QLD1,56.56297
2026-09-05 02:35:00,SA1,-5.89426
2026-09-05 02:35:00,TAS1,-6.34397
2026-09-05 02:35:00,VIC1,-6.00000
2026-09-05 02:40:00,NSW1,57.39007
2026-09-05 02:40:00,QLD1,56.95123
2026-09-05 02:40:00,SA1,-6.51000
2026-09-05 02:40:00,TAS1,-6.34397
2026-09-05 02:40:00,VIC1,-6.00000
2026-09-05 02:45:00,NSW1,57.39000
2026-09-05 02:45:00,QLD1,56.97674
2026-09-05 02:45:00,SA1,-5.42949
2026-09-05 02:45:00,TAS1,-5.89496
2026-09-05 02:45:00,VIC1,-5.61000
2026-09-05 02:50:00,NSW1,55.23141
2026-09-05 02:50:00,QLD1,55.53000
2026-09-05 02:50:00,SA1,-4.83813
2026-09-05 02:50:00,TAS1,-5.28631
2026-09-05 02:50:00,VIC1,-5.00000
2026-09-05 02:55:00,NSW1,59.80011
2026-09-05 02:55:00,QLD1,60.54938
2026-09-05 02:55:00,SA1,-4.92198
2026-09-05 02:55:00,TAS1,-5.36518
2026-09-05 02:55:00,VIC1,-5.09000
2026-09-05 03:00:00,NSW1,57.39007
2026-09-05 03:00:00,QLD1,57.70831
2026-09-05 03:00:00,SA1,-4.94111
2026-09-05 03:00:00,TAS1,-5.34847
2026-09-05 03:00:00,VIC1,-5.09000
2026-09-05 03:05:00,NSW1,54.07640
2026-09-05 03:05:00,QLD1,54.75000
2026-09-05 03:05:00,SA1,-4.92600
2026-09-05 03:05:00,TAS1,-5.34835
2026-09-05 03:05:00,VIC1,-5.09000
2026-09-05 03:10:00,NSW1,53.39400
2026-09-05 03:10:00,QLD1,54.75000
2026-09-05 03:10:00,SA1,-4.92887
2026-09-05 03:10:00,TAS1,-5.39825
2026-09-05 03:10:00,VIC1,-5.09000
2026-09-05 03:15:00,NSW1,53.38502
2026-09-05 03:15:00,QLD1,54.75000
2026-09-05 03:15:00,SA1,-4.94903
2026-09-05 03:15:00,TAS1,-4.70544
2026-09-05 03:15:00,VIC1,-5.09000
2026-09-05 03:20:00,NSW1,53.04502
2026-09-05 03:20:00,QLD1,54.73008
2026-09-05 03:20:00,SA1,-4.92129
2026-09-05 03:20:00,TAS1,-0.94000
2026-09-05 03:20:00,VIC1,-5.00000
2026-09-05 03:25:00,NSW1,53.03452
2026-09-05 03:25:00,QLD1,54.75000
2026-09-05 03:25:00,SA1,-4.97526
2026-09-05 03:25:00,TAS1,-0.94000
2026-09-05 03:25:00,VIC1,-5.09000
2026-09-05 03:30:00,NSW1,52.89000
2026-09-05 03:30:00,QLD1,54.75000
2026-09-05 03:30:00,SA1,-4.87985
2026-09-05 03:30:00,TAS1,15.02000
2026-09-05 03:30:00,VIC1,-5.00000
2026-09-05 03:35:00,NSW1,54.18358
2026-09-05 03:35:00,QLD1,55.53000
2026-09-05 03:35:00,SA1,-4.89394
2026-09-05 03:35:00,TAS1,14.02000
2026-09-05 03:35:00,VIC1,-5.00000
2026-09-05 03:40:00,NSW1,53.42111
2026-09-05 03:40:00,QLD1,54.75000
2026-09-05 03:40:00,SA1,-4.92952
2026-09-05 03:40:00,TAS1,-5.41524
2026-09-05 03:40:00,VIC1,-5.09000
2026-09-05 03:45:00,NSW1,52.89000
2026-09-05 03:45:00,QLD1,54.73008
2026-09-05 03:45:00,SA1,-4.90774
2026-09-05 03:45:00,TAS1,-4.37186
2026-09-05 03:45:00,VIC1,-5.09000
2026-09-05 03:50:00,NSW1,52.89000
2026-09-05 03:50:00,QLD1,54.75000
2026-09-05 03:50:00,SA1,-4.94071
2026-09-05 03:50:00,TAS1,-3.09177
2026-09-05 03:50:00,VIC1,-5.09000
2026-09-05 03:55:00,NSW1,53.08237
2026-09-05 03:55:00,QLD1,54.75000
2026-09-05 03:55:00,SA1,-4.88159
2026-09-05 03:55:00,TAS1,-3.72163
2026-09-05 03:55:00,VIC1,-5.09000
2026-09-05 04:00:00,NSW1,53.46152
2026-09-05 04:00:00,QLD1,54.75000
2026-09-05 04:00:00,SA1,-4.92448
2026-09-05 04:00:00,TAS1,-3.86258
2026-09-05 04:00:00,VIC1,-5.09000
2026-09-05 04:05:00,NSW1,66.52000
2026-09-05 04:05:00,QLD1,66.41912
2026-09-05 04:05:00,SA1,-4.93040
2026-09-05 04:05:00,TAS1,-5.32023
2026-09-05 04:05:00,VIC1,-5.00000
2026-09-05 04:10:00,NSW1,62.78537
2026-09-05 04:10:00,QLD1,62.73004
2026-09-05 04:10:00,SA1,-4.88039
2026-09-05 04:10:00,TAS1,-5.30312
2026-09-05 04:10:00,VIC1,-5.00000
2026-09-05 04:15:00,NSW1,64.57414
2026-09-05 04:15:00,QLD1,63.73000
2026-09-05 04:15:00,SA1,-4.98731
2026-09-05 04:15:00,TAS1,-5.38214
2026-09-05 04:15:00,VIC1,-5.09000
2026-09-05 04:20:00,NSW1,42.54006
2026-09-05 04:20:00,QLD1,43.36552
2026-09-05 04:20:00,SA1,-5.02657
2026-09-05 04:20:00,TAS1,-5.39877
2026-09-05 04:20:00,VIC1,-5.09000
2026-09-05 04:25:00,NSW1,71.40000
2026-09-05 04:25:00,QLD1,70.03530
2026-09-05 04:25:00,SA1,-5.04937
2026-09-05 04:25:00,TAS1,-5.39869
2026-09-05 04:25:00,VIC1,-5.09000
2026-09-05 04:30:00,NSW1,71.40000
2026-09-05 04:30:00,QLD1,69.08803
2026-09-05 04:30:00,SA1,-5.54284
2026-09-05 04:30:00,TAS1,-5.95008
2026-09-05 04:30:00,VIC1,-5.61000
2026-09-05 04:35:00,NSW1,55.22206
2026-09-05 04:35:00,QLD1,54.75000
2026-09-05 04:35:00,SA1,-4.99993
2026-09-05 04:35:00,TAS1,-5.30301
2026-09-05 04:35:00,VIC1,-5.00000
2026-09-05 04:40:00,NSW1,54.07111
2026-09-05 04:40:00,QLD1,54.73008
2026-09-05 04:40:00,SA1,-5.61516
2026-09-05 04:40:00,TAS1,-5.93230
2026-09-05 04:40:00,VIC1,-5.61000
2026-09-05 04:45:00,NSW1,54.45109
2026-09-05 04:45:00,QLD1,54.75000
2026-09-05 04:45:00,SA1,-5.61388
2026-09-05 04:45:00,TAS1,-5.93239
2026-09-05 04:45:00,VIC1,-5.61000
2026-09-05 04:50:00,NSW1,73.79316
2026-09-05 04:50:00,QLD1,70.99000
2026-09-05 04:50:00,SA1,-5.07202
2026-09-05 04:50:00,TAS1,-5.38208
2026-09-05 04:50:00,VIC1,-5.09000
2026-09-05 04:55:00,NSW1,65.00000
2026-09-05 04:55:00,QLD1,63.76374
2026-09-05 04:55:00,SA1,-5.05083
2026-09-05 04:55:00,TAS1,-5.39851
2026-09-05 04:55:00,VIC1,-5.09000
2026-09-05 05:00:00,NSW1,54.73855
2026-09-05 05:00:00,QLD1,54.75000
2026-09-05 05:00:00,SA1,-5.03204
2026-09-05 05:00:00,TAS1,-3.68204
2026-09-05 05:00:00,VIC1,-5.09000
2026-09-05 05:05:00,NSW1,71.02668
2026-09-05 05:05:00,QLD1,69.69000
2026-09-05 05:05:00,SA1,-4.91789
2026-09-05 05:05:00,TAS1,15.15000
2026-09-05 05:05:00,VIC1,-5.00000
2026-09-05 05:10:00,NSW1,54.73001
2026-09-05 05:10:00,QLD1,54.75000
2026-09-05 05:10:00,SA1,-4.93702
2026-09-05 05:10:00,TAS1,15.15000
2026-09-05 05:10:00,VIC1,-5.00000
2026-09-05 05:15:00,NSW1,57.39014
2026-09-05 05:15:00,QLD1,57.79653
2026-09-05 05:15:00,SA1,-4.95843
2026-09-05 05:15:00,TAS1,-5.41448
2026-09-05 05:15:00,VIC1,-5.09000
2026-09-05 05:20:00,NSW1,62.23545
2026-09-05 05:20:00,QLD1,62.73010
2026-09-05 05:20:00,SA1,-4.93752
2026-09-05 05:20:00,TAS1,-3.71130
2026-09-05 05:20:00,VIC1,-5.09000
2026-09-05 05:25:00,NSW1,57.39007
2026-09-05 05:25:00,QLD1,56.37285
2026-09-05 05:25:00,SA1,-6.28529
2026-09-05 05:25:00,TAS1,-5.24511
2026-09-05 05:25:00,VIC1,-6.49990
2026-09-05 05:30:00,NSW1,61.41621
2026-09-05 05:30:00,QLD1,62.73002
2026-09-05 05:30:00,SA1,-6.29456
2026-09-05 05:30:00,TAS1,-5.24682
2026-09-05 05:30:00,VIC1,-6.49990
2026-09-05 05:35:00,NSW1,61.81515
2026-09-05 05:35:00,QLD1,62.73006
2026-09-05 05:35:00,SA1,-5.40332
2026-09-05 05:35:00,TAS1,-5.93172
2026-09-05 05:35:00,VIC1,-5.61000
2026-09-05 05:40:00,NSW1,57.38996
2026-09-05 05:40:00,QLD1,56.36756
2026-09-05 05:40:00,SA1,-1.09992
2026-09-05 05:40:00,TAS1,-5.38184
2026-09-05 05:40:00,VIC1,-5.09000
2026-09-05 05:45:00,NSW1,55.04385
2026-09-05 05:45:00,QLD1,54.73004
2026-09-05 05:45:00,SA1,-4.92426
2026-09-05 05:45:00,TAS1,-5.38215
2026-09-05 05:45:00,VIC1,-5.09000
2026-09-05 05:50:00,NSW1,70.04450
2026-09-05 05:50:00,QLD1,69.69000
2026-09-05 05:50:00,SA1,-4.87360
2026-09-05 05:50:00,TAS1,-5.28629
2026-09-05 05:50:00,VIC1,-5.00000
2026-09-05 05:55:00,NSW1,53.62195
2026-09-05 05:55:00,QLD1,54.75000
2026-09-05 05:55:00,SA1,-4.93799
2026-09-05 05:55:00,TAS1,-5.38152
2026-09-05 05:55:00,VIC1,-5.09000
2026-09-05 06:00:00,NSW1,66.52000
2026-09-05 06:00:00,QLD1,66.17012
2026-09-05 06:00:00,SA1,-4.91736
2026-09-05 06:00:00,TAS1,-5.36457
2026-09-05 06:00:00,VIC1,-5.09000
2026-09-05 06:05:00,NSW1,62.22377
2026-09-05 06:05:00,QLD1,62.73006
2026-09-05 06:05:00,SA1,-4.90214
2026-09-05 06:05:00,TAS1,-5.34767
2026-09-05 06:05:00,VIC1,-5.09000
2026-09-05 06:10:00,NSW1,64.94000
2026-09-05 06:10:00,QLD1,64.18199
2026-09-05 06:10:00,SA1,-5.34154
2026-09-05 06:10:00,TAS1,-5.89448
2026-09-05 06:10:00,VIC1,-5.61000
2026-09-05 06:15:00,NSW1,61.80410
2026-09-05 06:15:00,QLD1,62.73006
2026-09-05 06:15:00,SA1,-6.13446
2026-09-05 06:15:00,TAS1,-6.85055
2026-09-05 06:15:00,VIC1,-6.49990
2026-09-05 06:20:00,NSW1,62.63515
2026-09-05 06:20:00,QLD1,62.73006
2026-09-05 06:20:00,SA1,-4.82352
2026-09-05 06:20:00,TAS1,-5.36428
2026-09-05 06:20:00,VIC1,-5.09000
2026-09-05 06:25:00,NSW1,56.48459
2026-09-05 06:25:00,QLD1,54.75000
2026-09-05 06:25:00,SA1,-4.80770
2026-09-05 06:25:00,TAS1,-5.38066
2026-09-05 06:25:00,VIC1,-5.09000
2026-09-05 06:30:00,NSW1,57.20000
2026-09-05 06:30:00,QLD1,55.09080
2026-09-05 06:30:00,SA1,-4.71732
2026-09-05 06:30:00,TAS1,-5.30121
2026-09-05 06:30:00,VIC1,-5.00000
2026-09-05 06:35:00,NSW1,57.39007
2026-09-05 06:35:00,QLD1,55.26368
2026-09-05 06:35:00,SA1,-4.84236
2026-09-05 06:35:00,TAS1,0.16000
2026-09-05 06:35:00,VIC1,-5.00000
2026-09-05 06:40:00,NSW1,57.20000
2026-09-05 06:40:00,QLD1,54.75000
2026-09-05 06:40:00,SA1,-1.09992
2026-09-05 06:40:00,TAS1,0.16000
2026-09-05 06:40:00,VIC1,-1.14333
2026-09-05 06:45:00,NSW1,45.44000
2026-09-05 06:45:00,QLD1,44.04115
2026-09-05 06:45:00,SA1,-2.88781
2026-09-05 06:45:00,TAS1,0.16000
2026-09-05 06:45:00,VIC1,-2.99000
2026-09-05 06:50:00,NSW1,45.44000
2026-09-05 06:50:00,QLD1,44.03508
2026-09-05 06:50:00,SA1,-4.85617
2026-09-05 06:50:00,TAS1,0.16000
2026-09-05 06:50:00,VIC1,-5.00000
2026-09-05 06:55:00,NSW1,0.00000
2026-09-05 06:55:00,QLD1,0.00000
2026-09-05 06:55:00,SA1,-4.85721
2026-09-05 06:55:00,TAS1,0.16000
2026-09-05 06:55:00,VIC1,-5.00000
2026-09-05 07:00:00,NSW1,-1.31993
2026-09-05 07:00:00,QLD1,-1.31000
2026-09-05 07:00:00,SA1,-4.87534
2026-09-05 07:00:00,TAS1,0.16000
2026-09-05 07:00:00,VIC1,-5.00000
2026-09-05 07:05:00,NSW1,-3.49363
2026-09-05 07:05:00,QLD1,-3.49000
2026-09-05 07:05:00,SA1,-4.85276
2026-09-05 07:05:00,TAS1,-4.64611
2026-09-05 07:05:00,VIC1,-5.00000
2026-09-05 07:10:00,NSW1,-3.44831
2026-09-05 07:10:00,QLD1,-3.49000
2026-09-05 07:10:00,SA1,-4.83682
2026-09-05 07:10:00,TAS1,-5.29996
2026-09-05 07:10:00,VIC1,-5.00000
2026-09-05 07:15:00,NSW1,-5.80770
2026-09-05 07:15:00,QLD1,-6.01000
2026-09-05 07:15:00,SA1,-4.84907
2026-09-05 07:15:00,TAS1,-5.29923
2026-09-05 07:15:00,VIC1,-5.00000
2026-09-05 07:20:00,NSW1,-5.84241
2026-09-05 07:20:00,QLD1,-6.00994
2026-09-05 07:20:00,SA1,-4.84641
2026-09-05 07:20:00,TAS1,-5.29870
2026-09-05 07:20:00,VIC1,-5.00000
2026-09-05 07:25:00,NSW1,-5.86046
2026-09-05 07:25:00,QLD1,-5.75533
2026-09-05 07:25:00,SA1,-4.80664
2026-09-05 07:25:00,TAS1,-5.28217
2026-09-05 07:25:00,VIC1,-5.00000
2026-09-05 07:30:00,NSW1,-5.93008
2026-09-05 07:30:00,QLD1,-5.53000
2026-09-05 07:30:00,SA1,-4.94721
2026-09-05 07:30:00,TAS1,-5.49463
2026-09-05 07:30:00,VIC1,-5.18512
2026-09-05 07:35:00,NSW1,-5.85198
2026-09-05 07:35:00,QLD1,-5.63009
2026-09-05 07:35:00,SA1,-4.73985
2026-09-05 07:35:00,TAS1,-2.94177
2026-09-05 07:35:00,VIC1,-5.00000
2026-09-05 07:40:00,NSW1,-1.46257
2026-09-05 07:40:00,QLD1,-1.31000
2026-09-05 07:40:00,SA1,-4.70015
2026-09-05 07:40:00,TAS1,0.16000
2026-09-05 07:40:00,VIC1,-5.00000
2026-09-05 07:45:00,NSW1,0.06000
2026-09-05 07:45:00,QLD1,0.05139
2026-09-05 07:45:00,SA1,-4.65872
2026-09-05 07:45:00,TAS1,0.16000
2026-09-05 07:45:00,VIC1,-5.00000
2026-09-05 07:50:00,NSW1,-5.87385
2026-09-05 07:50:00,QLD1,-5.53000
2026-09-05 07:50:00,SA1,-4.82294
2026-09-05 07:50:00,TAS1,0.16000
2026-09-05 07:50:00,VIC1,-5.17704
2026-09-05 07:55:00,NSW1,-6.39000
2026-09-05 07:55:00,QLD1,-6.20521
2026-09-05 07:55:00,SA1,-5.30965
2026-09-05 07:55:00,TAS1,-6.01700
2026-09-05 07:55:00,VIC1,-5.67757
2026-09-05 08:00:00,NSW1,-6.01765
2026-09-05 08:00:00,QLD1,-5.66441
2026-09-05 08:00:00,SA1,-5.31565
2026-09-05 08:00:00,TAS1,-5.94427
2026-09-05 08:00:00,VIC1,-5.61000
2026-09-05 08:05:00,NSW1,-3.83119
2026-09-05 08:05:00,QLD1,-3.49000
2026-09-05 08:05:00,SA1,-3.31773
2026-09-05 08:05:00,TAS1,-3.70762
2026-09-05 08:05:00,VIC1,-3.51006
2026-09-05 08:10:00,NSW1,-5.42341
2026-09-05 08:10:00,QLD1,-5.00000
2026-09-05 08:10:00,SA1,-4.63467
2026-09-05 08:10:00,TAS1,-2.71559
2026-09-05 08:10:00,VIC1,-4.92600
2026-09-05 08:15:00,NSW1,-5.47426
2026-09-05 08:15:00,QLD1,-4.95444
2026-09-05 08:15:00,SA1,-4.68982
2026-09-05 08:15:00,TAS1,-4.59389
2026-09-05 08:15:00,VIC1,-5.00000
2026-09-05 08:20:00,NSW1,-5.49070
2026-09-05 08:20:00,QLD1,-5.00000
2026-09-05 08:20:00,SA1,-4.82901
2026-09-05 08:20:00,TAS1,-4.77910
2026-09-05 08:20:00,VIC1,-5.17422
2026-09-05 08:25:00,NSW1,-5.43916
2026-09-05 08:25:00,QLD1,-4.91946
2026-09-05 08:25:00,SA1,-4.64132
2026-09-05 08:25:00,TAS1,-5.29764
2026-09-05 08:25:00,VIC1,-5.00000
2026-09-05 08:30:00,NSW1,-5.50367
2026-09-05 08:30:00,QLD1,-5.00000
2026-09-05 08:30:00,SA1,-4.73749
2026-09-05 08:30:00,TAS1,-5.36862
2026-09-05 08:30:00,VIC1,-5.09783
2026-09-05 08:35:00,NSW1,-5.53632
2026-09-05 08:35:00,QLD1,-5.00000
2026-09-05 08:35:00,SA1,-4.83963
2026-09-05 08:35:00,TAS1,-5.43788
2026-09-05 08:35:00,VIC1,-5.17972
2026-09-05 08:40:00,NSW1,-5.30144
2026-09-05 08:40:00,QLD1,-4.81751
2026-09-05 08:40:00,SA1,-4.68558
2026-09-05 08:40:00,TAS1,-5.26535
2026-09-05 08:40:00,VIC1,-5.00000
2026-09-05 08:45:00,NSW1,-5.56257
2026-09-05 08:45:00,QLD1,-4.98183
2026-09-05 08:45:00,SA1,-4.64543
2026-09-05 08:45:00,TAS1,-4.91159
2026-09-05 08:45:00,VIC1,-5.00000
2026-09-05 08:50:00,NSW1,-4.13952
2026-09-05 08:50:00,QLD1,-3.73000
2026-09-05 08:50:00,SA1,-3.42745
2026-09-05 08:50:00,TAS1,-3.90369
2026-09-05 08:50:00,VIC1,-3.69514
2026-09-05 08:55:00,NSW1,-2.99000
2026-09-05 08:55:00,QLD1,-5.00000
2026-09-05 08:55:00,SA1,-2.49011
2026-09-05 08:55:00,TAS1,-0.82000
2026-09-05 08:55:00,VIC1,-2.69335
2026-09-05 09:00:00,NSW1,-6.13927
2026-09-05 09:00:00,QLD1,-5.53000
2026-09-05 09:00:00,SA1,-5.33472
2026-09-05 09:00:00,TAS1,-0.82000
2026-09-05 09:00:00,VIC1,-5.76192
2026-09-05 09:05:00,NSW1,-5.41554
2026-09-05 09:05:00,QLD1,-5.99993
2026-09-05 09:05:00,SA1,-4.63163
2026-09-05 09:05:00,TAS1,0.02000
2026-09-05 09:05:00,VIC1,-5.00000
2026-09-05 09:10:00,NSW1,-1.30726
2026-09-05 09:10:00,QLD1,-5.00000
2026-09-05 09:10:00,SA1,-1.09986
2026-09-05 09:10:00,TAS1,-0.53471
2026-09-05 09:10:00,VIC1,-1.18979
2026-09-05 09:15:00,NSW1,-0.63849
2026-09-05 09:15:00,QLD1,-6.14000
2026-09-05 09:15:00,SA1,-0.49724
2026-09-05 09:15:00,TAS1,0.10527
2026-09-05 09:15:00,VIC1,-0.55000
2026-09-05 09:20:00,NSW1,0.00030
2026-09-05 09:20:00,QLD1,-6.41000
2026-09-05 09:20:00,SA1,-0.49938
2026-09-05 09:20:00,TAS1,0.15528
2026-09-05 09:20:00,VIC1,-0.55000
2026-09-05 09:25:00,NSW1,-1.29680
2026-09-05 09:25:00,QLD1,-7.50000
2026-09-05 09:25:00,SA1,-1.02000
2026-09-05 09:25:00,TAS1,0.16000
2026-09-05 09:25:00,VIC1,-1.11712
2026-09-05 09:30:00,NSW1,-6.39000
2026-09-05 09:30:00,QLD1,-7.73000
2026-09-05 09:30:00,SA1,-5.78485
2026-09-05 09:30:00,TAS1,0.16000
2026-09-05 09:30:00,VIC1,-6.03776
2026-09-05 09:35:00,NSW1,-6.39000
2026-09-05 09:35:00,QLD1,-7.50000
2026-09-05 09:35:00,SA1,-5.47267
2026-09-05 09:35:00,TAS1,-5.49349
2026-09-05 09:35:00,VIC1,-5.84277
2026-09-05 09:40:00,NSW1,0.90000
2026-09-05 09:40:00,QLD1,-7.50000
2026-09-05 09:40:00,SA1,-1.04000
2026-09-05 09:40:00,TAS1,-0.52779
2026-09-05 09:40:00,VIC1,-1.16195
2026-09-05 09:45:00,NSW1,-5.88538
2026-09-05 09:45:00,QLD1,-7.73000
2026-09-05 09:45:00,SA1,-4.60882
2026-09-05 09:45:00,TAS1,-4.56345
2026-09-05 09:45:00,VIC1,-5.00000
2026-09-05 09:50:00,NSW1,-2.99000
2026-09-05 09:50:00,QLD1,-8.00000
2026-09-05 09:50:00,SA1,-4.59019
2026-09-05 09:50:00,TAS1,-5.26734
2026-09-05 09:50:00,VIC1,-5.00000
2026-09-05 09:55:00,NSW1,-2.99000
2026-09-05 09:55:00,QLD1,-8.07000
2026-09-05 09:55:00,SA1,-4.50624
2026-09-05 09:55:00,TAS1,-5.26773
2026-09-05 09:55:00,VIC1,-5.00000
2026-09-05 10:00:00,NSW1,-6.39000
2026-09-05 10:00:00,QLD1,-8.07000
2026-09-05 10:00:00,SA1,-4.80404
2026-09-05 10:00:00,TAS1,-4.98094
2026-09-05 10:00:00,VIC1,-5.37707
2026-09-05 10:05:00,NSW1,-7.91000
2026-09-05 10:05:00,QLD1,-8.13000
2026-09-05 10:05:00,SA1,-6.13882
2026-09-05 10:05:00,TAS1,-6.60529
2026-09-05 10:05:00,VIC1,-6.93000
2026-09-05 10:10:00,NSW1,0.00030
2026-09-05 10:10:00,QLD1,-8.00000
2026-09-05 10:10:00,SA1,-4.37847
2026-09-05 10:10:00,TAS1,0.16000
2026-09-05 10:10:00,VIC1,-5.00000
2026-09-05 10:15:00,NSW1,-2.99000
2026-09-05 10:15:00,QLD1,-7.75000
2026-09-05 10:15:00,SA1,-5.62842
2026-09-05 10:15:00,TAS1,-6.13060
2026-09-05 10:15:00,VIC1,-6.91688
2026-09-05 10:20:00,NSW1,-2.99000
2026-09-05 10:20:00,QLD1,-8.00000
2026-09-05 10:20:00,SA1,-4.04469
2026-09-05 10:20:00,TAS1,1.12000
2026-09-05 10:20:00,VIC1,-5.88907
2026-09-05 10:25:00,NSW1,-6.39000
2026-09-05 10:25:00,QLD1,-8.13000
2026-09-05 10:25:00,SA1,-6.02000
2026-09-05 10:25:00,TAS1,-6.47498
2026-09-05 10:25:00,VIC1,-7.63982
2026-09-05 10:30:00,NSW1,-6.39000
2026-09-05 10:30:00,QLD1,-8.13000
2026-09-05 10:30:00,SA1,-5.92263
2026-09-05 10:30:00,TAS1,-6.50718
2026-09-05 10:30:00,VIC1,-7.78077
2026-09-05 10:35:00,NSW1,-6.39000
2026-09-05 10:35:00,QLD1,-8.07000
2026-09-05 10:35:00,SA1,-6.35153
2026-09-05 10:35:00,TAS1,-7.11788
2026-09-05 10:35:00,VIC1,-8.58944
2026-09-05 10:40:00,NSW1,-7.49000
2026-09-05 10:40:00,QLD1,-8.13000
2026-09-05 10:40:00,SA1,-6.51000
2026-09-05 10:40:00,TAS1,-0.82000
2026-09-05 10:40:00,VIC1,-7.25040
2026-09-05 10:45:00,NSW1,-9.69633
2026-09-05 10:45:00,QLD1,-8.13000
2026-09-05 10:45:00,SA1,-7.00000
2026-09-05 10:45:00,TAS1,-7.93653
2026-09-05 10:45:00,VIC1,-8.31084
2026-09-05 10:50:00,NSW1,-7.49000
2026-09-05 10:50:00,QLD1,-8.14000
2026-09-05 10:50:00,SA1,-7.01000
2026-09-05 10:50:00,TAS1,-8.43240
2026-09-05 10:50:00,VIC1,-8.04576
2026-09-05 10:55:00,NSW1,-8.63000
2026-09-05 10:55:00,QLD1,-8.00000
2026-09-05 10:55:00,SA1,-7.10011
2026-09-05 10:55:00,TAS1,-9.17566
2026-09-05 10:55:00,VIC1,-8.70000
2026-09-05 11:00:00,NSW1,-8.63000
2026-09-05 11:00:00,QLD1,-8.00000
2026-09-05 11:00:00,SA1,-7.00000
2026-09-05 11:00:00,TAS1,-8.23098
2026-09-05 11:00:00,VIC1,-7.82838
2026-09-05 11:05:00,NSW1,-9.51412
2026-09-05 11:05:00,QLD1,-8.07000
2026-09-05 11:05:00,SA1,-8.11702
2026-09-05 11:05:00,TAS1,-9.09284
2026-09-05 11:05:00,VIC1,-8.70000
2026-09-05 11:10:00,NSW1,-8.63000
2026-09-05 11:10:00,QLD1,-7.34000
2026-09-05 11:10:00,SA1,-7.00000
2026-09-05 11:10:00,TAS1,-0.82000
2026-09-05 11:10:00,VIC1,-7.88200
2026-09-05 11:15:00,NSW1,-9.26227
2026-09-05 11:15:00,QLD1,-8.07000
2026-09-05 11:15:00,SA1,-7.81054
2026-09-05 11:15:00,TAS1,-8.41705
2026-09-05 11:15:00,VIC1,-8.70000
2026-09-05 11:20:00,NSW1,-9.42704
2026-09-05 11:20:00,QLD1,-8.00000
2026-09-05 11:20:00,SA1,-7.75679
2026-09-05 11:20:00,TAS1,0.12000
2026-09-05 11:20:00,VIC1,-8.70000
2026-09-05 11:25:00,NSW1,-9.39465
2026-09-05 11:25:00,QLD1,-8.13000
2026-09-05 11:25:00,SA1,-15.02320
2026-09-05 11:25:00,TAS1,-0.95000
2026-09-05 11:25:00,VIC1,-17.06000
2026-09-05 11:30:00,NSW1,-9.41940
2026-09-05 11:30:00,QLD1,-8.00000
2026-09-05 11:30:00,SA1,-14.63486
2026-09-05 11:30:00,TAS1,-8.72000
2026-09-05 11:30:00,VIC1,-16.54000
2026-09-05 11:35:00,NSW1,-9.40783
2026-09-05 11:35:00,QLD1,-8.14000
2026-09-05 11:35:00,SA1,-9.34909
2026-09-05 11:35:00,TAS1,-9.08000
2026-09-05 11:35:00,VIC1,-10.10000
2026-09-05 11:40:00,NSW1,-9.70574
2026-09-05 11:40:00,QLD1,-8.51000
2026-09-05 11:40:00,SA1,-14.99000
2026-09-05 11:40:00,TAS1,-15.01000
2026-09-05 11:40:00,VIC1,-15.73960
2026-09-05 11:45:00,NSW1,-9.80527
2026-09-05 11:45:00,QLD1,-8.71000
2026-09-05 11:45:00,SA1,-15.35268
2026-09-05 11:45:00,TAS1,-15.01000
2026-09-05 11:45:00,VIC1,-16.54000
2026-09-05 11:50:00,NSW1,-10.15561
2026-09-05 11:50:00,QLD1,-8.51000
2026-09-05 11:50:00,SA1,-8.16666
2026-09-05 11:50:00,TAS1,-0.88000
2026-09-05 11:50:00,VIC1,-8.39504
2026-09-05 11:55:00,NSW1,-8.63000
2026-09-05 11:55:00,QLD1,-8.14000
2026-09-05 11:55:00,SA1,-6.45043
2026-09-05 11:55:00,TAS1,-0.95000
2026-09-05 11:55:00,VIC1,-7.11144
2026-09-05 12:00:00,NSW1,-9.89306
2026-09-05 12:00:00,QLD1,-8.51000
2026-09-05 12:00:00,SA1,-7.99714
2026-09-05 12:00:00,TAS1,-0.95000
2026-09-05 12:00:00,VIC1,-8.22096
2026-09-05 12:05:00,NSW1,-9.39931
2026-09-05 12:05:00,QLD1,-8.07000
2026-09-05 12:05:00,SA1,-7.58602
2026-09-05 12:05:00,TAS1,-7.69133
2026-09-05 12:05:00,VIC1,-8.01000
2026-09-05 12:10:00,NSW1,-10.00000
2026-09-05 12:10:00,QLD1,-8.51000
2026-09-05 12:10:00,SA1,-8.06569
2026-09-05 12:10:00,TAS1,-7.92644
2026-09-05 12:10:00,VIC1,-8.57415
2026-09-05 12:15:00,NSW1,-9.12345
2026-09-05 12:15:00,QLD1,-8.00000
2026-09-05 12:15:00,SA1,-7.10000
2026-09-05 12:15:00,TAS1,-7.26004
2026-09-05 12:15:00,VIC1,-7.62503
2026-09-05 12:20:00,NSW1,-10.40000
2026-09-05 12:20:00,QLD1,-9.00125
2026-09-05 12:20:00,SA1,-8.23307
2026-09-05 12:20:00,TAS1,-8.54585
2026-09-05 12:20:00,VIC1,-8.79994
2026-09-05 12:25:00,NSW1,-10.55003
2026-09-05 12:25:00,QLD1,-9.36149
2026-09-05 12:25:00,SA1,-8.02035
2026-09-05 12:25:00,TAS1,-8.44031
2026-09-05 12:25:00,VIC1,-8.70000
2026-09-05 12:30:00,NSW1,-10.40000
2026-09-05 12:30:00,QLD1,-9.29521
2026-09-05 12:30:00,SA1,-7.94244
2026-09-05 12:30:00,TAS1,-8.34452
2026-09-05 12:30:00,VIC1,-8.61073
2026-09-05 12:35:00,NSW1,-10.40000
2026-09-05 12:35:00,QLD1,-9.34584
2026-09-05 12:35:00,SA1,-7.72761
2026-09-05 12:35:00,TAS1,-8.46836
2026-09-05 12:35:00,VIC1,-8.70000
2026-09-05 12:40:00,NSW1,-9.75574
2026-09-05 12:40:00,QLD1,-8.88000
2026-09-05 12:40:00,SA1,-8.03076
2026-09-05 12:40:00,TAS1,-8.62819
2026-09-05 12:40:00,VIC1,-8.84000
2026-09-05 12:45:00,NSW1,-10.40000
2026-09-05 12:45:00,QLD1,-9.46563
2026-09-05 12:45:00,SA1,-8.00756
2026-09-05 12:45:00,TAS1,-9.15297
2026-09-05 12:45:00,VIC1,-8.70000
2026-09-05 12:50:00,NSW1,-10.50000
2026-09-05 12:50:00,QLD1,-9.56879
2026-09-05 12:50:00,SA1,-8.77965
2026-09-05 12:50:00,TAS1,-9.47631
2026-09-05 12:50:00,VIC1,-9.00550
2026-09-05 12:55:00,NSW1,-10.50000
2026-09-05 12:55:00,QLD1,-9.44498
2026-09-05 12:55:00,SA1,-8.77629
2026-09-05 12:55:00,TAS1,-9.28051
2026-09-05 12:55:00,VIC1,-8.87401
2026-09-05 13:00:00,NSW1,-11.91479
2026-09-05 13:00:00,QLD1,-11.00000
2026-09-05 13:00:00,SA1,-9.76880
2026-09-05 13:00:00,TAS1,-10.15961
2026-09-05 13:00:00,VIC1,-9.74196
2026-09-05 13:05:00,NSW1,-11.68793
2026-09-05 13:05:00,QLD1,-10.32000
2026-09-05 13:05:00,SA1,-9.59471
2026-09-05 13:05:00,TAS1,-9.97688
2026-09-05 13:05:00,VIC1,-9.53537
2026-09-05 13:10:00,NSW1,-10.40000
2026-09-05 13:10:00,QLD1,-9.30280
2026-09-05 13:10:00,SA1,-8.54865
2026-09-05 13:10:00,TAS1,-0.89000
2026-09-05 13:10:00,VIC1,-8.70000
2026-09-05 13:15:00,NSW1,-9.76750
2026-09-05 13:15:00,QLD1,-8.79571
2026-09-05 13:15:00,SA1,-7.96591
2026-09-05 13:15:00,TAS1,-0.94000
2026-09-05 13:15:00,VIC1,-8.00000
2026-09-05 13:20:00,NSW1,-10.50000
2026-09-05 13:20:00,QLD1,-9.39689
2026-09-05 13:20:00,SA1,-8.40308
2026-09-05 13:20:00,TAS1,-8.28430
2026-09-05 13:20:00,VIC1,-8.49954
2026-09-05 13:25:00,NSW1,-10.40000
2026-09-05 13:25:00,QLD1,-9.30556
2026-09-05 13:25:00,SA1,-8.32856
2026-09-05 13:25:00,TAS1,-9.07349
2026-09-05 13:25:00,VIC1,-8.70000
2026-09-05 13:30:00,NSW1,-10.40000
2026-09-05 13:30:00,QLD1,-9.30950
2026-09-05 13:30:00,SA1,-8.20008
2026-09-05 13:30:00,TAS1,-9.13092
2026-09-05 13:30:00,VIC1,-8.70000
2026-09-05 13:35:00,NSW1,-10.40000
2026-09-05 13:35:00,QLD1,-9.25596
2026-09-05 13:35:00,SA1,-8.04966
2026-09-05 13:35:00,TAS1,-8.83348
2026-09-05 13:35:00,VIC1,-8.49565
2026-09-05 13:40:00,NSW1,-10.03900
2026-09-05 13:40:00,QLD1,-8.88000
2026-09-05 13:40:00,SA1,-7.10000
2026-09-05 13:40:00,TAS1,-8.47023
2026-09-05 13:40:00,VIC1,-8.14777
2026-09-05 13:45:00,NSW1,-9.52726
2026-09-05 13:45:00,QLD1,-8.07000
2026-09-05 13:45:00,SA1,-7.51134
2026-09-05 13:45:00,TAS1,-8.13471
2026-09-05 13:45:00,VIC1,-7.80087
2026-09-05 13:50:00,NSW1,-9.44155
2026-09-05 13:50:00,QLD1,-8.37057
2026-09-05 13:50:00,SA1,-7.37012
2026-09-05 13:50:00,TAS1,-7.90093
2026-09-05 13:50:00,VIC1,-7.59983
2026-09-05 13:55:00,NSW1,-6.51000
2026-09-05 13:55:00,QLD1,-7.50000
2026-09-05 13:55:00,SA1,-8.38425
2026-09-05 13:55:00,TAS1,-9.21977
2026-09-05 13:55:00,VIC1,-8.84000
2026-09-05 14:00:00,NSW1,-7.54918
2026-09-05 14:00:00,QLD1,-6.49000
2026-09-05 14:00:00,SA1,-7.19342
2026-09-05 14:00:00,TAS1,-7.85668
2026-09-05 14:00:00,VIC1,-7.51000
2026-09-05 14:05:00,NSW1,-8.95505
2026-09-05 14:05:00,QLD1,-8.00000
2026-09-05 14:05:00,SA1,-6.87125
2026-09-05 14:05:00,TAS1,-7.90556
2026-09-05 14:05:00,VIC1,-7.51000
2026-09-05 14:10:00,NSW1,-8.50163
2026-09-05 14:10:00,QLD1,-7.50000
2026-09-05 14:10:00,SA1,-7.10000
2026-09-05 14:10:00,TAS1,0.11000
2026-09-05 14:10:00,VIC1,-7.55628
2026-09-05 14:15:00,NSW1,-7.49000
2026-09-05 14:15:00,QLD1,-6.48820
2026-09-05 14:15:00,SA1,-7.19031
2026-09-05 14:15:00,TAS1,0.11000
2026-09-05 14:15:00,VIC1,-7.50000
2026-09-05 14:20:00,NSW1,-9.17571
2026-09-05 14:20:00,QLD1,-8.00000
2026-09-05 14:20:00,SA1,-7.10000
2026-09-05 14:20:00,TAS1,2.18000
2026-09-05 14:20:00,VIC1,-7.43439
2026-09-05 14:25:00,NSW1,-7.18297
2026-09-05 14:25:00,QLD1,-6.00000
2026-09-05 14:25:00,SA1,-6.56724
2026-09-05 14:25:00,TAS1,0.02000
2026-09-05 14:25:00,VIC1,-6.93000
2026-09-05 14:30:00,NSW1,-6.39000
2026-09-05 14:30:00,QLD1,-6.41000
2026-09-05 14:30:00,SA1,-6.92149
2026-09-05 14:30:00,TAS1,2.18000
2026-09-05 14:30:00,VIC1,-7.50000
2026-09-05 14:35:00,NSW1,42.08000
2026-09-05 14:35:00,QLD1,-8.00000
2026-09-05 14:35:00,SA1,-9.05949
2026-09-05 14:35:00,TAS1,-9.74754
2026-09-05 14:35:00,VIC1,-9.89000
2026-09-05 14:40:00,NSW1,42.08000
2026-09-05 14:40:00,QLD1,-7.50000
2026-09-05 14:40:00,SA1,-16.10871
2026-09-05 14:40:00,TAS1,-15.01000
2026-09-05 14:40:00,VIC1,-16.54000
2026-09-05 14:45:00,NSW1,25.20000
2026-09-05 14:45:00,QLD1,-7.75000
2026-09-05 14:45:00,SA1,-14.18819
2026-09-05 14:45:00,TAS1,-15.01000
2026-09-05 14:45:00,VIC1,-14.62809
2026-09-05 14:50:00,NSW1,64.94000
2026-09-05 14:50:00,QLD1,-5.53000
2026-09-05 14:50:00,SA1,-7.74771
2026-09-05 14:50:00,TAS1,-8.26105
2026-09-05 14:50:00,VIC1,-8.00000
2026-09-05 14:55:00,NSW1,25.20000
2026-09-05 14:55:00,QLD1,-3.30000
2026-09-05 14:55:00,SA1,-7.36102
2026-09-05 14:55:00,TAS1,-7.75539
2026-09-05 14:55:00,VIC1,-7.51000
2026-09-05 15:00:00,NSW1,64.94000
2026-09-05 15:00:00,QLD1,-5.00000
2026-09-05 15:00:00,SA1,-7.10000
2026-09-05 15:00:00,TAS1,-7.70797
2026-09-05 15:00:00,VIC1,-7.46596
2026-09-05 15:05:00,NSW1,61.02000
2026-09-05 15:05:00,QLD1,-6.41000
2026-09-05 15:05:00,SA1,-7.01000
2026-09-05 15:05:00,TAS1,-7.97076
2026-09-05 15:05:00,VIC1,-7.67250
2026-09-05 15:10:00,NSW1,25.20000
2026-09-05 15:10:00,QLD1,-7.00980
2026-09-05 15:10:00,SA1,-6.02000
2026-09-05 15:10:00,TAS1,-7.21384
2026-09-05 15:10:00,VIC1,-7.51000
2026-09-05 15:15:00,NSW1,25.20000
2026-09-05 15:15:00,QLD1,-7.50000
2026-09-05 15:15:00,SA1,-6.51000
2026-09-05 15:15:00,TAS1,3.18000
2026-09-05 15:15:00,VIC1,-7.41646
2026-09-05 15:20:00,NSW1,25.20000
2026-09-05 15:20:00,QLD1,-8.00000
2026-09-05 15:20:00,SA1,-7.01000
2026-09-05 15:20:00,TAS1,3.11000
2026-09-05 15:20:00,VIC1,-7.81559
2026-09-05 15:25:00,NSW1,64.94000
2026-09-05 15:25:00,QLD1,-5.00000
2026-09-05 15:25:00,SA1,-6.02000
2026-09-05 15:25:00,TAS1,3.18000
2026-09-05 15:25:00,VIC1,-6.81727
2026-09-05 15:30:00,NSW1,64.94000
2026-09-05 15:30:00,QLD1,43.01000
2026-09-05 15:30:00,SA1,-6.83239
2026-09-05 15:30:00,TAS1,30.15000
2026-09-05 15:30:00,VIC1,-7.51000
2026-09-05 15:35:00,NSW1,64.94000
2026-09-05 15:35:00,QLD1,-4.09000
2026-09-05 15:35:00,SA1,-6.31160
2026-09-05 15:35:00,TAS1,-0.89000
2026-09-05 15:35:00,VIC1,-6.93000
2026-09-05 15:40:00,NSW1,64.94000
2026-09-05 15:40:00,QLD1,-3.30000
2026-09-05 15:40:00,SA1,-6.34912
2026-09-05 15:40:00,TAS1,-6.61454
2026-09-05 15:40:00,VIC1,-6.93000
2026-09-05 15:45:00,NSW1,64.94000
2026-09-05 15:45:00,QLD1,0.00000
2026-09-05 15:45:00,SA1,-6.20883
2026-09-05 15:45:00,TAS1,-6.61595
2026-09-05 15:45:00,VIC1,-6.93000
2026-09-05 15:50:00,NSW1,64.94000
2026-09-05 15:50:00,QLD1,0.00047
2026-09-05 15:50:00,SA1,-7.01000
2026-09-05 15:50:00,TAS1,-7.44792
2026-09-05 15:50:00,VIC1,-7.73657
2026-09-05 15:55:00,NSW1,64.94000
2026-09-05 15:55:00,QLD1,56.24669
2026-09-05 15:55:00,SA1,-8.61223
2026-09-05 15:55:00,TAS1,-9.16970
2026-09-05 15:55:00,VIC1,-9.33000
2026-09-05 16:00:00,NSW1,64.94000
2026-09-05 16:00:00,QLD1,57.76152
2026-09-05 16:00:00,SA1,-7.10000
2026-09-05 16:00:00,TAS1,-7.49400
2026-09-05 16:00:00,VIC1,-7.78041
2026-09-05 16:05:00,NSW1,64.94000
2026-09-05 16:05:00,QLD1,57.78597
2026-09-05 16:05:00,SA1,-7.10000
2026-09-05 16:05:00,TAS1,-7.53641
2026-09-05 16:05:00,VIC1,-7.83081
2026-09-05 16:10:00,NSW1,64.94000
2026-09-05 16:10:00,QLD1,58.21085
2026-09-05 16:10:00,SA1,-10.13607
2026-09-05 16:10:00,TAS1,-10.94000
2026-09-05 16:10:00,VIC1,-11.01036
2026-09-05 16:15:00,NSW1,57.39007
2026-09-05 16:15:00,QLD1,51.51950
2026-09-05 16:15:00,SA1,-7.10000
2026-09-05 16:15:00,TAS1,-7.44957
2026-09-05 16:15:00,VIC1,-7.74528
2026-09-05 16:20:00,NSW1,64.94000
2026-09-05 16:20:00,QLD1,60.58870
2026-09-05 16:20:00,SA1,-6.02000
2026-09-05 16:20:00,TAS1,-6.60891
2026-09-05 16:20:00,VIC1,-6.93000
2026-09-05 16:25:00,NSW1,64.94000
2026-09-05 16:25:00,QLD1,62.20042
2026-09-05 16:25:00,SA1,-5.81409
2026-09-05 16:25:00,TAS1,-5.42490
2026-09-05 16:25:00,VIC1,-6.93000
2026-09-05 16:30:00,NSW1,64.94000
2026-09-05 16:30:00,QLD1,64.32834
2026-09-05 16:30:00,SA1,-6.51000
2026-09-05 16:30:00,TAS1,-0.89000
2026-09-05 16:30:00,VIC1,-8.49916
2026-09-05 16:35:00,NSW1,64.94000
2026-09-05 16:35:00,QLD1,61.98071
2026-09-05 16:35:00,SA1,-7.00000
2026-09-05 16:35:00,TAS1,2.84547
2026-09-05 16:35:00,VIC1,-32.20786
2026-09-05 16:40:00,NSW1,64.94000
2026-09-05 16:40:00,QLD1,62.83676
2026-09-05 16:40:00,SA1,-1.10000
2026-09-05 16:40:00,TAS1,3.10611
2026-09-05 16:40:00,VIC1,-20.00000
2026-09-05 16:45:00,NSW1,65.50000
2026-09-05 16:45:00,QLD1,64.72546
2026-09-05 16:45:00,SA1,-1.05000
2026-09-05 16:45:00,TAS1,-0.13703
2026-09-05 16:45:00,VIC1,-5.00000
2026-09-05 16:50:00,NSW1,64.94000
2026-09-05 16:50:00,QLD1,63.99000
2026-09-05 16:50:00,SA1,-0.52220
2026-09-05 16:50:00,TAS1,0.85206
2026-09-05 16:50:00,VIC1,-5.00000
2026-09-05 16:55:00,NSW1,71.26069
2026-09-05 16:55:00,QLD1,70.99000
2026-09-05 16:55:00,SA1,-1.02000
2026-09-05 16:55:00,TAS1,22.33263
2026-09-05 16:55:00,VIC1,-5.00000
2026-09-05 17:00:00,NSW1,70.95995
2026-09-05 17:00:00,QLD1,71.17000
2026-09-05 17:00:00,SA1,0.00000
2026-09-05 17:00:00,TAS1,22.29523
2026-09-05 17:00:00,VIC1,-5.00000
2026-09-05 17:05:00,NSW1,67.73972
2026-09-05 17:05:00,QLD1,71.17000
2026-09-05 17:05:00,SA1,-5.22000
2026-09-05 17:05:00,TAS1,20.75607
2026-09-05 17:05:00,VIC1,-5.00000
2026-09-05 17:10:00,NSW1,64.83000
2026-09-05 17:10:00,QLD1,69.69000
2026-09-05 17:10:00,SA1,-1.10000
2026-09-05 17:10:00,TAS1,22.64639
2026-09-05 17:10:00,VIC1,0.01000
2026-09-05 17:15:00,NSW1,64.94000
2026-09-05 17:15:00,QLD1,69.21207
2026-09-05 17:15:00,SA1,-1.09992
2026-09-05 17:15:00,TAS1,22.77855
2026-09-05 17:15:00,VIC1,0.01000
2026-09-05 17:20:00,NSW1,64.94000
2026-09-05 17:20:00,QLD1,70.93000
2026-09-05 17:20:00,SA1,-2.56127
2026-09-05 17:20:00,TAS1,19.50178
2026-09-05 17:20:00,VIC1,-5.00000
2026-09-05 17:25:00,NSW1,64.83000
2026-09-05 17:25:00,QLD1,69.91300
2026-09-05 17:25:00,SA1,-1.10000
2026-09-05 17:25:00,TAS1,19.58633
2026-09-05 17:25:00,VIC1,-5.00000
2026-09-05 17:30:00,NSW1,71.38000
2026-09-05 17:30:00,QLD1,73.64145
2026-09-05 17:30:00,SA1,0.20427
2026-09-05 17:30:00,TAS1,22.13649
2026-09-05 17:30:00,VIC1,-5.00000
2026-09-05 17:35:00,NSW1,69.91649
2026-09-05 17:35:00,QLD1,71.68000
2026-09-05 17:35:00,SA1,7.97000
2026-09-05 17:35:00,TAS1,25.04830
2026-09-05 17:35:00,VIC1,0.01000
2026-09-05 17:40:00,NSW1,65.50000
2026-09-05 17:40:00,QLD1,70.93000
2026-09-05 17:40:00,SA1,-1.02000
2026-09-05 17:40:00,TAS1,23.47518
2026-09-05 17:40:00,VIC1,0.01000
2026-09-05 17:45:00,NSW1,64.83000
2026-09-05 17:45:00,QLD1,70.50884
2026-09-05 17:45:00,SA1,7.96000
2026-09-05 17:45:00,TAS1,19.85443
2026-09-05 17:45:00,VIC1,-5.00000
2026-09-05 17:50:00,NSW1,64.83000
2026-09-05 17:50:00,QLD1,69.69000
2026-09-05 17:50:00,SA1,16.72244
2026-09-05 17:50:00,TAS1,23.04072
2026-09-05 17:50:00,VIC1,0.01000
2026-09-05 17:55:00,NSW1,64.94000
2026-09-05 17:55:00,QLD1,69.69000
2026-09-05 17:55:00,SA1,16.96468
2026-09-05 17:55:00,TAS1,23.17198
2026-09-05 17:55:00,VIC1,0.01000
2026-09-05 18:00:00,NSW1,65.50000
2026-09-05 18:00:00,QLD1,69.69000
2026-09-05 18:00:00,SA1,17.19934
2026-09-05 18:00:00,TAS1,23.38779
2026-09-05 18:00:00,VIC1,0.01000
2026-09-05 18:05:00,NSW1,67.23925
2026-09-05 18:05:00,QLD1,71.68000
2026-09-05 18:05:00,SA1,17.61193
2026-09-05 18:05:00,TAS1,23.94196
2026-09-05 18:05:00,VIC1,0.01000
2026-09-05 18:10:00,NSW1,65.50000
2026-09-05 18:10:00,QLD1,68.98258
2026-09-05 18:10:00,SA1,17.35798
2026-09-05 18:10:00,TAS1,23.33842
2026-09-05 18:10:00,VIC1,0.01000
2026-09-05 18:15:00,NSW1,64.83000
2026-09-05 18:15:00,QLD1,67.41074
2026-09-05 18:15:00,SA1,17.31817
2026-09-05 18:15:00,TAS1,23.11216
2026-09-05 18:15:00,VIC1,0.01000
2026-09-05 18:20:00,NSW1,65.50000
2026-09-05 18:20:00,QLD1,68.50642
2026-09-05 18:20:00,SA1,17.68682
2026-09-05 18:20:00,TAS1,23.36487
2026-09-05 18:20:00,VIC1,0.01000
2026-09-05 18:25:00,NSW1,65.50000
2026-09-05 18:25:00,QLD1,68.13221
2026-09-05 18:25:00,SA1,17.85146
2026-09-05 18:25:00,TAS1,23.44069
2026-09-05 18:25:00,VIC1,0.01030
2026-09-05 18:30:00,NSW1,65.00000
2026-09-05 18:30:00,QLD1,67.15769
2026-09-05 18:30:00,SA1,17.80636
2026-09-05 18:30:00,TAS1,23.34133
2026-09-05 18:30:00,VIC1,0.01030
2026-09-05 18:35:00,NSW1,64.94000
2026-09-05 18:35:00,QLD1,69.32281
2026-09-05 18:35:00,SA1,23.53727
2026-09-05 18:35:00,TAS1,28.85872
2026-09-05 18:35:00,VIC1,8.94000
2026-09-05 18:40:00,NSW1,70.30670
2026-09-05 18:40:00,QLD1,71.68000
2026-09-05 18:40:00,SA1,25.35462
2026-09-05 18:40:00,TAS1,30.73900
2026-09-05 18:40:00,VIC1,8.94000
2026-09-05 18:45:00,NSW1,65.50000
2026-09-05 18:45:00,QLD1,68.92072
2026-09-05 18:45:00,SA1,24.02344
2026-09-05 18:45:00,TAS1,29.04394
2026-09-05 18:45:00,VIC1,8.94000
2026-09-05 18:50:00,NSW1,61.95914
2026-09-05 18:50:00,QLD1,62.70000
2026-09-05 18:50:00,SA1,17.21331
2026-09-05 18:50:00,TAS1,22.13107
2026-09-05 18:50:00,VIC1,0.01030
2026-09-05 18:55:00,NSW1,64.83000
2026-09-05 18:55:00,QLD1,65.62057
2026-09-05 18:55:00,SA1,17.90450
2026-09-05 18:55:00,TAS1,23.16095
2026-09-05 18:55:00,VIC1,0.01030
2026-09-05 19:00:00,NSW1,64.83000
2026-09-05 19:00:00,QLD1,64.76199
2026-09-05 19:00:00,SA1,24.08807
2026-09-05 19:00:00,TAS1,28.76580
2026-09-05 19:00:00,VIC1,9.05000
2026-09-05 19:05:00,NSW1,65.50000
2026-09-05 19:05:00,QLD1,65.84088
2026-09-05 19:05:00,SA1,24.43946
2026-09-05 19:05:00,TAS1,29.03989
2026-09-05 19:05:00,VIC1,8.94000
2026-09-05 19:10:00,NSW1,64.94000
2026-09-05 19:10:00,QLD1,66.93699
2026-09-05 19:10:00,SA1,28.88000
2026-09-05 19:10:00,TAS1,25.84789
2026-09-05 19:10:00,VIC1,0.01030
2026-09-05 19:15:00,NSW1,57.20000
2026-09-05 19:15:00,QLD1,57.79958
2026-09-05 19:15:00,SA1,28.88000
2026-09-05 19:15:00,TAS1,25.75837
2026-09-05 19:15:00,VIC1,4.77078
2026-09-05 19:20:00,NSW1,70.53814
2026-09-05 19:20:00,QLD1,71.68000
2026-09-05 19:20:00,SA1,33.48067
2026-09-05 19:20:00,TAS1,29.11000
2026-09-05 19:20:00,VIC1,1.15718
2026-09-05 19:25:00,NSW1,65.00000
2026-09-05 19:25:00,QLD1,67.33752
2026-09-05 19:25:00,SA1,34.60531
2026-09-05 19:25:00,TAS1,31.21997
2026-09-05 19:25:00,VIC1,8.94000
2026-09-05 19:30:00,NSW1,64.76000
2026-09-05 19:30:00,QLD1,67.95532
2026-09-05 19:30:00,SA1,32.73988
2026-09-05 19:30:00,TAS1,29.11000
2026-09-05 19:30:00,VIC1,5.26777
2026-09-05 19:35:00,NSW1,64.83000
2026-09-05 19:35:00,QLD1,69.69000
2026-09-05 19:35:00,SA1,30.21978
2026-09-05 19:35:00,TAS1,26.06794
2026-09-05 19:35:00,VIC1,0.01054
2026-09-05 19:40:00,NSW1,64.94000
2026-09-05 19:40:00,QLD1,69.21207
2026-09-05 19:40:00,SA1,35.73926
2026-09-05 19:40:00,TAS1,31.30681
2026-09-05 19:40:00,VIC1,10.50000
2026-09-05 19:45:00,NSW1,64.83000
2026-09-05 19:45:00,QLD1,69.30058
2026-09-05 19:45:00,SA1,35.60712
2026-09-05 19:45:00,TAS1,31.18000
2026-09-05 19:45:00,VIC1,10.50000
2026-09-05 19:50:00,NSW1,65.50000
2026-09-05 19:50:00,QLD1,69.69000
2026-09-05 19:50:00,SA1,35.08238
2026-09-05 19:50:00,TAS1,31.28225
2026-09-05 19:50:00,VIC1,8.94000
2026-09-05 19:55:00,NSW1,64.83000
2026-09-05 19:55:00,QLD1,69.28778
2026-09-05 19:55:00,SA1,30.57864
2026-09-05 19:55:00,TAS1,26.13368
2026-09-05 19:55:00,VIC1,0.01055
2026-09-05 20:00:00,NSW1,64.83000
2026-09-05 20:00:00,QLD1,68.82491
2026-09-05 20:00:00,SA1,30.84513
2026-09-05 20:00:00,TAS1,26.13564
2026-09-05 20:00:00,VIC1,0.01055
2026-09-05 20:05:00,NSW1,65.50000
2026-09-05 20:05:00,QLD1,67.71678
2026-09-05 20:05:00,SA1,34.41361
2026-09-05 20:05:00,TAS1,30.18000
2026-09-05 20:05:00,VIC1,6.68795
2026-09-05 20:10:00,NSW1,66.52000
2026-09-05 20:10:00,QLD1,70.59556
2026-09-05 20:10:00,SA1,31.51499
2026-09-05 20:10:00,TAS1,26.72148
2026-09-05 20:10:00,VIC1,0.01055
2026-09-05 20:15:00,NSW1,59.88010
2026-09-05 20:15:00,QLD1,62.70000
2026-09-05 20:15:00,SA1,28.45378
2026-09-05 20:15:00,TAS1,24.05893
2026-09-05 20:15:00,VIC1,0.01030
2026-09-05 20:20:00,NSW1,69.77634
2026-09-05 20:20:00,QLD1,71.68000
2026-09-05 20:20:00,SA1,33.25911
2026-09-05 20:20:00,TAS1,28.03529
2026-09-05 20:20:00,VIC1,0.01030
2026-09-05 20:25:00,NSW1,64.94000
2026-09-05 20:25:00,QLD1,65.80060
2026-09-05 20:25:00,SA1,30.97262
2026-09-05 20:25:00,TAS1,26.09022
2026-09-05 20:25:00,VIC1,0.01030
2026-09-05 20:30:00,NSW1,64.94000
2026-09-05 20:30:00,QLD1,68.41553
2026-09-05 20:30:00,SA1,18.51290
2026-09-05 20:30:00,TAS1,23.17130
2026-09-05 20:30:00,VIC1,0.01030
2026-09-05 20:35:00,NSW1,64.94000
2026-09-05 20:35:00,QLD1,68.40433
2026-09-05 20:35:00,SA1,30.79734
2026-09-05 20:35:00,TAS1,26.00378
2026-09-05 20:35:00,VIC1,0.01030
2026-09-05 20:40:00,NSW1,66.52000
2026-09-05 20:40:00,QLD1,69.69000
2026-09-05 20:40:00,SA1,18.98195
2026-09-05 20:40:00,TAS1,23.73496
2026-09-05 20:40:00,VIC1,0.01030
2026-09-05 20:45:00,NSW1,65.64258
2026-09-05 20:45:00,QLD1,69.69000
2026-09-05 20:45:00,SA1,18.67876
2026-09-05 20:45:00,TAS1,22.67737
2026-09-05 20:45:00,VIC1,0.01030
2026-09-05 20:50:00,NSW1,57.20000
2026-09-05 20:50:00,QLD1,62.70000
2026-09-05 20:50:00,SA1,16.28605
2026-09-05 20:50:00,TAS1,19.59680
2026-09-05 20:50:00,VIC1,0.01030
2026-09-05 20:55:00,NSW1,59.14470
2026-09-05 20:55:00,QLD1,62.73002
2026-09-05 20:55:00,SA1,28.27808
2026-09-05 20:55:00,TAS1,23.67511
2026-09-05 20:55:00,VIC1,0.01030
2026-09-05 21:00:00,NSW1,64.94000
2026-09-05 21:00:00,QLD1,67.54504
2026-09-05 21:00:00,SA1,18.66488
2026-09-05 21:00:00,TAS1,22.41832
2026-09-05 21:00:00,VIC1,0.01000
2026-09-05 21:05:00,NSW1,65.50000
2026-09-05 21:05:00,QLD1,68.62464
2026-09-05 21:05:00,SA1,31.46959
2026-09-05 21:05:00,TAS1,29.11000
2026-09-05 21:05:00,VIC1,0.01030
2026-09-05 21:10:00,NSW1,51.30005
2026-09-05 21:10:00,QLD1,54.75000
2026-09-05 21:10:00,SA1,24.70148
2026-09-05 21:10:00,TAS1,20.59562
2026-09-05 21:10:00,VIC1,0.01030
2026-09-05 21:15:00,NSW1,57.38981
2026-09-05 21:15:00,QLD1,57.75982
2026-09-05 21:15:00,SA1,27.52564
2026-09-05 21:15:00,TAS1,23.02089
2026-09-05 21:15:00,VIC1,0.01030
2026-09-05 21:20:00,NSW1,57.20000
2026-09-05 21:20:00,QLD1,59.07524
2026-09-05 21:20:00,SA1,27.63285
2026-09-05 21:20:00,TAS1,23.01667
2026-09-05 21:20:00,VIC1,0.01030
2026-09-05 21:25:00,NSW1,66.52000
2026-09-05 21:25:00,QLD1,68.30358
2026-09-05 21:25:00,SA1,32.07536
2026-09-05 21:25:00,TAS1,26.77338
2026-09-05 21:25:00,VIC1,0.01030
2026-09-05 21:30:00,NSW1,64.94000
2026-09-05 21:30:00,QLD1,66.68934
2026-09-05 21:30:00,SA1,31.47396
2026-09-05 21:30:00,TAS1,26.14437
2026-09-05 21:30:00,VIC1,0.01030
2026-09-05 21:35:00,NSW1,62.76219
2026-09-05 21:35:00,QLD1,62.70000
2026-09-05 21:35:00,SA1,17.85137
2026-09-05 21:35:00,TAS1,23.12842
2026-09-05 21:35:00,VIC1,0.01030
2026-09-05 21:40:00,NSW1,63.49098
2026-09-05 21:40:00,QLD1,62.70000
2026-09-05 21:40:00,SA1,34.63098
2026-09-05 21:40:00,TAS1,30.85150
2026-09-05 21:40:00,VIC1,8.94000
2026-09-05 21:45:00,NSW1,65.50000
2026-09-05 21:45:00,QLD1,66.32378
2026-09-05 21:45:00,SA1,31.64297
2026-09-05 21:45:00,TAS1,26.35224
2026-09-05 21:45:00,VIC1,0.01055
2026-09-05 21:50:00,NSW1,62.82792
2026-09-05 21:50:00,QLD1,62.70000
2026-09-05 21:50:00,SA1,18.08174
2026-09-05 21:50:00,TAS1,22.44857
2026-09-05 21:50:00,VIC1,0.01000
2026-09-05 21:55:00,NSW1,53.53163
2026-09-05 21:55:00,QLD1,54.50000
2026-09-05 21:55:00,SA1,15.28554
2026-09-05 21:55:00,TAS1,19.06054
2026-09-05 21:55:00,VIC1,0.01000
2026-09-05 22:00:00,NSW1,57.20000
2026-09-05 22:00:00,QLD1,57.86324
2026-09-05 22:00:00,SA1,27.23017
2026-09-05 22:00:00,TAS1,22.85879
2026-09-05 22:00:00,VIC1,0.01000
2026-09-05 22:05:00,NSW1,57.39011
2026-09-05 22:05:00,QLD1,58.37014
2026-09-05 22:05:00,SA1,27.36619
2026-09-05 22:05:00,TAS1,22.92882
2026-09-05 22:05:00,VIC1,0.01030
2026-09-05 22:10:00,NSW1,62.08007
2026-09-05 22:10:00,QLD1,62.70000
2026-09-05 22:10:00,SA1,17.58885
2026-09-05 22:10:00,TAS1,22.02143
2026-09-05 22:10:00,VIC1,0.01000
2026-09-05 22:15:00,NSW1,64.94000
2026-09-05 22:15:00,QLD1,64.76983
2026-09-05 22:15:00,SA1,18.30953
2026-09-05 22:15:00,TAS1,23.03268
2026-09-05 22:15:00,VIC1,0.01030
2026-09-05 22:20:00,NSW1,64.94000
2026-09-05 22:20:00,QLD1,66.02010
2026-09-05 22:20:00,SA1,18.13968
2026-09-05 22:20:00,TAS1,22.95517
2026-09-05 22:20:00,VIC1,0.01000
2026-09-05 22:25:00,NSW1,57.39011
2026-09-05 22:25:00,QLD1,57.89485
2026-09-05 22:25:00,SA1,16.16642
2026-09-05 22:25:00,TAS1,20.28275
2026-09-05 22:25:00,VIC1,0.01030
2026-09-05 22:30:00,NSW1,57.20000
2026-09-05 22:30:00,QLD1,57.68420
2026-09-05 22:30:00,SA1,16.09089
2026-09-05 22:30:00,TAS1,20.20744
2026-09-05 22:30:00,VIC1,0.01055
2026-09-05 22:35:00,NSW1,64.94000
2026-09-05 22:35:00,QLD1,65.89453
2026-09-05 22:35:00,SA1,18.26778
2026-09-05 22:35:00,TAS1,22.93638
2026-09-05 22:35:00,VIC1,0.01030
2026-09-05 22:40:00,NSW1,57.39011
2026-09-05 22:40:00,QLD1,57.43333
2026-09-05 22:40:00,SA1,16.18387
2026-09-05 22:40:00,TAS1,20.27161
2026-09-05 22:40:00,VIC1,0.01000
2026-09-05 22:45:00,NSW1,61.82762
2026-09-05 22:45:00,QLD1,62.73002
2026-09-05 22:45:00,SA1,17.29334
2026-09-05 22:45:00,TAS1,21.75987
2026-09-05 22:45:00,VIC1,0.01000
2026-09-05 22:50:00,NSW1,61.43385
2026-09-05 22:50:00,QLD1,62.73002
2026-09-05 22:50:00,SA1,17.17635
2026-09-05 22:50:00,TAS1,21.61620
2026-09-05 22:50:00,VIC1,0.01000
2026-09-05 22:55:00,NSW1,57.20000
2026-09-05 22:55:00,QLD1,57.96390
2026-09-05 22:55:00,SA1,15.94387
2026-09-05 22:55:00,TAS1,20.11671
2026-09-05 22:55:00,VIC1,0.01000
2026-09-05 23:00:00,NSW1,57.20000
2026-09-05 23:00:00,QLD1,57.57968
2026-09-05 23:00:00,SA1,15.94666
2026-09-05 23:00:00,TAS1,20.11940
2026-09-05 23:00:00,VIC1,0.01000
2026-09-05 23:05:00,NSW1,64.94000
2026-09-05 23:05:00,QLD1,67.56949
2026-09-05 23:05:00,SA1,18.00926
2026-09-05 23:05:00,TAS1,22.76889
2026-09-05 23:05:00,VIC1,0.01000
2026-09-05 23:10:00,NSW1,57.46986
2026-09-05 23:10:00,QLD1,60.17434
2026-09-05 23:10:00,SA1,16.07209
2026-09-05 23:10:00,TAS1,20.21405
2026-09-05 23:10:00,VIC1,0.01030
2026-09-05 23:15:00,NSW1,59.50786
2026-09-05 23:15:00,QLD1,62.73002
2026-09-05 23:15:00,SA1,22.78821
2026-09-05 23:15:00,TAS1,26.63436
2026-09-05 23:15:00,VIC1,8.94000
2026-09-05 23:20:00,NSW1,66.52000
2026-09-05 23:20:00,QLD1,69.18550
2026-09-05 23:20:00,SA1,18.63925
2026-09-05 23:20:00,TAS1,23.46649
2026-09-05 23:20:00,VIC1,0.01055
2026-09-05 23:25:00,NSW1,64.94000
2026-09-05 23:25:00,QLD1,66.60034
2026-09-05 23:25:00,SA1,18.19728
2026-09-05 23:25:00,TAS1,22.90583
2026-09-05 23:25:00,VIC1,0.01030
2026-09-05 23:30:00,NSW1,65.50000
2026-09-05 23:30:00,QLD1,67.12000
2026-09-05 23:30:00,SA1,28.88000
2026-09-05 23:30:00,TAS1,25.61056
2026-09-05 23:30:00,VIC1,0.01055
2026-09-05 23:35:00,NSW1,70.18199
2026-09-05 23:35:00,QLD1,72.50000
2026-09-05 23:35:00,SA1,33.29312
2026-09-05 23:35:00,TAS1,27.97313
2026-09-05 23:35:00,VIC1,0.01030
2026-09-05 23:40:00,NSW1,68.02000
2026-09-05 23:40:00,QLD1,69.77758
2026-09-05 23:40:00,SA1,32.37094
2026-09-05 23:40:00,TAS1,27.11908
2026-09-05 23:40:00,VIC1,0.01030
2026-09-05 23:45:00,NSW1,57.38985
2026-09-05 23:45:00,QLD1,58.89341
2026-09-05 23:45:00,SA1,27.14053
2026-09-05 23:45:00,TAS1,22.79411
2026-09-05 23:45:00,VIC1,0.01030
2026-09-05 23:50:00,NSW1,68.42915
2026-09-05 23:50:00,QLD1,69.69000
2026-09-05 23:50:00,SA1,28.88000
2026-09-05 23:50:00,TAS1,26.39125
2026-09-05 23:50:00,VIC1,0.01030
2026-09-05 23:55:00,NSW1,67.99249
2026-09-05 23:55:00,QLD1,69.69000
2026-09-05 23:55:00,SA1,36.58432
2026-09-05 23:55:00,TAS1,32.06943
2026-09-05 23:55:00,VIC1,8.94000
2026-09-06 00:00:00,NSW1,51.38232
2026-09-06 00:00:00,QLD1,54.73004
2026-09-06 00:00:00,SA1,24.41152
2026-09-06 00:00:00,TAS1,20.39008
2026-09-06 00:00:00,VIC1,0.01030
2026-09-06 00:05:00,NSW1,42.45000
2026-09-06 00:05:00,QLD1,44.00191
2026-09-06 00:05:00,SA1,24.65749
2026-09-06 00:05:00,TAS1,22.11817
2026-09-06 00:05:00,VIC1,8.94000
2026-09-06 00:10:00,NSW1,59.77978
2026-09-06 00:10:00,QLD1,64.45234
2026-09-06 00:10:00,SA1,32.89152
2026-09-06 00:10:00,TAS1,28.99645
2026-09-06 00:10:00,VIC1,8.94000
2026-09-06 00:15:00,NSW1,76.45495
2026-09-06 00:15:00,QLD1,78.73000
2026-09-06 00:15:00,SA1,36.32082
2026-09-06 00:15:00,TAS1,30.32997
2026-09-06 00:15:00,VIC1,0.01000
2026-09-06 00:20:00,NSW1,70.40859
2026-09-06 00:20:00,QLD1,72.50007
2026-09-06 00:20:00,SA1,33.79882
2026-09-06 00:20:00,TAS1,28.05117
2026-09-06 00:20:00,VIC1,0.01030
2026-09-06 00:25:00,NSW1,51.15444
2026-09-06 00:25:00,QLD1,54.75000
2026-09-06 00:25:00,SA1,24.37089
2026-09-06 00:25:00,TAS1,20.31226
2026-09-06 00:25:00,VIC1,0.01055
2026-09-06 00:30:00,NSW1,64.94000
2026-09-06 00:30:00,QLD1,66.75961
2026-09-06 00:30:00,SA1,35.65495
2026-09-06 00:30:00,TAS1,31.10877
2026-09-06 00:30:00,VIC1,8.94000
2026-09-06 00:35:00,NSW1,71.38000
2026-09-06 00:35:00,QLD1,72.50007
2026-09-06 00:35:00,SA1,38.46562
2026-09-06 00:35:00,TAS1,33.49168
2026-09-06 00:35:00,VIC1,8.94000
2026-09-06 00:40:00,NSW1,70.99991
2026-09-06 00:40:00,QLD1,72.50000
2026-09-06 00:40:00,SA1,38.46555
2026-09-06 00:40:00,TAS1,33.36461
2026-09-06 00:40:00,VIC1,8.94000
2026-09-06 00:45:00,NSW1,57.38976
2026-09-06 00:45:00,QLD1,59.76706
2026-09-06 00:45:00,SA1,31.58644
2026-09-06 00:45:00,TAS1,27.93801
2026-09-06 00:45:00,VIC1,8.94000
2026-09-06 00:50:00,NSW1,51.91874
2026-09-06 00:50:00,QLD1,54.73000
2026-09-06 00:50:00,SA1,28.88000
2026-09-06 00:50:00,TAS1,25.76986
2026-09-06 00:50:00,VIC1,8.94000
2026-09-06 00:55:00,NSW1,65.50000
2026-09-06 00:55:00,QLD1,66.43305
2026-09-06 00:55:00,SA1,35.70266
2026-09-06 00:55:00,TAS1,31.08538
2026-09-06 00:55:00,VIC1,8.94000
2026-09-06 01:00:00,NSW1,53.65031
2026-09-06 01:00:00,QLD1,54.75000
2026-09-06 01:00:00,SA1,29.76792
2026-09-06 01:00:00,TAS1,26.30533
2026-09-06 01:00:00,VIC1,8.94000
2026-09-06 01:05:00,NSW1,57.38991
2026-09-06 01:05:00,QLD1,58.57063
2026-09-06 01:05:00,SA1,31.19737
2026-09-06 01:05:00,TAS1,27.81059
2026-09-06 01:05:00,VIC1,8.94000
2026-09-06 01:10:00,NSW1,61.87278
2026-09-06 01:10:00,QLD1,62.73004
2026-09-06 01:10:00,SA1,33.30418
2026-09-06 01:10:00,TAS1,29.57694
2026-09-06 01:10:00,VIC1,8.94000
2026-09-06 01:15:00,NSW1,57.38991
2026-09-06 01:15:00,QLD1,58.53504
2026-09-06 01:15:00,SA1,30.94710
2026-09-06 01:15:00,TAS1,27.71701
2026-09-06 01:15:00,VIC1,8.94000
2026-09-06 01:20:00,NSW1,59.71987
2026-09-06 01:20:00,QLD1,60.90566
2026-09-06 01:20:00,SA1,32.37537
2026-09-06 01:20:00,TAS1,28.72662
2026-09-06 01:20:00,VIC1,8.94000
2026-09-06 01:25:00,NSW1,66.52000
2026-09-06 01:25:00,QLD1,67.37509
2026-09-06 01:25:00,SA1,36.03186
2026-09-06 01:25:00,TAS1,31.44348
2026-09-06 01:25:00,VIC1,8.94000
2026-09-06 01:30:00,NSW1,66.52000
2026-09-06 01:30:00,QLD1,67.83673
2026-09-06 01:30:00,SA1,35.84291
2026-09-06 01:30:00,TAS1,31.49806
2026-09-06 01:30:00,VIC1,8.94000
2026-09-06 01:35:00,NSW1,61.81407
2026-09-06 01:35:00,QLD1,63.06242
2026-09-06 01:35:00,SA1,34.14420
2026-09-06 01:35:00,TAS1,30.18000
2026-09-06 01:35:00,VIC1,9.81000
2026-09-06 01:40:00,NSW1,66.52000
2026-09-06 01:40:00,QLD1,66.98504
2026-09-06 01:40:00,SA1,36.15591
2026-09-06 01:40:00,TAS1,31.50019
2026-09-06 01:40:00,VIC1,8.94000
2026-09-06 01:45:00,NSW1,64.94000
2026-09-06 01:45:00,QLD1,64.96531
2026-09-06 01:45:00,SA1,36.53526
2026-09-06 01:45:00,TAS1,31.92638
2026-09-06 01:45:00,VIC1,10.50000
2026-09-06 01:50:00,NSW1,55.22206
2026-09-06 01:50:00,QLD1,54.75000
2026-09-06 01:50:00,SA1,32.06286
2026-09-06 01:50:00,TAS1,28.10074
2026-09-06 01:50:00,VIC1,10.50000
2026-09-06 01:55:00,NSW1,42.25000
2026-09-06 01:55:00,QLD1,43.37420
2026-09-06 01:55:00,SA1,25.97781
2026-09-06 01:55:00,TAS1,23.07564
2026-09-06 01:55:00,VIC1,10.50000
2026-09-06 02:00:00,NSW1,55.89284
2026-09-06 02:00:00,QLD1,55.53000
2026-09-06 02:00:00,SA1,32.58976
2026-09-06 02:00:00,TAS1,28.46891
2026-09-06 02:00:00,VIC1,10.50000
2026-09-06 02:05:00,NSW1,43.02270
2026-09-06 02:05:00,QLD1,43.00000
2026-09-06 02:05:00,SA1,25.79119
2026-09-06 02:05:00,TAS1,22.79626
2026-09-06 02:05:00,VIC1,9.70000
2026-09-06 02:10:00,NSW1,54.35462
2026-09-06 02:10:00,QLD1,54.73000
2026-09-06 02:10:00,SA1,31.81565
2026-09-06 02:10:00,TAS1,27.85396
2026-09-06 02:10:00,VIC1,10.65000
2026-09-06 02:15:00,NSW1,42.74167
2026-09-06 02:15:00,QLD1,43.00000
2026-09-06 02:15:00,SA1,26.25422
2026-09-06 02:15:00,TAS1,23.11685
2026-09-06 02:15:00,VIC1,10.50000
2026-09-06 02:20:00,NSW1,54.37833
2026-09-06 02:20:00,QLD1,54.73008
2026-09-06 02:20:00,SA1,31.85858
2026-09-06 02:20:00,TAS1,27.68982
2026-09-06 02:20:00,VIC1,10.50000
2026-09-06 02:25:00,NSW1,54.38132
2026-09-06 02:25:00,QLD1,54.75012
2026-09-06 02:25:00,SA1,31.95040
2026-09-06 02:25:00,TAS1,27.65561
2026-09-06 02:25:00,VIC1,10.50000
2026-09-06 02:30:00,NSW1,43.32278
2026-09-06 02:30:00,QLD1,43.00000
2026-09-06 02:30:00,SA1,25.45628
2026-09-06 02:30:00,TAS1,22.28248
2026-09-06 02:30:00,VIC1,8.94000
2026-09-06 02:35:00,NSW1,55.15062
2026-09-06 02:35:00,QLD1,54.73008
2026-09-06 02:35:00,SA1,31.11738
2026-09-06 02:35:00,TAS1,26.94998
2026-09-06 02:35:00,VIC1,8.94000
2026-09-06 02:40:00,NSW1,54.80321
2026-09-06 02:40:00,QLD1,54.73008
2026-09-06 02:40:00,SA1,31.13117
2026-09-06 02:40:00,TAS1,26.82076
2026-09-06 02:40:00,VIC1,8.94000
2026-09-06 02:45:00,NSW1,42.53945
2026-09-06 02:45:00,QLD1,43.03488
2026-09-06 02:45:00,SA1,25.98338
2026-09-06 02:45:00,TAS1,22.88850
2026-09-06 02:45:00,VIC1,10.50000
2026-09-06 02:50:00,NSW1,49.43643
2026-09-06 02:50:00,QLD1,49.66433
2026-09-06 02:50:00,SA1,28.88000
2026-09-06 02:50:00,TAS1,25.57265
2026-09-06 02:50:00,VIC1,10.50000
2026-09-06 02:55:00,NSW1,55.15327
2026-09-06 02:55:00,QLD1,54.73012
2026-09-06 02:55:00,SA1,32.24198
2026-09-06 02:55:00,TAS1,27.95118
2026-09-06 02:55:00,VIC1,10.50026
2026-09-06 03:00:00,NSW1,40.60379
2026-09-06 03:00:00,QLD1,39.75000
2026-09-06 03:00:00,SA1,25.56877
2026-09-06 03:00:00,TAS1,22.35893
2026-09-06 03:00:00,VIC1,10.50000
2026-09-06 03:05:00,NSW1,42.80007
2026-09-06 03:05:00,QLD1,41.92321
2026-09-06 03:05:00,SA1,26.62623
2026-09-06 03:05:00,TAS1,23.23188
2026-09-06 03:05:00,VIC1,10.50000
2026-09-06 03:10:00,NSW1,42.53950
2026-09-06 03:10:00,QLD1,41.10592
2026-09-06 03:10:00,SA1,25.64269
2026-09-06 03:10:00,TAS1,22.16190
2026-09-06 03:10:00,VIC1,8.94000
2026-09-06 03:15:00,NSW1,55.18309
2026-09-06 03:15:00,QLD1,54.73008
2026-09-06 03:15:00,SA1,32.82168
2026-09-06 03:15:00,TAS1,28.18742
2026-09-06 03:15:00,VIC1,10.65000
2026-09-06 03:20:00,NSW1,56.60794
2026-09-06 03:20:00,QLD1,54.73008
2026-09-06 03:20:00,SA1,33.71263
2026-09-06 03:20:00,TAS1,28.84274
2026-09-06 03:20:00,VIC1,10.65000
2026-09-06 03:25:00,NSW1,56.57800
2026-09-06 03:25:00,QLD1,54.73012
2026-09-06 03:25:00,SA1,33.82369
2026-09-06 03:25:00,TAS1,28.93224
2026-09-06 03:25:00,VIC1,10.65000
2026-09-06 03:30:00,NSW1,56.59583
2026-09-06 03:30:00,QLD1,54.73008
2026-09-06 03:30:00,SA1,34.09201
2026-09-06 03:30:00,TAS1,29.06231
2026-09-06 03:30:00,VIC1,10.65000
2026-09-06 03:35:00,NSW1,57.39007
2026-09-06 03:35:00,QLD1,54.75000
2026-09-06 03:35:00,SA1,34.41809
2026-09-06 03:35:00,TAS1,29.36010
2026-09-06 03:35:00,VIC1,10.65000
2026-09-06 03:40:00,NSW1,57.72782
2026-09-06 03:40:00,QLD1,54.75000
2026-09-06 03:40:00,SA1,35.97655
2026-09-06 03:40:00,TAS1,30.75409
2026-09-06 03:40:00,VIC1,12.51000
2026-09-06 03:45:00,NSW1,57.38993
2026-09-06 03:45:00,QLD1,54.75000
2026-09-06 03:45:00,SA1,34.16989
2026-09-06 03:45:00,TAS1,29.56889
2026-09-06 03:45:00,VIC1,10.65000
2026-09-06 03:50:00,NSW1,57.39007
2026-09-06 03:50:00,QLD1,54.75000
2026-09-06 03:50:00,SA1,41.85618
2026-09-06 03:50:00,TAS1,29.17103
2026-09-06 03:50:00,VIC1,10.50000
2026-09-06 03:55:00,NSW1,57.19545
2026-09-06 03:55:00,QLD1,54.75000
2026-09-06 03:55:00,SA1,41.64877
2026-09-06 03:55:00,TAS1,29.24068
2026-09-06 03:55:00,VIC1,10.42974
2026-09-06 04:00:00,NSW1,57.78121
2026-09-06 04:00:00,QLD1,55.53000
2026-09-06 04:00:00,SA1,34.90138
2026-09-06 04:00:00,TAS1,29.61526
2026-09-06 04:00:00,VIC1,10.65000
2026-09-06 04:05:00,NSW1,56.64712
2026-09-06 04:05:00,QLD1,54.75000
2026-09-06 04:05:00,SA1,34.26087
2026-09-06 04:05:00,TAS1,29.17539
2026-09-06 04:05:00,VIC1,10.65000
2026-09-06 04:10:00,NSW1,64.94000
2026-09-06 04:10:00,QLD1,62.73004
2026-09-06 04:10:00,SA1,37.77808
2026-09-06 04:10:00,TAS1,32.27640
2026-09-06 04:10:00,VIC1,10.50000
2026-09-06 04:15:00,NSW1,57.04432
2026-09-06 04:15:00,QLD1,55.53000
2026-09-06 04:15:00,SA1,34.11795
2026-09-06 04:15:00,TAS1,29.25239
2026-09-06 04:15:00,VIC1,10.50000
2026-09-06 04:20:00,NSW1,44.00117
2026-09-06 04:20:00,QLD1,43.34000
2026-09-06 04:20:00,SA1,28.08542
2026-09-06 04:20:00,TAS1,24.25588
2026-09-06 04:20:00,VIC1,10.65000
2026-09-06 04:25:00,NSW1,71.40000
2026-09-06 04:25:00,QLD1,69.47764
2026-09-06 04:25:00,SA1,56.20000
2026-09-06 04:25:00,TAS1,36.86874
2026-09-06 04:25:00,VIC1,12.97000
2026-09-06 04:30:00,NSW1,71.38000
2026-09-06 04:30:00,QLD1,68.57410
2026-09-06 04:30:00,SA1,56.20000
2026-09-06 04:30:00,TAS1,36.89038
2026-09-06 04:30:00,VIC1,13.26000
2026-09-06 04:35:00,NSW1,45.44000
2026-09-06 04:35:00,QLD1,44.83379
2026-09-06 04:35:00,SA1,39.14166
2026-09-06 04:35:00,TAS1,26.39740
2026-09-06 04:35:00,VIC1,12.96000
2026-09-06 04:40:00,NSW1,64.94000
2026-09-06 04:40:00,QLD1,62.73004
2026-09-06 04:40:00,SA1,60.26705
2026-09-06 04:40:00,TAS1,36.35079
2026-09-06 04:40:00,VIC1,12.50000
2026-09-06 04:45:00,NSW1,71.40000
2026-09-06 04:45:00,QLD1,69.49591
2026-09-06 04:45:00,SA1,56.33180
2026-09-06 04:45:00,TAS1,48.16124
2026-09-06 04:45:00,VIC1,31.95408
2026-09-06 04:50:00,NSW1,71.38000
2026-09-06 04:50:00,QLD1,70.42585
2026-09-06 04:50:00,SA1,60.61805
2026-09-06 04:50:00,TAS1,36.98676
2026-09-06 04:50:00,VIC1,12.96000
2026-09-06 04:55:00,NSW1,63.27090
2026-09-06 04:55:00,QLD1,62.73004
2026-09-06 04:55:00,SA1,37.78925
2026-09-06 04:55:00,TAS1,32.10016
2026-09-06 04:55:00,VIC1,10.64994
2026-09-06 05:00:00,NSW1,71.40000
2026-09-06 05:00:00,QLD1,70.78965
2026-09-06 05:00:00,SA1,60.40412
2026-09-06 05:00:00,TAS1,36.92876
2026-09-06 05:00:00,VIC1,12.96000
2026-09-06 05:05:00,NSW1,71.38000
2026-09-06 05:05:00,QLD1,70.87470
2026-09-06 05:05:00,SA1,59.55000
2026-09-06 05:05:00,TAS1,42.94173
2026-09-06 05:05:00,VIC1,22.67000
2026-09-06 05:10:00,NSW1,71.40000
2026-09-06 05:10:00,QLD1,71.86454
2026-09-06 05:10:00,SA1,61.19257
2026-09-06 05:10:00,TAS1,36.99162
2026-09-06 05:10:00,VIC1,12.96000
2026-09-06 05:15:00,NSW1,64.94000
2026-09-06 05:15:00,QLD1,64.51694
2026-09-06 05:15:00,SA1,69.41000
2026-09-06 05:15:00,TAS1,34.30228
2026-09-06 05:15:00,VIC1,12.50000
2026-09-06 05:20:00,NSW1,71.38000
2026-09-06 05:20:00,QLD1,71.36343
2026-09-06 05:20:00,SA1,65.82022
2026-09-06 05:20:00,TAS1,37.18977
2026-09-06 05:20:00,VIC1,12.96000
2026-09-06 05:25:00,NSW1,64.95024
2026-09-06 05:25:00,QLD1,64.94892
2026-09-06 05:25:00,SA1,59.55000
2026-09-06 05:25:00,TAS1,48.38676
2026-09-06 05:25:00,VIC1,35.33320
2026-09-06 05:30:00,NSW1,71.40000
2026-09-06 05:30:00,QLD1,71.88950
2026-09-06 05:30:00,SA1,65.56149
2026-09-06 05:30:00,TAS1,37.39307
2026-09-06 05:30:00,VIC1,12.96000
2026-09-06 05:35:00,NSW1,71.40000
2026-09-06 05:35:00,QLD1,72.38362
2026-09-06 05:35:00,SA1,66.19760
2026-09-06 05:35:00,TAS1,37.09644
2026-09-06 05:35:00,VIC1,12.50000
2026-09-06 05:40:00,NSW1,77.93823
2026-09-06 05:40:00,QLD1,78.52000
2026-09-06 05:40:00,SA1,69.41000
2026-09-06 05:40:00,TAS1,51.92036
2026-09-06 05:40:00,VIC1,32.18000
2026-09-06 05:45:00,NSW1,80.02616
2026-09-06 05:45:00,QLD1,78.52000
2026-09-06 05:45:00,SA1,74.44000
2026-09-06 05:45:00,TAS1,46.89544
2026-09-06 05:45:00,VIC1,22.67000
2026-09-06 05:50:00,NSW1,81.06232
2026-09-06 05:50:00,QLD1,78.52000
2026-09-06 05:50:00,SA1,74.44000
2026-09-06 05:50:00,TAS1,41.25592
2026-09-06 05:50:00,VIC1,12.96000
2026-09-06 05:55:00,NSW1,71.40000
2026-09-06 05:55:00,QLD1,71.47190
2026-09-06 05:55:00,SA1,62.50763
2026-09-06 05:55:00,TAS1,42.85772
2026-09-06 05:55:00,VIC1,22.67000
2026-09-06 06:00:00,NSW1,89.17605
2026-09-06 06:00:00,QLD1,84.73005
2026-09-06 06:00:00,SA1,73.08863
2026-09-06 06:00:00,TAS1,58.20380
2026-09-06 06:00:00,VIC1,35.87000
2026-09-06 06:05:00,NSW1,82.29132
2026-09-06 06:05:00,QLD1,78.52000
2026-09-06 06:05:00,SA1,69.41000
2026-09-06 06:05:00,TAS1,47.14187
2026-09-06 06:05:00,VIC1,22.67000
2026-09-06 06:10:00,NSW1,82.83102
2026-09-06 06:10:00,QLD1,78.73000
2026-09-06 06:10:00,SA1,69.41000
2026-09-06 06:10:00,TAS1,47.20624
2026-09-06 06:10:00,VIC1,22.55201
2026-09-06 06:15:00,NSW1,83.99000
2026-09-06 06:15:00,QLD1,78.75291
2026-09-06 06:15:00,SA1,74.44000
2026-09-06 06:15:00,TAS1,56.34994
2026-09-06 06:15:00,VIC1,35.87000
2026-09-06 06:20:00,NSW1,75.48612
2026-09-06 06:20:00,QLD1,71.68000
2026-09-06 06:20:00,SA1,59.55000
2026-09-06 06:20:00,TAS1,47.87572
2026-09-06 06:20:00,VIC1,28.23000
2026-09-06 06:25:00,NSW1,83.24891
2026-09-06 06:25:00,QLD1,78.52000
2026-09-06 06:25:00,SA1,70.79655
2026-09-06 06:25:00,TAS1,56.10304
2026-09-06 06:25:00,VIC1,35.87000
2026-09-06 06:30:00,NSW1,75.41369
2026-09-06 06:30:00,QLD1,72.50000
2026-09-06 06:30:00,SA1,60.09000
2026-09-06 06:30:00,TAS1,52.85507
2026-09-06 06:30:00,VIC1,35.87000
2026-09-06 06:35:00,NSW1,66.31504
2026-09-06 06:35:00,QLD1,63.73000
2026-09-06 06:35:00,SA1,74.44000
2026-09-06 06:35:00,TAS1,46.66715
2026-09-06 06:35:00,VIC1,32.18000
2026-09-06 06:40:00,NSW1,78.36625
2026-09-06 06:40:00,QLD1,75.30582
2026-09-06 06:40:00,SA1,69.41000
2026-09-06 06:40:00,TAS1,51.39100
2026-09-06 06:40:00,VIC1,32.18000
2026-09-06 06:45:00,NSW1,68.01295
2026-09-06 06:45:00,QLD1,63.73000
2026-09-06 06:45:00,SA1,64.08662
2026-09-06 06:45:00,TAS1,47.76487
2026-09-06 06:45:00,VIC1,32.18000
2026-09-06 06:50:00,NSW1,66.12732
2026-09-06 06:50:00,QLD1,62.73000
2026-09-06 06:50:00,SA1,83.68000
2026-09-06 06:50:00,TAS1,46.22375
2026-09-06 06:50:00,VIC1,32.18000
2026-09-06 06:55:00,NSW1,65.50000
2026-09-06 06:55:00,QLD1,61.70782
2026-09-06 06:55:00,SA1,69.41000
2026-09-06 06:55:00,TAS1,46.04737
2026-09-06 06:55:00,VIC1,32.18000
2026-09-06 07:00:00,NSW1,57.74742
2026-09-06 07:00:00,QLD1,54.73008
2026-09-06 07:00:00,SA1,59.55000
2026-09-06 07:00:00,TAS1,45.21905
2026-09-06 07:00:00,VIC1,35.87000
2026-09-06 07:05:00,NSW1,45.04137
2026-09-06 07:05:00,QLD1,43.21395
2026-09-06 07:05:00,SA1,83.68000
2026-09-06 07:05:00,TAS1,38.27501
2026-09-06 07:05:00,VIC1,32.18000
2026-09-06 07:10:00,NSW1,43.76725
2026-09-06 07:10:00,QLD1,43.66000
2026-09-06 07:10:00,SA1,74.44000
2026-09-06 07:10:00,TAS1,36.34364
2026-09-06 07:10:00,VIC1,32.18000
2026-09-06 07:15:00,NSW1,33.62565
2026-09-06 07:15:00,QLD1,33.21931
2026-09-06 07:15:00,SA1,94.62000
2026-09-06 07:15:00,TAS1,32.52788
2026-09-06 07:15:00,VIC1,32.18000
2026-09-06 07:20:00,NSW1,14.58939
2026-09-06 07:20:00,QLD1,13.51131
2026-09-06 07:20:00,SA1,94.60000
2026-09-06 07:20:00,TAS1,15.10000
2026-09-06 07:20:00,VIC1,14.51600
2026-09-06 07:25:00,NSW1,14.84069
2026-09-06 07:25:00,QLD1,13.29721
2026-09-06 07:25:00,SA1,69.41000
2026-09-06 07:25:00,TAS1,15.12000
2026-09-06 07:25:00,VIC1,14.76574
2026-09-06 07:30:00,NSW1,0.90000
2026-09-06 07:30:00,QLD1,0.00027
2026-09-06 07:30:00,SA1,84.44000
2026-09-06 07:30:00,TAS1,15.12000
2026-09-06 07:30:00,VIC1,14.67180
2026-09-06 07:35:00,NSW1,23.96158
2026-09-06 07:35:00,QLD1,21.02697
2026-09-06 07:35:00,SA1,91.25000
2026-09-06 07:35:00,TAS1,24.26204
2026-09-06 07:35:00,VIC1,24.00000
2026-09-06 07:40:00,NSW1,32.64884
2026-09-06 07:40:00,QLD1,10.31742
2026-09-06 07:40:00,SA1,96.76000
2026-09-06 07:40:00,TAS1,32.52576
2026-09-06 07:40:00,VIC1,32.18000
2026-09-06 07:45:00,NSW1,32.14189
2026-09-06 07:45:00,QLD1,0.00027
2026-09-06 07:45:00,SA1,83.67000
2026-09-06 07:45:00,TAS1,32.52775
2026-09-06 07:45:00,VIC1,32.18000
2026-09-06 07:50:00,NSW1,0.90000
2026-09-06 07:50:00,QLD1,-0.08765
2026-09-06 07:50:00,SA1,84.44000
2026-09-06 07:50:00,TAS1,32.52569
2026-09-06 07:50:00,VIC1,32.18000
2026-09-06 07:55:00,NSW1,24.99010
2026-09-06 07:55:00,QLD1,0.00000
2026-09-06 07:55:00,SA1,84.44000
2026-09-06 07:55:00,TAS1,25.08865
2026-09-06 07:55:00,VIC1,24.82056
2026-09-06 08:00:00,NSW1,32.12531
2026-09-06 08:00:00,QLD1,-1.31000
2026-09-06 08:00:00,SA1,84.44000
2026-09-06 08:00:00,TAS1,32.52669
2026-09-06 08:00:00,VIC1,32.18000
2026-09-06 08:05:00,NSW1,46.45000
2026-09-06 08:05:00,QLD1,-1.31000
2026-09-06 08:05:00,SA1,69.41000
2026-09-06 08:05:00,TAS1,47.15330
2026-09-06 08:05:00,VIC1,46.50000
2026-09-06 08:10:00,NSW1,42.80025
2026-09-06 08:10:00,QLD1,-1.92000
2026-09-06 08:10:00,SA1,45.89106
2026-09-06 08:10:00,TAS1,42.75846
2026-09-06 08:10:00,VIC1,42.16581
2026-09-06 08:15:00,NSW1,42.80007
2026-09-06 08:15:00,QLD1,-2.99990
2026-09-06 08:15:00,SA1,48.86960
2026-09-06 08:15:00,TAS1,46.02186
2026-09-06 08:15:00,VIC1,45.38000
2026-09-06 08:20:00,NSW1,0.90000
2026-09-06 08:20:00,QLD1,-3.49000
2026-09-06 08:20:00,SA1,69.41000
2026-09-06 08:20:00,TAS1,64.74515
2026-09-06 08:20:00,VIC1,63.63644
2026-09-06 08:25:00,NSW1,0.90000
2026-09-06 08:25:00,QLD1,-5.00000
2026-09-06 08:25:00,SA1,16.06847
2026-09-06 08:25:00,TAS1,15.14000
2026-09-06 08:25:00,VIC1,14.87963
2026-09-06 08:30:00,NSW1,14.56217
2026-09-06 08:30:00,QLD1,-6.00000
2026-09-06 08:30:00,SA1,15.69328
2026-09-06 08:30:00,TAS1,15.12000
2026-09-06 08:30:00,VIC1,14.57965
2026-09-06 08:35:00,NSW1,25.10000
2026-09-06 08:35:00,QLD1,-6.01000
2026-09-06 08:35:00,SA1,28.88000
2026-09-06 08:35:00,TAS1,27.66219
2026-09-06 08:35:00,VIC1,26.76037
2026-09-06 08:40:00,NSW1,0.90000
2026-09-06 08:40:00,QLD1,-6.00000
2026-09-06 08:40:00,SA1,74.44000
2026-09-06 08:40:00,TAS1,33.05474
2026-09-06 08:40:00,VIC1,32.18000
2026-09-06 08:45:00,NSW1,0.90000
2026-09-06 08:45:00,QLD1,-6.01000
2026-09-06 08:45:00,SA1,94.47000
2026-09-06 08:45:00,TAS1,15.12000
2026-09-06 08:45:00,VIC1,14.58036
2026-09-06 08:50:00,NSW1,25.10000
2026-09-06 08:50:00,QLD1,-7.01000
2026-09-06 08:50:00,SA1,74.44000
2026-09-06 08:50:00,TAS1,25.07192
2026-09-06 08:50:00,VIC1,24.48372
2026-09-06 08:55:00,NSW1,25.10000
2026-09-06 08:55:00,QLD1,-6.41000
2026-09-06 08:55:00,SA1,74.44000
2026-09-06 08:55:00,TAS1,25.10200
2026-09-06 08:55:00,VIC1,24.51274
2026-09-06 09:00:00,NSW1,2.12000
2026-09-06 09:00:00,QLD1,-6.41000
2026-09-06 09:00:00,SA1,74.44000
2026-09-06 09:00:00,TAS1,10.95745
2026-09-06 09:00:00,VIC1,10.49948
2026-09-06 09:05:00,NSW1,2.12000
2026-09-06 09:05:00,QLD1,-6.54000
2026-09-06 09:05:00,SA1,104.66000
2026-09-06 09:05:00,TAS1,11.28936
2026-09-06 09:05:00,VIC1,10.65000
2026-09-06 09:10:00,NSW1,14.47987
2026-09-06 09:10:00,QLD1,-6.41000
2026-09-06 09:10:00,SA1,15.29929
2026-09-06 09:10:00,TAS1,15.10000
2026-09-06 09:10:00,VIC1,14.33273
2026-09-06 09:15:00,NSW1,2.12000
2026-09-06 09:15:00,QLD1,-6.14000
2026-09-06 09:15:00,SA1,11.84307
2026-09-06 09:15:00,TAS1,11.36627
2026-09-06 09:15:00,VIC1,10.68994
2026-09-06 09:20:00,NSW1,2.12000
2026-09-06 09:20:00,QLD1,-6.54000
2026-09-06 09:20:00,SA1,11.27924
2026-09-06 09:20:00,TAS1,11.13039
2026-09-06 09:20:00,VIC1,10.50050
2026-09-06 09:25:00,NSW1,2.12000
2026-09-06 09:25:00,QLD1,-6.00000
2026-09-06 09:25:00,SA1,11.83052
2026-09-06 09:25:00,TAS1,11.13189
2026-09-06 09:25:00,VIC1,10.50024
2026-09-06 09:30:00,NSW1,17.83686
2026-09-06 09:30:00,QLD1,-6.87000
2026-09-06 09:30:00,SA1,18.20000
2026-09-06 09:30:00,TAS1,17.87763
2026-09-06 09:30:00,VIC1,17.12652
2026-09-06 09:35:00,NSW1,2.12000
2026-09-06 09:35:00,QLD1,-6.87000
2026-09-06 09:35:00,SA1,4.72032
2026-09-06 09:35:00,TAS1,4.67553
2026-09-06 09:35:00,VIC1,4.41000
2026-09-06 09:40:00,NSW1,0.90000
2026-09-06 09:40:00,QLD1,-7.01000
2026-09-06 09:40:00,SA1,28.50000
2026-09-06 09:40:00,TAS1,9.50778
2026-09-06 09:40:00,VIC1,8.94000
2026-09-06 09:45:00,NSW1,0.90000
2026-09-06 09:45:00,QLD1,-7.01000
2026-09-06 09:45:00,SA1,42.02000
2026-09-06 09:45:00,TAS1,11.13486
2026-09-06 09:45:00,VIC1,10.50026
2026-09-06 09:50:00,NSW1,0.90000
2026-09-06 09:50:00,QLD1,-7.25000
2026-09-06 09:50:00,SA1,11.83054
2026-09-06 09:50:00,TAS1,11.13515
2026-09-06 09:50:00,VIC1,10.50026
2026-09-06 09:55:00,NSW1,2.12000
2026-09-06 09:55:00,QLD1,-8.00000
2026-09-06 09:55:00,SA1,12.20322
2026-09-06 09:55:00,TAS1,11.25870
2026-09-06 09:55:00,VIC1,10.65000
2026-09-06 10:00:00,NSW1,2.12000
2026-09-06 10:00:00,QLD1,-8.07000
2026-09-06 10:00:00,SA1,2.66000
2026-09-06 10:00:00,TAS1,2.45413
2026-09-06 10:00:00,VIC1,2.32144
2026-09-06 10:05:00,NSW1,10.44181
2026-09-06 10:05:00,QLD1,-8.51000
2026-09-06 10:05:00,SA1,28.50000
2026-09-06 10:05:00,TAS1,11.32898
2026-09-06 10:05:00,VIC1,10.65000
2026-09-06 10:10:00,NSW1,1.20000
2026-09-06 10:10:00,QLD1,-8.51000
2026-09-06 10:10:00,SA1,42.02000
2026-09-06 10:10:00,TAS1,14.58163
2026-09-06 10:10:00,VIC1,13.75000
2026-09-06 10:15:00,NSW1,2.12000
2026-09-06 10:15:00,QLD1,-8.51012
2026-09-06 10:15:00,SA1,9.10000
2026-09-06 10:15:00,TAS1,9.60599
2026-09-06 10:15:00,VIC1,8.35341
2026-09-06 10:20:00,NSW1,0.90000
2026-09-06 10:20:00,QLD1,-8.51000
2026-09-06 10:20:00,SA1,10.93417
2026-09-06 10:20:00,TAS1,11.13530
2026-09-06 10:20:00,VIC1,10.49997
2026-09-06 10:25:00,NSW1,2.12000
2026-09-06 10:25:00,QLD1,-10.16000
2026-09-06 10:25:00,SA1,42.02000
2026-09-06 10:25:00,TAS1,11.29473
2026-09-06 10:25:00,VIC1,10.64896
2026-09-06 10:30:00,NSW1,10.38488
2026-09-06 10:30:00,QLD1,-10.17000
2026-09-06 10:30:00,SA1,12.41083
2026-09-06 10:30:00,TAS1,11.29582
2026-09-06 10:30:00,VIC1,10.65000
2026-09-06 10:35:00,NSW1,7.50000
2026-09-06 10:35:00,QLD1,-10.15000
2026-09-06 10:35:00,SA1,11.40823
2026-09-06 10:35:00,TAS1,11.33010
2026-09-06 10:35:00,VIC1,10.65000
2026-09-06 10:40:00,NSW1,7.50000
2026-09-06 10:40:00,QLD1,-8.51008
2026-09-06 10:40:00,SA1,28.50000
2026-09-06 10:40:00,TAS1,11.17238
2026-09-06 10:40:00,VIC1,10.50047
2026-09-06 10:45:00,NSW1,7.50000
2026-09-06 10:45:00,QLD1,-10.15000
2026-09-06 10:45:00,SA1,31.65000
2026-09-06 10:45:00,TAS1,29.70337
2026-09-06 10:45:00,VIC1,28.09113
2026-09-06 10:50:00,NSW1,7.50000
2026-09-06 10:50:00,QLD1,-10.17000
2026-09-06 10:50:00,SA1,9.10000
2026-09-06 10:50:00,TAS1,8.10072
2026-09-06 10:50:00,VIC1,7.63687
2026-09-06 10:55:00,NSW1,0.00000
2026-09-06 10:55:00,QLD1,-10.32000
2026-09-06 10:55:00,SA1,12.44411
2026-09-06 10:55:00,TAS1,11.10405
2026-09-06 10:55:00,VIC1,10.49977
2026-09-06 11:00:00,NSW1,2.12000
2026-09-06 11:00:00,QLD1,-10.32000
2026-09-06 11:00:00,SA1,43.34000
2026-09-06 11:00:00,TAS1,38.55326
2026-09-06 11:00:00,VIC1,36.56828
2026-09-06 11:05:00,NSW1,2.12000
2026-09-06 11:05:00,QLD1,-18.36813
2026-09-06 11:05:00,SA1,28.50000
2026-09-06 11:05:00,TAS1,11.33409
2026-09-06 11:05:00,VIC1,10.65006
2026-09-06 11:10:00,NSW1,7.50000
2026-09-06 11:10:00,QLD1,-11.00000
2026-09-06 11:10:00,SA1,39.11000
2026-09-06 11:10:00,TAS1,13.27754
2026-09-06 11:10:00,VIC1,12.52000
2026-09-06 11:15:00,NSW1,7.50000
2026-09-06 11:15:00,QLD1,-10.32000
2026-09-06 11:15:00,SA1,39.11000
2026-09-06 11:15:00,TAS1,15.06801
2026-09-06 11:15:00,VIC1,14.21000
2026-09-06 11:20:00,NSW1,11.11000
2026-09-06 11:20:00,QLD1,-11.00000
2026-09-06 11:20:00,SA1,22.20000
2026-09-06 11:20:00,TAS1,14.06000
2026-09-06 11:20:00,VIC1,13.25756
2026-09-06 11:25:00,NSW1,23.51000
2026-09-06 11:25:00,QLD1,-11.00000
2026-09-06 11:25:00,SA1,25.46834
2026-09-06 11:25:00,TAS1,24.90208
2026-09-06 11:25:00,VIC1,23.77564
2026-09-06 11:30:00,NSW1,23.51000
2026-09-06 11:30:00,QLD1,-12.60000
2026-09-06 11:30:00,SA1,26.53206
2026-09-06 11:30:00,TAS1,24.66378
2026-09-06 11:30:00,VIC1,23.54868
2026-09-06 11:35:00,NSW1,23.51000
2026-09-06 11:35:00,QLD1,-12.60000
2026-09-06 11:35:00,SA1,26.74368
2026-09-06 11:35:00,TAS1,24.44532
2026-09-06 11:35:00,VIC1,23.33976
2026-09-06 11:40:00,NSW1,19.31787
2026-09-06 11:40:00,QLD1,-11.00000
2026-09-06 11:40:00,SA1,21.97725
2026-09-06 11:40:00,TAS1,20.09279
2026-09-06 11:40:00,VIC1,19.18000
2026-09-06 11:45:00,NSW1,19.17976
2026-09-06 11:45:00,QLD1,-11.00000
2026-09-06 11:45:00,SA1,21.60991
2026-09-06 11:45:00,TAS1,20.02996
2026-09-06 11:45:00,VIC1,19.18000
2026-09-06 11:50:00,NSW1,19.50797
2026-09-06 11:50:00,QLD1,-12.60000
2026-09-06 11:50:00,SA1,42.02000
2026-09-06 11:50:00,TAS1,20.03023
2026-09-06 11:50:00,VIC1,19.18000
2026-09-06 11:55:00,NSW1,13.20036
2026-09-06 11:55:00,QLD1,-11.00000
2026-09-06 11:55:00,SA1,13.44203
2026-09-06 11:55:00,TAS1,13.88858
2026-09-06 11:55:00,VIC1,13.17560
2026-09-06 12:00:00,NSW1,13.20012
2026-09-06 12:00:00,QLD1,-11.00000
2026-09-06 12:00:00,SA1,22.20000
2026-09-06 12:00:00,TAS1,13.80824
2026-09-06 12:00:00,VIC1,13.18083
2026-09-06 12:05:00,NSW1,13.20028
2026-09-06 12:05:00,QLD1,-12.60000
2026-09-06 12:05:00,SA1,28.50000
2026-09-06 12:05:00,TAS1,14.31168
2026-09-06 12:05:00,VIC1,13.49150
2026-09-06 12:10:00,NSW1,14.25396
2026-09-06 12:10:00,QLD1,-25.01000
2026-09-06 12:10:00,SA1,15.33840
2026-09-06 12:10:00,TAS1,14.88998
2026-09-06 12:10:00,VIC1,14.08000
2026-09-06 12:15:00,NSW1,13.20028
2026-09-06 12:15:00,QLD1,-33.85000
2026-09-06 12:15:00,SA1,47.97000
2026-09-06 12:15:00,TAS1,14.01637
2026-09-06 12:15:00,VIC1,13.25338
2026-09-06 12:20:00,NSW1,1.38578
2026-09-06 12:20:00,QLD1,-25.00000
2026-09-06 12:20:00,SA1,49.02000
2026-09-06 12:20:00,TAS1,1.48078
2026-09-06 12:20:00,VIC1,1.40000
2026-09-06 12:25:00,NSW1,13.17101
2026-09-06 12:25:00,QLD1,-33.85000
2026-09-06 12:25:00,SA1,28.50000
2026-09-06 12:25:00,TAS1,13.68532
2026-09-06 12:25:00,VIC1,12.98000
2026-09-06 12:30:00,NSW1,19.27428
2026-09-06 12:30:00,QLD1,-25.00000
2026-09-06 12:30:00,SA1,23.51390
2026-09-06 12:30:00,TAS1,20.16015
2026-09-06 12:30:00,VIC1,19.18000
2026-09-06 12:35:00,NSW1,13.20028
2026-09-06 12:35:00,QLD1,-25.00000
2026-09-06 12:35:00,SA1,24.42000
2026-09-06 12:35:00,TAS1,13.62533
2026-09-06 12:35:00,VIC1,12.96000
2026-09-06 12:40:00,NSW1,12.97240
2026-09-06 12:40:00,QLD1,-25.00000
2026-09-06 12:40:00,SA1,43.34000
2026-09-06 12:40:00,TAS1,13.14117
2026-09-06 12:40:00,VIC1,12.50000
2026-09-06 12:45:00,NSW1,13.20022
2026-09-06 12:45:00,QLD1,-25.00000
2026-09-06 12:45:00,SA1,49.02000
2026-09-06 12:45:00,TAS1,13.35952
2026-09-06 12:45:00,VIC1,12.70685
2026-09-06 12:50:00,NSW1,20.25517
2026-09-06 12:50:00,QLD1,-25.00000
2026-09-06 12:50:00,SA1,49.02000
2026-09-06 12:50:00,TAS1,20.10351
2026-09-06 12:50:00,VIC1,19.18000
2026-09-06 12:55:00,NSW1,11.51989
2026-09-06 12:55:00,QLD1,-30.32000
2026-09-06 12:55:00,SA1,11.08907
2026-09-06 12:55:00,TAS1,11.45178
2026-09-06 12:55:00,VIC1,10.89000
2026-09-06 13:00:00,NSW1,13.20028
2026-09-06 13:00:00,QLD1,-33.85000
2026-09-06 13:00:00,SA1,13.94753
2026-09-06 13:00:00,TAS1,13.19830
2026-09-06 13:00:00,VIC1,12.58950
2026-09-06 13:05:00,NSW1,11.13660
2026-09-06 13:05:00,QLD1,-33.85000
2026-09-06 13:05:00,SA1,12.06470
2026-09-06 13:05:00,TAS1,11.48680
2026-09-06 13:05:00,VIC1,10.89000
2026-09-06 13:10:00,NSW1,23.51000
2026-09-06 13:10:00,QLD1,-33.85000
2026-09-06 13:10:00,SA1,28.50000
2026-09-06 13:10:00,TAS1,23.92218
2026-09-06 13:10:00,VIC1,22.82222
2026-09-06 13:15:00,NSW1,19.29163
2026-09-06 13:15:00,QLD1,-35.00000
2026-09-06 13:15:00,SA1,42.02000
2026-09-06 13:15:00,TAS1,20.10491
2026-09-06 13:15:00,VIC1,19.17990
2026-09-06 13:20:00,NSW1,5.04958
2026-09-06 13:20:00,QLD1,-33.85000
2026-09-06 13:20:00,SA1,28.50000
2026-09-06 13:20:00,TAS1,5.31034
2026-09-06 13:20:00,VIC1,5.05000
2026-09-06 13:25:00,NSW1,11.08000
2026-09-06 13:25:00,QLD1,-35.00000
2026-09-06 13:25:00,SA1,28.50000
2026-09-06 13:25:00,TAS1,11.36367
2026-09-06 13:25:00,VIC1,10.80610
2026-09-06 13:30:00,NSW1,13.20028
2026-09-06 13:30:00,QLD1,-33.85000
2026-09-06 13:30:00,SA1,24.42000
2026-09-06 13:30:00,TAS1,14.09801
2026-09-06 13:30:00,VIC1,13.40707
2026-09-06 13:35:00,NSW1,13.20039
2026-09-06 13:35:00,QLD1,-33.85000
2026-09-06 13:35:00,SA1,40.87000
2026-09-06 13:35:00,TAS1,20.04433
2026-09-06 13:35:00,VIC1,19.18000
2026-09-06 13:40:00,NSW1,10.99767
2026-09-06 13:40:00,QLD1,-33.85000
2026-09-06 13:40:00,SA1,43.34000
2026-09-06 13:40:00,TAS1,11.44970
2026-09-06 13:40:00,VIC1,10.89000
2026-09-06 13:45:00,NSW1,25.10000
2026-09-06 13:45:00,QLD1,-30.32000
2026-09-06 13:45:00,SA1,69.73000
2026-09-06 13:45:00,TAS1,26.23899
2026-09-06 13:45:00,VIC1,25.03326
2026-09-06 13:50:00,NSW1,25.10000
2026-09-06 13:50:00,QLD1,-33.85000
2026-09-06 13:50:00,SA1,70.03000
2026-09-06 13:50:00,TAS1,25.37708
2026-09-06 13:50:00,VIC1,24.20683
2026-09-06 13:55:00,NSW1,7.50000
2026-09-06 13:55:00,QLD1,-33.85000
2026-09-06 13:55:00,SA1,49.02000
2026-09-06 13:55:00,TAS1,7.94600
2026-09-06 13:55:00,VIC1,7.57996
2026-09-06 14:00:00,NSW1,4.40879
2026-09-06 14:00:00,QLD1,-30.32000
2026-09-06 14:00:00,SA1,47.97000
2026-09-06 14:00:00,TAS1,4.64790
2026-09-06 14:00:00,VIC1,4.42000
2026-09-06 14:05:00,NSW1,25.10000
2026-09-06 14:05:00,QLD1,-30.32000
2026-09-06 14:05:00,SA1,38.70874
2026-09-06 14:05:00,TAS1,25.45918
2026-09-06 14:05:00,VIC1,24.36474
2026-09-06 14:10:00,NSW1,19.74002
2026-09-06 14:10:00,QLD1,-33.85000
2026-09-06 14:10:00,SA1,23.51404
2026-09-06 14:10:00,TAS1,20.04369
2026-09-06 14:10:00,VIC1,19.18012
2026-09-06 14:15:00,NSW1,22.93271
2026-09-06 14:15:00,QLD1,-33.85000
2026-09-06 14:15:00,SA1,69.73000
2026-09-06 14:15:00,TAS1,23.11542
2026-09-06 14:15:00,VIC1,22.12000
2026-09-06 14:20:00,NSW1,19.95019
2026-09-06 14:20:00,QLD1,-33.85000
2026-09-06 14:20:00,SA1,49.02000
2026-09-06 14:20:00,TAS1,20.04262
2026-09-06 14:20:00,VIC1,19.18000
2026-09-06 14:25:00,NSW1,22.82791
2026-09-06 14:25:00,QLD1,-30.32000
2026-09-06 14:25:00,SA1,49.02000
2026-09-06 14:25:00,TAS1,23.03934
2026-09-06 14:25:00,VIC1,22.12000
2026-09-06 14:30:00,NSW1,23.38860
2026-09-06 14:30:00,QLD1,-12.60000
2026-09-06 14:30:00,SA1,26.66311
2026-09-06 14:30:00,TAS1,23.03861
2026-09-06 14:30:00,VIC1,22.12000
2026-09-06 14:35:00,NSW1,19.33433
2026-09-06 14:35:00,QLD1,-10.32000
2026-09-06 14:35:00,SA1,49.02000
2026-09-06 14:35:00,TAS1,19.97856
2026-09-06 14:35:00,VIC1,19.18000
2026-09-06 14:40:00,NSW1,19.52282
2026-09-06 14:40:00,QLD1,-10.32000
2026-09-06 14:40:00,SA1,49.02000
2026-09-06 14:40:00,TAS1,19.97561
2026-09-06 14:40:00,VIC1,19.18000
2026-09-06 14:45:00,NSW1,10.91666
2026-09-06 14:45:00,QLD1,-8.13000
2026-09-06 14:45:00,SA1,38.91666
2026-09-06 14:45:00,TAS1,11.41236
2026-09-06 14:45:00,VIC1,10.89000
2026-09-06 14:50:00,NSW1,10.85401
2026-09-06 14:50:00,QLD1,-8.13000
2026-09-06 14:50:00,SA1,22.51000
2026-09-06 14:50:00,TAS1,11.16174
2026-09-06 14:50:00,VIC1,10.65000
2026-09-06 14:55:00,NSW1,19.85095
2026-09-06 14:55:00,QLD1,-8.00000
2026-09-06 14:55:00,SA1,22.73160
2026-09-06 14:55:00,TAS1,20.03556
2026-09-06 14:55:00,VIC1,19.17987
2026-09-06 15:00:00,NSW1,13.99164
2026-09-06 15:00:00,QLD1,-8.00000
2026-09-06 15:00:00,SA1,18.36000
2026-09-06 15:00:00,TAS1,14.27184
2026-09-06 15:00:00,VIC1,13.62000
2026-09-06 15:05:00,NSW1,27.87000
2026-09-06 15:05:00,QLD1,-8.07000
2026-09-06 15:05:00,SA1,27.27826
2026-09-06 15:05:00,TAS1,28.36451
2026-09-06 15:05:00,VIC1,27.15537
2026-09-06 15:10:00,NSW1,8.66562
2026-09-06 15:10:00,QLD1,-8.00000
2026-09-06 15:10:00,SA1,9.58176
2026-09-06 15:10:00,TAS1,8.60000
2026-09-06 15:10:00,VIC1,8.36220
2026-09-06 15:15:00,NSW1,16.20954
2026-09-06 15:15:00,QLD1,-8.00000
2026-09-06 15:15:00,SA1,22.20000
2026-09-06 15:15:00,TAS1,16.06000
2026-09-06 15:15:00,VIC1,15.76697
2026-09-06 15:20:00,NSW1,19.84734
2026-09-06 15:20:00,QLD1,-7.50000
2026-09-06 15:20:00,SA1,23.11928
2026-09-06 15:20:00,TAS1,19.40810
2026-09-06 15:20:00,VIC1,19.18000
2026-09-06 15:25:00,NSW1,28.60738
2026-09-06 15:25:00,QLD1,-6.00000
2026-09-06 15:25:00,SA1,29.84349
2026-09-06 15:25:00,TAS1,28.19059
2026-09-06 15:25:00,VIC1,27.86000
2026-09-06 15:30:00,NSW1,21.52255
2026-09-06 15:30:00,QLD1,-5.99997
2026-09-06 15:30:00,SA1,23.42000
2026-09-06 15:30:00,TAS1,21.45945
2026-09-06 15:30:00,VIC1,21.13966
2026-09-06 15:35:00,NSW1,15.57487
2026-09-06 15:35:00,QLD1,-5.00000
2026-09-06 15:35:00,SA1,15.35297
2026-09-06 15:35:00,TAS1,15.10000
2026-09-06 15:35:00,VIC1,15.18502
2026-09-06 15:40:00,NSW1,19.79723
2026-09-06 15:40:00,QLD1,-5.00000
2026-09-06 15:40:00,SA1,19.17750
2026-09-06 15:40:00,TAS1,15.84193
2026-09-06 15:40:00,VIC1,19.18000
2026-09-06 15:45:00,NSW1,30.99966
2026-09-06 15:45:00,QLD1,-6.00000
2026-09-06 15:45:00,SA1,30.26681
2026-09-06 15:45:00,TAS1,18.52125
2026-09-06 15:45:00,VIC1,30.28000
2026-09-06 15:50:00,NSW1,42.54013
2026-09-06 15:50:00,QLD1,-0.00010
2026-09-06 15:50:00,SA1,42.23224
2026-09-06 15:50:00,TAS1,41.42788
2026-09-06 15:50:00,VIC1,41.56064
2026-09-06 15:55:00,NSW1,36.46926
2026-09-06 15:55:00,QLD1,0.00000
2026-09-06 15:55:00,SA1,36.31952
2026-09-06 15:55:00,TAS1,35.63588
2026-09-06 15:55:00,VIC1,35.94000
2026-09-06 16:00:00,NSW1,70.14896
2026-09-06 16:00:00,QLD1,0.00030
2026-09-06 16:00:00,SA1,70.03000
2026-09-06 16:00:00,TAS1,69.05293
2026-09-06 16:00:00,VIC1,69.23467
2026-09-06 16:05:00,NSW1,0.65066
2026-09-06 16:05:00,QLD1,0.57406
2026-09-06 16:05:00,SA1,12.44594
2026-09-06 16:05:00,TAS1,12.64156
2026-09-06 16:05:00,VIC1,12.50000
2026-09-06 16:10:00,NSW1,23.94894
2026-09-06 16:10:00,QLD1,21.41615
2026-09-06 16:10:00,SA1,23.57791
2026-09-06 16:10:00,TAS1,16.06000
2026-09-06 16:10:00,VIC1,23.86000
2026-09-06 16:15:00,NSW1,55.80723
2026-09-06 16:15:00,QLD1,50.00000
2026-09-06 16:15:00,SA1,52.36870
2026-09-06 16:15:00,TAS1,37.85629
2026-09-06 16:15:00,VIC1,54.29057
2026-09-06 16:20:00,NSW1,75.96010
2026-09-06 16:20:00,QLD1,68.93546
2026-09-06 16:20:00,SA1,70.75107
2026-09-06 16:20:00,TAS1,54.36174
2026-09-06 16:20:00,VIC1,72.89171
2026-09-06 16:25:00,NSW1,91.06562
2026-09-06 16:25:00,QLD1,81.82000
2026-09-06 16:25:00,SA1,86.69023
2026-09-06 16:25:00,TAS1,85.99231
2026-09-06 16:25:00,VIC1,88.88990
2026-09-06 16:30:00,NSW1,83.98983
2026-09-06 16:30:00,QLD1,76.98304
2026-09-06 16:30:00,SA1,76.18738
2026-09-06 16:30:00,TAS1,73.91292
2026-09-06 16:30:00,VIC1,78.74799
2026-09-06 16:35:00,NSW1,73.29000
2026-09-06 16:35:00,QLD1,67.23008
2026-09-06 16:35:00,SA1,65.83353
2026-09-06 16:35:00,TAS1,62.86630
2026-09-06 16:35:00,VIC1,67.19152
2026-09-06 16:40:00,NSW1,87.43689
2026-09-06 16:40:00,QLD1,79.75000
2026-09-06 16:40:00,SA1,78.37051
2026-09-06 16:40:00,TAS1,73.74332
2026-09-06 16:40:00,VIC1,80.33088
2026-09-06 16:45:00,NSW1,89.32074
2026-09-06 16:45:00,QLD1,80.02507
2026-09-06 16:45:00,SA1,80.40849
2026-09-06 16:45:00,TAS1,75.82027
2026-09-06 16:45:00,VIC1,82.08000
2026-09-06 16:50:00,NSW1,95.20000
2026-09-06 16:50:00,QLD1,83.70332
2026-09-06 16:50:00,SA1,85.20213
2026-09-06 16:50:00,TAS1,80.21869
2026-09-06 16:50:00,VIC1,86.84241
2026-09-06 16:55:00,NSW1,98.82777
2026-09-06 16:55:00,QLD1,88.16679
2026-09-06 16:55:00,SA1,91.92432
2026-09-06 16:55:00,TAS1,85.20000
2026-09-06 16:55:00,VIC1,92.54468
2026-09-06 17:00:00,NSW1,100.65928
2026-09-06 17:00:00,QLD1,90.49000
2026-09-06 17:00:00,SA1,96.19107
2026-09-06 17:00:00,TAS1,88.49129
2026-09-06 17:00:00,VIC1,96.73749
2026-09-06 17:05:00,NSW1,95.20000
2026-09-06 17:05:00,QLD1,87.28408
2026-09-06 17:05:00,SA1,85.12737
2026-09-06 17:05:00,TAS1,77.32936
2026-09-06 17:05:00,VIC1,85.90018
2026-09-06 17:10:00,NSW1,95.20000
2026-09-06 17:10:00,QLD1,86.66664
2026-09-06 17:10:00,SA1,89.33672
2026-09-06 17:10:00,TAS1,79.13421
2026-09-06 17:10:00,VIC1,88.19261
2026-09-06 17:15:00,NSW1,88.89000
2026-09-06 17:15:00,QLD1,80.48260
2026-09-06 17:15:00,SA1,83.04835
2026-09-06 17:15:00,TAS1,74.58226
2026-09-06 17:15:00,VIC1,83.12061
2026-09-06 17:20:00,NSW1,95.20000
2026-09-06 17:20:00,QLD1,87.40001
2026-09-06 17:20:00,SA1,89.40800
2026-09-06 17:20:00,TAS1,79.43619
2026-09-06 17:20:00,VIC1,88.53489
2026-09-06 17:25:00,NSW1,95.58387
2026-09-06 17:25:00,QLD1,88.88000
2026-09-06 17:25:00,SA1,91.89892
2026-09-06 17:25:00,TAS1,81.18977
2026-09-06 17:25:00,VIC1,90.50000
2026-09-06 17:30:00,NSW1,101.02225
2026-09-06 17:30:00,QLD1,90.51000
2026-09-06 17:30:00,SA1,98.86000
2026-09-06 17:30:00,TAS1,87.85168
2026-09-06 17:30:00,VIC1,97.93924
2026-09-06 17:35:00,NSW1,100.46438
2026-09-06 17:35:00,QLD1,90.51000
2026-09-06 17:35:00,SA1,101.02000
2026-09-06 17:35:00,TAS1,90.16402
2026-09-06 17:35:00,VIC1,100.53000
2026-09-06 17:40:00,NSW1,101.02980
2026-09-06 17:40:00,QLD1,90.49000
2026-09-06 17:40:00,SA1,101.02000
2026-09-06 17:40:00,TAS1,90.44613
2026-09-06 17:40:00,VIC1,100.53000
2026-09-06 17:45:00,NSW1,108.01217
2026-09-06 17:45:00,QLD1,92.55000
2026-09-06 17:45:00,SA1,105.45867
2026-09-06 17:45:00,TAS1,95.82899
2026-09-06 17:45:00,VIC1,106.18000
2026-09-06 17:50:00,NSW1,106.01535
2026-09-06 17:50:00,QLD1,93.21000
2026-09-06 17:50:00,SA1,105.08000
2026-09-06 17:50:00,TAS1,95.82037
2026-09-06 17:50:00,VIC1,106.18000
2026-09-06 17:55:00,NSW1,105.19165
2026-09-06 17:55:00,QLD1,92.55000
2026-09-06 17:55:00,SA1,101.09418
2026-09-06 17:55:00,TAS1,92.58799
2026-09-06 17:55:00,VIC1,102.27504
2026-09-06 18:00:00,NSW1,113.27686
2026-09-06 18:00:00,QLD1,99.69000
2026-09-06 18:00:00,SA1,103.52399
2026-09-06 18:00:00,TAS1,96.13037
2026-09-06 18:00:00,VIC1,106.18000
2026-09-06 18:05:00,NSW1,105.23849
2026-09-06 18:05:00,QLD1,92.55000
2026-09-06 18:05:00,SA1,104.08000
2026-09-06 18:05:00,TAS1,95.50021
2026-09-06 18:05:00,VIC1,106.18000
2026-09-06 18:10:00,NSW1,99.01000
2026-09-06 18:10:00,QLD1,88.88000
2026-09-06 18:10:00,SA1,104.08000
2026-09-06 18:10:00,TAS1,95.67915
2026-09-06 18:10:00,VIC1,106.02491
2026-09-06 18:15:00,NSW1,101.57709
2026-09-06 18:15:00,QLD1,90.51000
2026-09-06 18:15:00,SA1,104.08000
2026-09-06 18:15:00,TAS1,93.02520
2026-09-06 18:15:00,VIC1,103.42105
2026-09-06 18:20:00,NSW1,106.55474
2026-09-06 18:20:00,QLD1,92.51000
2026-09-06 18:20:00,SA1,104.08000
2026-09-06 18:20:00,TAS1,95.80603
2026-09-06 18:20:00,VIC1,106.18000
2026-09-06 18:25:00,NSW1,106.60361
2026-09-06 18:25:00,QLD1,93.15627
2026-09-06 18:25:00,SA1,105.08000
2026-09-06 18:25:00,TAS1,95.48408
2026-09-06 18:25:00,VIC1,106.18000
2026-09-06 18:30:00,NSW1,108.25168
2026-09-06 18:30:00,QLD1,93.42252
2026-09-06 18:30:00,SA1,105.11345
2026-09-06 18:30:00,TAS1,95.80049
2026-09-06 18:30:00,VIC1,106.18000
2026-09-06 18:35:00,NSW1,107.25041
2026-09-06 18:35:00,QLD1,91.36560
2026-09-06 18:35:00,SA1,104.08000
2026-09-06 18:35:00,TAS1,94.61549
2026-09-06 18:35:00,VIC1,105.20909
2026-09-06 18:40:00,NSW1,96.99005
2026-09-06 18:40:00,QLD1,85.39000
2026-09-06 18:40:00,SA1,94.96882
2026-09-06 18:40:00,TAS1,86.02168
2026-09-06 18:40:00,VIC1,95.96681
2026-09-06 18:45:00,NSW1,101.10000
2026-09-06 18:45:00,QLD1,87.73000
2026-09-06 18:45:00,SA1,101.02000
2026-09-06 18:45:00,TAS1,90.11097
2026-09-06 18:45:00,VIC1,100.53000
2026-09-06 18:50:00,NSW1,103.85456
2026-09-06 18:50:00,QLD1,90.65696
2026-09-06 18:50:00,SA1,104.14000
2026-09-06 18:50:00,TAS1,93.14101
2026-09-06 18:50:00,VIC1,103.88713
2026-09-06 18:55:00,NSW1,100.21765
2026-09-06 18:55:00,QLD1,89.73000
2026-09-06 18:55:00,SA1,101.02000
2026-09-06 18:55:00,TAS1,88.14612
2026-09-06 18:55:00,VIC1,98.64159
2026-09-06 19:00:00,NSW1,103.13280
2026-09-06 19:00:00,QLD1,90.49000
2026-09-06 19:00:00,SA1,102.19733
2026-09-06 19:00:00,TAS1,91.17657
2026-09-06 19:00:00,VIC1,102.39167
2026-09-06 19:05:00,NSW1,102.43775
2026-09-06 19:05:00,QLD1,90.49000
2026-09-06 19:05:00,SA1,101.04000
2026-09-06 19:05:00,TAS1,91.19175
2026-09-06 19:05:00,VIC1,101.72841
2026-09-06 19:10:00,NSW1,98.78906
2026-09-06 19:10:00,QLD1,88.88000
2026-09-06 19:10:00,SA1,98.12577
2026-09-06 19:10:00,TAS1,86.31833
2026-09-06 19:10:00,VIC1,96.58499
2026-09-06 19:15:00,NSW1,92.42288
2026-09-06 19:15:00,QLD1,85.78679
2026-09-06 19:15:00,SA1,91.96591
2026-09-06 19:15:00,TAS1,81.22000
2026-09-06 19:15:00,VIC1,90.29804
2026-09-06 19:20:00,NSW1,96.99005
2026-09-06 19:20:00,QLD1,87.73000
2026-09-06 19:20:00,SA1,101.04000
2026-09-06 19:20:00,TAS1,88.66545
2026-09-06 19:20:00,VIC1,99.20757
2026-09-06 19:25:00,NSW1,101.10000
2026-09-06 19:25:00,QLD1,89.73000
2026-09-06 19:25:00,SA1,101.41667
2026-09-06 19:25:00,TAS1,89.36804
2026-09-06 19:25:00,VIC1,100.34586
2026-09-06 19:30:00,NSW1,99.20293
2026-09-06 19:30:00,QLD1,88.88000
2026-09-06 19:30:00,SA1,99.70002
2026-09-06 19:30:00,TAS1,83.22000
2026-09-06 19:30:00,VIC1,97.64535
2026-09-06 19:35:00,NSW1,91.93269
2026-09-06 19:35:00,QLD1,84.11683
2026-09-06 19:35:00,SA1,92.50889
2026-09-06 19:35:00,TAS1,80.86963
2026-09-06 19:35:00,VIC1,90.50000
2026-09-06 19:40:00,NSW1,99.57661
2026-09-06 19:40:00,QLD1,90.49000
2026-09-06 19:40:00,SA1,101.04000
2026-09-06 19:40:00,TAS1,90.12137
2026-09-06 19:40:00,VIC1,100.53000
2026-09-06 19:45:00,NSW1,101.55447
2026-09-06 19:45:00,QLD1,90.51000
2026-09-06 19:45:00,SA1,101.04000
2026-09-06 19:45:00,TAS1,90.46019
2026-09-06 19:45:00,VIC1,100.90685
2026-09-06 19:50:00,NSW1,98.46014
2026-09-06 19:50:00,QLD1,87.73000
2026-09-06 19:50:00,SA1,97.73003
2026-09-06 19:50:00,TAS1,86.08336
2026-09-06 19:50:00,VIC1,96.00759
2026-09-06 19:55:00,NSW1,96.99005
2026-09-06 19:55:00,QLD1,88.10104
2026-09-06 19:55:00,SA1,99.51228
2026-09-06 19:55:00,TAS1,85.65147
2026-09-06 19:55:00,VIC1,96.16630
2026-09-06 20:00:00,NSW1,90.55203
2026-09-06 20:00:00,QLD1,83.27667
2026-09-06 20:00:00,SA1,93.59948
2026-09-06 20:00:00,TAS1,81.14240
2026-09-06 20:00:00,VIC1,90.50000
2026-09-06 20:05:00,NSW1,94.67172
2026-09-06 20:05:00,QLD1,85.39000
2026-09-06 20:05:00,SA1,93.90943
2026-09-06 20:05:00,TAS1,83.52905
2026-09-06 20:05:00,VIC1,92.26025
2026-09-06 20:10:00,NSW1,101.10000
2026-09-06 20:10:00,QLD1,90.05100
2026-09-06 20:10:00,SA1,101.02000
2026-09-06 20:10:00,TAS1,91.19728
2026-09-06 20:10:00,VIC1,100.72822
2026-09-06 20:15:00,NSW1,102.59732
2026-09-06 20:15:00,QLD1,92.55000
2026-09-06 20:15:00,SA1,101.02000
2026-09-06 20:15:00,TAS1,92.02920
2026-09-06 20:15:00,VIC1,102.63978
2026-09-06 20:20:00,NSW1,101.10000
2026-09-06 20:20:00,QLD1,90.51000
2026-09-06 20:20:00,SA1,104.66000
2026-09-06 20:20:00,TAS1,84.18000
2026-09-06 20:20:00,VIC1,104.60885
2026-09-06 20:25:00,NSW1,100.24370
2026-09-06 20:25:00,QLD1,89.73000
2026-09-06 20:25:00,SA1,99.47552
2026-09-06 20:25:00,TAS1,82.22000
2026-09-06 20:25:00,VIC1,100.53000
2026-09-06 20:30:00,NSW1,99.24638
2026-09-06 20:30:00,QLD1,87.73000
2026-09-06 20:30:00,SA1,101.02000
2026-09-06 20:30:00,TAS1,84.18000
2026-09-06 20:30:00,VIC1,101.31117
2026-09-06 20:35:00,NSW1,106.09391
2026-09-06 20:35:00,QLD1,93.73003
2026-09-06 20:35:00,SA1,101.02000
2026-09-06 20:35:00,TAS1,84.20000
2026-09-06 20:35:00,VIC1,106.06434
2026-09-06 20:40:00,NSW1,107.38400
2026-09-06 20:40:00,QLD1,96.83126
2026-09-06 20:40:00,SA1,101.04000
2026-09-06 20:40:00,TAS1,95.21582
2026-09-06 20:40:00,VIC1,106.18000
2026-09-06 20:45:00,NSW1,111.98000
2026-09-06 20:45:00,QLD1,99.21000
2026-09-06 20:45:00,SA1,105.08000
2026-09-06 20:45:00,TAS1,98.43084
2026-09-06 20:45:00,VIC1,110.50000
2026-09-06 20:50:00,NSW1,111.65397
2026-09-06 20:50:00,QLD1,99.21000
2026-09-06 20:50:00,SA1,105.63456
2026-09-06 20:50:00,TAS1,83.18000
2026-09-06 20:50:00,VIC1,110.50000
2026-09-06 20:55:00,NSW1,111.98000
2026-09-06 20:55:00,QLD1,99.21000
2026-09-06 20:55:00,SA1,105.08000
2026-09-06 20:55:00,TAS1,98.27709
2026-09-06 20:55:00,VIC1,110.30952
2026-09-06 21:00:00,NSW1,107.48936
2026-09-06 21:00:00,QLD1,93.21000
2026-09-06 21:00:00,SA1,102.27000
2026-09-06 21:00:00,TAS1,94.10678
2026-09-06 21:00:00,VIC1,105.61649
2026-09-06 21:05:00,NSW1,104.76550
2026-09-06 21:05:00,QLD1,93.73004
2026-09-06 21:05:00,SA1,101.02000
2026-09-06 21:05:00,TAS1,92.88628
2026-09-06 21:05:00,VIC1,103.55844
2026-09-06 21:10:00,NSW1,110.10232
2026-09-06 21:10:00,QLD1,99.21000
2026-09-06 21:10:00,SA1,101.02000
2026-09-06 21:10:00,TAS1,95.25207
2026-09-06 21:10:00,VIC1,106.20453
2026-09-06 21:15:00,NSW1,110.84543
2026-09-06 21:15:00,QLD1,99.21000
2026-09-06 21:15:00,SA1,105.08000
2026-09-06 21:15:00,TAS1,98.30117
2026-09-06 21:15:00,VIC1,109.96355
2026-09-06 21:20:00,NSW1,113.81769
2026-09-06 21:20:00,QLD1,99.21000
2026-09-06 21:20:00,SA1,105.08000
2026-09-06 21:20:00,TAS1,84.20000
2026-09-06 21:20:00,VIC1,110.50000
2026-09-06 21:25:00,NSW1,104.85867
2026-09-06 21:25:00,QLD1,93.21000
2026-09-06 21:25:00,SA1,101.02000
2026-09-06 21:25:00,TAS1,84.20000
2026-09-06 21:25:00,VIC1,103.50377
2026-09-06 21:30:00,NSW1,101.10000
2026-09-06 21:30:00,QLD1,90.51000
2026-09-06 21:30:00,SA1,103.08000
2026-09-06 21:30:00,TAS1,92.54948
2026-09-06 21:30:00,VIC1,103.86743
2026-09-06 21:35:00,NSW1,106.97550
2026-09-06 21:35:00,QLD1,93.21000
2026-09-06 21:35:00,SA1,101.02000
2026-09-06 21:35:00,TAS1,93.59344
2026-09-06 21:35:00,VIC1,104.34512
2026-09-06 21:40:00,NSW1,113.50000
2026-09-06 21:40:00,QLD1,99.20000
2026-09-06 21:40:00,SA1,105.08000
2026-09-06 21:40:00,TAS1,96.49790
2026-09-06 21:40:00,VIC1,107.55797
2026-09-06 21:45:00,NSW1,103.24362
2026-09-06 21:45:00,QLD1,90.51000
2026-09-06 21:45:00,SA1,101.72153
2026-09-06 21:45:00,TAS1,90.52940
2026-09-06 21:45:00,VIC1,100.89981
2026-09-06 21:50:00,NSW1,112.01948
2026-09-06 21:50:00,QLD1,93.21000
2026-09-06 21:50:00,SA1,105.08000
2026-09-06 21:50:00,TAS1,94.12241
2026-09-06 21:50:00,VIC1,105.25184
2026-09-06 21:55:00,NSW1,111.98000
2026-09-06 21:55:00,QLD1,93.15465
2026-09-06 21:55:00,SA1,104.32965
2026-09-06 21:55:00,TAS1,93.68262
2026-09-06 21:55:00,VIC1,105.12306
2026-09-06 22:00:00,NSW1,111.98000
2026-09-06 22:00:00,QLD1,92.54716
2026-09-06 22:00:00,SA1,104.42000
2026-09-06 22:00:00,TAS1,92.99526
2026-09-06 22:00:00,VIC1,103.98180
2026-09-06 22:05:00,NSW1,98.22675
2026-09-06 22:05:00,QLD1,84.73002
2026-09-06 22:05:00,SA1,93.99680
2026-09-06 22:05:00,TAS1,81.36891
2026-09-06 22:05:00,VIC1,90.67776
2026-09-06 22:10:00,NSW1,111.98000
2026-09-06 22:10:00,QLD1,94.84451
2026-09-06 22:10:00,SA1,101.10143
2026-09-06 22:10:00,TAS1,90.58988
2026-09-06 22:10:00,VIC1,100.63769
2026-09-06 22:15:00,NSW1,100.15265
2026-09-06 22:15:00,QLD1,84.73005
2026-09-06 22:15:00,SA1,92.56960
2026-09-06 22:15:00,TAS1,81.47198
2026-09-06 22:15:00,VIC1,90.50000
2026-09-06 22:20:00,NSW1,107.40333
2026-09-06 22:20:00,QLD1,89.73000
2026-09-06 22:20:00,SA1,99.26372
2026-09-06 22:20:00,TAS1,87.33850
2026-09-06 22:20:00,VIC1,97.31685
2026-09-06 22:25:00,NSW1,97.65000
2026-09-06 22:25:00,QLD1,83.13165
2026-09-06 22:25:00,SA1,93.40207
2026-09-06 22:25:00,TAS1,81.30244
2026-09-06 22:25:00,VIC1,90.59183
2026-09-06 22:30:00,NSW1,97.57872
2026-09-06 22:30:00,QLD1,82.47000
2026-09-06 22:30:00,SA1,93.63467
2026-09-06 22:30:00,TAS1,40.20000
2026-09-06 22:30:00,VIC1,90.50000
2026-09-06 22:35:00,NSW1,93.01810
2026-09-06 22:35:00,QLD1,78.54000
2026-09-06 22:35:00,SA1,93.55577
2026-09-06 22:35:00,TAS1,79.34335
2026-09-06 22:35:00,VIC1,89.00000
2026-09-06 22:40:00,NSW1,95.42751
2026-09-06 22:40:00,QLD1,78.55000
2026-09-06 22:40:00,SA1,94.73285
2026-09-06 22:40:00,TAS1,81.48876
2026-09-06 22:40:00,VIC1,90.50000
2026-09-06 22:45:00,NSW1,101.10000
2026-09-06 22:45:00,QLD1,81.53190
2026-09-06 22:45:00,SA1,99.84023
2026-09-06 22:45:00,TAS1,86.00361
2026-09-06 22:45:00,VIC1,95.82183
2026-09-06 22:50:00,NSW1,94.83256
2026-09-06 22:50:00,QLD1,78.55000
2026-09-06 22:50:00,SA1,94.27312
2026-09-06 22:50:00,TAS1,81.22497
2026-09-06 22:50:00,VIC1,90.50000
2026-09-06 22:55:00,NSW1,95.62848
2026-09-06 22:55:00,QLD1,78.55000
2026-09-06 22:55:00,SA1,93.47954
2026-09-06 22:55:00,TAS1,80.97038
2026-09-06 22:55:00,VIC1,90.50000
2026-09-06 23:00:00,NSW1,87.11265
2026-09-06 23:00:00,QLD1,72.50000
2026-09-06 23:00:00,SA1,84.44000
2026-09-06 23:00:00,TAS1,73.37869
2026-09-06 23:00:00,VIC1,81.73964
2026-09-06 23:05:00,NSW1,96.38189
2026-09-06 23:05:00,QLD1,79.73110
2026-09-06 23:05:00,SA1,92.84674
2026-09-06 23:05:00,TAS1,81.75908
2026-09-06 23:05:00,VIC1,90.50000
2026-09-06 23:10:00,NSW1,94.99763
2026-09-06 23:10:00,QLD1,78.54000
2026-09-06 23:10:00,SA1,92.45262
2026-09-06 23:10:00,TAS1,82.40872
2026-09-06 23:10:00,VIC1,90.65658
2026-09-06 23:15:00,NSW1,86.03574
2026-09-06 23:15:00,QLD1,72.49993
2026-09-06 23:15:00,SA1,82.55632
2026-09-06 23:15:00,TAS1,73.37532
2026-09-06 23:15:00,VIC1,82.01542
2026-09-06 23:20:00,NSW1,84.79000
2026-09-06 23:20:00,QLD1,72.31884
2026-09-06 23:20:00,SA1,80.35090
2026-09-06 23:20:00,TAS1,71.02245
2026-09-06 23:20:00,VIC1,79.65837
2026-09-06 23:25:00,NSW1,93.83182
2026-09-06 23:25:00,QLD1,78.54000
2026-09-06 23:25:00,SA1,91.42314
2026-09-06 23:25:00,TAS1,79.88989
2026-09-06 23:25:00,VIC1,89.61515
2026-09-06 23:30:00,NSW1,86.08801
2026-09-06 23:30:00,QLD1,72.50000
2026-09-06 23:30:00,SA1,86.38960
2026-09-06 23:30:00,TAS1,73.97603
2026-09-06 23:30:00,VIC1,82.98075
2026-09-06 23:35:00,NSW1,89.00000
2026-09-06 23:35:00,QLD1,73.94733
2026-09-06 23:35:00,SA1,91.10919
2026-09-06 23:35:00,TAS1,76.73299
2026-09-06 23:35:00,VIC1,85.77481
2026-09-06 23:40:00,NSW1,94.45385
2026-09-06 23:40:00,QLD1,78.52000
2026-09-06 23:40:00,SA1,97.43800
2026-09-06 23:40:00,TAS1,60.20000
2026-09-06 23:40:00,VIC1,90.37489
2026-09-06 23:45:00,NSW1,83.34000
2026-09-06 23:45:00,QLD1,70.16426
2026-09-06 23:45:00,SA1,85.44169
2026-09-06 23:45:00,TAS1,71.04903
2026-09-06 23:45:00,VIC1,79.67640
2026-09-06 23:50:00,NSW1,96.84590
2026-09-06 23:50:00,QLD1,78.52000
2026-09-06 23:50:00,SA1,101.02000
2026-09-06 23:50:00,TAS1,82.83090
2026-09-06 23:50:00,VIC1,93.23860
2026-09-06 23:55:00,NSW1,84.03459
2026-09-06 23:55:00,QLD1,69.79792
2026-09-06 23:55:00,SA1,88.06000
2026-09-06 23:55:00,TAS1,71.79374
2026-09-06 23:55:00,VIC1,80.22582
